spectrum_lambda,seed,method,noise_bin,sigma,n,score_error,unweighted_score_error,reference_error,relative_to_gaussian,dsm_pixel_mean,frequency_band_0,frequency_band_1,frequency_band_2,frequency_band_3
0.0,42,score,0,0.12079870700836182,2048,0.006361539232854247,0.43595096003478206,0.03551201848330745,0.1791376414113017,0.9563860502774735,0.006468470954459298,0.006310182411798988,0.006339633960046465,0.006476186988890193
0.0,42,score,1,0.17627345025539398,2048,0.01220879847491757,0.39291545769929936,0.06999133901256019,0.17443298909778907,0.9161338165584696,0.012047557792652047,0.01237974183195256,0.012162396823722069,0.012169772457074774
0.0,42,score,2,0.25722402334213257,2048,0.023783666573208566,0.3594642907476076,0.13043540112687957,0.18234057907387635,0.8340110806750964,0.023829663542713955,0.02372728344379918,0.023655677133626405,0.02434186503641042
0.0,42,score,3,0.37534967064857483,2048,0.04231416696959563,0.3003403739526726,0.21368470092876718,0.19802150919405906,0.7078781650010897,0.04277248114835386,0.04249283218561138,0.042381838556721084,0.04148627271267247
0.0,42,score,4,0.547722578048706,2048,0.061850591476028186,0.20616862278781115,0.2875268860634558,0.21511237548191603,0.5411750733572174,0.06235669192681986,0.062443462482312605,0.06145609994138793,0.062005733011945924
0.0,42,score,5,0.7992547750473022,2048,0.07423614150852167,0.11621037744806009,0.3075364357864325,0.24138974401093297,0.37723926756469983,0.0742164505907075,0.07446030352904098,0.07390756202962999,0.07508987090219724
0.0,42,score,6,1.166298747062683,2048,0.08249327267616148,0.06064554666103775,0.2500905521233346,0.3298536149237622,0.2555146765395673,0.08175775098066901,0.0829111648590844,0.08230687009080245,0.08286316394870624
0.0,42,score,7,1.7019013166427612,2048,0.07672717282100772,0.026489907844584305,0.12932663913999673,0.5932820440647976,0.2037701617714622,0.07627437586065382,0.07737566250870825,0.07645392743367113,0.07685811648411933
0.0,42,score,8,2.4834699630737305,2048,0.09750548656339889,0.0158092486610375,0.03205803412409386,3.0415304377668213,0.2044521317849856,0.09865769088374417,0.09874694230533376,0.09641971553709017,0.09876014227693376
0.0,42,scalar_gaussian,0,0.12079870700836182,2048,0.030555389358601876,2.0939352627622547,0.03551201848330745,0.860423897700001,0.9789716778468911,0.0321608177116933,0.029589094527795613,0.03078198288166219,0.03052532221897882
0.0,42,scalar_gaussian,1,0.17627345025539398,2048,0.05940251477184499,1.9117496556291096,0.06999133901256019,0.8487123636995286,0.9626800923985502,0.06387851744948514,0.05792781815873621,0.05985468413811601,0.057829334101658886
0.0,42,scalar_gaussian,2,0.25722402334213257,2048,0.11051091065672623,1.6702523976618806,0.13043540112687957,0.8472462974160518,0.9222511961579136,0.11682851345591883,0.10807650169294558,0.11132979602610334,0.10823540253069354
0.0,42,scalar_gaussian,3,0.37534967064857483,2048,0.1812994028179385,1.2868392394174133,0.21368470092876718,0.8484435340009462,0.8456515951965038,0.18944443142278716,0.1777414784653909,0.1835440550122776,0.17461978859671487
0.0,42,scalar_gaussian,4,0.547722578048706,2048,0.2441612933677877,0.8138709168405847,0.2875268860634558,0.8491772602924601,0.7225959128741472,0.2556801516243997,0.24031262381905272,0.2458409659897311,0.23825857696230152
0.0,42,scalar_gaussian,5,0.7992547750473022,2048,0.26093029284197483,0.4084642224477406,0.3075364357864325,0.8484532643253265,0.5645731843951513,0.2732968282464746,0.2541874943198854,0.2638078415429387,0.2551764532306595
0.0,42,scalar_gaussian,6,1.166298747062683,2048,0.21605822873287212,0.15883682350145137,0.2500905521233346,0.8639199957714552,0.390307196375533,0.2242800122596201,0.21404684578316713,0.21700707978376035,0.21148181471413224
0.0,42,scalar_gaussian,7,1.7019013166427612,2048,0.11425439182201824,0.039446107538262075,0.12932663913999673,0.8834559730446354,0.2414396284829226,0.11756977687466644,0.11272562557202781,0.1145122121466863,0.11415633001067296
0.0,42,scalar_gaussian,8,2.4834699630737305,2048,0.02887128711406292,0.004681104348457886,0.03205803412409386,0.9005944345278529,0.13585377752365568,0.0297002161318067,0.02828264204323907,0.029147887179076636,0.02841231754006254
0.0,42,fourier_gaussian,0,0.12079870700836182,2048,0.0305555017016313,2.0939429615360483,0.03551201848330745,0.8604270612213728,0.9789718562239951,0.03216093901826837,0.029589184116966708,0.030782092759581325,0.03052547934620324
0.0,42,fourier_gaussian,1,0.17627345025539398,2048,0.05940275966482529,1.9117575370138045,0.06999133901256019,0.8487158626035896,0.9626803465290966,0.06387875570904256,0.05792802074028007,0.0598549225561022,0.0578296823612945
0.0,42,fourier_gaussian,2,0.25722402334213257,2048,0.11051129237116537,1.6702581668610792,0.13043540112687957,0.8472492238795414,0.9222515371489846,0.11682886039138407,0.10807687055646797,0.11133016503501927,0.10823587441150234
0.0,42,fourier_gaussian,3,0.37534967064857483,2048,0.1812999795255627,1.2868433328120354,0.21368470092876718,0.8484462328727966,0.8456521139248205,0.18944487174738217,0.17774199392448675,0.18354466076965953,0.17462044021543266
0.0,42,fourier_gaussian,4,0.547722578048706,2048,0.24416201315316824,0.8138733161250066,0.2875268860634558,0.849179763659677,0.7225966520756946,0.25568086151403147,0.24031325765864067,0.2458416824182985,0.23825946771913462
0.0,42,fourier_gaussian,5,0.7992547750473022,2048,0.2609309561580111,0.4084652608126849,0.3075364357864325,0.8484554211950794,0.5645738521614863,0.2732975024311292,0.2541881605543674,0.2638084839403878,0.2551771843459998
0.0,42,fourier_gaussian,6,1.166298747062683,2048,0.21605864199317382,0.15883712731285438,0.2500905521233346,0.8639216482141332,0.3903075996582222,0.22428027154378838,0.21404728208794707,0.21700747865167253,0.2114823269200182
0.0,42,fourier_gaussian,7,1.7019013166427612,2048,0.11425453278113101,0.03944615620412281,0.12932663913999673,0.8834570629910974,0.2414397770041674,0.1175699665519309,0.11272574070001067,0.11451236299528367,0.11415645246587951
0.0,42,fourier_gaussian,8,2.4834699630737305,2048,0.028871310962443855,0.004681108215163213,0.03205803412409386,0.9005951784406219,0.1358538102544759,0.02970025318109658,0.028282664073551372,0.02914790482433711,0.02841236072073779
0.0,42,scalar_normalized,0,0.12079870700836182,2048,0.02682631320852318,1.838384794838753,0.03551201848330745,0.7554150497283894,0.9758116258762373,0.026760673936573453,0.026298818619654187,0.027190674378294106,0.02642407209846108
0.0,42,scalar_normalized,1,0.17627345025539398,2048,0.05081944660743308,1.6355209863450129,0.06999133901256019,0.7260819313417244,0.9541853660762856,0.049894253094609334,0.04987532921642751,0.05176161310940267,0.04945257824668219
0.0,42,scalar_normalized,2,0.25722402334213257,2048,0.09413460587936451,1.4227423359251363,0.13043540112687957,0.7216952228160523,0.9051533815707553,0.09246240135436375,0.09311106404301939,0.09512554897251628,0.09313967552818284
0.0,42,scalar_normalized,3,0.37534967064857483,2048,0.15258258084121312,1.0830110261048531,0.21368470092876718,0.7140547740573961,0.8194086055554287,0.14967908273380048,0.1506125048745465,0.15527971942142146,0.1475088024275072
0.0,42,scalar_normalized,4,0.547722578048706,2048,0.20630451928068333,0.6876816793495805,0.2875268860634558,0.7175138370717545,0.6854205288239865,0.20125074796344045,0.20367185922182857,0.2094273503935213,0.20199509257972778
0.0,42,scalar_normalized,5,0.7992547750473022,2048,0.2208281396429991,0.3456877059824023,0.3075364357864325,0.7180552089000353,0.5248004507945752,0.21520878429836068,0.21931628496217836,0.22355865760007804,0.21632245531807026
0.0,42,scalar_normalized,6,1.166298747062683,2048,0.1867658059973195,0.13730227974783507,0.2500905521233346,0.746792729319955,0.3608621291682714,0.18195917736463096,0.18573823895895042,0.18923915387655976,0.1819191824287839
0.0,42,scalar_normalized,7,1.7019013166427612,2048,0.10233050654199825,0.0353294092343381,0.12932663913999673,0.7912562115777629,0.22974664727354707,0.09926815012709525,0.10136866341559432,0.10345579821113411,0.10149065713603805
0.0,42,scalar_normalized,8,2.4834699630737305,2048,0.02506328457961677,0.004063686179586161,0.03205803412409386,0.7818097791835574,0.13246687409073538,0.02475491493558444,0.02462099410110908,0.025372269954051962,0.024853617151337697
0.0,42,fourier_normalized,0,0.12079870700836182,2048,0.026826328803264837,1.8383858635333485,0.03551201848330745,0.7554154888682165,0.9758116342591727,0.026760687210934192,0.02629883814392104,0.027190688760401576,0.026424086577543165
0.0,42,fourier_normalized,1,0.17627345025539398,2048,0.05081946301815062,1.6355215144907274,0.06999133901256019,0.7260821658095568,0.9541853935446165,0.049894277491538755,0.049875344788100545,0.0517616269764241,0.04945260132176869
0.0,42,fourier_normalized,2,0.25722402334213257,2048,0.09413462231002545,1.4227425842567325,0.13043540112687957,0.7216953487838556,0.9051534060317588,0.0924624127326203,0.09311108300816003,0.0951255602802509,0.0931397096132706
0.0,42,fourier_normalized,3,0.37534967064857483,2048,0.1525826072853201,1.0830112138016355,0.21368470092876718,0.7140548978103222,0.8194086488639722,0.1496790693058558,0.15061252116251822,0.1552797539126076,0.14750883867802886
0.0,42,fourier_normalized,4,0.547722578048706,2048,0.2063045653223395,0.6876818328217562,0.2875268860634558,0.7175139972016708,0.685420582458851,0.20125078996701537,0.2036718843704669,0.20942740525516465,0.20199514468795365
0.0,42,fourier_normalized,5,0.7992547750473022,2048,0.22082821998218444,0.3456878317465767,0.3075364357864325,0.7180554701347249,0.5248005455375293,0.2152088967738477,0.21931635729265897,0.22355872041390748,0.21632259824835215
0.0,42,fourier_normalized,6,1.166298747062683,2048,0.1867659350878419,0.13730237464969852,0.2500905521233346,0.7467932454950815,0.36086227220598915,0.18195928189997096,0.18573837962512357,0.18923927814137192,0.18191932281260062
0.0,42,fourier_normalized,7,1.7019013166427612,2048,0.10233056838944032,0.03532943058704771,0.12932663913999673,0.7912566898043872,0.22974671387546186,0.09926821893036579,0.10136871870691841,0.1034558622615324,0.10149071845217292
0.0,42,fourier_normalized,8,2.4834699630737305,2048,0.02506330530506572,0.004063689539948616,0.03205803412409386,0.7818104256813705,0.13246689034945236,0.024754924774166888,0.024621017842433212,0.02537228936039447,0.02485364354678091
0.0,42,scalar_gate_s1p5_p4,0,0.12079870700836182,2048,0.0049729947989322065,0.340795171968115,0.03551201848330745,0.14003695118794163,0.9550531268238929,0.005284587851673195,0.004978576774247923,0.0049035026196377176,0.0050524900464051226
0.0,42,scalar_gate_s1p5_p4,1,0.17627345025539398,2048,0.00822920872630498,0.2648404197875844,0.06999133901256019,0.11757467198660422,0.9117066126332605,0.007872858547815992,0.008271800912212288,0.008242982588316395,0.008299427016253868
0.0,42,scalar_gate_s1p5_p4,2,0.25722402334213257,2048,0.015012979581462166,0.22690488199736705,0.13043540112687957,0.11509896432839163,0.8246017076580181,0.014826725797945875,0.014911667459735236,0.015026380904590705,0.015245937123555727
0.0,42,scalar_gate_s1p5_p4,3,0.37534967064857483,2048,0.02801110883798271,0.19881915456999805,0.21368470092876718,0.131086169090413,0.693401357765054,0.02748241368885055,0.027673562920576954,0.028300744707452342,0.027810730044892207
0.0,42,scalar_gate_s1p5_p4,4,0.547722578048706,2048,0.042450756787010484,0.1415025120086418,0.2875268860634558,0.14764099931038036,0.5223031445454638,0.04080011288407672,0.0426965207902127,0.04237069214663048,0.04323333381327199
0.0,42,scalar_gate_s1p5_p4,5,0.7992547750473022,2048,0.06467779351981272,0.10124759510274833,0.3075364357864325,0.21030936823605498,0.36745230164835846,0.06362241446803277,0.0649736312736126,0.06452555330570078,0.06531331112846914
0.0,42,scalar_gate_s1p5_p4,6,1.166298747062683,2048,0.09006144882954611,0.06620934798882376,0.2500905521233346,0.36011535847676257,0.26328043793615397,0.08862989354956903,0.0907671359099177,0.08991850976344104,0.09014219453638095
0.0,42,scalar_gate_s1p5_p4,7,1.7019013166427612,2048,0.07420396849102986,0.025618776435505863,0.12932663913999673,0.5737717223959071,0.20131686449464894,0.0728170480771819,0.07409120379323782,0.07424546602751039,0.07501818193476047
0.0,42,scalar_gate_s1p5_p4,8,2.4834699630737305,2048,0.024069147291924033,0.003902499726000037,0.03205803412409386,0.7507992286349955,0.13087288038517958,0.02347188135922831,0.023820060782136852,0.02422823900112265,0.024242769037181897
0.0,42,fourier_gate_s1p5_p4,0,0.12079870700836182,2048,0.004972992660784344,0.34079502544263124,0.03551201848330745,0.14003689097880812,0.9550531361354743,0.005284573404471654,0.004978575393442932,0.004903501249766844,0.005052490497853355
0.0,42,fourier_gate_s1p5_p4,1,0.17627345025539398,2048,0.00822921064489247,0.26484048153343787,0.06999133901256019,0.11757469939838856,0.9117066162847391,0.007872858630538073,0.008271798637101858,0.00824298652294149,0.008299429794087479
0.0,42,fourier_gate_s1p5_p4,2,0.25722402334213257,2048,0.015012981942992318,0.22690491768933063,0.13043540112687957,0.11509898243337029,0.8246016780404998,0.014826730146956424,0.014911667394490857,0.015026384891425064,0.015245936555157833
0.0,42,fourier_gate_s1p5_p4,3,0.37534967064857483,2048,0.02801110690355374,0.19881914083967647,0.21368470092876718,0.1310861600376874,0.6934013717452512,0.027482411906503627,0.02767355475158514,0.02830074350318761,0.027810736351242277
0.0,42,fourier_gate_s1p5_p4,4,0.547722578048706,2048,0.042450749142245565,0.141502486526094,0.2875268860634558,0.1476409727223801,0.5223031269686396,0.040800097677962985,0.0426965151996488,0.04237068735544705,0.04323331593714675
0.0,42,fourier_gate_s1p5_p4,5,0.7992547750473022,2048,0.06467779137791824,0.10124759174979435,0.3075364357864325,0.21030936127136973,0.3674522907470368,0.06362242231695088,0.06497363325196215,0.06452554509426889,0.06531331904060851
0.0,42,fourier_gate_s1p5_p4,6,1.166298747062683,2048,0.09006143018796409,0.06620933428432525,0.2500905521233346,0.36011528393743325,0.2632804073221668,0.08862984959368922,0.09076710912771924,0.08991849118932042,0.0901422041756505
0.0,42,fourier_gate_s1p5_p4,7,1.7019013166427612,2048,0.07420395048775083,0.02561877021990864,0.12932663913999673,0.5737715831880907,0.20131683394202834,0.07281702326581539,0.07409120408287817,0.07424544040437363,0.07501816397913587
0.0,42,fourier_gate_s1p5_p4,8,2.4834699630737305,2048,0.02406914333119097,0.003902499083818596,0.03205803412409386,0.7507991050861513,0.13087288135828723,0.023471880175501246,0.023820064026429524,0.024228234056139875,0.024242754443009724
0.0,43,score,0,0.12079870700836182,2048,0.006275307634462619,0.4300415807590847,0.03551201848330745,0.176709404378474,0.9562065893247319,0.006414019097273854,0.006052751901355781,0.0063764670890191005,0.006211742407877384
0.0,43,score,1,0.17627345025539398,2048,0.012099184610701062,0.38938775743319193,0.06999133901256019,0.1728668829800473,0.9155628537112077,0.012114557991786738,0.0120307591502873,0.012216851940455412,0.011767768082872629
0.0,43,score,2,0.25722402334213257,2048,0.02365818392865275,0.3575677568516439,0.13043540112687957,0.18137855002753064,0.8338398184946532,0.02325964273399097,0.023108622246615827,0.024032078336751177,0.02344410426315868
0.0,43,score,3,0.37534967064857483,2048,0.04266665957379675,0.30284231994719935,0.21368470092876718,0.19967110133925725,0.7078578853369327,0.04210434625195137,0.04184628025669073,0.04341300194446616,0.041617992360481595
0.0,43,score,4,0.547722578048706,2048,0.062096521098845316,0.20698838813570736,0.2875268860634558,0.21596770287819594,0.5417251317701135,0.061893598246331095,0.06134335807340907,0.06272789748322286,0.06116301283225811
0.0,43,score,5,0.7992547750473022,2048,0.07413109334748945,0.11604593346975368,0.3075364357864325,0.2410481644489419,0.377763789726087,0.07307046537663262,0.0737436329437503,0.07455031927820502,0.07382540719968739
0.0,43,score,6,1.166298747062683,2048,0.0825030146248327,0.0606527085274972,0.2500905521233346,0.3298925686090914,0.256669408760667,0.08148351931910999,0.08261924471794879,0.08279751731880965,0.0817502038963371
0.0,43,score,7,1.7019013166427612,2048,0.07653086424236344,0.026422132687932573,0.12932663913999673,0.5917641156631187,0.2039128354907884,0.07555549509419698,0.07619294261021861,0.07660020111054494,0.07741154627980557
0.0,43,score,8,2.4834699630737305,2048,0.10044507063709393,0.016285864051811986,0.03205803412409386,3.1332261438202917,0.20748674472188616,0.10267642098369681,0.10147409439107741,0.09989950440804292,0.09943708396942566
0.0,43,scalar_gaussian,0,0.12079870700836182,2048,0.02859731872585653,1.9597503208927305,0.03551201848330745,0.8052856454582779,0.9768385291328618,0.026976714656125483,0.02804383020918724,0.028921759165020322,0.029255970024056
0.0,43,scalar_gaussian,1,0.17627345025539398,2048,0.055225131982728375,1.7773090492137422,0.06999133901256019,0.7890280820719551,0.9584076773549358,0.05349981293685517,0.05334621894350129,0.05631896335239303,0.05539168057032854
0.0,43,scalar_gaussian,2,0.25722402334213257,2048,0.10341117228537551,1.5629475626274871,0.13043540112687957,0.7928152280130105,0.9147254601664373,0.09916635001219536,0.10160799037061202,0.10438838045352823,0.10528338831703382
0.0,43,scalar_gaussian,3,0.37534967064857483,2048,0.1669610348869978,1.1850673957381073,0.21368470092876718,0.7813429513732715,0.8314297173599712,0.15877355579703506,0.16209132882237334,0.1703144930403638,0.16749826991692668
0.0,43,scalar_gaussian,4,0.547722578048706,2048,0.22506298159674365,0.7502098823792658,0.2875268860634558,0.7827545614189045,0.7032996371946096,0.21243097804281508,0.21786168767276531,0.22927061589930567,0.2289875542929868
0.0,43,scalar_gaussian,5,0.7992547750473022,2048,0.2398715864818401,0.3754986053648781,0.3075364357864325,0.7799777800911303,0.5422304019875765,0.2253921841373013,0.23417464389127723,0.24421247492850237,0.2416446849246383
0.0,43,scalar_gaussian,6,1.166298747062683,2048,0.20095700489089852,0.14773504579962143,0.2500905521233346,0.8035369716477518,0.3756791559358614,0.191385865789911,0.19811026975903107,0.20356961668375745,0.2014653000750778
0.0,43,scalar_gaussian,7,1.7019013166427612,2048,0.10749148970623434,0.037111228678239634,0.12932663913999673,0.8311627861130317,0.2343328478778178,0.10238834093896401,0.10540091321389976,0.10872446221367786,0.10938525664630395
0.0,43,scalar_gaussian,8,2.4834699630737305,2048,0.02705384646166079,0.004386429943835316,0.03205803412409386,0.8439022292177276,0.13380609985294317,0.025601674268512058,0.02639908977500928,0.027454811663956795,0.0275098632476723
0.0,43,fourier_gaussian,0,0.12079870700836182,2048,0.028597317605842963,1.959750244139138,0.03551201848330745,0.8052856139192773,0.9768385188877521,0.02697670481183711,0.028043820561767963,0.028921762437956668,0.029255972315105565
0.0,43,fourier_gaussian,1,0.17627345025539398,2048,0.05522513474046081,1.7773091379657768,0.06999133901256019,0.7890281214730078,0.958407673251722,0.05349982107142518,0.05334621288461425,0.05631896782059109,0.055391689553160074
0.0,43,fourier_gaussian,2,0.25722402334213257,2048,0.10341117239125754,1.5629475642277788,0.13043540112687957,0.7928152288247688,0.9147254626134822,0.09916634889950608,0.10160798054917908,0.10438838658297422,0.10528338399277372
0.0,43,fourier_gaussian,3,0.37534967064857483,2048,0.16696104816724167,1.1850674899995262,0.21368470092876718,0.7813430135220534,0.8314297452944888,0.15877358872230765,0.16209134442196355,0.1703145054704302,0.1674982713717651
0.0,43,fourier_gaussian,4,0.547722578048706,2048,0.22506297860249308,0.7502098723984313,0.2875268860634558,0.7827545510050937,0.7032996210482996,0.21243098563095555,0.21786167036196374,0.2292706177613287,0.22898755252535372
0.0,43,fourier_gaussian,5,0.7992547750473022,2048,0.23987158734721697,0.37549860671955215,0.3075364357864325,0.7799777829050306,0.5422304091745973,0.2253921839147238,0.2341746311151316,0.24421248041009297,0.24164469320700016
0.0,43,fourier_gaussian,6,1.166298747062683,2048,0.2009570224912297,0.1477350587386366,0.2500905521233346,0.8035370420235859,0.37567917430619324,0.19138592691480918,0.1981102873943098,0.20356962793489367,0.2014653174188128
0.0,43,fourier_gaussian,7,1.7019013166427612,2048,0.10749149200425442,0.037111229471626615,0.12932663913999673,0.831162803882148,0.23433285332066295,0.10238835468917198,0.10540091329044182,0.10872446877568481,0.10938524042289689
0.0,43,fourier_gaussian,8,2.4834699630737305,2048,0.027053855931465174,0.004386431479241144,0.03205803412409386,0.843902524613395,0.13380612055952895,0.02560169150289704,0.02639910283371417,0.027454818536299497,0.02750987183618627
0.0,43,scalar_normalized,0,0.12079870700836182,2048,0.028797662911164996,1.9734797402558213,0.03551201848330745,0.8109272336829133,0.9767345602376938,0.02696287216519207,0.028786288119060664,0.029069378272104585,0.02881073270356367
0.0,43,scalar_normalized,1,0.17627345025539398,2048,0.055434332338009346,1.7840417390451742,0.06999133901256019,0.7920170283934911,0.959135994043881,0.05121372562356465,0.05545438694762593,0.05623627992011675,0.05471388145208785
0.0,43,scalar_normalized,2,0.25722402334213257,2048,0.1025287366964994,1.5496105070431678,0.13043540112687957,0.7860499205791971,0.9126419798834828,0.09517103122745547,0.10244726437536919,0.10372071656033033,0.10225815548683849
0.0,43,scalar_normalized,3,0.37534967064857483,2048,0.16813931699563112,1.1934306866752291,0.21368470092876718,0.7868570668130386,0.8318529358198684,0.15542847904942853,0.1684805705589227,0.17057058508158976,0.16540943008404824
0.0,43,scalar_normalized,4,0.547722578048706,2048,0.22374971556188766,0.7458323292581253,0.2875268860634558,0.7781871066920232,0.7014302997303665,0.20868032800160727,0.22234077920538634,0.22702980427784325,0.2222349270244358
0.0,43,scalar_normalized,5,0.7992547750473022,2048,0.24216088809524547,0.37908231269637715,0.3075364357864325,0.7874217813443515,0.5442475128947467,0.22241897703299035,0.2409472320515513,0.24614264024849214,0.24024405240635596
0.0,43,scalar_normalized,6,1.166298747062683,2048,0.1991774803719356,0.14642681503427307,0.2500905521233346,0.7964214508739591,0.3738332414666497,0.185303410071309,0.20099989484233058,0.2010019401756086,0.1967530455554838
0.0,43,scalar_normalized,7,1.7019013166427612,2048,0.10644434452111243,0.03674970383073235,0.12932663913999673,0.8230658836335017,0.2336685727804386,0.09971352382623558,0.10679269432955284,0.10713422021598093,0.10695820373375778
0.0,43,scalar_normalized,8,2.4834699630737305,2048,0.026681824291241135,0.004326111379138354,0.03205803412409386,0.8322975821897911,0.1333495946168019,0.024640465175320318,0.026311523712803545,0.02720170398637778,0.02651023486901442
0.0,43,fourier_normalized,0,0.12079870700836182,2048,0.028797666774005654,1.973480004973059,0.03551201848330745,0.8109273424585004,0.9767345655808015,0.026962882189298615,0.028786293396265532,0.02906937907187636,0.028810742200647152
0.0,43,fourier_normalized,1,0.17627345025539398,2048,0.055434332294544524,1.7840417376463469,0.06999133901256019,0.7920170277724883,0.9591359939194433,0.05121373232575077,0.055454382652806014,0.056236278911358656,0.054713888865667276
0.0,43,fourier_normalized,2,0.25722402334213257,2048,0.10252873962070932,1.5496105512394251,0.13043540112687957,0.7860499429980335,0.9126419865660655,0.09517104666923351,0.10244726691413625,0.1037207177103423,0.10225815884460143
0.0,43,fourier_normalized,3,0.37534967064857483,2048,0.16813932158218586,1.1934307192299896,0.21368470092876718,0.7868570882771617,0.8318529459792084,0.15542850361114746,0.16848056660712116,0.1705705926613391,0.16540942744496567
0.0,43,fourier_normalized,4,0.547722578048706,2048,0.2237497199184607,0.7458323437800344,0.2875268860634558,0.7781871218439038,0.7014303142278666,0.2086803461626726,0.22234078372253716,0.2270297994778813,0.22223495801772955
0.0,43,fourier_normalized,5,0.7992547750473022,2048,0.24216088620456533,0.37908230973667795,0.3075364357864325,0.7874217751965267,0.5442475185871753,0.2224189815766766,0.24094723326859824,0.2461426310935979,0.24024406885876667
0.0,43,fourier_normalized,6,1.166298747062683,2048,0.19917748315894163,0.1464268170831614,0.2500905521233346,0.7964214620179466,0.3738332492938994,0.18530340932230055,0.20099989011744784,0.20100194453016676,0.19675305773954735
0.0,43,fourier_normalized,7,1.7019013166427612,2048,0.10644435085543888,0.036749706017646294,0.12932663913999673,0.8230659326127878,0.23366857767761898,0.09971354685302407,0.10679269212953663,0.10713423154152597,0.10695819711094447
0.0,43,fourier_normalized,8,2.4834699630737305,2048,0.026681831797776126,0.0043261125962255394,0.03205803412409386,0.8322978163443546,0.1333496030210058,0.02464047933176599,0.026311532955321383,0.02720170934103468,0.02651024372428011
0.0,43,scalar_gate_s1p5_p4,0,0.12079870700836182,2048,0.004863400050949006,0.3332847356021335,0.03551201848330745,0.13695081999450592,0.9550373631637759,0.004917094301830453,0.004757319193179532,0.004930275336458154,0.004769518135681597
0.0,43,scalar_gate_s1p5_p4,1,0.17627345025539398,2048,0.007959551974667632,0.25616206325569724,0.06999133901256019,0.11372195598714381,0.9121843964337812,0.00778385419180269,0.008081779295111457,0.008005287253652807,0.0076670911193040415
0.0,43,scalar_gate_s1p5_p4,2,0.25722402334213257,2048,0.015001240805591516,0.22672746314861217,0.13043540112687957,0.11500896747347929,0.8239912282065072,0.014543643984262108,0.015072134435538606,0.015139461538312034,0.014607260929479969
0.0,43,scalar_gate_s1p5_p4,3,0.37534967064857483,2048,0.027835462145716125,0.19757243752421993,0.21368470092876718,0.13026417906724735,0.6935349384621149,0.0273105421033518,0.0276197794431314,0.028213199038460018,0.02708351426792556
0.0,43,scalar_gate_s1p5_p4,4,0.547722578048706,2048,0.04309453275094107,0.14364843172743555,0.2875268860634558,0.14988001066943812,0.5229011572519691,0.04234365958625765,0.04294262942257381,0.043648280264357325,0.04168979981995674
0.0,43,scalar_gate_s1p5_p4,5,0.7992547750473022,2048,0.06396418924450858,0.10013050818933267,0.3075364357864325,0.2079889788698997,0.3673560174820813,0.0632317672226723,0.0638569135326912,0.06429488029379171,0.06331252544702343
0.0,43,scalar_gate_s1p5_p4,6,1.166298747062683,2048,0.0891207089036028,0.06551775599321145,0.2500905521233346,0.3563537612554514,0.2630348310255387,0.08742386727710409,0.0899352257516647,0.0892121033261044,0.08827010092565271
0.0,43,scalar_gate_s1p5_p4,7,1.7019013166427612,2048,0.07450014984402102,0.025721032474110637,0.12932663913999673,0.5760619029415451,0.201328175037342,0.07291379244538494,0.07400674144935683,0.07476295908413093,0.07526579508225108
0.0,43,scalar_gate_s1p5_p4,8,2.4834699630737305,2048,0.024069959774732003,0.003902631459538289,0.03205803412409386,0.7508245727594924,0.13104723561603215,0.023723817689833643,0.02382823205497443,0.024228346187876473,0.024093650429587648
0.0,43,fourier_gate_s1p5_p4,0,0.12079870700836182,2048,0.004863398724788819,0.33328464472148567,0.03551201848330745,0.1369507826505237,0.9550373610240787,0.0049170942918386005,0.00475731898080615,0.004930273957375029,0.004769514298182453
0.0,43,fourier_gate_s1p5_p4,1,0.17627345025539398,2048,0.007959552581535927,0.25616208278652447,0.06999133901256019,0.1137219646577637,0.9121843972399554,0.007783856725072225,0.008081780934674421,0.008005288095874395,0.007667087930935338
0.0,43,fourier_gate_s1p5_p4,2,0.25722402334213257,2048,0.015001243178996962,0.22672749902005793,0.13043540112687957,0.11500898566950142,0.8239912339837973,0.014543647133191395,0.015072137110719658,0.015139464392039292,0.014607260520999794
0.0,43,fourier_gate_s1p5_p4,3,0.37534967064857483,2048,0.02783546112222939,0.19757243025964613,0.21368470092876718,0.13026417427754208,0.693534936333231,0.02731054280289158,0.02761977780536649,0.028213199314640697,0.02708350846939727
0.0,43,fourier_gate_s1p5_p4,4,0.547722578048706,2048,0.04309453378035581,0.14364843515881778,0.2875268860634558,0.1498800142496763,0.5229011451407193,0.042343660215942755,0.04294263144719472,0.043648281660681944,0.04168979791608413
0.0,43,fourier_gate_s1p5_p4,5,0.7992547750473022,2048,0.06396419261977677,0.1001305134730285,0.3075364357864325,0.20798898984508118,0.3673560220092551,0.0632317676430675,0.06385691434548951,0.06429488489721188,0.06331253037970454
0.0,43,fourier_gate_s1p5_p4,6,1.166298747062683,2048,0.0891207045769596,0.06551775281244733,0.2500905521233346,0.3563537439551449,0.26303483301285285,0.08742386087991212,0.08993522834316471,0.08921209913095408,0.08827008495364223
0.0,43,fourier_gate_s1p5_p4,7,1.7019013166427612,2048,0.0745001500759464,0.025721032554182427,0.12932663913999673,0.5760619047348754,0.20132817698327152,0.07291380474332412,0.0740067362248841,0.07476296126858462,0.07526579093488071
0.0,43,fourier_gate_s1p5_p4,8,2.4834699630737305,2048,0.024069958951155154,0.003902631326005996,0.03205803412409386,0.7508245470693068,0.13104723705913582,0.023723817484751324,0.023828231854702793,0.024228343749303057,0.024093654255402743
0.0,44,score,0,0.12079870700836182,2048,0.006317004441189131,0.4328990280304823,0.03551201848330745,0.17788356480379908,0.9562544114006337,0.006374737951296343,0.006332735510002564,0.006241212978394816,0.006543287228239774
0.0,44,score,1,0.17627345025539398,2048,0.012178838342883858,0.3919512515151329,0.06999133901256019,0.17400493424905505,0.9158443940985924,0.012188323856823396,0.012058496080022605,0.012225401606804949,0.012211604749857786
0.0,44,score,2,0.25722402334213257,2048,0.02367432244136584,0.3578116729445758,0.13043540112687957,0.1815022780382828,0.8344100253792556,0.02391825179692974,0.023368210616788006,0.02361800505718141,0.02429575949444326
0.0,44,score,3,0.37534967064857483,2048,0.042437866267485726,0.30121837524743256,0.21368470092876718,0.19860039620540074,0.707733975142997,0.042648563989638545,0.04191488206238606,0.04275964854711189,0.04203493973010138
0.0,44,score,4,0.547722578048706,2048,0.06120228027719905,0.2040075856204896,0.2875268860634558,0.21285759086783979,0.5394132192286256,0.061904923498386354,0.06117596325508061,0.061011762972557594,0.06157844078895106
0.0,44,score,5,0.7992547750473022,2048,0.07393840732000252,0.11574429985130043,0.3075364357864325,0.24042161746112178,0.3774149524513855,0.07382125986207934,0.07394723110893935,0.07394852764348443,0.07394957017202941
0.0,44,score,6,1.166298747062683,2048,0.0828053765623003,0.060874992168239606,0.2500905521233346,0.33110157844533056,0.25670277067872244,0.08147919133203824,0.08331335360274086,0.0829413372771918,0.08212544647318358
0.0,44,score,7,1.7019013166427612,2048,0.0783426809882971,0.027047658911126298,0.12932663913999673,0.6057737331555547,0.2053727194004858,0.07875404412139972,0.07751728678636735,0.07851623591204034,0.07892586145030739
0.0,44,score,8,2.4834699630737305,2048,0.0998418413429755,0.01618805825393886,0.03205803412409386,3.114409353876673,0.20622306329014933,0.10395099000608785,0.09737245717928941,0.1006159024896776,0.09902476626692487
0.0,44,scalar_gaussian,0,0.12079870700836182,2048,0.029154139525853703,1.9979087843464234,0.03551201848330745,0.8209654300432884,0.9770756676452983,0.028745819072454614,0.02920363622185554,0.02909822507797977,0.029504222454595923
0.0,44,scalar_gaussian,1,0.17627345025539398,2048,0.05658301914863615,1.8210098981050384,0.06999133901256019,0.8084288705847181,0.9606203712280242,0.054829676274569826,0.05761337771466085,0.056578562052557624,0.05574218787981459
0.0,44,scalar_gaussian,2,0.25722402334213257,2048,0.10475768675506864,1.5832986664970168,0.13043540112687957,0.8031384566615223,0.9159238800675208,0.1026658234173736,0.10553383427905008,0.10459466526123273,0.10515587421009004
0.0,44,scalar_gaussian,3,0.37534967064857483,2048,0.17311547771846372,1.228750818899929,0.21368470092876718,0.8101444650273423,0.8371955107600757,0.16651139282937177,0.17628462626019548,0.17321510704086943,0.17077399447579247
0.0,44,scalar_gaussian,4,0.547722578048706,2048,0.23116170815726386,0.7705389693893587,0.2875268860634558,0.8039655397869387,0.7093218768283251,0.22391224409709953,0.23380246782257338,0.23107307486214612,0.23082934123391652
0.0,44,scalar_gaussian,5,0.7992547750473022,2048,0.2504804619323324,0.392105899269824,0.3075364357864325,0.8144741005786956,0.5532633025896418,0.24011799710077836,0.2557570450314499,0.25017889047432945,0.24799606461499846
0.0,44,scalar_gaussian,6,1.166298747062683,2048,0.20691054368765954,0.15211183439321552,0.2500905521233346,0.8273425042686923,0.38129340452444727,0.19830756043826583,0.21155524891232766,0.20691492732560307,0.20341616468345966
0.0,44,scalar_gaussian,7,1.7019013166427612,2048,0.11176257907928298,0.03858581401389355,0.12932663913999673,0.8641883823973763,0.23886851104387322,0.10938839895656698,0.11345674348039719,0.11127911498365134,0.11189614012897511
0.0,44,scalar_gaussian,8,2.4834699630737305,2048,0.026918931049853642,0.004364555161516491,0.03205803412409386,0.8396937549461955,0.133830868496332,0.02615958062933727,0.027190056404071967,0.02696619498831382,0.02668023910845839
0.0,44,fourier_gaussian,0,0.12079870700836182,2048,0.029154325001458335,1.9979214948343953,0.03551201848330745,0.8209706529400019,0.9770758533786722,0.028745937982414003,0.029203885911910775,0.029098378040704986,0.02950445357852462
0.0,44,fourier_gaussian,1,0.17627345025539398,2048,0.05658361145275834,1.8210289602138727,0.06999133901256019,0.8084373331192337,0.9606210389728393,0.054829978409286516,0.05761417569230676,0.05657905244941447,0.055742960730344494
0.0,44,fourier_gaussian,2,0.25722402334213257,2048,0.10475856474819212,1.5833119364095614,0.13043540112687957,0.8031451879102162,0.915924644099434,0.10266646047320702,0.1055347864873733,0.10459545485512171,0.10515708807179439
0.0,44,fourier_gaussian,3,0.37534967064857483,2048,0.17311667398472094,1.2287593098399798,0.21368470092876718,0.8101500633048606,0.8371967697487115,0.16651209572695183,0.17628629201447688,0.1732160512437341,0.17077558242986585
0.0,44,fourier_gaussian,4,0.547722578048706,2048,0.23116323314672793,0.7705440526871911,0.2875268860634558,0.8039708436021226,0.7093232741050817,0.2239131828580115,0.23380446082116543,0.23107442336871292,0.2308310266028495
0.0,44,fourier_gaussian,5,0.7992547750473022,2048,0.2504817915460966,0.39210798066729774,0.3075364357864325,0.8144784240136109,0.5532645698835585,0.24011883472744847,0.2557587446491642,0.25018004546827916,0.24799766944498045
0.0,44,fourier_gaussian,6,1.166298747062683,2048,0.20691113819703938,0.1521122714512345,0.2500905521233346,0.827344881445178,0.38129405529469856,0.1983080336553105,0.21155614616496726,0.20691534068470716,0.20341697271271683
0.0,44,fourier_gaussian,7,1.7019013166427612,2048,0.11176275547085623,0.03858587491274266,0.12932663913999673,0.8641897463203424,0.2388686821233972,0.10938833937044519,0.1134570204438558,0.1112792620026685,0.11189637978779471
0.0,44,fourier_gaussian,8,2.4834699630737305,2048,0.026918936727815382,0.004364556082124266,0.03205803412409386,0.8396939320612898,0.1338308689299738,0.02615960916001984,0.027190063190678272,0.026966182685715864,0.02668029804609927
0.0,44,scalar_normalized,0,0.12079870700836182,2048,0.029361661236581002,2.0121300735200243,0.03551201848330745,0.8268091336566114,0.9771695634938424,0.029354299837676102,0.029906148961470307,0.029082994919681734,0.02945051214445555
0.0,44,scalar_normalized,1,0.17627345025539398,2048,0.05584710070224058,1.797325853046147,0.06999133901256019,0.7979144489894475,0.9586048948198446,0.0543880385566126,0.057786343149437994,0.05555440946138173,0.054315871120260824
0.0,44,scalar_normalized,2,0.25722402334213257,2048,0.1028010147703661,1.5537256944305857,0.13043540112687957,0.7881373759135188,0.9142633130622124,0.10203366978988959,0.10631246518662098,0.10170829854833718,0.10111277808050932
0.0,44,scalar_normalized,3,0.37534967064857483,2048,0.167886292301701,1.1916347507833838,0.21368470092876718,0.7856729638200289,0.8330390586399837,0.16339844142556167,0.17452959731676643,0.16643682717030686,0.16404497992470654
0.0,44,scalar_normalized,4,0.547722578048706,2048,0.22519645383285875,0.7506547897996082,0.2875268860634558,0.7832187692637516,0.7029052511847355,0.22139216582677687,0.23325573076750128,0.22237442430905324,0.22364334415347198
0.0,44,scalar_normalized,5,0.7992547750473022,2048,0.2429738173076353,0.3803548843668691,0.3075364357864325,0.790065140367197,0.5453081561179967,0.23190077532483153,0.2530331687004661,0.24070211863076138,0.23982418871235073
0.0,44,scalar_normalized,6,1.166298747062683,2048,0.20259276729574055,0.14893758877107863,0.2500905521233346,0.81007765217708,0.3772466884110694,0.19527280324571086,0.21097573160254146,0.20091629860634777,0.19808969249359457
0.0,44,scalar_normalized,7,1.7019013166427612,2048,0.10903601806676073,0.03764447410393957,0.12932663913999673,0.8431056338572961,0.23614304607808723,0.10604895523827244,0.11207261193438764,0.10815594546132316,0.1086218270495706
0.0,44,scalar_normalized,8,2.4834699630737305,2048,0.0266587112908881,0.0043223639062241375,0.03205803412409386,0.83157660846247,0.13352011882939924,0.026074515375255923,0.027079776560766863,0.02660044611891331,0.02645481696947075
0.0,44,fourier_normalized,0,0.12079870700836182,2048,0.02936167729290161,2.0121311738462384,0.03551201848330745,0.826809585794262,0.977169579703124,0.029354346570266206,0.02990616828117284,0.029083005884341012,0.029450524592001356
0.0,44,fourier_normalized,1,0.17627345025539398,2048,0.055847135936027345,1.79732698697423,0.06999133901256019,0.7979149523915435,0.9586049209033907,0.05438808691060711,0.05778639080258989,0.05555443822411207,0.05431590143238518
0.0,44,fourier_normalized,2,0.25722402334213257,2048,0.10280106948304084,1.5537265213532454,0.13043540112687957,0.7881377953753694,0.9142633687078907,0.1020337669125346,0.10631255040391728,0.10170833677532254,0.10111281728092204
0.0,44,fourier_normalized,3,0.37534967064857483,2048,0.16788638027783367,1.1916353752263653,0.21368470092876718,0.7856733755300498,0.8330391673528331,0.16339858257003775,0.17452971098808745,0.1664369086018673,0.1640450174064757
0.0,44,fourier_normalized,4,0.547722578048706,2048,0.22519659046660742,0.750655245245403,0.2875268860634558,0.7832192444671335,0.7029053712943383,0.22139244039511558,0.233255895168711,0.22237453950667274,0.22364343577344992
0.0,44,fourier_normalized,5,0.7992547750473022,2048,0.24297390122829218,0.3803550157375333,0.3075364357864325,0.7900654132475686,0.5453082393472524,0.23190090735040086,0.2530332701064759,0.2407021934929236,0.23982424904396446
0.0,44,fourier_normalized,6,1.166298747062683,2048,0.20259284988180828,0.14893764948484425,0.2500905521233346,0.8100779824017409,0.3772467641091275,0.19527293234715332,0.21097581504311128,0.20091637440210514,0.19808977337095646
0.0,44,fourier_normalized,7,1.7019013166427612,2048,0.1090360624760049,0.03764448943614513,0.12932663913999673,0.8431059772455142,0.23614310652690412,0.10604903150421337,0.1120726663629576,0.10815598373740798,0.10862185911822837
0.0,44,fourier_normalized,8,2.4834699630737305,2048,0.02665871906639262,0.004322365166921241,0.03205803412409386,0.8315768510071154,0.13352012280259168,0.026074517321175217,0.027079785462308506,0.026600453676143637,0.026454826806381334
0.0,44,scalar_gate_s1p5_p4,0,0.12079870700836182,2048,0.004828384280547493,0.3308851341591274,0.03551201848330745,0.13596479408280024,0.9549754835917565,0.004845235080129958,0.0048262300906323965,0.004823858498492292,0.004839949795059281
0.0,44,scalar_gate_s1p5_p4,1,0.17627345025539398,2048,0.008104325717185815,0.26082131301080114,0.06999133901256019,0.11579040823510271,0.9120980925691403,0.00802656298885807,0.007935025358339723,0.008156189349242027,0.008252576371993047
0.0,44,scalar_gate_s1p5_p4,2,0.25722402334213257,2048,0.015509859660654948,0.23441468477331273,0.13043540112687957,0.11890836020481822,0.8252510789770671,0.015916594956684738,0.015406509278741574,0.015462328223455332,0.015647192826794068
0.0,44,scalar_gate_s1p5_p4,3,0.37534967064857483,2048,0.028522702426324553,0.20245037835717042,0.21368470092876718,0.13348032078268782,0.6940283628243086,0.028544677142739876,0.028213860798404176,0.028787711055852722,0.028058402321956968
0.0,44,scalar_gate_s1p5_p4,4,0.547722578048706,2048,0.042924226101942305,0.1430807429400245,0.2875268860634558,0.14928769510782075,0.5217648255028277,0.043397444994214385,0.04308632605564992,0.042830788206864374,0.04272613662549421
0.0,44,scalar_gate_s1p5_p4,5,0.7992547750473022,2048,0.06444708082609578,0.10088643396648661,0.3075364357864325,0.20955917194426615,0.3674552808303004,0.06476786474278318,0.06471608729741979,0.06435951742267279,0.06412142889184705
0.0,44,scalar_gate_s1p5_p4,6,1.166298747062683,2048,0.08981035292662834,0.06602475295697705,0.2500905521233346,0.35911133852964383,0.263108450411899,0.09043645553213424,0.09023346053227094,0.08996667651895757,0.08811977105362793
0.0,44,scalar_gate_s1p5_p4,7,1.7019013166427612,2048,0.07412220995706473,0.025590549459968824,0.12932663913999673,0.5731395360612987,0.2010535015517133,0.07281895528892554,0.0736918084854223,0.07421704898792723,0.0752531177168036
0.0,44,scalar_gate_s1p5_p4,8,2.4834699630737305,2048,0.02371717673117222,0.0038454322694659654,0.03205803412409386,0.7398200600624821,0.13054360180754793,0.023193534306475066,0.02330053409494931,0.023944436832698698,0.023890249047966917
0.0,44,fourier_gate_s1p5_p4,0,0.12079870700836182,2048,0.00482839041397945,0.3308855544780867,0.03551201848330745,0.1359649667970592,0.9549754892363573,0.004845241597724411,0.0048262331705751175,0.004823865473974024,0.004839957962416009
0.0,44,fourier_gate_s1p5_p4,1,0.17627345025539398,2048,0.00810432738497802,0.2608213666853162,0.06999133901256019,0.1157904320636539,0.9120980987043985,0.008026562680305091,0.007935020987585672,0.008156193330690108,0.008252581132470372
0.0,44,fourier_gate_s1p5_p4,2,0.25722402334213257,2048,0.015509859146388475,0.2344146770007335,0.13043540112687957,0.11890835626212728,0.8252510748013921,0.01591660462887392,0.01540650022291844,0.015462329988741412,0.015647193226732192
0.0,44,fourier_gate_s1p5_p4,3,0.37534967064857483,2048,0.028522703179261526,0.2024503837014177,0.21368470092876718,0.1334803243062764,0.6940283699397536,0.028544688786761863,0.02821384950646942,0.028787714086521324,0.02805840983263254
0.0,44,fourier_gate_s1p5_p4,4,0.547722578048706,2048,0.04292423164388691,0.1430807614131718,0.2875268860634558,0.14928771438234734,0.5217648252016484,0.04339746523111278,0.043086320167979225,0.042830793007610446,0.042726157122975145
0.0,44,fourier_gate_s1p5_p4,5,0.7992547750473022,2048,0.06444709248279717,0.10088645221406307,0.3075364357864325,0.20955920984774698,0.36745528996514076,0.06476789703358762,0.06471609454671426,0.06435952839811465,0.06412143949419503
0.0,44,fourier_gate_s1p5_p4,6,1.166298747062683,2048,0.08981036055047567,0.06602475856170546,0.2500905521233346,0.35911136901399143,0.26310845646448366,0.09043648261398841,0.09023345408548333,0.08996668906166871,0.08811977429955904
0.0,44,fourier_gate_s1p5_p4,7,1.7019013166427612,2048,0.07412222436245319,0.0255905544334013,0.12932663913999673,0.5731396474489336,0.20105352907103832,0.07281895743823148,0.07369182060612489,0.07421706637724666,0.07525313172016246
0.0,44,fourier_gate_s1p5_p4,8,2.4834699630737305,2048,0.02371717151628209,0.0038454314239392395,0.03205803412409386,0.7398198973921789,0.13054359256516723,0.023193527827586928,0.023300525407136,0.023944432894213108,0.02389024588741082
0.5,42,score,0,0.12079870700836182,2048,0.010244555577081833,0.7020508206399411,0.04410782295225841,0.2322616463789286,0.9462859191517199,0.009153759251039003,0.007376727117018555,0.010845087193027288,0.013680240249201957
0.5,42,score,1,0.17627345025539398,2048,0.01916298433257658,0.6167218482136232,0.08569036087142129,0.22363057101989228,0.8964766776674286,0.015723427480875497,0.014176875592945937,0.020362899627979245,0.025405029226899356
0.5,42,score,2,0.25722402334213257,2048,0.03293196728019155,0.49773092070809644,0.15194606887369794,0.2167345790799338,0.8026560804369306,0.029895014748082076,0.02784024676310732,0.03425999282321285,0.03865412533254388
0.5,42,score,3,0.37534967064857483,2048,0.05030429373769006,0.3570532394849909,0.2308690911925748,0.21789098522387196,0.6677949044536425,0.05320489603851545,0.047785308189518566,0.05070234897381994,0.05166728031971244
0.5,42,score,4,0.547722578048706,2048,0.06776898390261697,0.22589659606322496,0.28835007170120674,0.23502329478468223,0.5073724997997171,0.07988982999744706,0.0722754002572093,0.06517676500242156,0.06281660062028548
0.5,42,score,5,0.7992547750473022,2048,0.07611903613511592,0.11915788914256706,0.285542346466265,0.26657704917371655,0.35548209381427176,0.1251895522141719,0.09169235457772515,0.06627909278010397,0.058344858201046956
0.5,42,score,6,1.166298747062683,2048,0.0892512828340649,0.06561374839520574,0.2255443011659034,0.3957150873362764,0.2527268538263737,0.17472625172794337,0.10762511832941274,0.07397291073285293,0.06681888717253716
0.5,42,score,7,1.7019013166427612,2048,0.08228838391298635,0.028409905205551308,0.11403599082570502,0.7216001134129454,0.2051151126064853,0.1505220227649065,0.09272834783396741,0.07093337096222321,0.06871758650528072
0.5,42,score,8,2.4834699630737305,2048,0.10297233088249436,0.016695626487331052,0.02656381748075261,3.8764131306467977,0.20866385370700735,0.12977314211741978,0.10604785648442698,0.09886053098285566,0.0981488565249573
0.5,42,scalar_gaussian,0,0.12079870700836182,2048,0.022265044170324013,1.5258048447049437,0.04410782295225841,0.5047867403118793,0.9587398342619551,0.008716473173729786,0.015545544104472437,0.02577755524314433,0.02846831967706907
0.5,42,scalar_gaussian,1,0.17627345025539398,2048,0.04030354989047705,1.2970881438216428,0.08569036087142129,0.47033936466847975,0.9164578996746009,0.013919961340244407,0.02961405365198523,0.04600450363200039,0.05242771159661465
0.5,42,scalar_gaussian,2,0.25722402334213257,2048,0.06919835789991134,1.0458580289470918,0.15194606887369794,0.4554139400436287,0.8380334874496226,0.023031810001708883,0.05460918945963375,0.07880409485588458,0.0844943999035074
0.5,42,scalar_gaussian,3,0.37534967064857483,2048,0.10381665802453889,0.7368769404348907,0.2308690911925748,0.44967759646068134,0.721433833780515,0.03858860833232371,0.09075424912221143,0.11654392569937466,0.11519573468608324
0.5,42,scalar_gaussian,4,0.547722578048706,2048,0.13350943583143307,0.4450314193876773,0.28835007170120674,0.4630116269566176,0.5728198456801122,0.06613476884619324,0.13281827969261475,0.14286792877327964,0.13681422173415647
0.5,42,scalar_gaussian,5,0.7992547750473022,2048,0.14370925678874175,0.22496464168039762,0.285542346466265,0.5032852694783052,0.42249787493458285,0.11244437856821717,0.15903354011128873,0.1452343634278075,0.12807394925692359
0.5,42,scalar_gaussian,6,1.166298747062683,2048,0.13258008507531807,0.09746724156917866,0.2255443011659034,0.5878228108179788,0.29537938522748725,0.16510206912139866,0.15726693411761355,0.1228824975444557,0.10725991520222815
0.5,42,scalar_gaussian,7,1.7019013166427612,2048,0.07985617085282012,0.027570188356182954,0.11403599082570502,0.7002716447202528,0.20346737795335185,0.14124307008114229,0.09693093181952692,0.06822712009080333,0.05932917688611483
0.5,42,scalar_gaussian,8,2.4834699630737305,2048,0.023944268191143224,0.0038822522012053485,0.02656381748075261,0.9013865649578627,0.12966593980117316,0.05855714868752711,0.02789065324364797,0.018713664579690363,0.01745915257641011
0.5,42,fourier_gaussian,0,0.12079870700836182,2048,0.03513893035763588,2.408041491734,0.04410782295225841,0.7966598214486733,0.9722174823718572,0.009807143362651486,0.02404736569688956,0.04154586945384298,0.04472649038828277
0.5,42,fourier_gaussian,1,0.17627345025539398,2048,0.06711922821099467,2.1600964523353516,0.08569036087142129,0.7832762930209539,0.9441061015847391,0.01995536139297159,0.04731948286339886,0.07851076398445139,0.08548623302811914
0.5,42,fourier_gaussian,2,0.25722402334213257,2048,0.11882598766562441,1.7959257563223274,0.15194606887369794,0.78202739002347,0.8859512395841016,0.04020857913236229,0.0892144469787152,0.13820402062676335,0.1419391624409727
0.5,42,fourier_gaussian,3,0.37534967064857483,2048,0.1782893623577134,1.2654743693944193,0.2308690911925748,0.7722530609738353,0.7969287740878207,0.07545732919048012,0.14860015942114696,0.20272343175566185,0.19589259050115604
0.5,42,fourier_gaussian,4,0.547722578048706,2048,0.22075806815901292,0.7358601719965983,0.28835007170120674,0.7655904743029375,0.660036711599493,0.13202902986223294,0.20851731558338976,0.2385791512404818,0.22448922459500512
0.5,42,fourier_gaussian,5,0.7992547750473022,2048,0.22191190835163066,0.3473842538920483,0.285542346466265,0.7771593639188931,0.4987687329848337,0.2025451948973192,0.23737756753237016,0.22467817628787093,0.19472634285691492
0.5,42,fourier_gaussian,6,1.166298747062683,2048,0.17945985909864837,0.13193125821877333,0.2255443011659034,0.7956745445172798,0.34282152686018363,0.24152480832394657,0.20911949423495654,0.16631038121172903,0.14192689685951893
0.5,42,fourier_gaussian,7,1.7019013166427612,2048,0.09325313393642204,0.03219546391937621,0.11403599082570502,0.8177517752176334,0.21619334079942787,0.17089004557180582,0.11493237926386764,0.07886356041135519,0.06594124687378043
0.5,42,fourier_gaussian,8,2.4834699630737305,2048,0.021803914719789222,0.003535221675603603,0.02656381748075261,0.8208125483314934,0.127717650697726,0.04787355991276533,0.027227545180195323,0.017312046192705557,0.014648049896396613
0.5,42,scalar_normalized,0,0.12079870700836182,2048,0.026812896720390403,1.8374653741344726,0.04410782295225841,0.6078943580918117,0.9639322763696205,0.010273027549961237,0.018467651141879975,0.031286023607487876,0.03393922571450139
0.5,42,scalar_normalized,1,0.17627345025539398,2048,0.04839953905398151,1.5576411617326378,0.08569036087142129,0.5648189430151334,0.9253922638027905,0.015760980496141476,0.03483409397485647,0.056099683198995706,0.061558984956727986
0.5,42,scalar_normalized,2,0.25722402334213257,2048,0.08249997886854098,1.2468975840789356,0.15194606887369794,0.5429556649939881,0.8504037259890691,0.02661000738590865,0.06322693979881563,0.09589550848064222,0.09720780950379931
0.5,42,scalar_normalized,3,0.37534967064857483,2048,0.12244189951670512,0.869076447014696,0.2308690911925748,0.530352066117732,0.740908968038849,0.044562157121862976,0.10260674675919726,0.1404858738724224,0.1328047915166995
0.5,42,scalar_normalized,4,0.547722578048706,2048,0.15312883218864062,0.5104294023392452,0.28835007170120674,0.5310518262929906,0.5928569276874947,0.06950434580426991,0.14528436654161644,0.16858727247237565,0.15513404470277944
0.5,42,scalar_normalized,5,0.7992547750473022,2048,0.155741258081314,0.24379971827856461,0.285542346466265,0.5454226317346378,0.43334613435423397,0.10618832800760147,0.16632484727075117,0.16257439319234238,0.13864132803271445
0.5,42,scalar_normalized,6,1.166298747062683,2048,0.13474235266201057,0.09905684876463064,0.2255443011659034,0.5974096971880405,0.29740292350355535,0.14845539294167048,0.15624742282352114,0.129189094555303,0.10987173617818728
0.5,42,scalar_normalized,7,1.7019013166427612,2048,0.07585773240869563,0.026189735225788182,0.11403599082570502,0.6652086929699078,0.19914516196832724,0.12445996101199733,0.09108481647640082,0.06645367606660804,0.05731255768993864
0.5,42,scalar_normalized,8,2.4834699630737305,2048,0.020084574285099834,0.0032564529475761065,0.02656381748075261,0.7560876481572179,0.12608810133878134,0.04282695813045587,0.023747231496470074,0.016378319431980082,0.014939933218140673
0.5,42,fourier_normalized,0,0.12079870700836182,2048,0.03457300067221182,2.369258803984686,0.04410782295225841,0.7838292247983555,0.9709253516020164,0.01017104521317792,0.0245121638025635,0.040365844712582484,0.0441314973207608
0.5,42,fourier_normalized,1,0.17627345025539398,2048,0.06561665265937461,2.1117391007249133,0.08569036087142129,0.7657413505100374,0.9421041825470627,0.019332400030129808,0.04803575361525274,0.07573315297202582,0.08436716790626712
0.5,42,fourier_normalized,2,0.25722402334213257,2048,0.11484988310171963,1.7358312539627805,0.15194606887369794,0.7558595227441274,0.8817512356320977,0.03851521373614444,0.09013973386223907,0.1318380460021602,0.13700968266222902
0.5,42,fourier_normalized,3,0.37534967064857483,2048,0.1721446020288715,1.2218596713586525,0.2308690911925748,0.7456372836209614,0.7904731695134453,0.0717810440098238,0.14932542771617108,0.19312896318639705,0.18919530200026913
0.5,42,fourier_normalized,4,0.547722578048706,2048,0.2161181583011261,0.7203938069638424,0.28835007170120674,0.7494992355163047,0.6553566797474445,0.12717964126617137,0.21048262018278246,0.2309844266009999,0.21938572195363298
0.5,42,fourier_normalized,5,0.7992547750473022,2048,0.21423138466725916,0.33536104608218226,0.285542346466265,0.7502613441350607,0.49105492835159514,0.19129130571306543,0.23675657136672373,0.21421421859510179,0.1869959462264688
0.5,42,fourier_normalized,6,1.166298747062683,2048,0.17361755518353628,0.12763624478073476,0.2255443011659034,0.7697714120288438,0.33637473118215605,0.23227077545175448,0.2062208488883326,0.15950490918352433,0.13638546222604478
0.5,42,fourier_normalized,7,1.7019013166427612,2048,0.09028623884260936,0.03117114913323139,0.11403599082570502,0.7917345935162236,0.213305361487106,0.16290733565930166,0.11354039429054263,0.0756705739005201,0.0638151984849028
0.5,42,fourier_normalized,8,2.4834699630737305,2048,0.021563112204373215,0.0034961786742444983,0.02656381748075261,0.8117474914890239,0.1273769011560581,0.04732145769971574,0.027650562698458697,0.016827601861512536,0.014320491790504632
0.5,42,scalar_gate_s1p5_p4,0,0.12079870700836182,2048,0.00720058345054227,0.4934499581268853,0.04410782295225841,0.16324957725381425,0.9441805431169146,0.007386569162303904,0.005053215940079292,0.007421031833392087,0.010081995294065123
0.5,42,scalar_gate_s1p5_p4,1,0.17627345025539398,2048,0.012631907188264298,0.4065323548987032,0.08569036087142129,0.14741339702394907,0.8905241169759495,0.01053832940154561,0.009545292683383257,0.013094647044155517,0.017534192289529706
0.5,42,scalar_gate_s1p5_p4,2,0.25722402334213257,2048,0.02207925513121984,0.3337039628246312,0.15194606887369794,0.14530981482365804,0.793088031242161,0.0201938646258042,0.019080965783483037,0.02264332551938945,0.026326053897119863
0.5,42,scalar_gate_s1p5_p4,3,0.37534967064857483,2048,0.0339847189401915,0.24121905087976098,0.2308690911925748,0.14720341629379843,0.6512815795740755,0.03148428234724232,0.03165391309961474,0.03483038728733739,0.03632275811919304
0.5,42,scalar_gate_s1p5_p4,4,0.547722578048706,2048,0.04966322204693584,0.16554406107159722,0.28835007170120674,0.1722323901427627,0.489885357431768,0.05989543802029644,0.05426237073390736,0.047357351718517134,0.044513458970034545
0.5,42,scalar_gate_s1p5_p4,5,0.7992547750473022,2048,0.06946399145324708,0.1087399816557548,0.285542346466265,0.24327036712032418,0.34853290569293893,0.11810845335574627,0.0826722191314352,0.060238194818087024,0.05381100625679558
0.5,42,scalar_gate_s1p5_p4,6,1.166298747062683,2048,0.09645336020090804,0.07090840946074384,0.2255443011659034,0.4276470728912806,0.25903192619135607,0.1892987198123309,0.11809523587114173,0.07932923295687153,0.07108930659161782
0.5,42,scalar_gate_s1p5_p4,7,1.7019013166427612,2048,0.07458801781986299,0.02575136872262554,0.11403599082570502,0.654074360908258,0.19781475162295678,0.16985295830098607,0.09115649823094499,0.058677315059166506,0.052315073917724386
0.5,42,scalar_gate_s1p5_p4,8,2.4834699630737305,2048,0.02403826813024461,0.003897493070860513,0.02656381748075261,0.904925210680357,0.12962614836841466,0.07162869388742651,0.02727693452004744,0.017583643902838883,0.016225649542360124
0.5,42,fourier_gate_s1p5_p4,0,0.12079870700836182,2048,0.007330173563207072,0.5023306601015689,0.04410782295225841,0.16618760738069374,0.9443697801694639,0.00752042374685085,0.00525493382854318,0.007586768151952701,0.009944436765323963
0.5,42,fourier_gate_s1p5_p4,1,0.17627345025539398,2048,0.013185628482907094,0.42435275355377167,0.08569036087142129,0.15387528245670687,0.890484072235465,0.013884401849732341,0.009820100827363756,0.013489711586224086,0.01763182294310592
0.5,42,fourier_gate_s1p5_p4,2,0.25722402334213257,2048,0.022389534771898305,0.33839350262399703,0.15194606887369794,0.1473518527847479,0.7929432884940321,0.026681848762661976,0.019488871061927454,0.022251438373078164,0.025683348879187218
0.5,42,fourier_gate_s1p5_p4,3,0.37534967064857483,2048,0.03425947195472666,0.2431692115242895,0.2308690911925748,0.14839349770797083,0.6516984302778343,0.04008067460073789,0.03228258175100775,0.03407160565477766,0.035249659091139196
0.5,42,fourier_gate_s1p5_p4,4,0.547722578048706,2048,0.04937779015395254,0.16459262149969123,0.28835007170120674,0.1712425104063045,0.48949995490801346,0.06478609991852004,0.054492629141084103,0.046348587351790024,0.043168226004684035
0.5,42,fourier_gate_s1p5_p4,5,0.7992547750473022,2048,0.06955494632401818,0.10888236378457052,0.285542346466265,0.24358890085760243,0.34878105875336174,0.11816387256194187,0.08278404613102482,0.06026872526386115,0.054112867206642004
0.5,42,fourier_gate_s1p5_p4,6,1.166298747062683,2048,0.09608841262303748,0.07064011551816422,0.2255443011659034,0.4260289979677111,0.25944379530101275,0.19262637652695985,0.11631922985538784,0.07912879797761686,0.07055996847938012
0.5,42,fourier_gate_s1p5_p4,7,1.7019013166427612,2048,0.07285418559009921,0.025152766502632918,0.11403599082570502,0.6388701063811605,0.195812016249284,0.15869428160441484,0.08944161381226573,0.05805354468314923,0.05159001439121666
0.5,42,fourier_gate_s1p5_p4,8,2.4834699630737305,2048,0.021658074392683545,0.0035115755601153064,0.02656381748075261,0.8153223612674033,0.12735589874381587,0.0521874975187573,0.02689331952300795,0.016512299982639242,0.014829773528899902
0.5,43,score,0,0.12079870700836182,2048,0.010625448573272293,0.728153098922245,0.04410782295225841,0.24089714390966668,0.9468641178461741,0.010799313869459001,0.007670896893584769,0.01108327834477552,0.014051813924711979
0.5,43,score,1,0.17627345025539398,2048,0.0199339534206967,0.6415339272034662,0.08569036087142129,0.23262772169448176,0.8971139258485269,0.017109597580455826,0.015046144710910422,0.021027186341516572,0.026062486670686613
0.5,43,score,2,0.25722402334213257,2048,0.034304040411836316,0.5184683159958406,0.15194606887369794,0.22576457993362664,0.8042131540320996,0.032014940869131814,0.029179254190632477,0.03563211180753593,0.03966933483394709
0.5,43,score,3,0.37534967064857483,2048,0.051746503715179235,0.3672898556109473,0.2308690911925748,0.22413785859284183,0.6693907373716896,0.05707098170990199,0.04850316722896693,0.05213963620726654,0.05306922472349197
0.5,43,score,4,0.547722578048706,2048,0.06932159784259911,0.23107197547493744,0.28835007170120674,0.24040777043548417,0.5091224369202074,0.08049925748814155,0.07339650743650875,0.06711412917068785,0.06420682929978987
0.5,43,score,5,0.7992547750473022,2048,0.07651138555084845,0.11977207884541644,0.285542346466265,0.2679510990146177,0.3556101486849642,0.1256245897547461,0.09124537535088387,0.0671980165740446,0.05821635081654581
0.5,43,score,6,1.166298747062683,2048,0.09020560119496038,0.06631532267887331,0.2255443011659034,0.3999462665589938,0.25364367247664493,0.1767212047712712,0.1082162769440855,0.07507294558091682,0.06729020797384093
0.5,43,score,7,1.7019013166427612,2048,0.08326862882095432,0.028748332861914593,0.11403599082570502,0.7301960391454293,0.20622891180757663,0.15459419575611594,0.0915189459704264,0.0725304651117591,0.06954247960376267
0.5,43,score,8,2.4834699630737305,2048,0.10565962258266186,0.017131335945434898,0.02656381748075261,3.9775767417171806,0.21128632276144754,0.13636564374664167,0.10684599597828356,0.10228545102101366,0.09923848402112767
0.5,43,scalar_gaussian,0,0.12079870700836182,2048,0.023237918543413248,1.5924751113522178,0.04410782295225841,0.5268434710224894,0.9609673750043808,0.008249561427946177,0.01608395048938869,0.02705395208063932,0.029866822340751244
0.5,43,scalar_gaussian,1,0.17627345025539398,2048,0.042111861272213724,1.355284984049421,0.08569036087142129,0.4914422210848514,0.9200224763724741,0.013922343712357229,0.029541409293288738,0.04905403869533164,0.053894170947332926
0.5,43,scalar_gaussian,2,0.25722402334213257,2048,0.07221877039185207,1.091508283538355,0.15194606887369794,0.47529212783966424,0.8411911025423053,0.02384552797275275,0.05533280679286755,0.08372247226461356,0.08565385550355847
0.5,43,scalar_gaussian,3,0.37534967064857483,2048,0.10738753736176805,0.7622225708062483,0.2308690911925748,0.46514471385947853,0.7245928793147,0.04057667261722085,0.08988315024275582,0.12276345352348732,0.1175368004871544
0.5,43,scalar_gaussian,4,0.547722578048706,2048,0.13851321624979046,0.4617106861976834,0.28835007170120674,0.48036477130936944,0.5771849722976674,0.06878209500543517,0.13391737499354764,0.15118232056040853,0.13756205177875125
0.5,43,scalar_gaussian,5,0.7992547750473022,2048,0.14801312070224956,0.23170197527169714,0.285542346466265,0.5183578636723726,0.4257920790312052,0.11475655497269352,0.1605972454228199,0.15129834952978682,0.1317063488114036
0.5,43,scalar_gaussian,6,1.166298747062683,2048,0.13814949148653316,0.10156163236528089,0.2255443011659034,0.6125159925229707,0.30144851891750846,0.17397776879196136,0.1604490432945524,0.12931197428769442,0.11198742140931876
0.5,43,scalar_gaussian,7,1.7019013166427612,2048,0.08179048030379843,0.02823800494860267,0.11403599082570502,0.7172339163414531,0.20493707552799773,0.14383274888728786,0.09869657561350138,0.07001363507902118,0.061757576944879884
0.5,43,scalar_gaussian,8,2.4834699630737305,2048,0.02393236876123177,0.0038803228631442287,0.02656381748075261,0.9009386086383286,0.12981280199188758,0.05754373767884289,0.027594994062714553,0.018975373593069826,0.017474478350756883
0.5,43,fourier_gaussian,0,0.12079870700836182,2048,0.03554326731052831,2.435750364750241,0.04410782295225841,0.8058268336888846,0.9714734871602814,0.009394896810931874,0.02381032548528468,0.04162460789097535,0.04795474975127064
0.5,43,fourier_gaussian,1,0.17627345025539398,2048,0.06868859676496915,2.210603401479496,0.08569036087142129,0.8015907047939341,0.9457890347609988,0.019247241763395092,0.046984816748222816,0.07951867845061784,0.09382687209427543
0.5,43,fourier_gaussian,2,0.25722402334213257,2048,0.12003464948859408,1.814193367147183,0.15194606887369794,0.789981934895403,0.8882476694238784,0.03938979961398061,0.08913869548700801,0.1377221185667,0.15294415668224334
0.5,43,fourier_gaussian,3,0.37534967064857483,2048,0.18156446602816917,1.2887206231095223,0.2308690911925748,0.7864390382024801,0.8002533839376011,0.07414868908645762,0.14710551297833896,0.20474957751680264,0.21491205968286978
0.5,43,fourier_gaussian,4,0.547722578048706,2048,0.2265597000723082,0.7551989435902294,0.28835007170120674,0.7857105730394033,0.6648868858318611,0.1300293491702404,0.20865145155472176,0.24430029025214667,0.2450045517031099
0.5,43,fourier_gaussian,5,0.7992547750473022,2048,0.22518575357649,0.35250918066701764,0.285542346466265,0.7886247219135124,0.503167258413193,0.19523172926508345,0.23677972277447423,0.22734867051460975,0.21304435785351383
0.5,43,fourier_gaussian,6,1.166298747062683,2048,0.18312916834717544,0.1346287783683119,0.2255443011659034,0.8119432297802607,0.345910634532812,0.23916921787641635,0.20974942237905406,0.17018000713137085,0.15358996492285254
0.5,43,fourier_gaussian,7,1.7019013166427612,2048,0.09345152467747393,0.032263957938567345,0.11403599082570502,0.819491495630596,0.21641802091967682,0.1699035491649011,0.1141241285658228,0.0787365226349461,0.06981688965472163
0.5,43,fourier_gaussian,8,2.4834699630737305,2048,0.021922410068652736,0.003554434157909833,0.02656381748075261,0.8252733284490112,0.12781737615178834,0.04799063250446549,0.027493782458895798,0.01716746086468271,0.015498543681100315
0.5,43,scalar_normalized,0,0.12079870700836182,2048,0.02767984641946582,1.8968767115136211,0.04410782295225841,0.6275495947606854,0.965329307411455,0.01109751019218471,0.01942647323089596,0.03207027153575867,0.034978868441639874
0.5,43,scalar_normalized,1,0.17627345025539398,2048,0.04942738718742473,1.5907203726498234,0.08569036087142129,0.5768138526291272,0.9262458304001501,0.016932666882338607,0.03579197887990091,0.0572597716884037,0.06213172734437214
0.5,43,scalar_normalized,2,0.25722402334213257,2048,0.0844226780043329,1.2759570934292317,0.15194606887369794,0.5556094911182435,0.8534730471746348,0.028469836800022096,0.0654124321215914,0.09803950663869723,0.09786222984622531
0.5,43,scalar_normalized,3,0.37534967064857483,2048,0.12410222432777998,0.8808612134499997,0.2308690911925748,0.5375436949429606,0.7416070088876863,0.04729398386168,0.10500293455130644,0.14238214558379012,0.13167028166663908
0.5,43,scalar_normalized,4,0.547722578048706,2048,0.15634357157573653,0.5211451994923925,0.28835007170120674,0.5422005642424199,0.5958278962922435,0.07448918566132137,0.14951478014671735,0.1719127368158384,0.15514145760606068
0.5,43,scalar_normalized,5,0.7992547750473022,2048,0.15818207769379553,0.2476206141748922,0.285542346466265,0.553970644464406,0.4366583206777753,0.1107667940581822,0.17128626581465412,0.16448493159494937,0.13741678609436195
0.5,43,scalar_normalized,6,1.166298747062683,2048,0.1394993589985139,0.10255399756705211,0.2255443011659034,0.6185009254386015,0.30201527647840465,0.15911844090324578,0.16325406036889228,0.13288091609336666,0.11137229536799098
0.5,43,scalar_normalized,7,1.7019013166427612,2048,0.0774902659860915,0.02675336428220202,0.11403599082570502,0.6795246432727474,0.2006901055203601,0.12697789551063043,0.0941943062087654,0.0677355914942161,0.057152059490345644
0.5,43,scalar_normalized,8,2.4834699630737305,2048,0.020453840929469853,0.003316324739501136,0.02656381748075261,0.7699887617542217,0.12683333619099968,0.0434704747102882,0.024219703297852044,0.01668590287882085,0.015206388365454218
0.5,43,fourier_normalized,0,0.12079870700836182,2048,0.032286013547469655,2.2125334901692115,0.04410782295225841,0.731979304043537,0.9680535920205652,0.008848893709548793,0.022536715905296153,0.037612507798929475,0.042516408760219254
0.5,43,fourier_normalized,1,0.17627345025539398,2048,0.061746143005946816,1.9871745848038322,0.08569036087142129,0.7205727969636764,0.9380201299961609,0.01812550525697284,0.04444819449599092,0.07074989092703392,0.08271758029341386
0.5,43,fourier_normalized,2,0.25722402334213257,2048,0.10703025253491916,1.617646030210544,0.15194606887369794,0.7043963251453769,0.875619770238562,0.03546353510448517,0.0828669293042487,0.1217353441177108,0.1341939908713615
0.5,43,fourier_normalized,3,0.37534967064857483,2048,0.16207175213063368,1.150363911856175,0.2308690911925748,0.702007147398717,0.7820297602710969,0.06791581897447331,0.13780917417664623,0.18124691221086725,0.18507458216581818
0.5,43,fourier_normalized,4,0.547722578048706,2048,0.2015634536086171,0.6718781282948537,0.28835007170120674,0.6990234211471971,0.6401821374994203,0.11829124646556992,0.1949526195026604,0.21524693436961598,0.20788523533490405
0.5,43,fourier_normalized,5,0.7992547750473022,2048,0.2005266132332445,0.31390738983304367,0.285542346466265,0.7022657609803437,0.4792126236907128,0.17820915843404067,0.2190281209218287,0.19972192050581203,0.18307358031228638
0.5,43,fourier_normalized,6,1.166298747062683,2048,0.16441588228608078,0.12087156609896021,0.2255443011659034,0.72897378225106,0.3267679897966742,0.21944958844449425,0.1949348637724704,0.15019438297805265,0.13331129805259803
0.5,43,fourier_normalized,7,1.7019013166427612,2048,0.08511322224552413,0.029385175169939815,0.11403599082570502,0.7463715764579355,0.2076453165567611,0.15518894164157995,0.1062072673089058,0.07108142344157388,0.061690760172182176
0.5,43,fourier_normalized,8,2.4834699630737305,2048,0.02058025444646144,0.003336821049961951,0.02656381748075261,0.7747476228284322,0.12681902785732185,0.044867645471816806,0.02638768373562642,0.016002004677757357,0.014058550933408374
0.5,43,scalar_gate_s1p5_p4,0,0.12079870700836182,2048,0.007038320342913782,0.4823302031494208,0.04410782295225841,0.15957079429043564,0.9435278806010148,0.009358628507149375,0.005277027933853698,0.006927673885953796,0.009298444482960775
0.5,43,scalar_gate_s1p5_p4,1,0.17627345025539398,2048,0.012582515244754733,0.40494277520905647,0.08569036087142129,0.14683699679634732,0.8901257850909502,0.010698317006359271,0.009661644738732727,0.01296898999192488,0.017361935009704135
0.5,43,scalar_gate_s1p5_p4,2,0.25722402334213257,2048,0.02201557211333795,0.33274146317029424,0.15194606887369794,0.14489069889421058,0.7929299644445835,0.019377197575537606,0.019155313615149362,0.022585810407244437,0.02641200618747115
0.5,43,scalar_gate_s1p5_p4,3,0.37534967064857483,2048,0.0342835799276534,0.24334032673516584,0.2308690911925748,0.14849792040397666,0.651326459123917,0.030221566646918885,0.03177190829191891,0.03527839247765804,0.0372472672471275
0.5,43,scalar_gate_s1p5_p4,4,0.547722578048706,2048,0.04977899535084264,0.165929972055671,0.28835007170120674,0.17263389274417965,0.4900556444836696,0.056990829201672644,0.05436116839586363,0.047809145080952825,0.04506799215103912
0.5,43,scalar_gate_s1p5_p4,5,0.7992547750473022,2048,0.06806557326973423,0.10655087670452824,0.285542346466265,0.23837295627804803,0.34711240726375553,0.11182439253978065,0.08154240944009689,0.059141050607152655,0.05351116165326081
0.5,43,scalar_gate_s1p5_p4,6,1.166298747062683,2048,0.09586773043507532,0.07047787935643675,0.2255443011659034,0.4250505552102511,0.25939205442267094,0.18721055934478822,0.11704564706309395,0.0789313126104274,0.07145410770631609
0.5,43,scalar_gate_s1p5_p4,7,1.7019013166427612,2048,0.0735496634218322,0.02539287887733929,0.11403599082570502,0.6449688636831071,0.19726748849151027,0.16618227381614933,0.08957335503805289,0.05804967732453421,0.05215604225261165
0.5,43,scalar_gate_s1p5_p4,8,2.4834699630737305,2048,0.02349021762869772,0.0038086337977761464,0.02656381748075261,0.8842937445161285,0.1290567820360065,0.06470571295764514,0.027227381033377972,0.017535953622207088,0.016442760417704434
0.5,43,fourier_gate_s1p5_p4,0,0.12079870700836182,2048,0.0072933781779834965,0.49980910314406035,0.04410782295225841,0.16535339288628528,0.9441139540870268,0.008203081612898322,0.0052771293327220645,0.007411422402158665,0.009926484925500504
0.5,43,fourier_gate_s1p5_p4,1,0.17627345025539398,2048,0.013395241279531308,0.4310987169746962,0.08569036087142129,0.15632144786542465,0.8909244217605103,0.014815318525035898,0.010210064802875857,0.01351115628200825,0.01783094431450334
0.5,43,fourier_gate_s1p5_p4,2,0.25722402334213257,2048,0.022870553717787918,0.34566358159555255,0.15194606887369794,0.1505175743427663,0.7934577965425554,0.027318324057692182,0.01995228671998095,0.02272096885898712,0.026152698769412067
0.5,43,fourier_gate_s1p5_p4,3,0.37534967064857483,2048,0.03518824778309374,0.24976153980551052,0.2308690911925748,0.15241645211719648,0.6523826604302058,0.04042657546779629,0.03282377421678428,0.035214765585031504,0.036381395935488725
0.5,43,fourier_gate_s1p5_p4,4,0.547722578048706,2048,0.05051649231308296,0.1683882950787291,0.28835007170120674,0.17519153720006356,0.49135813942796536,0.06376931569161268,0.05510969591062799,0.04791850679089659,0.04480272934652377
0.5,43,fourier_gate_s1p5_p4,5,0.7992547750473022,2048,0.06870094903388176,0.10754550352473358,0.285542346466265,0.24059811052228058,0.3477994427745253,0.11518343370774944,0.08186565030128605,0.05975783806172091,0.05325851896784425
0.5,43,fourier_gate_s1p5_p4,6,1.166298747062683,2048,0.09607244901666342,0.07062837975349119,0.2255443011659034,0.425958219826603,0.2592545409932731,0.19082524717266955,0.11636038875275068,0.07926938238119471,0.07084280891094231
0.5,43,fourier_gate_s1p5_p4,7,1.7019013166427612,2048,0.0727542474508937,0.025118263053589007,0.11403599082570502,0.6379937327163037,0.19605698149798756,0.15907381637190582,0.08893874248137706,0.05810131825824859,0.05138200605724254
0.5,43,fourier_gate_s1p5_p4,8,2.4834699630737305,2048,0.021669575010526614,0.003513440235977607,0.02656381748075261,0.815755304230191,0.12745232550443336,0.05138592358690891,0.027164450185829876,0.01651309680171126,0.01487185427863311
0.5,44,score,0,0.12079870700836182,2048,0.010033143119144116,0.6875629018159447,0.04410782295225841,0.22746856334314725,0.9464494318164737,0.010740480899204768,0.007461219773719165,0.010330633548944607,0.013088633120619586
0.5,44,score,1,0.17627345025539398,2048,0.019254672605031952,0.6196726496058712,0.08569036087142129,0.2247005661923126,0.8965889672500589,0.017337947737803446,0.014437097560614138,0.02036045945886971,0.02470668060684795
0.5,44,score,2,0.25722402334213257,2048,0.03319839947128292,0.5017577539261031,0.15194606887369794,0.21848804458954715,0.8032376999740054,0.03297177254913379,0.02813126387692497,0.034310860174129536,0.03812991505169271
0.5,44,score,3,0.37534967064857483,2048,0.050421997514193566,0.35788868536003565,0.2308690911925748,0.2184008143044799,0.668509010196688,0.05602465576968192,0.0477590111513974,0.050694188419423754,0.05101533081969033
0.5,44,score,4,0.547722578048706,2048,0.06758312975643362,0.22527708228908622,0.28835007170120674,0.23437875134799482,0.5070065733101825,0.07911933974965993,0.07197780737596822,0.0653521328646288,0.061789574472286786
0.5,44,score,5,0.7992547750473022,2048,0.07561212846661167,0.11836436822012751,0.285542346466265,0.2648018040138392,0.3549816604619933,0.1231462917761138,0.0913670171361387,0.06615050319402611,0.05693948668971896
0.5,44,score,6,1.166298747062683,2048,0.0898241135325719,0.06603486916939973,0.2255443011659034,0.3982548575523532,0.25308032441850836,0.1748286000772547,0.10739388190083282,0.07495233157769327,0.06754654240482585
0.5,44,score,7,1.7019013166427612,2048,0.0845996524549654,0.029207866194208357,0.11403599082570502,0.7418680001147117,0.2076089275591649,0.1573143982130674,0.09181655734159587,0.07406014536522167,0.07118843401881982
0.5,44,score,8,2.4834699630737305,2048,0.10631209560231904,0.017237125974036736,0.02656381748075261,4.0021392135881735,0.21159318301076896,0.14305572105368664,0.10731028263968162,0.10194502903723825,0.10062222264210888
0.5,44,scalar_gaussian,0,0.12079870700836182,2048,0.02408243898552397,1.650349390521283,0.04410782295225841,0.5459901979653453,0.9617985568895515,0.008149452473449798,0.017829910099176515,0.027482986301575727,0.031203192985098445
0.5,44,scalar_gaussian,1,0.17627345025539398,2048,0.04400598654371467,1.4162435705573884,0.08569036087142129,0.513546519074016,0.9201182315805106,0.013975339355016181,0.03421931593413751,0.04992942667247946,0.055710764468017385
0.5,44,scalar_gaussian,2,0.25722402334213257,2048,0.07597328195113648,1.1482536482872097,0.15194606887369794,0.5000016289614423,0.8450048358861778,0.02375162822002768,0.06249932709769723,0.08584466778922228,0.09164710726398706
0.5,44,scalar_gaussian,3,0.37534967064857483,2048,0.1135702115535396,0.8061063764384958,0.2308690911925748,0.49192471355469275,0.7319759089242543,0.039914863720685756,0.10400721461547781,0.12533129659016434,0.12705996698998578
0.5,44,scalar_gaussian,4,0.547722578048706,2048,0.14613653088199238,0.4871217330654953,0.28835007170120674,0.5068024780428061,0.5846746113398117,0.0687332764700804,0.14905144021174088,0.1547950374653013,0.1512463640987794
0.5,44,scalar_gaussian,5,0.7992547750473022,2048,0.15416877538472692,0.241338130108873,0.285542346466265,0.5399156282514509,0.4327330466571681,0.11507634234561195,0.17644767701178443,0.1534157541115487,0.13912460454591755
0.5,44,scalar_gaussian,6,1.166298747062683,2048,0.14016676587971322,0.10304464672961548,0.2255443011659034,0.6214600198504279,0.3035122506468177,0.16841215894078992,0.16978998444391846,0.1296814148527216,0.11142270727805169
0.5,44,scalar_gaussian,7,1.7019013166427612,2048,0.08219839366031019,0.028378836245068904,0.11403599082570502,0.7208109743698717,0.20582249978131537,0.1397400141811125,0.10178382747416989,0.07016845020455262,0.060858730756975926
0.5,44,scalar_gaussian,8,2.4834699630737305,2048,0.024014661662907007,0.003893665588681793,0.02656381748075261,0.9040365406932701,0.12924565478456093,0.05840385391227106,0.028100776615426745,0.018783952984020986,0.017405805506794644
0.5,44,fourier_gaussian,0,0.12079870700836182,2048,0.03658623844064922,2.507224303497101,0.04410782295225841,0.8294727781112563,0.9733955563830361,0.009380922055060949,0.026065456511580334,0.042563577010109606,0.04782285859969262
0.5,44,fourier_gaussian,1,0.17627345025539398,2048,0.07029129184170559,2.262182897276896,0.08569036087142129,0.8202940345551577,0.9476198710340513,0.019438846303834256,0.05158027657403348,0.08078336481616229,0.0921699574906593
0.5,44,fourier_gaussian,2,0.25722402334213257,2048,0.12406325061451529,1.8750812980293605,0.15194606887369794,0.8164952968782649,0.8916178886775354,0.04105354549282952,0.09692581470453046,0.14169441613070322,0.1518174586831594
0.5,44,fourier_gaussian,3,0.37534967064857483,2048,0.18711536567681475,1.3281201763949715,0.2308690911925748,0.8104825323747484,0.8051008866826759,0.07723771411072473,0.1620957076708172,0.20845310882460155,0.21202864555477696
0.5,44,fourier_gaussian,4,0.547722578048706,2048,0.2350873199562086,0.7836243410709166,0.28835007170120674,0.8152844165054001,0.6738931370339969,0.13718536165256393,0.2282469966930965,0.250073998226826,0.2450215313481003
0.5,44,fourier_gaussian,5,0.7992547750473022,2048,0.23565849132349476,0.3689033625542088,0.285542346466265,0.8253013755749056,0.5131433000786175,0.20287497351319414,0.2595640667535395,0.23490909298675497,0.21420381639237698
0.5,44,fourier_gaussian,6,1.166298747062683,2048,0.18831688071595876,0.1384425639331075,0.2255443011659034,0.8349440874475418,0.35111630804360605,0.24896993552356483,0.22490946023930292,0.1719528178154291,0.1513870576277888
0.5,44,fourier_gaussian,7,1.7019013166427612,2048,0.0974997227723182,0.033661590492020235,0.11403599082570502,0.854990797785401,0.22078443868117506,0.17389537865351207,0.12327759926350622,0.08127472063741216,0.07052480825252153
0.5,44,fourier_gaussian,8,2.4834699630737305,2048,0.02306581337795732,0.0037398221588701274,0.02656381748075261,0.8683169651602279,0.12906260751850795,0.051100501702642,0.02951548438702931,0.01789114912203961,0.015573636370471433
0.5,44,scalar_normalized,0,0.12079870700836182,2048,0.027631478423904884,1.8935620932541206,0.04410782295225841,0.6264530093406049,0.9643234319751446,0.010530742399529414,0.019510095151935657,0.03177327615765423,0.035923110593450165
0.5,44,scalar_normalized,1,0.17627345025539398,2048,0.05028273579700015,1.6182480356802391,0.08569036087142129,0.5867957059073375,0.9270337817999438,0.017121861257922467,0.03728384568254817,0.05752755232255146,0.0644452749812085
0.5,44,scalar_normalized,2,0.25722402334213257,2048,0.08609149907087679,1.3011795114791724,0.15194606887369794,0.5665924739549438,0.8544475574555015,0.028602135512379674,0.06780747280079688,0.09879088985409704,0.10255949368024096
0.5,44,scalar_normalized,3,0.37534967064857483,2048,0.1276160023416735,0.9058015461626289,0.2308690911925748,0.5527634803015931,0.7465399296537578,0.046194014613668975,0.1103570417785645,0.14387636177816113,0.14210501198713882
0.5,44,scalar_normalized,4,0.547722578048706,2048,0.16123554113441219,0.5374517634647508,0.28835007170120674,0.5591659477771422,0.5991053068764303,0.0744367012087488,0.15717074353880756,0.1738684299423644,0.16895917909970282
0.5,44,scalar_normalized,5,0.7992547750473022,2048,0.1627207311872661,0.25472549092177466,0.285542346466265,0.5698654970130342,0.44114850589482985,0.11325342485615471,0.1780161766348853,0.16696906603443937,0.1469614000416836
0.5,44,scalar_normalized,6,1.166298747062683,2048,0.13980088045059957,0.10277566331867709,0.2255443011659034,0.6198377867582049,0.3022533800732445,0.1579920313173504,0.16565332948332528,0.13200191471594283,0.11319753557515118
0.5,44,scalar_normalized,7,1.7019013166427612,2048,0.07693886909320585,0.026562995572639303,0.11403599082570502,0.6746893549668965,0.20002298548680364,0.1230762900143962,0.09474952191673568,0.06693623758795383,0.057431304803888104
0.5,44,scalar_normalized,8,2.4834699630737305,2048,0.020562501959517365,0.0033339427146975224,0.02656381748075261,0.7740793270551709,0.12646137076468472,0.043678189629328526,0.02483634354533789,0.016630233570749522,0.014977748792397657
0.5,44,fourier_normalized,0,0.12079870700836182,2048,0.035068822304140365,2.4032370454972005,0.04410782295225841,0.7950703516267009,0.9717963312665578,0.009432089760635129,0.024632285157556583,0.040876531768587285,0.045925059556548326
0.5,44,fourier_normalized,1,0.17627345025539398,2048,0.06578722792794031,2.1172287203511497,0.08569036087142129,0.7677319509326643,0.9431367176025856,0.01866901961396399,0.047273807213832696,0.07584082421018074,0.08689650563898804
0.5,44,fourier_normalized,2,0.25722402334213257,2048,0.11562858090713043,1.7476004256111934,0.15194606887369794,0.7609843529630524,0.8837354018432615,0.038737627123877,0.0887892279463911,0.13246738571963032,0.1424469200919195
0.5,44,fourier_normalized,3,0.37534967064857483,2048,0.17361693616780383,1.232310104807761,0.2308690911925748,0.7520146385597575,0.7924953379563371,0.07166517751531899,0.14796243564906778,0.1942088050697448,0.19807329826738262
0.5,44,fourier_normalized,4,0.547722578048706,2048,0.21853342326619532,0.7284446895768075,0.28835007170120674,0.7578753907598933,0.6573404311493065,0.12582510168547945,0.20774897197099196,0.23415734129091592,0.23018671390912143
0.5,44,fourier_normalized,5,0.7992547750473022,2048,0.2173741119071619,0.3402807187826212,0.285542346466265,0.7612675128480226,0.4955611293624516,0.1902206219652788,0.23529888174336688,0.2181216466999032,0.19776910628237665
0.5,44,fourier_normalized,6,1.166298747062683,2048,0.1744269449101894,0.1282312736945154,0.2255443011659034,0.7733600184466037,0.3371627381146647,0.23171259733902178,0.2057447078733714,0.16040673540058434,0.13989079532924495
0.5,44,fourier_normalized,7,1.7019013166427612,2048,0.09017190739991039,0.03113167642402706,0.11403599082570502,0.7907320026510841,0.2134529854100851,0.16215933579985445,0.11189068485018146,0.07582623605525131,0.06576249012372723
0.5,44,fourier_normalized,8,2.4834699630737305,2048,0.021127508448208134,0.003425551180945257,0.02656381748075261,0.7953491046050338,0.12675910194199003,0.047243288146654946,0.02668076366136757,0.01648353295224828,0.014290195665969242
0.5,44,scalar_gate_s1p5_p4,0,0.12079870700836182,2048,0.006745304753481007,0.46225009001286127,0.04410782295225841,0.1529276282980916,0.943535378033606,0.007886297675196847,0.005224972199027933,0.006742769086968433,0.00882381241171407
0.5,44,scalar_gate_s1p5_p4,1,0.17627345025539398,2048,0.012058406344753417,0.38807539151430814,0.08569036087142129,0.14072068575889302,0.8894281587838053,0.009787703263935937,0.009404584511943682,0.012508978738830775,0.01633565115924376
0.5,44,scalar_gate_s1p5_p4,2,0.25722402334213257,2048,0.021612952644847326,0.3266563071563266,0.15194606887369794,0.14224094644273194,0.7921819441324366,0.018453317389849233,0.01870300476884343,0.022090547365769726,0.02673729950925746
0.5,44,scalar_gate_s1p5_p4,3,0.37534967064857483,2048,0.033745908735185404,0.23952400755474926,0.2308690911925748,0.14616901968499948,0.6515720121674692,0.03058542009822395,0.03188660643579008,0.03442092609525844,0.03625709648325753
0.5,44,scalar_gate_s1p5_p4,4,0.547722578048706,2048,0.04906876022222295,0.16356252180453157,0.28835007170120674,0.17017079251178005,0.4894296192326194,0.05778235906318206,0.053444541466217674,0.046788937431428604,0.045061369197589234
0.5,44,scalar_gate_s1p5_p4,5,0.7992547750473022,2048,0.06798719243806738,0.10642817816648997,0.285542346466265,0.23809845817772474,0.34725056394647796,0.11419671525956412,0.08187928663567992,0.05872429158570874,0.052611359961501764
0.5,44,scalar_gate_s1p5_p4,6,1.166298747062683,2048,0.0950824942394122,0.0699006070916914,0.2255443011659034,0.42156903875603785,0.2585231923172708,0.19036155081615097,0.116289205816988,0.0778099387891582,0.06970074059315995
0.5,44,scalar_gate_s1p5_p4,7,1.7019013166427612,2048,0.07303930521636046,0.025216678695140313,0.11403599082570502,0.6404934502476086,0.1963520921092881,0.1650003441617874,0.08908363684957775,0.05768969331436914,0.05141400563959306
0.5,44,scalar_gate_s1p5_p4,8,2.4834699630737305,2048,0.02357281843527215,0.0038220264460953604,0.02656381748075261,0.8874032677100099,0.1291495897554547,0.0677299188566122,0.02715534918358957,0.017392768405996656,0.016019008092559708
0.5,44,fourier_gate_s1p5_p4,0,0.12079870700836182,2048,0.007028081228072464,0.4816285251778497,0.04410782295225841,0.1593386559948684,0.9438580806106478,0.008157974841246269,0.005456961949196753,0.006988422164579637,0.009343286623061185
0.5,44,fourier_gate_s1p5_p4,1,0.17627345025539398,2048,0.012651126346353844,0.4071508845855404,0.08569036087142129,0.1476376831384443,0.8901757253855974,0.013839711319924394,0.009975515665785624,0.012704777051760565,0.016544762128288315
0.5,44,fourier_gate_s1p5_p4,2,0.25722402334213257,2048,0.02220206180084326,0.3355600522656506,0.15194606887369794,0.14611804020608304,0.7929495115705258,0.025800136425242953,0.019586272061848663,0.021996985074391635,0.025628158623206602
0.5,44,fourier_gate_s1p5_p4,3,0.37534967064857483,2048,0.03430065758595919,0.2434615417004866,0.2308690911925748,0.14857189158053205,0.6520529305607241,0.03830300762001952,0.03284883694676578,0.03402552942243505,0.035697517321138496
0.5,44,fourier_gate_s1p5_p4,4,0.547722578048706,2048,0.04947099728182393,0.16490331190262295,0.28835007170120674,0.1715657533565194,0.48979650165529953,0.06414128159197544,0.054570245669734604,0.046453949924882866,0.043653243323898146
0.5,44,fourier_gate_s1p5_p4,5,0.7992547750473022,2048,0.06779802309987687,0.1061320496265901,0.285542346466265,0.2374359668151245,0.34777163620495566,0.11510530748685617,0.08162947490355649,0.05845879335487914,0.05220848538167165
0.5,44,fourier_gate_s1p5_p4,6,1.166298747062683,2048,0.09504946033853368,0.0698763219722855,0.2255443011659034,0.4214225757298928,0.2583745225502801,0.1908766837453218,0.11566295957324023,0.07791311477750675,0.06990319859249707
0.5,44,fourier_gate_s1p5_p4,7,1.7019013166427612,2048,0.07207411713858011,0.024883449380243772,0.11403599082570502,0.6320295602880295,0.19517850614119728,0.15711281453050524,0.08820684597861779,0.05754668774416876,0.05103138947299766
0.5,44,fourier_gate_s1p5_p4,8,2.4834699630737305,2048,0.021438954988065154,0.0034760481936443105,0.02656381748075261,0.8070735692864631,0.12721462775896303,0.0513251841472583,0.026787846198149848,0.01636896458333201,0.014479651499576942
1.0,42,score,0,0.12079870700836182,2048,0.03549406983564164,2.4323789029666902,0.08560232173292237,0.41463910227087614,0.9098472762747398,0.008267387099755627,0.01683256111161806,0.035665448441460454,0.0831485899096381
1.0,42,score,1,0.17627345025539398,2048,0.04905919029343946,1.5788707011673346,0.14160554348104068,0.3464496451723157,0.8314238053225846,0.012527498287922625,0.026935297434271456,0.05363423900142192,0.09140242248264717
1.0,42,score,2,0.25722402334213257,2048,0.06262404250713015,0.9464943916146012,0.2027186575333242,0.3089209610459048,0.710694798986499,0.02436320990774718,0.047530878987610194,0.07187378238588776,0.07576888955507194
1.0,42,score,3,0.37534967064857483,2048,0.07691055689345806,0.5459009847668104,0.24703295362324468,0.3113372356416708,0.5685537698938766,0.05007982240403086,0.0832872228819287,0.08303313969507026,0.057350468157546027
1.0,42,score,4,0.547722578048706,2048,0.09142113754541775,0.3047371022917207,0.2525924134428573,0.361931446393577,0.4368903895560871,0.09223726412333984,0.12810690029624164,0.08596192652091235,0.046372286204350126
1.0,42,score,5,0.7992547750473022,2048,0.10046594199057424,0.1572709033922423,0.22074408925263897,0.4551240412856182,0.3253641735924397,0.1621875686383895,0.16175086881441014,0.07668608396369914,0.04706018760094117
1.0,42,score,6,1.166298747062683,2048,0.09960708494515327,0.07322689380411579,0.15910568827195626,0.6260435187892014,0.2473058018073525,0.2105753371281079,0.15788988110733038,0.06899455114598183,0.04999154601873354
1.0,42,score,7,1.7019013166427612,2048,0.08138833572029233,0.02809916530984618,0.07341384878672697,1.1086237415059368,0.202781785886567,0.15511848792583693,0.10025493880358138,0.06650314998430129,0.06311943623844224
1.0,42,score,8,2.4834699630737305,2048,0.10078961384478066,0.016341727259481322,0.017049146138667252,5.911710359276648,0.19801967493396724,0.11841006866227581,0.09314817555353927,0.10212520695358751,0.09953967749733116
1.0,42,scalar_gaussian,0,0.12079870700836182,2048,0.029253711147194758,2.004732344231375,0.08560232173292237,0.34173969297778845,0.9033021294997707,0.01027269512511952,0.0162142451591053,0.03079404921289527,0.05716093800119367
1.0,42,scalar_gaussian,1,0.17627345025539398,2048,0.043504035672245596,1.4000892981438482,0.14160554348104068,0.3072198630279631,0.8256482114219666,0.01357308682971398,0.027620118016937298,0.04848666601649251,0.06954714622704512
1.0,42,scalar_gaussian,2,0.25722402334213257,2048,0.06127526641679956,0.9261091058052986,0.2027186575333242,0.30226752269571805,0.7091034459285089,0.021872007346149303,0.04965527278048773,0.07035644471288893,0.0695170588020443
1.0,42,scalar_gaussian,3,0.37534967064857483,2048,0.08402543764833056,0.5964014695827473,0.24703295362324468,0.34013857833914574,0.5755277252122262,0.0363823462563104,0.09160470960671013,0.09257050221951657,0.0647382054489643
1.0,42,scalar_gaussian,4,0.547722578048706,2048,0.10919404090065749,0.36398010903177436,0.2525924134428573,0.4322934304017008,0.45496791525838787,0.07228851517463414,0.15143786396852538,0.10729546701641791,0.06176937107936599
1.0,42,scalar_gaussian,5,0.7992547750473022,2048,0.12792036187884395,0.20024846705598837,0.22074408925263897,0.5794962044598196,0.3533206729620828,0.13427621000037915,0.20038963979866053,0.11055901292403315,0.0611423815609357
1.0,42,scalar_gaussian,6,1.166298747062683,2048,0.12104762815708936,0.0889890695745191,0.15910568827195626,0.760800128969525,0.2689801957275178,0.20056952104085518,0.2001453614579582,0.09048660714633963,0.051703352282951705
1.0,42,scalar_gaussian,7,1.7019013166427612,2048,0.06965576213201875,0.02404851699704824,0.07341384878672697,0.9488095677203119,0.19155555028470056,0.16251391148265829,0.10988317923084641,0.047696910741816506,0.02950815401340064
1.0,42,scalar_gaussian,8,2.4834699630737305,2048,0.02391937057819055,0.0038782153765290345,0.017049146138667252,1.4029658953970554,0.12048217496034441,0.07259997804102843,0.03130541289099006,0.016098228377544627,0.013290383967410554
1.0,42,fourier_gaussian,0,0.12079870700836182,2048,0.0724911935271498,4.967760828859798,0.08560232173292237,0.8468367686722442,0.9469041479585107,0.00678054650693323,0.0250053588776194,0.08465503847238187,0.14746406701111414
1.0,42,fourier_gaussian,1,0.17627345025539398,2048,0.12014202675961513,3.866527859408734,0.14160554348104068,0.8484274259764466,0.9017385671772558,0.013129889512965443,0.05056181268125083,0.1444391255500663,0.21150233260536375
1.0,42,fourier_gaussian,2,0.25722402334213257,2048,0.1715259110832443,2.5924278656778044,0.2027186575333242,0.8461278955295359,0.8191584351766769,0.027687080053997594,0.09422444391267587,0.21129013835582255,0.23864078915076314
1.0,42,fourier_gaussian,3,0.37534967064857483,2048,0.2106946745615044,1.495482999656075,0.24703295362324468,0.8529010865604572,0.7016219143430853,0.05620536766546199,0.16268935919703506,0.25415093494767416,0.21769675535949912
1.0,42,fourier_gaussian,4,0.547722578048706,2048,0.2182727221178627,0.7275756858142199,0.2525924134428573,0.8641301579203661,0.56283461854717,0.104435053589842,0.23330546104096164,0.24392676692651882,0.1578757217152196
1.0,42,fourier_gaussian,5,0.7992547750473022,2048,0.19269010401940936,0.3016399999187868,0.22074408925263897,0.8729117262971324,0.4175706400575513,0.17320795632059122,0.27037941338209515,0.18429225216768663,0.09712440975826382
1.0,42,fourier_gaussian,6,1.166298747062683,2048,0.1415066804557102,0.10402969495602572,0.15910568827195626,0.8893879407619643,0.28948630663236063,0.22810075075652145,0.23363953054383074,0.10945737994548903,0.05068226539276948
1.0,42,fourier_gaussian,7,1.7019013166427612,2048,0.06632217761733339,0.022897603398391957,0.07341384878672697,0.9034014523609103,0.18799478148870077,0.15914040969326765,0.1152263370441522,0.042437475598158456,0.018046861777686343
1.0,42,fourier_gaussian,8,2.4834699630737305,2048,0.01588466830730098,0.002575492723734469,0.017049146138667252,0.9316987594630766,0.11300828351313977,0.05198146291781314,0.02737155859141238,0.008417608045733056,0.0036186495622972468
1.0,42,scalar_normalized,0,0.12079870700836182,2048,0.03981585667819128,2.7285473386410017,0.08560232173292237,0.46512589696358936,0.9141426698194627,0.013031695879607766,0.020226577824767347,0.04224785872984505,0.08033376733279926
1.0,42,scalar_normalized,1,0.17627345025539398,2048,0.05796849890070919,1.8655987585106946,0.14160554348104068,0.40936602816308876,0.8406115350800205,0.016783113707942117,0.03408227530272572,0.06530261732662203,0.09560699635076861
1.0,42,scalar_normalized,2,0.25722402334213257,2048,0.07844455657410421,1.1856042803629356,0.2027186575333242,0.3869626877398248,0.725639502233925,0.02592728575695875,0.060337625240260435,0.09155952335294852,0.09026548823482881
1.0,42,scalar_normalized,3,0.37534967064857483,2048,0.10029931434508227,0.711911299098571,0.24703295362324468,0.40601592975344875,0.5906752571563907,0.038687980641549234,0.10374886898098555,0.11402541581426237,0.07654113038853655
1.0,42,scalar_normalized,4,0.547722578048706,2048,0.11943970223784608,0.39813231092716267,0.2525924134428573,0.4728554615313746,0.46543211688329433,0.0672882010062561,0.15949424264353879,0.12250137934155025,0.06563835092017106
1.0,42,scalar_normalized,5,0.7992547750473022,2048,0.12738262068672684,0.19940667886986443,0.22074408925263897,0.5770601655428198,0.35288473487356536,0.11888917969064286,0.19904004060960687,0.11318060775245167,0.05836227912891529
1.0,42,scalar_normalized,6,1.166298747062683,2048,0.1148129380113341,0.08440559046300633,0.15910568827195626,0.7216142883281871,0.26235859722036614,0.1784696699820969,0.19258787617071849,0.08674590577797593,0.04721254084802446
1.0,42,scalar_normalized,7,1.7019013166427612,2048,0.06106876890220411,0.021083874212014218,0.07341384878672697,0.8318426279435875,0.182425177810444,0.1366563282246178,0.09897329438492104,0.04158346315559494,0.0253010123521122
1.0,42,scalar_normalized,8,2.4834699630737305,2048,0.018266580922669064,0.002961688928198633,0.017049146138667252,1.0714073757184053,0.11496621175430598,0.052455354017379455,0.02510006347351625,0.012255054501918047,0.009834615591383255
1.0,42,fourier_normalized,0,0.12079870700836182,2048,0.04861367501032167,3.331454466572523,0.08560232173292237,0.5679013609233102,0.9230137560477062,0.006589245758877181,0.01795170752337119,0.05630464828429818,0.09741595664734705
1.0,42,fourier_normalized,1,0.17627345025539398,2048,0.0736022485764643,2.368739335531896,0.14160554348104068,0.5197695426826194,0.8566303497008474,0.011600723869644964,0.03408373352598632,0.08875404678606923,0.12106255137815077
1.0,42,fourier_normalized,2,0.25722402334213257,2048,0.10042217695884204,1.5177721443717256,0.2027186575333242,0.49537708162029437,0.7472108373599662,0.02083911888549045,0.061083848782374855,0.12486382841461484,0.12223466492483749
1.0,42,fourier_normalized,3,0.37534967064857483,2048,0.12072365401941555,0.8568805671910603,0.24703295362324468,0.4886945334569971,0.6118607679427852,0.03937919938121868,0.10476174203901925,0.14510712186395336,0.10217642714864225
1.0,42,fourier_normalized,4,0.547722578048706,2048,0.12539652401285287,0.4179883820210273,0.2525924134428573,0.49643820375951503,0.47139378332447074,0.07139640577155806,0.14825030528175562,0.1367206326003481,0.07198767944942977
1.0,42,fourier_normalized,5,0.7992547750473022,2048,0.11280465631326635,0.17658611320145953,0.22074408925263897,0.511020053561492,0.33841086302766077,0.11915112154113654,0.1689264683969058,0.10322984823544065,0.045678229109765454
1.0,42,fourier_normalized,6,1.166298747062683,2048,0.08795685856920882,0.06466214271141046,0.15910568827195626,0.5528203266929456,0.23582420584620456,0.16196960159275905,0.14973252020253713,0.06435844500839195,0.026164831882183215
1.0,42,fourier_normalized,7,1.7019013166427612,2048,0.04359907448942819,0.01505249604372104,0.07341384878672697,0.5938807896598222,0.16478715883226558,0.11711275607304339,0.07584626186482113,0.026430899270657476,0.010287357990966044
1.0,42,fourier_normalized,8,2.4834699630737305,2048,0.010930939862833777,0.0017723099743523034,0.017049146138667252,0.6411429507336172,0.10832955908558334,0.0381135308963789,0.01883320022144165,0.0055270167009732595,0.002195858373701119
1.0,42,scalar_gate_s1p5_p4,0,0.12079870700836182,2048,0.025132647334302628,1.7223192898063622,0.08560232173292237,0.29359772989237387,0.8997847368829915,0.009789005682118036,0.013303358618830516,0.023313215005585683,0.061560150321508536
1.0,42,scalar_gate_s1p5_p4,1,0.17627345025539398,2048,0.03568012273178032,1.1482925025526962,0.14160554348104068,0.2519684035996618,0.8183630448815589,0.01391879271348798,0.022266414446595745,0.03606318469699193,0.07016922004702703
1.0,42,scalar_gate_s1p5_p4,2,0.25722402334213257,2048,0.0443363322132304,0.670095511317502,0.2027186575333242,0.21870869091534956,0.6924251685877217,0.02537967399336353,0.03910625242185865,0.04707630425965202,0.05381472312244676
1.0,42,scalar_gate_s1p5_p4,3,0.37534967064857483,2048,0.054436233310322664,0.38638120137742327,0.24703295362324468,0.22036020908103032,0.5467585691647383,0.046370849881415974,0.06340427198978431,0.05535384383003145,0.03950729337732798
1.0,42,scalar_gate_s1p5_p4,4,0.547722578048706,2048,0.07113428939628891,0.2371142802006435,0.2525924134428573,0.2816168879608146,0.41668127349822,0.0923990152588006,0.1041977185051451,0.06139936754132679,0.037317494731228286
1.0,42,scalar_gate_s1p5_p4,5,0.7992547750473022,2048,0.09487955217369118,0.14852588437589895,0.22074408925263897,0.42981695453282404,0.3201754442556571,0.17255656169551287,0.1526100391287818,0.06946321711705924,0.04511094695534987
1.0,42,scalar_gate_s1p5_p4,6,1.166298747062683,2048,0.1067072349486456,0.07844662220581844,0.15910568827195626,0.6706688875023312,0.254398089808696,0.2323597118151354,0.17342888240915025,0.07228600978239647,0.048319780721084275
1.0,42,scalar_gate_s1p5_p4,7,1.7019013166427612,2048,0.0689101713331587,0.023791103217478286,0.07341384878672697,0.9386535711177355,0.19098023935664166,0.19260126225699112,0.10412742534984616,0.044394077770633145,0.03020080047090405
1.0,42,scalar_gate_s1p5_p4,8,2.4834699630737305,2048,0.024600233429731576,0.00398860844776484,0.017049146138667252,1.4429012004266037,0.12149219195349105,0.10275775036694199,0.030071085977261894,0.014150621194940885,0.010929743489325601
1.0,42,fourier_gate_s1p5_p4,0,0.12079870700836182,2048,0.025010058400856572,1.7139183727846699,0.08560232173292237,0.29216565502612746,0.8994139260931319,0.009281506529590453,0.012129289893722172,0.023627699493397512,0.06186953154797756
1.0,42,fourier_gate_s1p5_p4,1,0.17627345025539398,2048,0.0350068022504057,1.1266230462453337,0.14160554348104068,0.24721350160343616,0.8176936068161251,0.017252905018543187,0.022199664984572907,0.03513246694134639,0.06716358924158951
1.0,42,fourier_gate_s1p5_p4,2,0.25722402334213257,2048,0.044645222797407326,0.6747640570363883,0.2027186575333242,0.22023243119626648,0.6926749823446594,0.03131682459951836,0.04009548083893366,0.04663041006180633,0.05263872227912483
1.0,42,fourier_gate_s1p5_p4,3,0.37534967064857483,2048,0.05562239246505818,0.39480040254843135,0.24703295362324468,0.2251618322545303,0.5476630506411935,0.05090263773232338,0.06524092600459691,0.05599976553197224,0.03971923166016664
1.0,42,fourier_gate_s1p5_p4,4,0.547722578048706,2048,0.0704853098634662,0.23495101525351053,0.2525924134428573,0.2790476123282765,0.416129004847203,0.08709096401649327,0.10405849617169687,0.061000483387580795,0.037405848583830476
1.0,42,fourier_gate_s1p5_p4,5,0.7992547750473022,2048,0.09207103572146187,0.14412939029160998,0.22074408925263897,0.41709400253108325,0.3170890312140923,0.15810932550756235,0.1485160660871126,0.06873542742143746,0.04319311876811924
1.0,42,fourier_gate_s1p5_p4,6,1.166298747062683,2048,0.10192015730141674,0.07492736625430953,0.15910568827195626,0.6405814801995425,0.24928517947790332,0.22657798440844346,0.1690778697141868,0.06782924925203827,0.042062195028018216
1.0,42,fourier_gate_s1p5_p4,7,1.7019013166427612,2048,0.06155122525703774,0.021250441334308572,0.07341384878672697,0.8384143628792561,0.18296747930370735,0.1664754181661679,0.10113891913915343,0.038361771896439044,0.020486486101577144
1.0,42,fourier_gate_s1p5_p4,8,2.4834699630737305,2048,0.017032414877178395,0.0027615849280049113,0.017049146138667252,0.9990186451947344,0.11397622625691119,0.05542266928749341,0.02811083388079526,0.009424485445759816,0.004750595383710264
1.0,43,score,0,0.12079870700836182,2048,0.03593648035637465,2.462696925725548,0.08560232173292237,0.41980730929817295,0.9099861452050759,0.009485309698776367,0.017471171505654314,0.03536481987571644,0.08561839716102977
1.0,43,score,1,0.17627345025539398,2048,0.050282079089896556,1.6182269008918557,0.14160554348104068,0.35508552740118354,0.8325701384446308,0.013345025251551696,0.028197198837966238,0.05472139213054552,0.093293935738846
1.0,43,score,2,0.25722402334213257,2048,0.06417675375065943,0.9699619357871141,0.2027186575333242,0.31658040030237294,0.7120703708811136,0.025260324853667793,0.049141415996732926,0.07305562207652856,0.07898408991379628
1.0,43,score,3,0.37534967064857483,2048,0.07840179879405446,0.5564856230134013,0.24703295362324468,0.31737384686589926,0.5692234489424486,0.05175105027623224,0.08543889764598986,0.08458891518456119,0.057323821425267374
1.0,43,score,4,0.547722578048706,2048,0.09278581579645917,0.30928602945395706,0.2525924134428573,0.36733413538348264,0.43771118142250043,0.09280962933853514,0.12904946648143228,0.08790699530172151,0.046734973368807116
1.0,43,score,5,0.7992547750473022,2048,0.10203883792708494,0.15973313845395343,0.22074408925263897,0.46224946847977755,0.3274582656918672,0.16178804929354854,0.16303705681789532,0.07930435637183317,0.046289372793004574
1.0,43,score,6,1.166298747062683,2048,0.09998344405463999,0.07350357701954942,0.15910568827195626,0.6284089848738798,0.24754867579103115,0.20848914383102962,0.15811321088833172,0.06996438695232354,0.049766018861056034
1.0,43,score,7,1.7019013166427612,2048,0.08247888969171568,0.028475676956768746,0.07341384878672697,1.1234786222872388,0.2039829620604322,0.15659553203325977,0.10122722364789753,0.0672284535327087,0.06558536462500543
1.0,43,score,8,2.4834699630737305,2048,0.10395182918638912,0.016854439419762994,0.017049146138667252,6.097186823369861,0.2010476238209839,0.12363545333972363,0.09733971766202894,0.10409030784791365,0.10424820575652888
1.0,43,scalar_gaussian,0,0.12079870700836182,2048,0.02809635704263615,1.9254198359665882,0.08560232173292237,0.3282195678091098,0.9039784160451765,0.010033511498021916,0.015484419120377053,0.02965406113671693,0.05466783429602176
1.0,43,scalar_gaussian,1,0.17627345025539398,2048,0.04173238577500422,1.3430723335598527,0.14160554348104068,0.2947087010092348,0.8230123997232319,0.013716070324954399,0.026875379973191713,0.046759701948949774,0.06471737690445982
1.0,43,scalar_gaussian,2,0.25722402334213257,2048,0.05868444329019737,0.8869516279290471,0.2027186575333242,0.2894871345551923,0.7049786863794455,0.021007010020415127,0.04916084850717542,0.06762757097432935,0.06276203680317242
1.0,43,scalar_gaussian,3,0.37534967064857483,2048,0.08249179286458494,0.5855158612664664,0.24703295362324468,0.33393031842381227,0.573331459013805,0.037489585871676875,0.09156658523426375,0.09082189697095897,0.05989077257935863
1.0,43,scalar_gaussian,4,0.547722578048706,2048,0.10893841047376315,0.36312800767271314,0.2525924134428573,0.4312814030671896,0.4542826890616505,0.07082367581819071,0.15225872177659397,0.10737095730245792,0.05902086605786848
1.0,43,scalar_gaussian,5,0.7992547750473022,2048,0.12905259461500254,0.20202088128650084,0.22074408925263897,0.5846253689144237,0.3547698523390267,0.1341179942246685,0.2034797480733608,0.11171096007224456,0.059436385845192424
1.0,43,scalar_gaussian,6,1.166298747062683,2048,0.12143935008485535,0.0892770468807625,0.15910568827195626,0.7632621523705766,0.2692992043681505,0.19936347568627993,0.20143624779001104,0.0911728899465898,0.05027142268612376
1.0,43,scalar_gaussian,7,1.7019013166427612,2048,0.07050389893258291,0.024341334585139974,0.07341384878672697,0.9603623852687837,0.1922803148330987,0.16669042941789755,0.1107480403812964,0.047981209137668276,0.030607514201595035
1.0,43,scalar_gaussian,8,2.4834699630737305,2048,0.023673554382257357,0.003838359471970358,0.017049146138667252,1.3885478011456556,0.12064209319057254,0.07108577519903503,0.030731711128286286,0.016079928668431148,0.0134726279655618
1.0,43,fourier_gaussian,0,0.12079870700836182,2048,0.06869887475239977,4.70787639679155,0.08560232173292237,0.8025351808416945,0.9427764342321369,0.006389632250708814,0.022090172130125017,0.07907116390723185,0.14699083288579537
1.0,43,fourier_gaussian,1,0.17627345025539398,2048,0.11046689590327768,3.5551533636687584,0.14160554348104068,0.7801029054916053,0.8934307933034944,0.012095357874701673,0.043044550132391446,0.1317506378504651,0.2045744510446875
1.0,43,fourier_gaussian,2,0.25722402334213257,2048,0.15622150397465656,2.361118373103676,0.2027186575333242,0.7706320961057858,0.8044116645219774,0.025864912552258236,0.08043735830612116,0.19245263226413395,0.2264960513042485
1.0,43,fourier_gaussian,3,0.37534967064857483,2048,0.1883369248554434,1.336790642264671,0.24703295362324468,0.7623959560580736,0.6809661510826276,0.05097845829944285,0.14021816981605673,0.22736802407070347,0.20274081819892656
1.0,43,fourier_gaussian,4,0.547722578048706,2048,0.19386594907231977,0.6462197817652747,0.2525924134428573,0.7675050348104657,0.5377230000670349,0.09510342992358178,0.20178150454507662,0.2172681593997646,0.14625356652192611
1.0,43,fourier_gaussian,5,0.7992547750473022,2048,0.17167790034870198,0.2687471788484983,0.22074408925263897,0.7777236569728427,0.3965598242091083,0.16209963728718824,0.2354412064410884,0.16440996524773935,0.09109881271115926
1.0,43,fourier_gaussian,6,1.166298747062683,2048,0.12788191350106437,0.09401334558245415,0.15910568827195626,0.8037545036257805,0.27592048454139056,0.21309957624316372,0.20586035188070081,0.0998258111794935,0.04790015251759011
1.0,43,fourier_gaussian,7,1.7019013166427612,2048,0.05932750696536973,0.0204827069000421,0.07341384878672697,0.8081241883628909,0.18089456109295549,0.1488638731169516,0.10034851392302876,0.0380938495457977,0.01687488587481367
1.0,43,fourier_gaussian,8,2.4834699630737305,2048,0.014438462647593775,0.0023410092531613025,0.017049146138667252,0.846873065088434,0.11177671816371945,0.048412418158458995,0.02430839982543316,0.007710117212346002,0.0034356818030013498
1.0,43,scalar_normalized,0,0.12079870700836182,2048,0.03827101580914558,2.622680686670474,0.08560232173292237,0.4470791800314766,0.9127117726251139,0.014677212539383111,0.019252943584403312,0.04036061928579019,0.07729453289123135
1.0,43,scalar_normalized,1,0.17627345025539398,2048,0.053764248774008955,1.730293481238034,0.14160554348104068,0.37967615851993364,0.8352493902862643,0.016340662782246988,0.032190887450830305,0.05975312542611029,0.09028312710270034
1.0,43,scalar_normalized,2,0.25722402334213257,2048,0.07261288361729316,1.0974648769265678,0.2027186575333242,0.35819536544314673,0.7200909187310733,0.02511060010057714,0.057122545182997524,0.0837283025435364,0.08454983795507541
1.0,43,scalar_normalized,3,0.37534967064857483,2048,0.09466788225306264,0.6719401371560103,0.24703295362324468,0.3832196509192967,0.5851833196489147,0.03749786095502269,0.10037249128132306,0.10606663304570702,0.07322553059618765
1.0,43,scalar_normalized,4,0.547722578048706,2048,0.11392029315938583,0.37973428204574566,0.2525924134428573,0.4510044130250865,0.4596402458296348,0.0669282974522318,0.15484471691249282,0.11521178614052123,0.062393452840214185
1.0,43,scalar_normalized,5,0.7992547750473022,2048,0.1247559683994811,0.19529487769697348,0.22074408925263897,0.5651610823277782,0.35040038364735804,0.11832476232549197,0.1969192721529575,0.10958776978458526,0.057340626535123694
1.0,43,scalar_normalized,6,1.166298747062683,2048,0.11277499628693148,0.08290738235548085,0.15910568827195626,0.7088055588192885,0.26048162222724386,0.1755941029535385,0.18939742944599913,0.085218990833759,0.04575829867912556
1.0,43,scalar_normalized,7,1.7019013166427612,2048,0.06078581801446969,0.02098618596592031,0.07341384878672697,0.8279884384083621,0.18188147678264313,0.13670215313137352,0.09885261016800032,0.04116346117377877,0.0250646827414122
1.0,43,scalar_normalized,8,2.4834699630737305,2048,0.017857813398752583,0.0028954125815240242,0.017049146138667252,1.047431540178501,0.11490625862934653,0.050908926476447756,0.024274700039894258,0.012062039577780145,0.009983430983899286
1.0,43,fourier_normalized,0,0.12079870700836182,2048,0.050678879467689175,3.4729811997894973,0.08560232173292237,0.5920269268607729,0.9255301239859179,0.005645588010237963,0.019359332435544302,0.058460182803006404,0.1019805346233323
1.0,43,fourier_normalized,1,0.17627345025539398,2048,0.07847055904141022,2.5254160501558904,0.14160554348104068,0.5541489203910757,0.8612405507947192,0.010715414403115821,0.03706019772062062,0.09375763101054023,0.1319795654162642
1.0,43,fourier_normalized,2,0.25722402334213257,2048,0.10684014334722478,1.6147727363006745,0.2027186575333242,0.5270365572032348,0.7543605105503839,0.019333480498491977,0.0659126927276228,0.13219439502816566,0.13243213968114773
1.0,43,fourier_normalized,3,0.37534967064857483,2048,0.12907467045402987,0.9161549799582828,0.24703295362324468,0.5224998064464081,0.6190164356655141,0.037166512325942216,0.11405494718602462,0.15357609163323652,0.11427556410241839
1.0,43,fourier_normalized,4,0.547722578048706,2048,0.1348540610367572,0.4495135030692036,0.2525924134428573,0.5338800924330396,0.48013210926213873,0.0677898973685107,0.16214217945238596,0.1459304573402843,0.08175555541134079
1.0,43,fourier_normalized,5,0.7992547750473022,2048,0.12010053935691128,0.18800719874133168,0.22074408925263897,0.54407137134919,0.3454340381517108,0.11461407921910957,0.18501374375796312,0.10866057804043858,0.05096495213827249
1.0,43,fourier_normalized,6,1.166298747062683,2048,0.09457077099994304,0.0695244099232436,0.15910568827195626,0.5943896288503215,0.24223605362071188,0.16078777164795927,0.16499918240935513,0.06903757667492261,0.02903621780661203
1.0,43,fourier_normalized,7,1.7019013166427612,2048,0.04520647104980287,0.015607446593682772,0.07341384878672697,0.6157757943073008,0.16653440782562173,0.1155805245253522,0.08062832492715484,0.02730815928060512,0.01075343446506347
1.0,43,fourier_normalized,8,2.4834699630737305,2048,0.01147299325946332,0.001860196894739132,0.017049146138667252,0.6729365310232582,0.10859960289172269,0.03860829212761377,0.020188588021904375,0.005793537065418012,0.0023591599325446066
1.0,43,scalar_gate_s1p5_p4,0,0.12079870700836182,2048,0.02524261435928839,1.7298552380037928,0.08560232173292237,0.294882356556226,0.8994977376459804,0.01074196790310938,0.014105630225047596,0.02301125396664684,0.061527195668017357
1.0,43,scalar_gate_s1p5_p4,1,0.17627345025539398,2048,0.03641544127743671,1.1719572410210177,0.14160554348104068,0.2571611278926542,0.8186453194097114,0.014274841104444064,0.024109973891616718,0.03604798332065666,0.0719803356739484
1.0,43,scalar_gate_s1p5_p4,2,0.25722402334213257,2048,0.04547880808195665,0.6873627933231518,0.2027186575333242,0.2243444616067495,0.6934226073581667,0.026344360674470924,0.04204679051304946,0.04706587495639673,0.056214835238510154
1.0,43,scalar_gate_s1p5_p4,3,0.37534967064857483,2048,0.05600950301093231,0.397548062125244,0.24703295362324468,0.22672887236070383,0.5476817615381941,0.0461866255273261,0.06563628247697341,0.056869216777875084,0.041104574998190015
1.0,43,scalar_gate_s1p5_p4,4,0.547722578048706,2048,0.07183130517734625,0.23943766596321392,0.2525924134428573,0.28437633655848604,0.4171035463985349,0.09149536680239151,0.1058148577255289,0.062067432310114155,0.0373773639095398
1.0,43,scalar_gate_s1p5_p4,5,0.7992547750473022,2048,0.09542837058454104,0.14938501300757742,0.22074408925263897,0.4323031747197743,0.3207015611844661,0.17119090994641467,0.15404446304599032,0.06999506175106296,0.045213073267396396
1.0,43,scalar_gate_s1p5_p4,6,1.166298747062683,2048,0.10701481695955262,0.07867274342260885,0.15910568827195626,0.6726020805531118,0.2545666761749212,0.23289039275558204,0.17538193252938294,0.07182243636554198,0.04849139608165593
1.0,43,scalar_gate_s1p5_p4,7,1.7019013166427612,2048,0.06895448681565358,0.02380640305199866,0.07341384878672697,0.9392572103932573,0.19050687518572879,0.1907867988585516,0.103757866591935,0.044880001378571864,0.030345249951851956
1.0,43,scalar_gate_s1p5_p4,8,2.4834699630737305,2048,0.024540356349272652,0.003978900156596459,0.017049146138667252,1.4393891723184558,0.12139732342870385,0.10055208578322083,0.029898765712328485,0.014417051566036542,0.011029152532760806
1.0,43,fourier_gate_s1p5_p4,0,0.12079870700836182,2048,0.024458168481674432,1.6760978184668711,0.08560232173292237,0.28571851775216395,0.8981923503559545,0.010284120014913679,0.012861737755556634,0.02265358973374586,0.05976581419070331
1.0,43,fourier_gate_s1p5_p4,1,0.17627345025539398,2048,0.034760615945243406,1.1187000385086698,0.14160554348104068,0.2454749658151444,0.8168426450035047,0.017937634946395553,0.02296411599981593,0.03448799542087288,0.06610817171742969
1.0,43,fourier_gate_s1p5_p4,2,0.25722402334213257,2048,0.04420823862550406,0.6681595158510488,0.2027186575333242,0.21807681228471448,0.6929801665143662,0.03217934526016758,0.04085631318323549,0.045457425150949235,0.05213078662970895
1.0,43,fourier_gate_s1p5_p4,3,0.37534967064857483,2048,0.05496896071029111,0.3901624301709931,0.24703295362324468,0.22251671246308888,0.546968567300629,0.05112081151826255,0.06517175754879818,0.055037152475633115,0.038710902546113514
1.0,43,fourier_gate_s1p5_p4,4,0.547722578048706,2048,0.06985172553095172,0.23283906763688875,0.2525924134428573,0.2765392854791892,0.41525777524146046,0.08766390707731762,0.10350727585419897,0.0600457861914139,0.0371686393798962
1.0,43,fourier_gate_s1p5_p4,5,0.7992547750473022,2048,0.09128725216858713,0.14290244367684418,0.22074408925263897,0.41354335908903983,0.316347634149469,0.15733800271120754,0.1475475078718381,0.06773079044084993,0.04356523603280346
1.0,43,fourier_gate_s1p5_p4,6,1.166298747062683,2048,0.1011974879100462,0.07439609044389388,0.15910568827195626,0.6360394088303826,0.24863385259515608,0.23014244087442712,0.16852273148168204,0.06640693675439274,0.041303052057172926
1.0,43,fourier_gate_s1p5_p4,7,1.7019013166427612,2048,0.061365080667811725,0.021186175275322294,0.07341384878672697,0.835878811449896,0.1828776464725526,0.1658733427185785,0.1015246419854118,0.03792878038776467,0.020447293799607816
1.0,43,fourier_gate_s1p5_p4,8,2.4834699630737305,2048,0.017054639423673378,0.0027651883496614916,0.017049146138667252,1.0003222029397512,0.11408379968654817,0.05570878800154131,0.028057028831695516,0.009445365644234413,0.00476645443292125
1.0,44,score,0,0.12079870700836182,2048,0.03367323630454785,2.307598704827802,0.08560232173292237,0.3933682594452018,0.907786137648846,0.00863798397304301,0.01665597661218406,0.03316526059306213,0.07975363529631002
1.0,44,score,1,0.17627345025539398,2048,0.046844550492066775,1.5075970035153379,0.14160554348104068,0.3308101458495423,0.8292970786351639,0.0132772079027785,0.027175818635668092,0.05070927651593484,0.08585963247398966
1.0,44,score,2,0.25722402334213257,2048,0.06045667973837958,0.9137370571614135,0.2027186575333242,0.2982294795852292,0.7090998394792948,0.025588703605844886,0.04794220957452477,0.06895703641159458,0.06996326600449526
1.0,44,score,3,0.37534967064857483,2048,0.07478403858356164,0.5308072383893758,0.24703295362324468,0.3027289982437582,0.5670482550822721,0.05137697612591109,0.08296982803135003,0.08022493217510185,0.052680960695925205
1.0,44,score,4,0.547722578048706,2048,0.09106954333939782,0.303565121692903,0.2525924134428573,0.3605395035350102,0.4367435635073435,0.09352929615460473,0.12758080706416805,0.0855508013650345,0.04564268150117515
1.0,44,score,5,0.7992547750473022,2048,0.10015805682925628,0.1567889353093065,0.22074408925263897,0.4537292806722747,0.3250657858572319,0.16187550329398953,0.1623752555766748,0.07639043909109236,0.0450510113642798
1.0,44,score,6,1.166298747062683,2048,0.09917564040911009,0.0729097141251743,0.15910568827195626,0.6233318336148428,0.24732411439878638,0.21071729150614854,0.1576714401845312,0.06876812502595891,0.048088359424133496
1.0,44,score,7,1.7019013166427612,2048,0.08155402134533976,0.02815636795106584,0.07341384878672697,1.1108806130333888,0.20299511851967234,0.1589744183913807,0.09926831991984991,0.06662061319006266,0.0634657007739014
1.0,44,score,8,2.4834699630737305,2048,0.10064322977253803,0.01631799298277891,0.017049146138667252,5.903124353206196,0.19680284435820974,0.12041131791645229,0.08988556127019556,0.10268946185414658,0.10105549249956229
1.0,44,scalar_gaussian,0,0.12079870700836182,2048,0.02967210667265418,2.0334046394608514,0.08560232173292237,0.34662735860401767,0.9045221051709053,0.010482159142257247,0.015651601296400947,0.031193959042935603,0.059509311459595086
1.0,44,scalar_gaussian,1,0.17627345025539398,2048,0.04353859191504264,1.4012014208464108,0.14160554348104068,0.3074638947370867,0.8259690058686504,0.013926254347808966,0.027562606411650113,0.048695274814218883,0.06891084050598224
1.0,44,scalar_gaussian,2,0.25722402334213257,2048,0.0616906075506322,0.9323865359749445,0.2027186575333242,0.3043163776895627,0.7093947796617137,0.021317511187595624,0.04927619805932854,0.07188487398927844,0.0676784936353066
1.0,44,scalar_gaussian,3,0.37534967064857483,2048,0.08545192434008853,0.6065264839012128,0.24703295362324468,0.3459130576984199,0.5755147130556812,0.035933322226191534,0.0926151884015593,0.09476107429165936,0.06505966736592692
1.0,44,scalar_gaussian,4,0.547722578048706,2048,0.11076498807714241,0.36921659922724526,0.2525924134428573,0.4385127271536214,0.4559067458354071,0.07051774511556017,0.15224177003837455,0.11006886147058084,0.062017877860619235
1.0,44,scalar_gaussian,5,0.7992547750473022,2048,0.13004796354851206,0.20357904685266157,0.22074408925263897,0.5891345221917753,0.3545707419233446,0.1339587101446722,0.204489327389358,0.1126952297645867,0.06108989623952621
1.0,44,scalar_gaussian,6,1.166298747062683,2048,0.12336140391686232,0.09069005913706603,0.15910568827195626,0.7753425113626552,0.2711313367509131,0.20084765974337132,0.2057948716896081,0.09217226593810698,0.051590729225885146
1.0,44,scalar_gaussian,7,1.7019013166427612,2048,0.07004207656018654,0.024181891305327146,0.07341384878672697,0.9540717142301627,0.19185570518694817,0.16217903490052146,0.111240742955656,0.0478219976970797,0.02955532403979179
1.0,44,scalar_gaussian,8,2.4834699630737305,2048,0.023779697204798347,0.0038555691525152965,0.017049146138667252,1.394773498413876,0.12024364360682474,0.07167465453327751,0.03171609986104748,0.015787826707546887,0.013253738067483669
1.0,44,fourier_gaussian,0,0.12079870700836182,2048,0.07190479908054165,4.927575708152275,0.08560232173292237,0.8399865520573526,0.9461661649626447,0.0066233348720107525,0.02361174743083367,0.08257178774635414,0.1537290805028036
1.0,44,fourier_gaussian,1,0.17627345025539398,2048,0.11579885078113807,3.726751534903268,0.14160554348104068,0.8177564799688946,0.8975888794834441,0.013042549372447972,0.046968003941750665,0.13761946184813809,0.21281821524732145
1.0,44,fourier_gaussian,2,0.25722402334213257,2048,0.16517570476492674,2.496451393619188,0.2027186575333242,0.8148026766494056,0.812607605431711,0.027357309344100283,0.08792176945715055,0.20191616523133468,0.24028451433944698
1.0,44,fourier_gaussian,3,0.37534967064857483,2048,0.20003952640178607,1.4198541639257065,0.24703295362324468,0.8097685894444298,0.6909924918727581,0.054833782709638436,0.15124720497897576,0.24047343109840594,0.2147009821285225
1.0,44,fourier_gaussian,4,0.547722578048706,2048,0.20602889158307683,0.6867629204264789,0.2525924134428573,0.8156574806617685,0.5503091270191427,0.10005988984389318,0.21708106538948171,0.23045798231394135,0.15296457413241532
1.0,44,fourier_gaussian,5,0.7992547750473022,2048,0.18166152023659363,0.2843756882496324,0.22074408925263897,0.822950779119998,0.4072130996944345,0.1679053105003832,0.25260336307124404,0.17359937052225818,0.09364203730482143
1.0,44,fourier_gaussian,6,1.166298747062683,2048,0.13455304626604223,0.09891767875115573,0.15910568827195626,0.8456834430460671,0.2818222410579003,0.21914234522416964,0.22029253683161523,0.10424242080572915,0.04964003757835776
1.0,44,fourier_gaussian,7,1.7019013166427612,2048,0.0625961529448113,0.02161120059515022,0.07341384878672697,0.8526477494274693,0.18390206273065085,0.15391740991583094,0.1071943666378651,0.04007541143635066,0.017654764871889366
1.0,44,fourier_gaussian,8,2.4834699630737305,2048,0.014950003801050538,0.002423949009480488,0.017049146138667252,0.8768769813723466,0.11211353476347413,0.05002638960961844,0.025349282841209728,0.007925358656999813,0.00351306393575478
1.0,44,scalar_normalized,0,0.12079870700836182,2048,0.03973705380379544,2.72314704360408,0.08560232173292237,0.46420532760518224,0.9132943936473608,0.012041297484871693,0.019810093187462876,0.04218030472127088,0.08131923383288159
1.0,44,scalar_normalized,1,0.17627345025539398,2048,0.05613278586125357,1.806520051413996,0.14160554348104068,0.39640246053481015,0.839432724724567,0.016224025993990317,0.03415169340744223,0.06302117615989553,0.09135900902163933
1.0,44,scalar_normalized,2,0.25722402334213257,2048,0.07682188583917485,1.161079374455226,0.2027186575333242,0.3789581421559403,0.7241538314539483,0.02430394557682979,0.05856254046803627,0.09018119347955053,0.08799108222552705
1.0,44,scalar_normalized,3,0.37534967064857483,2048,0.09903615205250843,0.7029455398154651,0.24703295362324468,0.4009025945726683,0.5890713452055243,0.0361802713017796,0.10198682314482926,0.11281305963393269,0.0766643529978514
1.0,44,scalar_normalized,4,0.547722578048706,2048,0.1177308939763162,0.3924362838160138,0.2525924134428573,0.46609038003807607,0.4629010149475939,0.06309463643932989,0.15689400389072786,0.1211498705260704,0.06554493023883862
1.0,44,scalar_normalized,5,0.7992547750473022,2048,0.12709282842546488,0.1989530336860167,0.22074408925263897,0.5757473681662599,0.3520789803872869,0.1184880295340471,0.19850357793718382,0.1131461677810375,0.05760821333436675
1.0,44,scalar_normalized,6,1.166298747062683,2048,0.11335461586222981,0.08333349402324554,0.15910568827195626,0.7124485434390941,0.2613622260865609,0.17597828459031906,0.1917442432113736,0.08515271459549506,0.04574486717803367
1.0,44,scalar_normalized,7,1.7019013166427612,2048,0.06022076191904606,0.020791101443130566,0.07341384878672697,0.8202915786909925,0.18129537982173274,0.1326291349355987,0.09802765992900042,0.041264722761209294,0.02439332837731473
1.0,44,scalar_normalized,8,2.4834699630737305,2048,0.018112916960791467,0.0029367743119120557,0.017049146138667252,1.0623943752650225,0.114786343330929,0.0515824302795798,0.025256372811102896,0.012108555859147972,0.009502407767119744
1.0,44,fourier_normalized,0,0.12079870700836182,2048,0.05142858205009919,3.524357690380684,0.08560232173292237,0.6007848970563602,0.9262485573918555,0.0060167350338065344,0.019034277923906856,0.05987245073457504,0.10234820047547269
1.0,44,fourier_normalized,1,0.17627345025539398,2048,0.08001614407031066,2.5751575747040465,0.14160554348104068,0.5650636416011771,0.8622064619657421,0.01100415944479952,0.03644348419315179,0.09708855501558057,0.13132286729507955
1.0,44,fourier_normalized,2,0.25722402334213257,2048,0.11079319840798948,1.6745188704524505,0.2027186575333242,0.5465367606322896,0.7582964112268645,0.020941468000256074,0.06662900006028313,0.1376701968195333,0.13768962947570934
1.0,44,fourier_normalized,3,0.37534967064857483,2048,0.13268245333026688,0.9417625467802327,0.24703295362324468,0.537104266391211,0.6229512004975934,0.03894568067410067,0.1137451102468136,0.16016425403714604,0.11460468983939937
1.0,44,fourier_normalized,4,0.547722578048706,2048,0.13768590617453205,0.45895298615368924,0.2525924134428573,0.5450912174988186,0.4836086249757843,0.07019811075992435,0.1602747525314075,0.15169993881075006,0.08207927570026759
1.0,44,fourier_normalized,5,0.7992547750473022,2048,0.12362452055892684,0.19352369215389795,0.22074408925263897,0.5600354735543567,0.3496126722111561,0.12053794516494103,0.18424486769169457,0.11458090871588324,0.051734534504385546
1.0,44,fourier_normalized,6,1.166298747062683,2048,0.09653682368014274,0.07096976826201593,0.15910568827195626,0.606746526341247,0.24393372661326734,0.16706742678458072,0.16467077650028872,0.0718304264584947,0.029561406445866037
1.0,44,fourier_normalized,7,1.7019013166427612,2048,0.046536514110082666,0.01606664138479456,0.07341384878672697,0.6338928537213042,0.16722428692078006,0.11904039196255072,0.08149361619653331,0.02879075433060152,0.0111501596497281
1.0,44,fourier_normalized,8,2.4834699630737305,2048,0.011279395486456895,0.001828807529467962,0.017049146138667252,0.6615812542585559,0.10820036197255824,0.03894663820500864,0.019399592580600658,0.0057606738580811305,0.0023213030715365703
1.0,44,scalar_gate_s1p5_p4,0,0.12079870700836182,2048,0.023947283860277627,1.6410873228914136,0.08560232173292237,0.279750401338327,0.8975314420020581,0.00950409331884335,0.013752845047644211,0.021657944187083063,0.05874334192671334
1.0,44,scalar_gate_s1p5_p4,1,0.17627345025539398,2048,0.03438077641940226,1.1064756724947025,0.14160554348104068,0.24279258830008615,0.8177752023986666,0.014348790557917313,0.02257992178941551,0.034101520243725404,0.06754392234831624
1.0,44,scalar_gate_s1p5_p4,2,0.25722402334213257,2048,0.04329992341608327,0.6544313179079484,0.2027186575333242,0.2135961432605943,0.6914441380973564,0.02550340974881999,0.03937582800998061,0.04543265984355256,0.05210604078275025
1.0,44,scalar_gate_s1p5_p4,3,0.37534967064857483,2048,0.05405144479930587,0.3836500232976441,0.24703295362324468,0.21880256867163117,0.5454363197400394,0.045189426937944144,0.06401088851568698,0.05466964250400513,0.038933696786520984
1.0,44,scalar_gate_s1p5_p4,4,0.547722578048706,2048,0.07029238741995142,0.23430794049003445,0.2525924134428573,0.2782838425820469,0.41627768265896964,0.08988830021396195,0.10367549363356368,0.06051803654395114,0.036983350352858296
1.0,44,scalar_gate_s1p5_p4,5,0.7992547750473022,2048,0.0940882943208255,0.14728723737900853,0.22074408925263897,0.4262324515205595,0.31916075843818065,0.17191064880014648,0.15240421234347368,0.06841443446257223,0.044171047034340445
1.0,44,scalar_gate_s1p5_p4,6,1.166298747062683,2048,0.1054193615982369,0.07749983247579614,0.15910568827195626,0.6625744355415227,0.25293798629799313,0.2329754424432347,0.17153084604146535,0.07099984122106748,0.04705264354347207
1.0,44,scalar_gate_s1p5_p4,7,1.7019013166427612,2048,0.06840133723049802,0.023615429228823606,0.07341384878672697,0.9317225341121851,0.19009513517748455,0.19136609798435072,0.10329123976756173,0.044227695252377706,0.029383735329810028
1.0,44,scalar_gate_s1p5_p4,8,2.4834699630737305,2048,0.024607209748294133,0.0039897395672410995,0.017049146138667252,1.44331038916285,0.12131511757348482,0.10124895970406096,0.030011583865732265,0.014344209123011147,0.011192019259602719
1.0,44,fourier_gate_s1p5_p4,0,0.12079870700836182,2048,0.023606630410467372,1.617742627048469,0.08560232173292237,0.2757709128978956,0.8969304191456128,0.010108226351864771,0.01238175603601549,0.021628895202826185,0.05853252011536111
1.0,44,fourier_gate_s1p5_p4,1,0.17627345025539398,2048,0.03333704845835897,1.0728854014807772,0.14160554348104068,0.23542191667674656,0.8159868655156977,0.017178421231497952,0.021882063153690505,0.03325667634938086,0.06298210987105408
1.0,44,fourier_gate_s1p5_p4,2,0.25722402334213257,2048,0.04212276450928706,0.6366398394482987,0.2027186575333242,0.20778928304792393,0.6904046560790364,0.030164780368286116,0.038445297927166305,0.04412873232146341,0.047725706776502674
1.0,44,fourier_gate_s1p5_p4,3,0.37534967064857483,2048,0.054027399262786484,0.38347935125214894,0.24703295362324468,0.21870523130766126,0.5456343914996098,0.049932675189608935,0.06479319211014223,0.054109742775803875,0.03685198319229818
1.0,44,fourier_gate_s1p5_p4,4,0.547722578048706,2048,0.0696190275728152,0.23206340783461935,0.2525924134428573,0.2756180465751191,0.41613831054920414,0.08599078993069224,0.10329460961020157,0.06010471209626503,0.036598872218941814
1.0,44,fourier_gate_s1p5_p4,5,0.7992547750473022,2048,0.09034224000988612,0.14142310736673916,0.22074408925263897,0.40926232868002416,0.3153690966890858,0.15559138751828283,0.14798940870711624,0.06633557565537906,0.04230070127161667
1.0,44,fourier_gate_s1p5_p4,6,1.166298747062683,2048,0.09992645917249533,0.07346168415705329,0.15910568827195626,0.6280508274581169,0.24762199944829408,0.2277838157453998,0.1660340043351543,0.06583932592884238,0.04014368415217698
1.0,44,fourier_gate_s1p5_p4,7,1.7019013166427612,2048,0.060728793319446216,0.020966498300384124,0.07341384878672697,0.8272116817614094,0.18228230610930335,0.16516062382743174,0.10048165872882531,0.03742587731534389,0.020072587213833544
1.0,44,fourier_gate_s1p5_p4,8,2.4834699630737305,2048,0.01689001304807566,0.002738496320323251,0.017049146138667252,0.9906662134691496,0.11379789355107417,0.05530656711314713,0.027692232633395028,0.00937489087005438,0.00473399864388193
