method,sigma,gate_min,gate_max,max_scale_ratio
fourier_normalized,0.10000000149011612,1.0,1.0,1.0
fourier_normalized,0.10085607320070267,1.0,1.0,1.0
fourier_normalized,0.10171947628259659,1.0,1.0,1.0
fourier_normalized,0.10259027034044266,1.0,1.0,1.0
fourier_normalized,0.10346852242946625,1.0,1.0,1.0
fourier_normalized,0.10435428470373154,1.0,1.0,1.0
fourier_normalized,0.10524763911962509,1.0,1.0,1.0
fourier_normalized,0.1061486303806305,1.0,1.0,1.0
fourier_normalized,0.1070573478937149,1.0,1.0,1.0
fourier_normalized,0.10797383636236191,1.0,1.0,1.0
fourier_normalized,0.10889817029237747,1.0,1.0,1.0
fourier_normalized,0.10983041673898697,1.0,1.0,1.0
fourier_normalized,0.11077065020799637,1.0,1.0,1.0
fourier_normalized,0.11171893030405045,1.0,1.0,1.0
fourier_normalized,0.11267532408237457,1.0,1.0,1.0
fourier_normalized,0.11363990604877472,1.0,1.0,1.0
fourier_normalized,0.11461275070905685,1.0,1.0,1.0
fourier_normalized,0.11559391766786575,1.0,1.0,1.0
fourier_normalized,0.11658348888158798,1.0,1.0,1.0
fourier_normalized,0.11758153140544891,1.0,1.0,1.0
fourier_normalized,0.11858811229467392,1.0,1.0,1.0
fourier_normalized,0.11960331350564957,1.0,1.0,1.0
fourier_normalized,0.12062720954418182,1.0,1.0,1.0
fourier_normalized,0.12165986746549606,1.0,1.0,1.0
fourier_normalized,0.12270136922597885,1.0,1.0,1.0
fourier_normalized,0.12375178188085556,1.0,1.0,1.0
fourier_normalized,0.12481118738651276,1.0,1.0,1.0
fourier_normalized,0.1258796602487564,1.0,1.0,1.0
fourier_normalized,0.12695728242397308,1.0,1.0,1.0
fourier_normalized,0.12804412841796875,1.0,1.0,1.0
fourier_normalized,0.12914028763771057,1.0,1.0,1.0
fourier_normalized,0.13024581968784332,1.0,1.0,1.0
fourier_normalized,0.13136082887649536,1.0,1.0,1.0
fourier_normalized,0.13248537480831146,1.0,1.0,1.0
fourier_normalized,0.1336195468902588,1.0,1.0,1.0
fourier_normalized,0.1347634196281433,1.0,1.0,1.0
fourier_normalized,0.13591709733009338,1.0,1.0,1.0
fourier_normalized,0.13708065450191498,1.0,1.0,1.0
fourier_normalized,0.13825416564941406,1.0,1.0,1.0
fourier_normalized,0.1394377201795578,1.0,1.0,1.0
fourier_normalized,0.14063140749931335,1.0,1.0,1.0
fourier_normalized,0.1418353170156479,1.0,1.0,1.0
fourier_normalized,0.14304953813552856,1.0,1.0,1.0
fourier_normalized,0.14427414536476135,1.0,1.0,1.0
fourier_normalized,0.1455092430114746,1.0,1.0,1.0
fourier_normalized,0.1467549055814743,1.0,1.0,1.0
fourier_normalized,0.1480112373828888,1.0,1.0,1.0
fourier_normalized,0.14927831292152405,1.0,1.0,1.0
fourier_normalized,0.15055625140666962,1.0,1.0,1.0
fourier_normalized,0.15184512734413147,1.0,1.0,1.0
fourier_normalized,0.15314503014087677,1.0,1.0,1.0
fourier_normalized,0.15445606410503387,1.0,1.0,1.0
fourier_normalized,0.15577831864356995,1.0,1.0,1.0
fourier_normalized,0.15711189806461334,1.0,1.0,1.0
fourier_normalized,0.15845689177513123,1.0,1.0,1.0
fourier_normalized,0.15981340408325195,1.0,1.0,1.0
fourier_normalized,0.1611815243959427,1.0,1.0,1.0
fourier_normalized,0.1625613570213318,1.0,1.0,1.0
fourier_normalized,0.1639530062675476,1.0,1.0,1.0
fourier_normalized,0.1653565615415573,1.0,1.0,1.0
fourier_normalized,0.16677214205265045,1.0,1.0,1.0
fourier_normalized,0.1681998372077942,1.0,1.0,1.0
fourier_normalized,0.16963975131511688,1.0,1.0,1.0
fourier_normalized,0.1710919886827469,1.0,1.0,1.0
fourier_normalized,0.17255665361881256,1.0,1.0,1.0
fourier_normalized,0.17403388023376465,1.0,1.0,1.0
fourier_normalized,0.17552372813224792,1.0,1.0,1.0
fourier_normalized,0.17702634632587433,1.0,1.0,1.0
fourier_normalized,0.17854182422161102,1.0,1.0,1.0
fourier_normalized,0.18007026612758636,1.0,1.0,1.0
fourier_normalized,0.1816118061542511,1.0,1.0,1.0
fourier_normalized,0.1831665337085724,1.0,1.0,1.0
fourier_normalized,0.18473458290100098,1.0,1.0,1.0
fourier_normalized,0.18631604313850403,1.0,1.0,1.0
fourier_normalized,0.1879110485315323,1.0,1.0,1.0
fourier_normalized,0.1895197033882141,1.0,1.0,1.0
fourier_normalized,0.19114212691783905,1.0,1.0,1.0
fourier_normalized,0.19277845323085785,1.0,1.0,1.0
fourier_normalized,0.19442877173423767,1.0,1.0,1.0
fourier_normalized,0.19609323143959045,1.0,1.0,1.0
fourier_normalized,0.19777193665504456,1.0,1.0,1.0
fourier_normalized,0.19946500658988953,1.0,1.0,1.0
fourier_normalized,0.2011725753545761,1.0,1.0,1.0
fourier_normalized,0.20289476215839386,1.0,1.0,1.0
fourier_normalized,0.20463168621063232,1.0,1.0,1.0
fourier_normalized,0.20638348162174225,1.0,1.0,1.0
fourier_normalized,0.20815028250217438,1.0,1.0,1.0
fourier_normalized,0.20993220806121826,1.0,1.0,1.0
fourier_normalized,0.21172937750816345,1.0,1.0,1.0
fourier_normalized,0.2135419398546219,1.0,1.0,1.0
fourier_normalized,0.21537001430988312,1.0,1.0,1.0
fourier_normalized,0.21721374988555908,1.0,1.0,1.0
fourier_normalized,0.21907325088977814,1.0,1.0,1.0
fourier_normalized,0.22094868123531342,1.0,1.0,1.0
fourier_normalized,0.22284016013145447,1.0,1.0,1.0
fourier_normalized,0.22474783658981323,1.0,1.0,1.0
fourier_normalized,0.22667184472084045,1.0,1.0,1.0
fourier_normalized,0.22861233353614807,1.0,1.0,1.0
fourier_normalized,0.23056942224502563,1.0,1.0,1.0
fourier_normalized,0.23254325985908508,1.0,1.0,1.0
fourier_normalized,0.23453401029109955,1.0,1.0,1.0
fourier_normalized,0.23654179275035858,1.0,1.0,1.0
fourier_normalized,0.23856677114963531,1.0,1.0,1.0
fourier_normalized,0.2406090646982193,1.0,1.0,1.0
fourier_normalized,0.24266886711120605,1.0,1.0,1.0
fourier_normalized,0.24474628269672394,1.0,1.0,1.0
fourier_normalized,0.24684149026870728,1.0,1.0,1.0
fourier_normalized,0.248954638838768,1.0,1.0,1.0
fourier_normalized,0.25108587741851807,1.0,1.0,1.0
fourier_normalized,0.2532353699207306,1.0,1.0,1.0
fourier_normalized,0.2554032504558563,1.0,1.0,1.0
fourier_normalized,0.2575896680355072,1.0,1.0,1.0
fourier_normalized,0.25979483127593994,1.0,1.0,1.0
fourier_normalized,0.2620188891887665,1.0,1.0,1.0
fourier_normalized,0.26426196098327637,1.0,1.0,1.0
fourier_normalized,0.26652422547340393,1.0,1.0,1.0
fourier_normalized,0.2688058614730835,1.0,1.0,1.0
fourier_normalized,0.2711070477962494,1.0,1.0,1.0
fourier_normalized,0.27342793345451355,1.0,1.0,1.0
fourier_normalized,0.2757686674594879,1.0,1.0,1.0
fourier_normalized,0.2781294584274292,1.0,1.0,1.0
fourier_normalized,0.28051045536994934,1.0,1.0,1.0
fourier_normalized,0.28291183710098267,1.0,1.0,1.0
fourier_normalized,0.2853337526321411,1.0,1.0,1.0
fourier_normalized,0.2877764403820038,1.0,1.0,1.0
fourier_normalized,0.29024001955986023,1.0,1.0,1.0
fourier_normalized,0.2927246689796448,1.0,1.0,1.0
fourier_normalized,0.2952306270599365,1.0,1.0,1.0
fourier_normalized,0.297758013010025,1.0,1.0,1.0
fourier_normalized,0.300307035446167,1.0,1.0,1.0
fourier_normalized,0.30287790298461914,1.0,1.0,1.0
fourier_normalized,0.305470734834671,1.0,1.0,1.0
fourier_normalized,0.3080857992172241,1.0,1.0,1.0
fourier_normalized,0.3107232451438904,1.0,1.0,1.0
fourier_normalized,0.3133832812309265,1.0,1.0,1.0
fourier_normalized,0.31606605648994446,1.0,1.0,1.0
fourier_normalized,0.3187718093395233,1.0,1.0,1.0
fourier_normalized,0.3215007483959198,1.0,1.0,1.0
fourier_normalized,0.32425302267074585,1.0,1.0,1.0
fourier_normalized,0.32702887058258057,1.0,1.0,1.0
fourier_normalized,0.3298284709453583,1.0,1.0,1.0
fourier_normalized,0.3326520621776581,1.0,1.0,1.0
fourier_normalized,0.3354997932910919,1.0,1.0,1.0
fourier_normalized,0.3383719325065613,1.0,1.0,1.0
fourier_normalized,0.3412686288356781,1.0,1.0,1.0
fourier_normalized,0.34419015049934387,1.0,1.0,1.0
fourier_normalized,0.3471366763114929,1.0,1.0,1.0
fourier_normalized,0.35010841488838196,1.0,1.0,1.0
fourier_normalized,0.3531056046485901,1.0,1.0,1.0
fourier_normalized,0.356128454208374,1.0,1.0,1.0
fourier_normalized,0.3591771721839905,1.0,1.0,1.0
fourier_normalized,0.36225199699401855,1.0,1.0,1.0
fourier_normalized,0.36535313725471497,1.0,1.0,1.0
fourier_normalized,0.3684808313846588,1.0,1.0,1.0
fourier_normalized,0.3716353178024292,1.0,1.0,1.0
fourier_normalized,0.37481677532196045,1.0,1.0,1.0
fourier_normalized,0.37802550196647644,1.0,1.0,1.0
fourier_normalized,0.3812616765499115,1.0,1.0,1.0
fourier_normalized,0.3845255374908447,1.0,1.0,1.0
fourier_normalized,0.3878173828125,1.0,1.0,1.0
fourier_normalized,0.39113736152648926,1.0,1.0,1.0
fourier_normalized,0.39448580145835876,1.0,1.0,1.0
fourier_normalized,0.39786288142204285,1.0,1.0,1.0
fourier_normalized,0.4012688994407654,1.0,1.0,1.0
fourier_normalized,0.4047040641307831,1.0,1.0,1.0
fourier_normalized,0.40816861391067505,1.0,1.0,1.0
fourier_normalized,0.41166284680366516,1.0,1.0,1.0
fourier_normalized,0.41518697142601013,1.0,1.0,1.0
fourier_normalized,0.41874128580093384,1.0,1.0,1.0
fourier_normalized,0.4223260283470154,1.0,1.0,1.0
fourier_normalized,0.42594143748283386,1.0,1.0,1.0
fourier_normalized,0.42958781123161316,1.0,1.0,1.0
fourier_normalized,0.43326541781425476,1.0,1.0,1.0
fourier_normalized,0.4369744658470154,1.0,1.0,1.0
fourier_normalized,0.44071531295776367,1.0,1.0,1.0
fourier_normalized,0.44448816776275635,1.0,1.0,1.0
fourier_normalized,0.4482932984828949,1.0,1.0,1.0
fourier_normalized,0.4521310329437256,1.0,1.0,1.0
fourier_normalized,0.4560016095638275,1.0,1.0,1.0
fourier_normalized,0.4599052965641022,1.0,1.0,1.0
fourier_normalized,0.4638424515724182,1.0,1.0,1.0
fourier_normalized,0.46781328320503235,1.0,1.0,1.0
fourier_normalized,0.47181808948516846,1.0,1.0,1.0
fourier_normalized,0.4758571982383728,1.0,1.0,1.0
fourier_normalized,0.47993090748786926,1.0,1.0,1.0
fourier_normalized,0.48403945565223694,1.0,1.0,1.0
fourier_normalized,0.4881832003593445,1.0,1.0,1.0
fourier_normalized,0.4923624098300934,1.0,1.0,1.0
fourier_normalized,0.4965773820877075,1.0,1.0,1.0
fourier_normalized,0.5008284449577332,1.0,1.0,1.0
fourier_normalized,0.5051159262657166,1.0,1.0,1.0
fourier_normalized,0.5094400644302368,1.0,1.0,1.0
fourier_normalized,0.5138012766838074,1.0,1.0,1.0
fourier_normalized,0.5181998014450073,1.0,1.0,1.0
fourier_normalized,0.5226359963417053,1.0,1.0,1.0
fourier_normalized,0.5271100997924805,1.0,1.0,1.0
fourier_normalized,0.531622588634491,1.0,1.0,1.0
fourier_normalized,0.5361736416816711,1.0,1.0,1.0
fourier_normalized,0.5407636761665344,1.0,1.0,1.0
fourier_normalized,0.5453930497169495,1.0,1.0,1.0
fourier_normalized,0.5500620603561401,1.0,1.0,1.0
fourier_normalized,0.5547710061073303,1.0,1.0,1.0
fourier_normalized,0.5595202445983887,1.0,1.0,1.0
fourier_normalized,0.5643101334571838,1.0,1.0,1.0
fourier_normalized,0.5691410303115845,1.0,1.0,1.0
fourier_normalized,0.5740132927894592,1.0,1.0,1.0
fourier_normalized,0.5789272785186768,1.0,1.0,1.0
fourier_normalized,0.5838833451271057,1.0,1.0,1.0
fourier_normalized,0.58888179063797,1.0,1.0,1.0
fourier_normalized,0.5939230918884277,1.0,1.0,1.0
fourier_normalized,0.5990074872970581,1.0,1.0,1.0
fourier_normalized,0.6041354537010193,1.0,1.0,1.0
fourier_normalized,0.6093072891235352,1.0,1.0,1.0
fourier_normalized,0.6145234107971191,1.0,1.0,1.0
fourier_normalized,0.6197841763496399,1.0,1.0,1.0
fourier_normalized,0.6250900030136108,1.0,1.0,1.0
fourier_normalized,0.6304412484169006,1.0,1.0,1.0
fourier_normalized,0.6358382701873779,1.0,1.0,1.0
fourier_normalized,0.6412815451622009,1.0,1.0,1.0
fourier_normalized,0.6467713713645935,1.0,1.0,1.0
fourier_normalized,0.6523082256317139,1.0,1.0,1.0
fourier_normalized,0.6578924655914307,1.0,1.0,1.0
fourier_normalized,0.6635245084762573,1.0,1.0,1.0
fourier_normalized,0.6692047715187073,1.0,1.0,1.0
fourier_normalized,0.6749336123466492,1.0,1.0,1.0
fourier_normalized,0.680711567401886,1.0,1.0,1.0
fourier_normalized,0.6865389347076416,1.0,1.0,1.0
fourier_normalized,0.692416250705719,1.0,1.0,1.0
fourier_normalized,0.698343813419342,1.0,1.0,1.0
fourier_normalized,0.7043221592903137,1.0,1.0,1.0
fourier_normalized,0.7103517055511475,1.0,1.0,1.0
fourier_normalized,0.7164328098297119,1.0,1.0,1.0
fourier_normalized,0.7225660085678101,1.0,1.0,1.0
fourier_normalized,0.7287517189979553,1.0,1.0,1.0
fourier_normalized,0.7349903583526611,1.0,1.0,1.0
fourier_normalized,0.7412824630737305,1.0,1.0,1.0
fourier_normalized,0.747628390789032,1.0,1.0,1.0
fourier_normalized,0.7540286183357239,1.0,1.0,1.0
fourier_normalized,0.7604836821556091,1.0,1.0,1.0
fourier_normalized,0.7669939398765564,1.0,1.0,1.0
fourier_normalized,0.7735599875450134,1.0,1.0,1.0
fourier_normalized,0.7801822423934937,1.0,1.0,1.0
fourier_normalized,0.7868611812591553,1.0,1.0,1.0
fourier_normalized,0.7935972809791565,1.0,1.0,1.0
fourier_normalized,0.8003910779953003,1.0,1.0,1.0
fourier_normalized,0.8072429895401001,1.0,1.0,1.0
fourier_normalized,0.8141536116600037,1.0,1.0,1.0
fourier_normalized,0.8211233615875244,1.0,1.0,1.0
fourier_normalized,0.8281527757644653,1.0,1.0,1.0
fourier_normalized,0.8352423906326294,1.0,1.0,1.0
fourier_normalized,0.8423926830291748,1.0,1.0,1.0
fourier_normalized,0.8496041893959045,1.0,1.0,1.0
fourier_normalized,0.8568774461746216,1.0,1.0,1.0
fourier_normalized,0.8642129302024841,1.0,1.0,1.0
fourier_normalized,0.8716112375259399,1.0,1.0,1.0
fourier_normalized,0.8790728449821472,1.0,1.0,1.0
fourier_normalized,0.8865984082221985,1.0,1.0,1.0
fourier_normalized,0.8941883444786072,1.0,1.0,1.0
fourier_normalized,0.901843249797821,1.0,1.0,1.0
fourier_normalized,0.9095636606216431,1.0,1.0,1.0
fourier_normalized,0.9173502326011658,1.0,1.0,1.0
fourier_normalized,0.9252034425735474,1.0,1.0,1.0
fourier_normalized,0.9331238269805908,1.0,1.0,1.0
fourier_normalized,0.9411121010780334,1.0,1.0,1.0
fourier_normalized,0.9491686820983887,1.0,1.0,1.0
fourier_normalized,0.9572942852973938,1.0,1.0,1.0
fourier_normalized,0.9654894471168518,1.0,1.0,1.0
fourier_normalized,0.9737547039985657,1.0,1.0,1.0
fourier_normalized,0.9820907711982727,1.0,1.0,1.0
fourier_normalized,0.9904981851577759,1.0,1.0,1.0
fourier_normalized,0.9989776015281677,1.0,1.0,1.0
fourier_normalized,1.007529616355896,1.0,1.0,1.0
fourier_normalized,1.0161547660827637,1.0,1.0,1.0
fourier_normalized,1.0248538255691528,1.0,1.0,1.0
fourier_normalized,1.0336273908615112,1.0,1.0,1.0
fourier_normalized,1.042475938796997,1.0,1.0,1.0
fourier_normalized,1.0514003038406372,1.0,1.0,1.0
fourier_normalized,1.0604010820388794,1.0,1.0,1.0
fourier_normalized,1.0694788694381714,1.0,1.0,1.0
fourier_normalized,1.0786343812942505,1.0,1.0,1.0
fourier_normalized,1.087868332862854,1.0,1.0,1.0
fourier_normalized,1.0971813201904297,1.0,1.0,1.0
fourier_normalized,1.1065739393234253,1.0,1.0,1.0
fourier_normalized,1.1160470247268677,1.0,1.0,1.0
fourier_normalized,1.1256012916564941,1.0,1.0,1.0
fourier_normalized,1.135237216949463,1.0,1.0,1.0
fourier_normalized,1.1449557542800903,1.0,1.0,1.0
fourier_normalized,1.1547573804855347,1.0,1.0,1.0
fourier_normalized,1.1646429300308228,1.0,1.0,1.0
fourier_normalized,1.174613118171692,1.0,1.0,1.0
fourier_normalized,1.1846686601638794,1.0,1.0,1.0
fourier_normalized,1.194810390472412,1.0,1.0,1.0
fourier_normalized,1.2050387859344482,1.0,1.0,1.0
fourier_normalized,1.2153548002243042,1.0,1.0,1.0
fourier_normalized,1.2257591485977173,1.0,1.0,1.0
fourier_normalized,1.2362525463104248,1.0,1.0,1.0
fourier_normalized,1.2468358278274536,1.0,1.0,1.0
fourier_normalized,1.2575095891952515,1.0,1.0,1.0
fourier_normalized,1.2682749032974243,1.0,1.0,1.0
fourier_normalized,1.2791322469711304,1.0,1.0,1.0
fourier_normalized,1.290082573890686,1.0,1.0,1.0
fourier_normalized,1.3011265993118286,1.0,1.0,1.0
fourier_normalized,1.312265157699585,1.0,1.0,1.0
fourier_normalized,1.3234992027282715,1.0,1.0,1.0
fourier_normalized,1.334829330444336,1.0,1.0,1.0
fourier_normalized,1.3462563753128052,1.0,1.0,1.0
fourier_normalized,1.3577814102172852,1.0,1.0,1.0
fourier_normalized,1.3694050312042236,1.0,1.0,1.0
fourier_normalized,1.3811280727386475,1.0,1.0,1.0
fourier_normalized,1.3929516077041626,1.0,1.0,1.0
fourier_normalized,1.4048762321472168,1.0,1.0,1.0
fourier_normalized,1.416903018951416,1.0,1.0,1.0
fourier_normalized,1.429032802581787,1.0,1.0,1.0
fourier_normalized,1.441266417503357,1.0,1.0,1.0
fourier_normalized,1.4536046981811523,1.0,1.0,1.0
fourier_normalized,1.4660485982894897,1.0,1.0,1.0
fourier_normalized,1.4785990715026855,1.0,1.0,1.0
fourier_normalized,1.4912569522857666,1.0,1.0,1.0
fourier_normalized,1.5040231943130493,1.0,1.0,1.0
fourier_normalized,1.51689875125885,1.0,1.0,1.0
fourier_normalized,1.5298845767974854,1.0,1.0,1.0
fourier_normalized,1.542981505393982,1.0,1.0,1.0
fourier_normalized,1.5561906099319458,1.0,1.0,1.0
fourier_normalized,1.5695127248764038,1.0,1.0,1.0
fourier_normalized,1.582948923110962,1.0,1.0,1.0
fourier_normalized,1.5965001583099365,1.0,1.0,1.0
fourier_normalized,1.610167384147644,1.0,1.0,1.0
fourier_normalized,1.6239515542984009,1.0,1.0,1.0
fourier_normalized,1.637853741645813,1.0,1.0,1.0
fourier_normalized,1.6518750190734863,1.0,1.0,1.0
fourier_normalized,1.6660163402557373,1.0,1.0,1.0
fourier_normalized,1.6802786588668823,1.0,1.0,1.0
fourier_normalized,1.6946630477905273,1.0,1.0,1.0
fourier_normalized,1.7091705799102783,1.0,1.0,1.0
fourier_normalized,1.7238024473190308,1.0,1.0,1.0
fourier_normalized,1.738559365272522,1.0,1.0,1.0
fourier_normalized,1.7534427642822266,1.0,1.0,1.0
fourier_normalized,1.7684534788131714,1.0,1.0,1.0
fourier_normalized,1.7835928201675415,1.0,1.0,1.0
fourier_normalized,1.7988616228103638,1.0,1.0,1.0
fourier_normalized,1.8142613172531128,1.0,1.0,1.0
fourier_normalized,1.8297927379608154,1.0,1.0,1.0
fourier_normalized,1.8454570770263672,1.0,1.0,1.0
fourier_normalized,1.8612555265426636,1.0,1.0,1.0
fourier_normalized,1.8771892786026,1.0,1.0,1.0
fourier_normalized,1.8932594060897827,1.0,1.0,1.0
fourier_normalized,1.909467101097107,1.0,1.0,1.0
fourier_normalized,1.9258135557174683,1.0,1.0,1.0
fourier_normalized,1.9422999620437622,1.0,1.0,1.0
fourier_normalized,1.9589273929595947,1.0,1.0,1.0
fourier_normalized,1.9756972789764404,1.0,1.0,1.0
fourier_normalized,1.9926106929779053,1.0,1.0,1.0
fourier_normalized,2.009669065475464,1.0,1.0,1.0
fourier_normalized,2.0268731117248535,1.0,1.0,1.0
fourier_normalized,2.044224739074707,1.0,1.0,1.0
fourier_normalized,2.061724901199341,1.0,1.0,1.0
fourier_normalized,2.0793747901916504,1.0,1.0,1.0
fourier_normalized,2.0971755981445312,1.0,1.0,1.0
fourier_normalized,2.115128993988037,1.0,1.0,1.0
fourier_normalized,2.1332361698150635,1.0,1.0,1.0
fourier_normalized,2.151498317718506,1.0,1.0,1.0
fourier_normalized,2.1699166297912598,1.0,1.0,1.0
fourier_normalized,2.188492774963379,1.0,1.0,1.0
fourier_normalized,2.207227945327759,1.0,1.0,1.0
fourier_normalized,2.226123332977295,1.0,1.0,1.0
fourier_normalized,2.245180606842041,1.0,1.0,1.0
fourier_normalized,2.2644009590148926,1.0,1.0,1.0
fourier_normalized,2.2837860584259033,1.0,1.0,1.0
fourier_normalized,2.3033368587493896,1.0,1.0,1.0
fourier_normalized,2.3230550289154053,1.0,1.0,1.0
fourier_normalized,2.342942237854004,1.0,1.0,1.0
fourier_normalized,2.362999439239502,1.0,1.0,1.0
fourier_normalized,2.3832285404205322,1.0,1.0,1.0
fourier_normalized,2.4036307334899902,1.0,1.0,1.0
fourier_normalized,2.4242076873779297,1.0,1.0,1.0
fourier_normalized,2.444960594177246,1.0,1.0,1.0
fourier_normalized,2.4658913612365723,1.0,1.0,1.0
fourier_normalized,2.4870011806488037,1.0,1.0,1.0
fourier_normalized,2.508291721343994,1.0,1.0,1.0
fourier_normalized,2.529764413833618,1.0,1.0,1.0
fourier_normalized,2.5514211654663086,1.0,1.0,1.0
fourier_normalized,2.573263168334961,1.0,1.0,1.0
fourier_normalized,2.595292329788208,1.0,1.0,1.0
fourier_normalized,2.6175098419189453,1.0,1.0,1.0
fourier_normalized,2.6399176120758057,1.0,1.0,1.0
fourier_normalized,2.6625173091888428,1.0,1.0,1.0
fourier_normalized,2.6853103637695312,1.0,1.0,1.0
fourier_normalized,2.708298683166504,1.0,1.0,1.0
fourier_normalized,2.7314836978912354,1.0,1.0,1.0
fourier_normalized,2.7548673152923584,1.0,1.0,1.0
fourier_normalized,2.7784509658813477,1.0,1.0,1.0
fourier_normalized,2.802236557006836,1.0,1.0,1.0
fourier_normalized,2.826225757598877,1.0,1.0,1.0
fourier_normalized,2.8504204750061035,1.0,1.0,1.0
fourier_normalized,2.8748221397399902,1.0,1.0,1.0
fourier_normalized,2.89943265914917,1.0,1.0,1.0
fourier_normalized,2.9242539405822754,1.0,1.0,1.0
fourier_normalized,2.9492876529693604,1.0,1.0,1.0
fourier_normalized,2.9745359420776367,1.0,1.0,1.0
fourier_normalized,3.0,1.0,1.0,1.0
fourier_gate_s1p5_p4,0.10000000149011612,1.9752693333430216e-05,1.9752693333430216e-05,1.0568252801895142
fourier_gate_s1p5_p4,0.10085607320070267,2.043781387328636e-05,2.043781387328636e-05,1.057775616645813
fourier_gate_s1p5_p4,0.10171947628259659,2.114667950081639e-05,2.114667950081639e-05,1.0587414503097534
fourier_gate_s1p5_p4,0.10259027034044266,2.188014696002938e-05,2.188014696002938e-05,1.059722900390625
fourier_gate_s1p5_p4,0.10346852242946625,2.2639036615146324e-05,2.2639036615146324e-05,1.0607203245162964
fourier_gate_s1p5_p4,0.10435428470373154,2.3424267055816017e-05,2.3424267055816017e-05,1.0617338418960571
fourier_gate_s1p5_p4,0.10524763911962509,2.423671139695216e-05,2.423671139695216e-05,1.062764048576355
fourier_gate_s1p5_p4,0.1061486303806305,2.5077357349800877e-05,2.5077357349800877e-05,1.0638108253479004
fourier_gate_s1p5_p4,0.1070573478937149,2.5947134417947382e-05,2.5947134417947382e-05,1.0648744106292725
fourier_gate_s1p5_p4,0.10797383636236191,2.6847104891203344e-05,2.6847104891203344e-05,1.0659552812576294
fourier_gate_s1p5_p4,0.10889817029237747,2.7778260118793696e-05,2.7778260118793696e-05,1.0670535564422607
fourier_gate_s1p5_p4,0.10983041673898697,2.874173878808506e-05,2.874173878808506e-05,1.0681695938110352
fourier_gate_s1p5_p4,0.11077065020799637,2.9738608645857312e-05,2.9738608645857312e-05,1.0693036317825317
fourier_gate_s1p5_p4,0.11171893030405045,3.0770079320063815e-05,3.0770079320063815e-05,1.0704559087753296
fourier_gate_s1p5_p4,0.11267532408237457,3.18372949550394e-05,3.18372949550394e-05,1.0716267824172974
fourier_gate_s1p5_p4,0.11363990604877472,3.29415597661864e-05,3.29415597661864e-05,1.0728163719177246
fourier_gate_s1p5_p4,0.11461275070905685,3.408411794225685e-05,3.408411794225685e-05,1.0740249156951904
fourier_gate_s1p5_p4,0.11559391766786575,3.52662755176425e-05,3.52662755176425e-05,1.0752531290054321
fourier_gate_s1p5_p4,0.11658348888158798,3.648946221801452e-05,3.648946221801452e-05,1.0765008926391602
fourier_gate_s1p5_p4,0.11758153140544891,3.775503864744678e-05,3.775503864744678e-05,1.0777685642242432
fourier_gate_s1p5_p4,0.11858811229467392,3.906454730895348e-05,3.906454730895348e-05,1.0790566205978394
fourier_gate_s1p5_p4,0.11960331350564957,4.041943248012103e-05,4.041943248012103e-05,1.0803653001785278
fourier_gate_s1p5_p4,0.12062720954418182,4.1821349441306666e-05,4.1821349441306666e-05,1.0816946029663086
fourier_gate_s1p5_p4,0.12165986746549606,4.3271844333503395e-05,4.3271844333503395e-05,1.083045244216919
fourier_gate_s1p5_p4,0.12270136922597885,4.477269249036908e-05,4.477269249036908e-05,1.0844172239303589
fourier_gate_s1p5_p4,0.12375178188085556,4.6325545554282144e-05,4.6325545554282144e-05,1.0858112573623657
fourier_gate_s1p5_p4,0.12481118738651276,4.7932302550179884e-05,4.7932302550179884e-05,1.08722722530365
fourier_gate_s1p5_p4,0.1258796602487564,4.959473881172016e-05,4.959473881172016e-05,1.0886657238006592
fourier_gate_s1p5_p4,0.12695728242397308,5.1314873417140916e-05,5.1314873417140916e-05,1.0901269912719727
fourier_gate_s1p5_p4,0.12804412841796875,5.309461630531587e-05,5.309461630531587e-05,1.0916112661361694
fourier_gate_s1p5_p4,0.12914028763771057,5.493613934959285e-05,5.493613934959285e-05,1.0931190252304077
fourier_gate_s1p5_p4,0.13024581968784332,5.6841468904167414e-05,5.6841468904167414e-05,1.0946506261825562
fourier_gate_s1p5_p4,0.13136082887649536,5.881294055143371e-05,5.881294055143371e-05,1.0962063074111938
fourier_gate_s1p5_p4,0.13248537480831146,6.085278437240049e-05,6.085278437240049e-05,1.0977863073349
fourier_gate_s1p5_p4,0.1336195468902588,6.296330684563145e-05,6.296330684563145e-05,1.0993913412094116
fourier_gate_s1p5_p4,0.1347634196281433,6.51470254524611e-05,6.51470254524611e-05,1.1010212898254395
fourier_gate_s1p5_p4,0.13591709733009338,6.74065449857153e-05,6.74065449857153e-05,1.1026771068572998
fourier_gate_s1p5_p4,0.13708065450191498,6.974441930651665e-05,6.974441930651665e-05,1.1043586730957031
fourier_gate_s1p5_p4,0.13825416564941406,7.216331141535193e-05,7.216331141535193e-05,1.1060664653778076
fourier_gate_s1p5_p4,0.1394377201795578,7.466615352313966e-05,7.466615352313966e-05,1.1078009605407715
fourier_gate_s1p5_p4,0.14063140749931335,7.725572504568845e-05,7.725572504568845e-05,1.1095623970031738
fourier_gate_s1p5_p4,0.1418353170156479,7.993517647264525e-05,7.993517647264525e-05,1.1113512516021729
fourier_gate_s1p5_p4,0.14304953813552856,8.270747639471665e-05,8.270747639471665e-05,1.1131680011749268
fourier_gate_s1p5_p4,0.14427414536476135,8.557599358027801e-05,8.557599358027801e-05,1.115012764930725
fourier_gate_s1p5_p4,0.1455092430114746,8.854398765834048e-05,8.854398765834048e-05,1.1168862581253052
fourier_gate_s1p5_p4,0.1467549055814743,9.161482739727944e-05,9.161482739727944e-05,1.118788480758667
fourier_gate_s1p5_p4,0.1480112373828888,9.479215077590197e-05,9.479215077590197e-05,1.1207202672958374
fourier_gate_s1p5_p4,0.14927831292152405,9.80797631200403e-05,9.80797631200403e-05,1.122681736946106
fourier_gate_s1p5_p4,0.15055625140666962,0.00010148128058062866,0.00010148128058062866,1.1246734857559204
fourier_gate_s1p5_p4,0.15184512734413147,0.00010500085772946477,0.00010500085772946477,1.1266956329345703
fourier_gate_s1p5_p4,0.15314503014087677,0.0001086423872038722,0.0001086423872038722,1.128748893737793
fourier_gate_s1p5_p4,0.15445606410503387,0.00011241029278608039,0.00011241029278608039,1.1308335065841675
fourier_gate_s1p5_p4,0.15577831864356995,0.00011630874359980226,0.00011630874359980226,1.1329500675201416
fourier_gate_s1p5_p4,0.15711189806461334,0.0001203425126732327,0.0001203425126732327,1.135098934173584
fourier_gate_s1p5_p4,0.15845689177513123,0.0001245160383405164,0.0001245160383405164,1.1372804641723633
fourier_gate_s1p5_p4,0.15981340408325195,0.0001288343919441104,0.0001288343919441104,1.1394952535629272
fourier_gate_s1p5_p4,0.1611815243959427,0.00013330251385923475,0.00013330251385923475,1.1417436599731445
fourier_gate_s1p5_p4,0.1625613570213318,0.00013792542449664325,0.00013792542449664325,1.1440261602401733
fourier_gate_s1p5_p4,0.1639530062675476,0.0001427087845513597,0.0001427087845513597,1.1463429927825928
fourier_gate_s1p5_p4,0.1653565615415573,0.00014765786181669682,0.00014765786181669682,1.1486949920654297
fourier_gate_s1p5_p4,0.16677214205265045,0.00015277868078555912,0.00015277868078555912,1.1510823965072632
fourier_gate_s1p5_p4,0.1681998372077942,0.00015807691670488566,0.00015807691670488566,1.1535056829452515
fourier_gate_s1p5_p4,0.16963975131511688,0.00016355901607312262,0.00016355901607312262,1.1559652090072632
fourier_gate_s1p5_p4,0.1710919886827469,0.00016923104703892022,0.00016923104703892022,1.1584616899490356
fourier_gate_s1p5_p4,0.17255665361881256,0.00017509992176201195,0.00017509992176201195,1.160995602607727
fourier_gate_s1p5_p4,0.17403388023376465,0.0001811721158446744,0.0001811721158446744,1.163567304611206
fourier_gate_s1p5_p4,0.17552372813224792,0.0001874550071079284,0.0001874550071079284,1.1661771535873413
fourier_gate_s1p5_p4,0.17702634632587433,0.00019395555136725307,0.00019395555136725307,1.1688261032104492
fourier_gate_s1p5_p4,0.17854182422161102,0.0002006816939683631,0.0002006816939683631,1.1715140342712402
fourier_gate_s1p5_p4,0.18007026612758636,0.0002076408127322793,0.0002076408127322793,1.1742417812347412
fourier_gate_s1p5_p4,0.1816118061542511,0.00021484143508132547,0.00021484143508132547,1.1770098209381104
fourier_gate_s1p5_p4,0.1831665337085724,0.00022229147725738585,0.00022229147725738585,1.179818868637085
fourier_gate_s1p5_p4,0.18473458290100098,0.00023000001965556294,0.00023000001965556294,1.1826691627502441
fourier_gate_s1p5_p4,0.18631604313850403,0.00023797560425009578,0.00023797560425009578,1.185561180114746
fourier_gate_s1p5_p4,0.1879110485315323,0.0002462279226165265,0.0002462279226165265,1.1884957551956177
fourier_gate_s1p5_p4,0.1895197033882141,0.00025476631708443165,0.00025476631708443165,1.1914730072021484
fourier_gate_s1p5_p4,0.19114212691783905,0.00026360046467743814,0.00026360046467743814,1.1944938898086548
fourier_gate_s1p5_p4,0.19277845323085785,0.00027274113381281495,0.00027274113381281495,1.1975586414337158
fourier_gate_s1p5_p4,0.19442877173423767,0.00028219842351973057,0.00028219842351973057,1.2006677389144897
fourier_gate_s1p5_p4,0.19609323143959045,0.00029198380070738494,0.00029198380070738494,1.203822135925293
fourier_gate_s1p5_p4,0.19777193665504456,0.000302108092000708,0.000302108092000708,1.2070221900939941
fourier_gate_s1p5_p4,0.19946500658988953,0.00031258363742381334,0.00031258363742381334,1.210268259048462
fourier_gate_s1p5_p4,0.2011725753545761,0.00032342199119739234,0.00032342199119739234,1.213560938835144
fourier_gate_s1p5_p4,0.20289476215839386,0.0003346363373566419,0.0003346363373566419,1.2169009447097778
fourier_gate_s1p5_p4,0.20463168621063232,0.00034623907413333654,0.00034623907413333654,1.2202887535095215
fourier_gate_s1p5_p4,0.20638348162174225,0.0003582441422622651,0.0003582441422622651,1.2237248420715332
fourier_gate_s1p5_p4,0.20815028250217438,0.0003706652787514031,0.0003706652787514031,1.2272099256515503
fourier_gate_s1p5_p4,0.20993220806121826,0.00038351694820448756,0.00038351694820448756,1.23074471950531
fourier_gate_s1p5_p4,0.21172937750816345,0.0003968140226788819,0.0003968140226788819,1.2343294620513916
fourier_gate_s1p5_p4,0.2135419398546219,0.0004105719563085586,0.0004105719563085586,1.2379649877548218
fourier_gate_s1p5_p4,0.21537001430988312,0.00042480663978494704,0.00042480663978494704,1.2416517734527588
fourier_gate_s1p5_p4,0.21721374988555908,0.0004395348660182208,0.0004395348660182208,1.2453901767730713
fourier_gate_s1p5_p4,0.21907325088977814,0.0004547730495687574,0.0004547730495687574,1.2491813898086548
fourier_gate_s1p5_p4,0.22094868123531342,0.0004705397295765579,0.0004705397295765579,1.2530256509780884
fourier_gate_s1p5_p4,0.22284016013145447,0.0004868523101322353,0.0004868523101322353,1.2569234371185303
fourier_gate_s1p5_p4,0.22474783658981323,0.000503730378113687,0.000503730378113687,1.2608754634857178
fourier_gate_s1p5_p4,0.22667184472084045,0.0005211932002566755,0.0005211932002566755,1.2648825645446777
fourier_gate_s1p5_p4,0.22861233353614807,0.000539261382073164,0.000539261382073164,1.2689449787139893
fourier_gate_s1p5_p4,0.23056942224502563,0.0005579553544521332,0.0005579553544521332,1.2730635404586792
fourier_gate_s1p5_p4,0.23254325985908508,0.0005772969452664256,0.0005772969452664256,1.2772387266159058
fourier_gate_s1p5_p4,0.23453401029109955,0.0005973086226731539,0.0005973086226731539,1.2814712524414062
fourier_gate_s1p5_p4,0.23654179275035858,0.0006180136115290225,0.0006180136115290225,1.2857619524002075
fourier_gate_s1p5_p4,0.23856677114963531,0.0006394357769750059,0.0006394357769750059,1.2901111841201782
fourier_gate_s1p5_p4,0.2406090646982193,0.0006615999736823142,0.0006615999736823142,1.294519305229187
fourier_gate_s1p5_p4,0.24266886711120605,0.000684531987644732,0.000684531987644732,1.2989877462387085
fourier_gate_s1p5_p4,0.24474628269672394,0.000708258303347975,0.000708258303347975,1.303516149520874
fourier_gate_s1p5_p4,0.24684149026870728,0.0007328063948079944,0.0007328063948079944,1.3081061840057373
fourier_gate_s1p5_p4,0.248954638838768,0.000758204550947994,0.000758204550947994,1.3127577304840088
fourier_gate_s1p5_p4,0.25108587741851807,0.0007844823994673789,0.0007844823994673789,1.3174716234207153
fourier_gate_s1p5_p4,0.2532353699207306,0.0008116706158034503,0.0008116706158034503,1.3222488164901733
fourier_gate_s1p5_p4,0.2554032504558563,0.0008397999336011708,0.0008397999336011708,1.327089548110962
fourier_gate_s1p5_p4,0.2575896680355072,0.0008689028327353299,0.0008689028327353299,1.331994652748108
fourier_gate_s1p5_p4,0.25979483127593994,0.0008990137139335275,0.0008990137139335275,1.336964726448059
fourier_gate_s1p5_p4,0.2620188891887665,0.0009301676182076335,0.0009301676182076335,1.3420004844665527
fourier_gate_s1p5_p4,0.26426196098327637,0.0009623995865695179,0.0009623995865695179,1.3471022844314575
fourier_gate_s1p5_p4,0.26652422547340393,0.0009957468137145042,0.0009957468137145042,1.3522714376449585
fourier_gate_s1p5_p4,0.2688058614730835,0.0010302489390596747,0.0010302489390596747,1.3575079441070557
fourier_gate_s1p5_p4,0.2711070477962494,0.001065945252776146,0.001065945252776146,1.3628127574920654
fourier_gate_s1p5_p4,0.27342793345451355,0.0011028774315491319,0.0011028774315491319,1.368186593055725
fourier_gate_s1p5_p4,0.2757686674594879,0.0011410872684791684,0.0011410872684791684,1.3736300468444824
fourier_gate_s1p5_p4,0.2781294584274292,0.0011806193506345153,0.0011806193506345153,1.3791438341140747
fourier_gate_s1p5_p4,0.28051045536994934,0.0012215194292366505,0.0012215194292366505,1.3847284317016602
fourier_gate_s1p5_p4,0.28291183710098267,0.0012638344196602702,0.0012638344196602702,1.390384554862976
fourier_gate_s1p5_p4,0.2853337526321411,0.0013076133327558637,0.0013076133327558637,1.3961131572723389
fourier_gate_s1p5_p4,0.2877764403820038,0.0013529068091884255,0.0013529068091884255,1.4019145965576172
fourier_gate_s1p5_p4,0.29024001955986023,0.0013997668866068125,0.0013997668866068125,1.4077893495559692
fourier_gate_s1p5_p4,0.2927246689796448,0.001448247698135674,0.001448247698135674,1.41373872756958
fourier_gate_s1p5_p4,0.2952306270599365,0.0014984052395448089,0.0014984052395448089,1.4197630882263184
fourier_gate_s1p5_p4,0.297758013010025,0.0015502971364185214,0.0015502971364185214,1.4258627891540527
fourier_gate_s1p5_p4,0.300307035446167,0.0016039832262322307,0.0016039832262322307,1.4320389032363892
fourier_gate_s1p5_p4,0.30287790298461914,0.001659525209106505,0.001659525209106505,1.4382919073104858
fourier_gate_s1p5_p4,0.305470734834671,0.0017169872298836708,0.0017169872298836708,1.4446223974227905
fourier_gate_s1p5_p4,0.3080857992172241,0.001776435412466526,0.001776435412466526,1.4510313272476196
fourier_gate_s1p5_p4,0.3107232451438904,0.001837938092648983,0.001837938092648983,1.4575191736221313
fourier_gate_s1p5_p4,0.3133832812309265,0.0019015669822692871,0.0019015669822692871,1.464086651802063
fourier_gate_s1p5_p4,0.31606605648994446,0.0019673926290124655,0.0019673926290124655,1.4707342386245728
fourier_gate_s1p5_p4,0.3187718093395233,0.002035493031144142,0.002035493031144142,1.4774627685546875
fourier_gate_s1p5_p4,0.3215007483959198,0.0021059466525912285,0.0021059466525912285,1.4842729568481445
fourier_gate_s1p5_p4,0.32425302267074585,0.002178831724449992,0.002178831724449992,1.4911651611328125
fourier_gate_s1p5_p4,0.32702887058258057,0.0022542355582118034,0.0022542355582118034,1.4981403350830078
fourier_gate_s1p5_p4,0.3298284709453583,0.0023322405759245157,0.0023322405759245157,1.5051989555358887
fourier_gate_s1p5_p4,0.3326520621776581,0.0024129406083375216,0.0024129406083375216,1.5123419761657715
fourier_gate_s1p5_p4,0.3354997932910919,0.0024964238982647657,0.0024964238982647657,1.5195696353912354
fourier_gate_s1p5_p4,0.3383719325065613,0.002582790330052376,0.002582790330052376,1.5268826484680176
fourier_gate_s1p5_p4,0.3412686288356781,0.002672133967280388,0.002672133967280388,1.5342817306518555
fourier_gate_s1p5_p4,0.34419015049934387,0.0027645626105368137,0.0027645626105368137,1.5417675971984863
fourier_gate_s1p5_p4,0.3471366763114929,0.002860177541151643,0.002860177541151643,1.5493407249450684
fourier_gate_s1p5_p4,0.35010841488838196,0.002959089819341898,0.002959089819341898,1.5570018291473389
fourier_gate_s1p5_p4,0.3531056046485901,0.0030614121351391077,0.0030614121351391077,1.564751386642456
fourier_gate_s1p5_p4,0.356128454208374,0.00316726160235703,0.00316726160235703,1.5725902318954468
fourier_gate_s1p5_p4,0.3591771721839905,0.00327675836160779,0.00327675836160779,1.5805187225341797
fourier_gate_s1p5_p4,0.36225199699401855,0.0033900283742696047,0.0033900283742696047,1.588537573814392
fourier_gate_s1p5_p4,0.36535313725471497,0.00350719946436584,0.00350719946436584,1.5966471433639526
fourier_gate_s1p5_p4,0.3684808313846588,0.003628405975177884,0.003628405975177884,1.6048485040664673
fourier_gate_s1p5_p4,0.3716353178024292,0.0037537869065999985,0.0037537869065999985,1.6131415367126465
fourier_gate_s1p5_p4,0.37481677532196045,0.00388348032720387,0.00388348032720387,1.6215276718139648
fourier_gate_s1p5_p4,0.37802550196647644,0.004017640370875597,0.004017640370875597,1.630007028579712
fourier_gate_s1p5_p4,0.3812616765499115,0.004156413488090038,0.004156413488090038,1.6385796070098877
fourier_gate_s1p5_p4,0.3845255374908447,0.004299957305192947,0.004299957305192947,1.6472464799880981
fourier_gate_s1p5_p4,0.3878173828125,0.004448441322892904,0.004448441322892904,1.656008005142212
fourier_gate_s1p5_p4,0.39113736152648926,0.004602023400366306,0.004602023400366306,1.6648650169372559
fourier_gate_s1p5_p4,0.39448580145835876,0.004760887939482927,0.004760887939482927,1.6738176345825195
fourier_gate_s1p5_p4,0.39786288142204285,0.004925206769257784,0.004925206769257784,1.6828665733337402
fourier_gate_s1p5_p4,0.4012688994407654,0.005095168016850948,0.005095168016850948,1.6920121908187866
fourier_gate_s1p5_p4,0.4047040641307831,0.005270963069051504,0.005270963069051504,1.7012548446655273
fourier_gate_s1p5_p4,0.40816861391067505,0.005452790763229132,0.005452790763229132,1.7105947732925415
fourier_gate_s1p5_p4,0.41166284680366516,0.0056408545933663845,0.0056408545933663845,1.720033049583435
fourier_gate_s1p5_p4,0.41518697142601013,0.005835366901010275,0.005835366901010275,1.7295693159103394
fourier_gate_s1p5_p4,0.41874128580093384,0.006036545615643263,0.006036545615643263,1.7392042875289917
fourier_gate_s1p5_p4,0.4223260283470154,0.00624461704865098,0.00624461704865098,1.7489384412765503
fourier_gate_s1p5_p4,0.42594143748283386,0.0064598130993545055,0.0064598130993545055,1.7587721347808838
fourier_gate_s1p5_p4,0.42958781123161316,0.0066823759116232395,0.0066823759116232395,1.7687056064605713
fourier_gate_s1p5_p4,0.43326541781425476,0.006912552751600742,0.006912552751600742,1.7787389755249023
fourier_gate_s1p5_p4,0.4369744658470154,0.0071506015956401825,0.0071506015956401825,1.7888723611831665
fourier_gate_s1p5_p4,0.44071531295776367,0.007396790664643049,0.007396790664643049,1.7991067171096802
fourier_gate_s1p5_p4,0.44448816776275635,0.007651386316865683,0.007651386316865683,1.8094416856765747
fourier_gate_s1p5_p4,0.4482932984828949,0.007914671674370766,0.007914671674370766,1.81987726688385
fourier_gate_s1p5_p4,0.4521310329437256,0.008186949416995049,0.008186949416995049,1.8304145336151123
fourier_gate_s1p5_p4,0.4560016095638275,0.008468510583043098,0.008468510583043098,1.8410524129867554
fourier_gate_s1p5_p4,0.4599052965641022,0.008759665302932262,0.008759665302932262,1.8517919778823853
fourier_gate_s1p5_p4,0.4638424515724182,0.009060746990144253,0.009060746990144253,1.8626328706741333
fourier_gate_s1p5_p4,0.46781328320503235,0.009372075088322163,0.009372075088322163,1.8735753297805786
fourier_gate_s1p5_p4,0.47181808948516846,0.009693996049463749,0.009693996049463749,1.884618878364563
fourier_gate_s1p5_p4,0.4758571982383728,0.010026862844824791,0.010026862844824791,1.8957639932632446
fourier_gate_s1p5_p4,0.47993090748786926,0.010371038690209389,0.010371038690209389,1.9070104360580444
fourier_gate_s1p5_p4,0.48403945565223694,0.010726901702582836,0.010726901702582836,1.9183580875396729
fourier_gate_s1p5_p4,0.4881832003593445,0.011094838380813599,0.011094838380813599,1.9298067092895508
fourier_gate_s1p5_p4,0.4923624098300934,0.011475247330963612,0.011475247330963612,1.9413559436798096
fourier_gate_s1p5_p4,0.4965773820877075,0.011868544854223728,0.011868544854223728,1.9530060291290283
fourier_gate_s1p5_p4,0.5008284449577332,0.012275154702365398,0.012275154702365398,1.9647561311721802
fourier_gate_s1p5_p4,0.5051159262657166,0.012695514596998692,0.012695514596998692,1.9766063690185547
fourier_gate_s1p5_p4,0.5094400644302368,0.01313007902354002,0.01313007902354002,1.9885557889938354
fourier_gate_s1p5_p4,0.5138012766838074,0.013579313643276691,0.013579313643276691,2.0006046295166016
fourier_gate_s1p5_p4,0.5181998014450073,0.014043699949979782,0.014043699949979782,2.012751817703247
fourier_gate_s1p5_p4,0.5226359963417053,0.01452373992651701,0.01452373992651701,2.0249969959259033
fourier_gate_s1p5_p4,0.5271100997924805,0.015019924379885197,0.015019924379885197,2.037339210510254
fourier_gate_s1p5_p4,0.531622588634491,0.015532810240983963,0.015532810240983963,2.049778461456299
fourier_gate_s1p5_p4,0.5361736416816711,0.01606290601193905,0.01606290601193905,2.0623130798339844
fourier_gate_s1p5_p4,0.5407636761665344,0.016610795632004738,0.016610795632004738,2.0749428272247314
fourier_gate_s1p5_p4,0.5453930497169495,0.017177054658532143,0.017177054658532143,2.0876667499542236
fourier_gate_s1p5_p4,0.5500620603561401,0.017762262374162674,0.017762262374162674,2.1004838943481445
fourier_gate_s1p5_p4,0.5547710061073303,0.018367040902376175,0.018367040902376175,2.1133928298950195
fourier_gate_s1p5_p4,0.5595202445983887,0.018991997465491295,0.018991997465491295,2.1263926029205322
fourier_gate_s1p5_p4,0.5643101334571838,0.019637802615761757,0.019637802615761757,2.139482021331787
fourier_gate_s1p5_p4,0.5691410303115845,0.02030511200428009,0.02030511200428009,2.1526594161987305
fourier_gate_s1p5_p4,0.5740132927894592,0.020994611084461212,0.020994611084461212,2.165924072265625
fourier_gate_s1p5_p4,0.5789272785186768,0.02170700579881668,0.02170700579881668,2.1792736053466797
fourier_gate_s1p5_p4,0.5838833451271057,0.022443030029535294,0.022443030029535294,2.192707061767578
fourier_gate_s1p5_p4,0.58888179063797,0.023203397169709206,0.023203397169709206,2.2062222957611084
fourier_gate_s1p5_p4,0.5939230918884277,0.023988915607333183,0.023988915607333183,2.219818353652954
fourier_gate_s1p5_p4,0.5990074872970581,0.02480032667517662,0.02480032667517662,2.233491897583008
fourier_gate_s1p5_p4,0.6041354537010193,0.025638490915298462,0.025638490915298462,2.2472422122955322
fourier_gate_s1p5_p4,0.6093072891235352,0.026504194363951683,0.026504194363951683,2.261066198348999
fourier_gate_s1p5_p4,0.6145234107971191,0.027398310601711273,0.027398310601711273,2.2749619483947754
fourier_gate_s1p5_p4,0.6197841763496399,0.028321711346507072,0.028321711346507072,2.2889270782470703
fourier_gate_s1p5_p4,0.6250900030136108,0.02927529625594616,0.02927529625594616,2.3029587268829346
fourier_gate_s1p5_p4,0.6304412484169006,0.030259987339377403,0.030259987339377403,2.3170547485351562
fourier_gate_s1p5_p4,0.6358382701873779,0.03127673268318176,0.03127673268318176,2.331212043762207
fourier_gate_s1p5_p4,0.6412815451622009,0.032326504588127136,0.032326504588127136,2.3454270362854004
fourier_gate_s1p5_p4,0.6467713713645935,0.033410292118787766,0.033410292118787766,2.3596975803375244
fourier_gate_s1p5_p4,0.6523082256317139,0.03452911972999573,0.03452911972999573,2.3740200996398926
fourier_gate_s1p5_p4,0.6578924655914307,0.03568403795361519,0.03568403795361519,2.3883907794952393
fourier_gate_s1p5_p4,0.6635245084762573,0.03687610477209091,0.03687610477209091,2.402806043624878
fourier_gate_s1p5_p4,0.6692047715187073,0.038106419146060944,0.038106419146060944,2.4172627925872803
fourier_gate_s1p5_p4,0.6749336123466492,0.039376091212034225,0.039376091212034225,2.4317562580108643
fourier_gate_s1p5_p4,0.680711567401886,0.040686290711164474,0.040686290711164474,2.4462826251983643
fourier_gate_s1p5_p4,0.6865389347076416,0.04203817620873451,0.04203817620873451,2.4608380794525146
fourier_gate_s1p5_p4,0.692416250705719,0.04343295842409134,0.04343295842409134,2.4754176139831543
fourier_gate_s1p5_p4,0.698343813419342,0.04487182945013046,0.04487182945013046,2.490016460418701
fourier_gate_s1p5_p4,0.7043221592903137,0.046356067061424255,0.046356067061424255,2.5046300888061523
fourier_gate_s1p5_p4,0.7103517055511475,0.047886960208415985,0.047886960208415985,2.5192527770996094
fourier_gate_s1p5_p4,0.7164328098297119,0.04946574196219444,0.04946574196219444,2.5338797569274902
fourier_gate_s1p5_p4,0.7225660085678101,0.05109382048249245,0.05109382048249245,2.5485053062438965
fourier_gate_s1p5_p4,0.7287517189979553,0.052772507071495056,0.052772507071495056,2.563124179840088
fourier_gate_s1p5_p4,0.7349903583526611,0.05450315773487091,0.05450315773487091,2.5777294635772705
fourier_gate_s1p5_p4,0.7412824630737305,0.05628721043467522,0.05628721043467522,2.592315673828125
fourier_gate_s1p5_p4,0.747628390789032,0.0581260621547699,0.0581260621547699,2.6068761348724365
fourier_gate_s1p5_p4,0.7540286183357239,0.06002116575837135,0.06002116575837135,2.6214046478271484
fourier_gate_s1p5_p4,0.7604836821556091,0.06197398155927658,0.06197398155927658,2.6358935832977295
fourier_gate_s1p5_p4,0.7669939398765564,0.06398602575063705,0.06398602575063705,2.6503357887268066
fourier_gate_s1p5_p4,0.7735599875450134,0.06605877727270126,0.06605877727270126,2.664724588394165
fourier_gate_s1p5_p4,0.7801822423934937,0.06819378584623337,0.06819378584623337,2.679051637649536
fourier_gate_s1p5_p4,0.7868611812591553,0.07039260119199753,0.07039260119199753,2.6933090686798096
fourier_gate_s1p5_p4,0.7935972809791565,0.0726567804813385,0.0726567804813385,2.707489252090454
fourier_gate_s1p5_p4,0.8003910779953003,0.07498791813850403,0.07498791813850403,2.721583604812622
fourier_gate_s1p5_p4,0.8072429895401001,0.07738760113716125,0.07738760113716125,2.7355830669403076
fourier_gate_s1p5_p4,0.8141536116600037,0.07985745370388031,0.07985745370388031,2.749478578567505
fourier_gate_s1p5_p4,0.8211233615875244,0.08239908516407013,0.08239908516407013,2.763261318206787
fourier_gate_s1p5_p4,0.8281527757644653,0.08501414209604263,0.08501414209604263,2.7769219875335693
fourier_gate_s1p5_p4,0.8352423906326294,0.08770427852869034,0.08770427852869034,2.790449857711792
fourier_gate_s1p5_p4,0.8423926830291748,0.09047109633684158,0.09047109633684158,2.803835868835449
fourier_gate_s1p5_p4,0.8496041893959045,0.09331627190113068,0.09331627190113068,2.8170690536499023
fourier_gate_s1p5_p4,0.8568774461746216,0.09624148160219193,0.09624148160219193,2.830139636993408
fourier_gate_s1p5_p4,0.8642129302024841,0.09924830496311188,0.09924830496311188,2.8430356979370117
fourier_gate_s1p5_p4,0.8716112375259399,0.10233845561742783,0.10233845561742783,2.855747699737549
fourier_gate_s1p5_p4,0.8790728449821472,0.1055135428905487,0.1055135428905487,2.868262767791748
fourier_gate_s1p5_p4,0.8865984082221985,0.10877523571252823,0.10877523571252823,2.88057017326355
fourier_gate_s1p5_p4,0.8941883444786072,0.11212509125471115,0.11212509125471115,2.8926570415496826
fourier_gate_s1p5_p4,0.901843249797821,0.11556471884250641,0.11556471884250641,2.904512882232666
fourier_gate_s1p5_p4,0.9095636606216431,0.11909570544958115,0.11909570544958115,2.9161248207092285
fourier_gate_s1p5_p4,0.9173502326011658,0.12271963804960251,0.12271963804960251,2.9274797439575195
fourier_gate_s1p5_p4,0.9252034425735474,0.12643802165985107,0.12643802165985107,2.938565492630005
fourier_gate_s1p5_p4,0.9331238269805908,0.13025230169296265,0.13025230169296265,2.949368953704834
fourier_gate_s1p5_p4,0.9411121010780334,0.1341640055179596,0.1341640055179596,2.9598772525787354
fourier_gate_s1p5_p4,0.9491686820983887,0.13817450404167175,0.13817450404167175,2.9700770378112793
fourier_gate_s1p5_p4,0.9572942852973938,0.14228519797325134,0.14228519797325134,2.9799540042877197
fourier_gate_s1p5_p4,0.9654894471168518,0.14649741351604462,0.14649741351604462,2.9894967079162598
fourier_gate_s1p5_p4,0.9737547039985657,0.15081235766410828,0.15081235766410828,2.9986894130706787
fourier_gate_s1p5_p4,0.9820907711982727,0.155231311917305,0.155231311917305,3.0075197219848633
fourier_gate_s1p5_p4,0.9904981851577759,0.1597553789615631,0.1597553789615631,3.0159730911254883
fourier_gate_s1p5_p4,0.9989776015281677,0.1643856316804886,0.1643856316804886,3.024035692214966
fourier_gate_s1p5_p4,1.007529616355896,0.169123113155365,0.169123113155365,3.03169322013855
fourier_gate_s1p5_p4,1.0161547660827637,0.1739686280488968,0.1739686280488968,3.0389323234558105
fourier_gate_s1p5_p4,1.0248538255691528,0.1789231300354004,0.1789231300354004,3.04573917388916
fourier_gate_s1p5_p4,1.0336273908615112,0.1839873343706131,0.1839873343706131,3.0520992279052734
fourier_gate_s1p5_p4,1.042475938796997,0.1891617476940155,0.1891617476940155,3.0579988956451416
fourier_gate_s1p5_p4,1.0514003038406372,0.1944470852613449,0.1944470852613449,3.063425302505493
fourier_gate_s1p5_p4,1.0604010820388794,0.19984370470046997,0.19984370470046997,3.0683634281158447
fourier_gate_s1p5_p4,1.0694788694381714,0.20535188913345337,0.20535188913345337,3.072800874710083
fourier_gate_s1p5_p4,1.0786343812942505,0.21097184717655182,0.21097184717655182,3.0767242908477783
fourier_gate_s1p5_p4,1.087868332862854,0.21670374274253845,0.21670374274253845,3.080120325088501
fourier_gate_s1p5_p4,1.0971813201904297,0.22254739701747894,0.22254739701747894,3.0829763412475586
fourier_gate_s1p5_p4,1.1065739393234253,0.22850264608860016,0.22850264608860016,3.085280418395996
fourier_gate_s1p5_p4,1.1160470247268677,0.23456916213035583,0.23456916213035583,3.0870203971862793
fourier_gate_s1p5_p4,1.1256012916564941,0.24074657261371613,0.24074657261371613,3.088184118270874
fourier_gate_s1p5_p4,1.135237216949463,0.24703404307365417,0.24703404307365417,3.0887610912323
fourier_gate_s1p5_p4,1.1449557542800903,0.2534310221672058,0.2534310221672058,3.088740110397339
fourier_gate_s1p5_p4,1.1547573804855347,0.2599363625049591,0.2599363625049591,3.08811092376709
fourier_gate_s1p5_p4,1.1646429300308228,0.26654908061027527,0.26654908061027527,3.0868639945983887
fourier_gate_s1p5_p4,1.174613118171692,0.2732679545879364,0.2732679545879364,3.0849900245666504
fourier_gate_s1p5_p4,1.1846686601638794,0.2800914943218231,0.2800914943218231,3.0824801921844482
fourier_gate_s1p5_p4,1.194810390472412,0.28701817989349365,0.28701817989349365,3.0793275833129883
fourier_gate_s1p5_p4,1.2050387859344482,0.2940461039543152,0.2940461039543152,3.07552433013916
fourier_gate_s1p5_p4,1.2153548002243042,0.30117347836494446,0.30117347836494446,3.0710642337799072
fourier_gate_s1p5_p4,1.2257591485977173,0.30839812755584717,0.30839812755584717,3.065941572189331
fourier_gate_s1p5_p4,1.2362525463104248,0.31571778655052185,0.31571778655052185,3.0601518154144287
fourier_gate_s1p5_p4,1.2468358278274536,0.3231300115585327,0.3231300115585327,3.0536906719207764
fourier_gate_s1p5_p4,1.2575095891952515,0.33063212037086487,0.33063212037086487,3.046555280685425
fourier_gate_s1p5_p4,1.2682749032974243,0.3382215201854706,0.3382215201854706,3.038743019104004
fourier_gate_s1p5_p4,1.2791322469711304,0.345894992351532,0.345894992351532,3.0302531719207764
fourier_gate_s1p5_p4,1.290082573890686,0.3536495268344879,0.3536495268344879,3.021085023880005
fourier_gate_s1p5_p4,1.3011265993118286,0.36148181557655334,0.36148181557655334,3.0112392902374268
fourier_gate_s1p5_p4,1.312265157699585,0.3693884611129761,0.3693884611129761,3.0007174015045166
fourier_gate_s1p5_p4,1.3234992027282715,0.3773658871650696,0.3773658871650696,2.989522695541382
fourier_gate_s1p5_p4,1.334829330444336,0.38541027903556824,0.38541027903556824,2.9776580333709717
fourier_gate_s1p5_p4,1.3462563753128052,0.3935176432132721,0.3935176432132721,2.9651288986206055
fourier_gate_s1p5_p4,1.3577814102172852,0.4016842842102051,0.4016842842102051,2.9519410133361816
fourier_gate_s1p5_p4,1.3694050312042236,0.4099057614803314,0.4099057614803314,2.938101053237915
fourier_gate_s1p5_p4,1.3811280727386475,0.41817787289619446,0.41817787289619446,2.923616409301758
fourier_gate_s1p5_p4,1.3929516077041626,0.42649632692337036,0.42649632692337036,2.908496618270874
fourier_gate_s1p5_p4,1.4048762321472168,0.43485650420188904,0.43485650420188904,2.8927512168884277
fourier_gate_s1p5_p4,1.416903018951416,0.4432539641857147,0.4432539641857147,2.8763914108276367
fourier_gate_s1p5_p4,1.429032802581787,0.45168396830558777,0.45168396830558777,2.8594295978546143
fourier_gate_s1p5_p4,1.441266417503357,0.4601418077945709,0.4601418077945709,2.8418781757354736
fourier_gate_s1p5_p4,1.4536046981811523,0.4686226546764374,0.4686226546764374,2.823751449584961
fourier_gate_s1p5_p4,1.4660485982894897,0.47712165117263794,0.47712165117263794,2.8050644397735596
fourier_gate_s1p5_p4,1.4785990715026855,0.4856339693069458,0.4856339693069458,2.785832405090332
fourier_gate_s1p5_p4,1.4912569522857666,0.49415457248687744,0.49415457248687744,2.7660727500915527
fourier_gate_s1p5_p4,1.5040231943130493,0.5026785135269165,0.5026785135269165,2.745802640914917
fourier_gate_s1p5_p4,1.51689875125885,0.511201024055481,0.511201024055481,2.725040912628174
fourier_gate_s1p5_p4,1.5298845767974854,0.5197169780731201,0.5197169780731201,2.703806161880493
fourier_gate_s1p5_p4,1.542981505393982,0.5282214879989624,0.5282214879989624,2.6821184158325195
fourier_gate_s1p5_p4,1.5561906099319458,0.5367096662521362,0.5367096662521362,2.659998655319214
fourier_gate_s1p5_p4,1.5695127248764038,0.5451765656471252,0.5451765656471252,2.637467861175537
fourier_gate_s1p5_p4,1.582948923110962,0.5536174774169922,0.5536174774169922,2.6145477294921875
fourier_gate_s1p5_p4,1.5965001583099365,0.5620275735855103,0.5620275735855103,2.5912601947784424
fourier_gate_s1p5_p4,1.610167384147644,0.5704021453857422,0.5704021453857422,2.5676286220550537
fourier_gate_s1p5_p4,1.6239515542984009,0.5787366032600403,0.5787366032600403,2.5436761379241943
fourier_gate_s1p5_p4,1.637853741645813,0.5870264768600464,0.5870264768600464,2.519425868988037
fourier_gate_s1p5_p4,1.6518750190734863,0.5952672958374023,0.5952672958374023,2.494901657104492
fourier_gate_s1p5_p4,1.6660163402557373,0.6034547686576843,0.6034547686576843,2.470127820968628
fourier_gate_s1p5_p4,1.6802786588668823,0.6115846633911133,0.6115846633911133,2.445128917694092
fourier_gate_s1p5_p4,1.6946630477905273,0.6196529269218445,0.6196529269218445,2.4199283123016357
fourier_gate_s1p5_p4,1.7091705799102783,0.6276556849479675,0.6276556849479675,2.3945515155792236
fourier_gate_s1p5_p4,1.7238024473190308,0.635589063167572,0.635589063167572,2.3690223693847656
fourier_gate_s1p5_p4,1.738559365272522,0.6434493660926819,0.6434493660926819,2.3433656692504883
fourier_gate_s1p5_p4,1.7534427642822266,0.6512331366539001,0.6512331366539001,2.317605495452881
fourier_gate_s1p5_p4,1.7684534788131714,0.6589371562004089,0.6589371562004089,2.2917656898498535
fourier_gate_s1p5_p4,1.7835928201675415,0.6665581464767456,0.6665581464767456,2.2658708095550537
fourier_gate_s1p5_p4,1.7988616228103638,0.6740929484367371,0.6740929484367371,2.2399439811706543
fourier_gate_s1p5_p4,1.8142613172531128,0.6815389394760132,0.6815389394760132,2.2140090465545654
fourier_gate_s1p5_p4,1.8297927379608154,0.6888932585716248,0.6888932585716248,2.1880886554718018
fourier_gate_s1p5_p4,1.8454570770263672,0.6961535215377808,0.6961535215377808,2.162205457687378
fourier_gate_s1p5_p4,1.8612555265426636,0.7033172845840454,0.7033172845840454,2.1363816261291504
fourier_gate_s1p5_p4,1.8771892786026,0.7103824019432068,0.7103824019432068,2.1106393337249756
fourier_gate_s1p5_p4,1.8932594060897827,0.7173469066619873,0.7173469066619873,2.0849990844726562
fourier_gate_s1p5_p4,1.909467101097107,0.7242089509963989,0.7242089509963989,2.059481620788574
fourier_gate_s1p5_p4,1.9258135557174683,0.7309668660163879,0.7309668660163879,2.0341074466705322
fourier_gate_s1p5_p4,1.9422999620437622,0.7376192212104797,0.7376192212104797,2.0088953971862793
fourier_gate_s1p5_p4,1.9589273929595947,0.7441645860671997,0.7441645860671997,1.9838650226593018
fourier_gate_s1p5_p4,1.9756972789764404,0.7506018877029419,0.7506018877029419,1.9590333700180054
fourier_gate_s1p5_p4,1.9926106929779053,0.7569302320480347,0.7569302320480347,1.9344186782836914
fourier_gate_s1p5_p4,2.009669065475464,0.7631486654281616,0.7631486654281616,1.9100366830825806
fourier_gate_s1p5_p4,2.0268731117248535,0.7692563533782959,0.7692563533782959,1.8859055042266846
fourier_gate_s1p5_p4,2.044224739074707,0.7752529978752136,0.7752529978752136,1.8620376586914062
fourier_gate_s1p5_p4,2.061724901199341,0.7811381816864014,0.7811381816864014,1.838449478149414
fourier_gate_s1p5_p4,2.0793747901916504,0.7869115471839905,0.7869115471839905,1.8151538372039795
fourier_gate_s1p5_p4,2.0971755981445312,0.7925730347633362,0.7925730347633362,1.7921648025512695
fourier_gate_s1p5_p4,2.115128993988037,0.798122763633728,0.798122763633728,1.769492745399475
fourier_gate_s1p5_p4,2.1332361698150635,0.8035608530044556,0.8035608530044556,1.7471504211425781
fourier_gate_s1p5_p4,2.151498317718506,0.8088874816894531,0.8088874816894531,1.7251479625701904
fourier_gate_s1p5_p4,2.1699166297912598,0.8141030073165894,0.8141030073165894,1.7034958600997925
fourier_gate_s1p5_p4,2.188492774963379,0.8192081451416016,0.8192081451416016,1.6822021007537842
fourier_gate_s1p5_p4,2.207227945327759,0.8242033123970032,0.8242033123970032,1.6612752676010132
fourier_gate_s1p5_p4,2.226123332977295,0.8290892243385315,0.8290892243385315,1.640723705291748
fourier_gate_s1p5_p4,2.245180606842041,0.8338667750358582,0.8338667750358582,1.6205534934997559
fourier_gate_s1p5_p4,2.2644009590148926,0.8385366797447205,0.8385366797447205,1.6007707118988037
fourier_gate_s1p5_p4,2.2837860584259033,0.8431001901626587,0.8431001901626587,1.5813803672790527
fourier_gate_s1p5_p4,2.3033368587493896,0.8475580215454102,0.8475580215454102,1.5623879432678223
fourier_gate_s1p5_p4,2.3230550289154053,0.8519114255905151,0.8519114255905151,1.5437963008880615
fourier_gate_s1p5_p4,2.342942237854004,0.8561617732048035,0.8561617732048035,1.525608777999878
fourier_gate_s1p5_p4,2.362999439239502,0.8603099584579468,0.8603099584579468,1.5078284740447998
fourier_gate_s1p5_p4,2.3832285404205322,0.8643575310707092,0.8643575310707092,1.490456223487854
fourier_gate_s1p5_p4,2.4036307334899902,0.8683057427406311,0.8683057427406311,1.473494052886963
fourier_gate_s1p5_p4,2.4242076873779297,0.8721561431884766,0.8721561431884766,1.4569422006607056
fourier_gate_s1p5_p4,2.444960594177246,0.8759099245071411,0.8759099245071411,1.440800428390503
fourier_gate_s1p5_p4,2.4658913612365723,0.8795687556266785,0.8795687556266785,1.4250682592391968
fourier_gate_s1p5_p4,2.4870011806488037,0.8831340670585632,0.8831340670585632,1.4097446203231812
fourier_gate_s1p5_p4,2.508291721343994,0.8866075277328491,0.8866075277328491,1.3948272466659546
fourier_gate_s1p5_p4,2.529764413833618,0.889990508556366,0.889990508556366,1.3803142309188843
fourier_gate_s1p5_p4,2.5514211654663086,0.893284797668457,0.893284797668457,1.3662028312683105
fourier_gate_s1p5_p4,2.573263168334961,0.8964918851852417,0.8964918851852417,1.352489709854126
fourier_gate_s1p5_p4,2.595292329788208,0.8996133804321289,0.8996133804321289,1.339171051979065
fourier_gate_s1p5_p4,2.6175098419189453,0.9026509523391724,0.9026509523391724,1.326243281364441
fourier_gate_s1p5_p4,2.6399176120758057,0.9056063294410706,0.9056063294410706,1.3137011528015137
fourier_gate_s1p5_p4,2.6625173091888428,0.9084809422492981,0.9084809422492981,1.3015402555465698
fourier_gate_s1p5_p4,2.6853103637695312,0.9112767577171326,0.9112767577171326,1.2897552251815796
fourier_gate_s1p5_p4,2.708298683166504,0.9139952063560486,0.9139952063560486,1.2783408164978027
fourier_gate_s1p5_p4,2.7314836978912354,0.9166378974914551,0.9166378974914551,1.267290472984314
fourier_gate_s1p5_p4,2.7548673152923584,0.9192067384719849,0.9192067384719849,1.256598711013794
fourier_gate_s1p5_p4,2.7784509658813477,0.9217029809951782,0.9217029809951782,1.246259331703186
fourier_gate_s1p5_p4,2.802236557006836,0.9241285920143127,0.9241285920143127,1.2362650632858276
fourier_gate_s1p5_p4,2.826225757598877,0.9264849424362183,0.9264849424362183,1.226609706878662
fourier_gate_s1p5_p4,2.8504204750061035,0.9287739396095276,0.9287739396095276,1.2172858715057373
fourier_gate_s1p5_p4,2.8748221397399902,0.930996835231781,0.930996835231781,1.2082868814468384
fourier_gate_s1p5_p4,2.89943265914917,0.9331552982330322,0.9331552982330322,1.199605107307434
fourier_gate_s1p5_p4,2.9242539405822754,0.9352510571479797,0.9352510571479797,1.191233515739441
fourier_gate_s1p5_p4,2.9492876529693604,0.9372854232788086,0.9372854232788086,1.183164358139038
fourier_gate_s1p5_p4,2.9745359420776367,0.9392601251602173,0.9392601251602173,1.1753904819488525
fourier_gate_s1p5_p4,3.0,0.9411764740943909,0.9411764740943909,1.167904019355774
fourier_gate_s1p5_p4_plateau_lo0p8_hi1,0.10000000149011612,1.9752693333430216e-05,1.9752693333430216e-05,1.0568252801895142
fourier_gate_s1p5_p4_plateau_lo0p8_hi1,0.10085607320070267,2.043781387328636e-05,2.043781387328636e-05,1.057775616645813
fourier_gate_s1p5_p4_plateau_lo0p8_hi1,0.10171947628259659,2.114667950081639e-05,2.114667950081639e-05,1.0587414503097534
fourier_gate_s1p5_p4_plateau_lo0p8_hi1,0.10259027034044266,2.188014696002938e-05,2.188014696002938e-05,1.059722900390625
fourier_gate_s1p5_p4_plateau_lo0p8_hi1,0.10346852242946625,2.2639036615146324e-05,2.2639036615146324e-05,1.0607203245162964
fourier_gate_s1p5_p4_plateau_lo0p8_hi1,0.10435428470373154,2.3424267055816017e-05,2.3424267055816017e-05,1.0617338418960571
fourier_gate_s1p5_p4_plateau_lo0p8_hi1,0.10524763911962509,2.423671139695216e-05,2.423671139695216e-05,1.062764048576355
fourier_gate_s1p5_p4_plateau_lo0p8_hi1,0.1061486303806305,2.5077357349800877e-05,2.5077357349800877e-05,1.0638108253479004
fourier_gate_s1p5_p4_plateau_lo0p8_hi1,0.1070573478937149,2.5947134417947382e-05,2.5947134417947382e-05,1.0648744106292725
fourier_gate_s1p5_p4_plateau_lo0p8_hi1,0.10797383636236191,2.6847104891203344e-05,2.6847104891203344e-05,1.0659552812576294
fourier_gate_s1p5_p4_plateau_lo0p8_hi1,0.10889817029237747,2.7778260118793696e-05,2.7778260118793696e-05,1.0670535564422607
fourier_gate_s1p5_p4_plateau_lo0p8_hi1,0.10983041673898697,2.874173878808506e-05,2.874173878808506e-05,1.0681695938110352
fourier_gate_s1p5_p4_plateau_lo0p8_hi1,0.11077065020799637,2.9738608645857312e-05,2.9738608645857312e-05,1.0693036317825317
fourier_gate_s1p5_p4_plateau_lo0p8_hi1,0.11171893030405045,3.0770079320063815e-05,3.0770079320063815e-05,1.0704559087753296
fourier_gate_s1p5_p4_plateau_lo0p8_hi1,0.11267532408237457,3.18372949550394e-05,3.18372949550394e-05,1.0716267824172974
fourier_gate_s1p5_p4_plateau_lo0p8_hi1,0.11363990604877472,3.29415597661864e-05,3.29415597661864e-05,1.0728163719177246
fourier_gate_s1p5_p4_plateau_lo0p8_hi1,0.11461275070905685,3.408411794225685e-05,3.408411794225685e-05,1.0740249156951904
fourier_gate_s1p5_p4_plateau_lo0p8_hi1,0.11559391766786575,3.52662755176425e-05,3.52662755176425e-05,1.0752531290054321
fourier_gate_s1p5_p4_plateau_lo0p8_hi1,0.11658348888158798,3.648946221801452e-05,3.648946221801452e-05,1.0765008926391602
fourier_gate_s1p5_p4_plateau_lo0p8_hi1,0.11758153140544891,3.775503864744678e-05,3.775503864744678e-05,1.0777685642242432
fourier_gate_s1p5_p4_plateau_lo0p8_hi1,0.11858811229467392,3.906454730895348e-05,3.906454730895348e-05,1.0790566205978394
fourier_gate_s1p5_p4_plateau_lo0p8_hi1,0.11960331350564957,4.041943248012103e-05,4.041943248012103e-05,1.0803653001785278
fourier_gate_s1p5_p4_plateau_lo0p8_hi1,0.12062720954418182,4.1821349441306666e-05,4.1821349441306666e-05,1.0816946029663086
fourier_gate_s1p5_p4_plateau_lo0p8_hi1,0.12165986746549606,4.3271844333503395e-05,4.3271844333503395e-05,1.083045244216919
fourier_gate_s1p5_p4_plateau_lo0p8_hi1,0.12270136922597885,4.477269249036908e-05,4.477269249036908e-05,1.0844172239303589
fourier_gate_s1p5_p4_plateau_lo0p8_hi1,0.12375178188085556,4.6325545554282144e-05,4.6325545554282144e-05,1.0858112573623657
fourier_gate_s1p5_p4_plateau_lo0p8_hi1,0.12481118738651276,4.7932302550179884e-05,4.7932302550179884e-05,1.08722722530365
fourier_gate_s1p5_p4_plateau_lo0p8_hi1,0.1258796602487564,4.959473881172016e-05,4.959473881172016e-05,1.0886657238006592
fourier_gate_s1p5_p4_plateau_lo0p8_hi1,0.12695728242397308,5.1314873417140916e-05,5.1314873417140916e-05,1.0901269912719727
fourier_gate_s1p5_p4_plateau_lo0p8_hi1,0.12804412841796875,5.309461630531587e-05,5.309461630531587e-05,1.0916112661361694
fourier_gate_s1p5_p4_plateau_lo0p8_hi1,0.12914028763771057,5.493613934959285e-05,5.493613934959285e-05,1.0931190252304077
fourier_gate_s1p5_p4_plateau_lo0p8_hi1,0.13024581968784332,5.6841468904167414e-05,5.6841468904167414e-05,1.0946506261825562
fourier_gate_s1p5_p4_plateau_lo0p8_hi1,0.13136082887649536,5.881294055143371e-05,5.881294055143371e-05,1.0962063074111938
fourier_gate_s1p5_p4_plateau_lo0p8_hi1,0.13248537480831146,6.085278437240049e-05,6.085278437240049e-05,1.0977863073349
fourier_gate_s1p5_p4_plateau_lo0p8_hi1,0.1336195468902588,6.296330684563145e-05,6.296330684563145e-05,1.0993913412094116
fourier_gate_s1p5_p4_plateau_lo0p8_hi1,0.1347634196281433,6.51470254524611e-05,6.51470254524611e-05,1.1010212898254395
fourier_gate_s1p5_p4_plateau_lo0p8_hi1,0.13591709733009338,6.74065449857153e-05,6.74065449857153e-05,1.1026771068572998
fourier_gate_s1p5_p4_plateau_lo0p8_hi1,0.13708065450191498,6.974441930651665e-05,6.974441930651665e-05,1.1043586730957031
fourier_gate_s1p5_p4_plateau_lo0p8_hi1,0.13825416564941406,7.216331141535193e-05,7.216331141535193e-05,1.1060664653778076
fourier_gate_s1p5_p4_plateau_lo0p8_hi1,0.1394377201795578,7.466615352313966e-05,7.466615352313966e-05,1.1078009605407715
fourier_gate_s1p5_p4_plateau_lo0p8_hi1,0.14063140749931335,7.725572504568845e-05,7.725572504568845e-05,1.1095623970031738
fourier_gate_s1p5_p4_plateau_lo0p8_hi1,0.1418353170156479,7.993517647264525e-05,7.993517647264525e-05,1.1113512516021729
fourier_gate_s1p5_p4_plateau_lo0p8_hi1,0.14304953813552856,8.270747639471665e-05,8.270747639471665e-05,1.1131680011749268
fourier_gate_s1p5_p4_plateau_lo0p8_hi1,0.14427414536476135,8.557599358027801e-05,8.557599358027801e-05,1.115012764930725
fourier_gate_s1p5_p4_plateau_lo0p8_hi1,0.1455092430114746,8.854398765834048e-05,8.854398765834048e-05,1.1168862581253052
fourier_gate_s1p5_p4_plateau_lo0p8_hi1,0.1467549055814743,9.161482739727944e-05,9.161482739727944e-05,1.118788480758667
fourier_gate_s1p5_p4_plateau_lo0p8_hi1,0.1480112373828888,9.479215077590197e-05,9.479215077590197e-05,1.1207202672958374
fourier_gate_s1p5_p4_plateau_lo0p8_hi1,0.14927831292152405,9.80797631200403e-05,9.80797631200403e-05,1.122681736946106
fourier_gate_s1p5_p4_plateau_lo0p8_hi1,0.15055625140666962,0.00010148128058062866,0.00010148128058062866,1.1246734857559204
fourier_gate_s1p5_p4_plateau_lo0p8_hi1,0.15184512734413147,0.00010500085772946477,0.00010500085772946477,1.1266956329345703
fourier_gate_s1p5_p4_plateau_lo0p8_hi1,0.15314503014087677,0.0001086423872038722,0.0001086423872038722,1.128748893737793
fourier_gate_s1p5_p4_plateau_lo0p8_hi1,0.15445606410503387,0.00011241029278608039,0.00011241029278608039,1.1308335065841675
fourier_gate_s1p5_p4_plateau_lo0p8_hi1,0.15577831864356995,0.00011630874359980226,0.00011630874359980226,1.1329500675201416
fourier_gate_s1p5_p4_plateau_lo0p8_hi1,0.15711189806461334,0.0001203425126732327,0.0001203425126732327,1.135098934173584
fourier_gate_s1p5_p4_plateau_lo0p8_hi1,0.15845689177513123,0.0001245160383405164,0.0001245160383405164,1.1372804641723633
fourier_gate_s1p5_p4_plateau_lo0p8_hi1,0.15981340408325195,0.0001288343919441104,0.0001288343919441104,1.1394952535629272
fourier_gate_s1p5_p4_plateau_lo0p8_hi1,0.1611815243959427,0.00013330251385923475,0.00013330251385923475,1.1417436599731445
fourier_gate_s1p5_p4_plateau_lo0p8_hi1,0.1625613570213318,0.00013792542449664325,0.00013792542449664325,1.1440261602401733
fourier_gate_s1p5_p4_plateau_lo0p8_hi1,0.1639530062675476,0.0001427087845513597,0.0001427087845513597,1.1463429927825928
fourier_gate_s1p5_p4_plateau_lo0p8_hi1,0.1653565615415573,0.00014765786181669682,0.00014765786181669682,1.1486949920654297
fourier_gate_s1p5_p4_plateau_lo0p8_hi1,0.16677214205265045,0.00015277868078555912,0.00015277868078555912,1.1510823965072632
fourier_gate_s1p5_p4_plateau_lo0p8_hi1,0.1681998372077942,0.00015807691670488566,0.00015807691670488566,1.1535056829452515
fourier_gate_s1p5_p4_plateau_lo0p8_hi1,0.16963975131511688,0.00016355901607312262,0.00016355901607312262,1.1559652090072632
fourier_gate_s1p5_p4_plateau_lo0p8_hi1,0.1710919886827469,0.00016923104703892022,0.00016923104703892022,1.1584616899490356
fourier_gate_s1p5_p4_plateau_lo0p8_hi1,0.17255665361881256,0.00017509992176201195,0.00017509992176201195,1.160995602607727
fourier_gate_s1p5_p4_plateau_lo0p8_hi1,0.17403388023376465,0.0001811721158446744,0.0001811721158446744,1.163567304611206
fourier_gate_s1p5_p4_plateau_lo0p8_hi1,0.17552372813224792,0.0001874550071079284,0.0001874550071079284,1.1661771535873413
fourier_gate_s1p5_p4_plateau_lo0p8_hi1,0.17702634632587433,0.00019395555136725307,0.00019395555136725307,1.1688261032104492
fourier_gate_s1p5_p4_plateau_lo0p8_hi1,0.17854182422161102,0.0002006816939683631,0.0002006816939683631,1.1715140342712402
fourier_gate_s1p5_p4_plateau_lo0p8_hi1,0.18007026612758636,0.0002076408127322793,0.0002076408127322793,1.1742417812347412
fourier_gate_s1p5_p4_plateau_lo0p8_hi1,0.1816118061542511,0.00021484143508132547,0.00021484143508132547,1.1770098209381104
fourier_gate_s1p5_p4_plateau_lo0p8_hi1,0.1831665337085724,0.00022229147725738585,0.00022229147725738585,1.179818868637085
fourier_gate_s1p5_p4_plateau_lo0p8_hi1,0.18473458290100098,0.00023000001965556294,0.00023000001965556294,1.1826691627502441
fourier_gate_s1p5_p4_plateau_lo0p8_hi1,0.18631604313850403,0.00023797560425009578,0.00023797560425009578,1.185561180114746
fourier_gate_s1p5_p4_plateau_lo0p8_hi1,0.1879110485315323,0.0002462279226165265,0.0002462279226165265,1.1884957551956177
fourier_gate_s1p5_p4_plateau_lo0p8_hi1,0.1895197033882141,0.00025476631708443165,0.00025476631708443165,1.1914730072021484
fourier_gate_s1p5_p4_plateau_lo0p8_hi1,0.19114212691783905,0.00026360046467743814,0.00026360046467743814,1.1944938898086548
fourier_gate_s1p5_p4_plateau_lo0p8_hi1,0.19277845323085785,0.00027274113381281495,0.00027274113381281495,1.1975586414337158
fourier_gate_s1p5_p4_plateau_lo0p8_hi1,0.19442877173423767,0.00028219842351973057,0.00028219842351973057,1.2006677389144897
fourier_gate_s1p5_p4_plateau_lo0p8_hi1,0.19609323143959045,0.00029198380070738494,0.00029198380070738494,1.203822135925293
fourier_gate_s1p5_p4_plateau_lo0p8_hi1,0.19777193665504456,0.000302108092000708,0.000302108092000708,1.2070221900939941
fourier_gate_s1p5_p4_plateau_lo0p8_hi1,0.19946500658988953,0.00031258363742381334,0.00031258363742381334,1.210268259048462
fourier_gate_s1p5_p4_plateau_lo0p8_hi1,0.2011725753545761,0.00032342199119739234,0.00032342199119739234,1.213560938835144
fourier_gate_s1p5_p4_plateau_lo0p8_hi1,0.20289476215839386,0.0003346363373566419,0.0003346363373566419,1.2169009447097778
fourier_gate_s1p5_p4_plateau_lo0p8_hi1,0.20463168621063232,0.00034623907413333654,0.00034623907413333654,1.2202887535095215
fourier_gate_s1p5_p4_plateau_lo0p8_hi1,0.20638348162174225,0.0003582441422622651,0.0003582441422622651,1.2237248420715332
fourier_gate_s1p5_p4_plateau_lo0p8_hi1,0.20815028250217438,0.0003706652787514031,0.0003706652787514031,1.2272099256515503
fourier_gate_s1p5_p4_plateau_lo0p8_hi1,0.20993220806121826,0.00038351694820448756,0.00038351694820448756,1.23074471950531
fourier_gate_s1p5_p4_plateau_lo0p8_hi1,0.21172937750816345,0.0003968140226788819,0.0003968140226788819,1.2343294620513916
fourier_gate_s1p5_p4_plateau_lo0p8_hi1,0.2135419398546219,0.0004105719563085586,0.0004105719563085586,1.2379649877548218
fourier_gate_s1p5_p4_plateau_lo0p8_hi1,0.21537001430988312,0.00042480663978494704,0.00042480663978494704,1.2416517734527588
fourier_gate_s1p5_p4_plateau_lo0p8_hi1,0.21721374988555908,0.0004395348660182208,0.0004395348660182208,1.2453901767730713
fourier_gate_s1p5_p4_plateau_lo0p8_hi1,0.21907325088977814,0.0004547730495687574,0.0004547730495687574,1.2491813898086548
fourier_gate_s1p5_p4_plateau_lo0p8_hi1,0.22094868123531342,0.0004705397295765579,0.0004705397295765579,1.2530256509780884
fourier_gate_s1p5_p4_plateau_lo0p8_hi1,0.22284016013145447,0.0004868523101322353,0.0004868523101322353,1.2569234371185303
fourier_gate_s1p5_p4_plateau_lo0p8_hi1,0.22474783658981323,0.000503730378113687,0.000503730378113687,1.2608754634857178
fourier_gate_s1p5_p4_plateau_lo0p8_hi1,0.22667184472084045,0.0005211932002566755,0.0005211932002566755,1.2648825645446777
fourier_gate_s1p5_p4_plateau_lo0p8_hi1,0.22861233353614807,0.000539261382073164,0.000539261382073164,1.2689449787139893
fourier_gate_s1p5_p4_plateau_lo0p8_hi1,0.23056942224502563,0.0005579553544521332,0.0005579553544521332,1.2730635404586792
fourier_gate_s1p5_p4_plateau_lo0p8_hi1,0.23254325985908508,0.0005772969452664256,0.0005772969452664256,1.2772387266159058
fourier_gate_s1p5_p4_plateau_lo0p8_hi1,0.23453401029109955,0.0005973086226731539,0.0005973086226731539,1.2814712524414062
fourier_gate_s1p5_p4_plateau_lo0p8_hi1,0.23654179275035858,0.0006180136115290225,0.0006180136115290225,1.2857619524002075
fourier_gate_s1p5_p4_plateau_lo0p8_hi1,0.23856677114963531,0.0006394357769750059,0.0006394357769750059,1.2901111841201782
fourier_gate_s1p5_p4_plateau_lo0p8_hi1,0.2406090646982193,0.0006615999736823142,0.0006615999736823142,1.294519305229187
fourier_gate_s1p5_p4_plateau_lo0p8_hi1,0.24266886711120605,0.000684531987644732,0.000684531987644732,1.2989877462387085
fourier_gate_s1p5_p4_plateau_lo0p8_hi1,0.24474628269672394,0.000708258303347975,0.000708258303347975,1.303516149520874
fourier_gate_s1p5_p4_plateau_lo0p8_hi1,0.24684149026870728,0.0007328063948079944,0.0007328063948079944,1.3081061840057373
fourier_gate_s1p5_p4_plateau_lo0p8_hi1,0.248954638838768,0.000758204550947994,0.000758204550947994,1.3127577304840088
fourier_gate_s1p5_p4_plateau_lo0p8_hi1,0.25108587741851807,0.0007844823994673789,0.0007844823994673789,1.3174716234207153
fourier_gate_s1p5_p4_plateau_lo0p8_hi1,0.2532353699207306,0.0008116706158034503,0.0008116706158034503,1.3222488164901733
fourier_gate_s1p5_p4_plateau_lo0p8_hi1,0.2554032504558563,0.0008397999336011708,0.0008397999336011708,1.327089548110962
fourier_gate_s1p5_p4_plateau_lo0p8_hi1,0.2575896680355072,0.0008689028327353299,0.0008689028327353299,1.331994652748108
fourier_gate_s1p5_p4_plateau_lo0p8_hi1,0.25979483127593994,0.0008990137139335275,0.0008990137139335275,1.336964726448059
fourier_gate_s1p5_p4_plateau_lo0p8_hi1,0.2620188891887665,0.0009301676182076335,0.0009301676182076335,1.3420004844665527
fourier_gate_s1p5_p4_plateau_lo0p8_hi1,0.26426196098327637,0.0009623995865695179,0.0009623995865695179,1.3471022844314575
fourier_gate_s1p5_p4_plateau_lo0p8_hi1,0.26652422547340393,0.0009957468137145042,0.0009957468137145042,1.3522714376449585
fourier_gate_s1p5_p4_plateau_lo0p8_hi1,0.2688058614730835,0.0010302489390596747,0.0010302489390596747,1.3575079441070557
fourier_gate_s1p5_p4_plateau_lo0p8_hi1,0.2711070477962494,0.001065945252776146,0.001065945252776146,1.3628127574920654
fourier_gate_s1p5_p4_plateau_lo0p8_hi1,0.27342793345451355,0.0011028774315491319,0.0011028774315491319,1.368186593055725
fourier_gate_s1p5_p4_plateau_lo0p8_hi1,0.2757686674594879,0.0011410872684791684,0.0011410872684791684,1.3736300468444824
fourier_gate_s1p5_p4_plateau_lo0p8_hi1,0.2781294584274292,0.0011806193506345153,0.0011806193506345153,1.3791438341140747
fourier_gate_s1p5_p4_plateau_lo0p8_hi1,0.28051045536994934,0.0012215194292366505,0.0012215194292366505,1.3847284317016602
fourier_gate_s1p5_p4_plateau_lo0p8_hi1,0.28291183710098267,0.0012638344196602702,0.0012638344196602702,1.390384554862976
fourier_gate_s1p5_p4_plateau_lo0p8_hi1,0.2853337526321411,0.0013076133327558637,0.0013076133327558637,1.3961131572723389
fourier_gate_s1p5_p4_plateau_lo0p8_hi1,0.2877764403820038,0.0013529068091884255,0.0013529068091884255,1.4019145965576172
fourier_gate_s1p5_p4_plateau_lo0p8_hi1,0.29024001955986023,0.0013997668866068125,0.0013997668866068125,1.4077893495559692
fourier_gate_s1p5_p4_plateau_lo0p8_hi1,0.2927246689796448,0.001448247698135674,0.001448247698135674,1.41373872756958
fourier_gate_s1p5_p4_plateau_lo0p8_hi1,0.2952306270599365,0.0014984052395448089,0.0014984052395448089,1.4197630882263184
fourier_gate_s1p5_p4_plateau_lo0p8_hi1,0.297758013010025,0.0015502971364185214,0.0015502971364185214,1.4258627891540527
fourier_gate_s1p5_p4_plateau_lo0p8_hi1,0.300307035446167,0.0016039832262322307,0.0016039832262322307,1.4320389032363892
fourier_gate_s1p5_p4_plateau_lo0p8_hi1,0.30287790298461914,0.001659525209106505,0.001659525209106505,1.4382919073104858
fourier_gate_s1p5_p4_plateau_lo0p8_hi1,0.305470734834671,0.0017169872298836708,0.0017169872298836708,1.4446223974227905
fourier_gate_s1p5_p4_plateau_lo0p8_hi1,0.3080857992172241,0.001776435412466526,0.001776435412466526,1.4510313272476196
fourier_gate_s1p5_p4_plateau_lo0p8_hi1,0.3107232451438904,0.001837938092648983,0.001837938092648983,1.4575191736221313
fourier_gate_s1p5_p4_plateau_lo0p8_hi1,0.3133832812309265,0.0019015669822692871,0.0019015669822692871,1.464086651802063
fourier_gate_s1p5_p4_plateau_lo0p8_hi1,0.31606605648994446,0.0019673926290124655,0.0019673926290124655,1.4707342386245728
fourier_gate_s1p5_p4_plateau_lo0p8_hi1,0.3187718093395233,0.002035493031144142,0.002035493031144142,1.4774627685546875
fourier_gate_s1p5_p4_plateau_lo0p8_hi1,0.3215007483959198,0.0021059466525912285,0.0021059466525912285,1.4842729568481445
fourier_gate_s1p5_p4_plateau_lo0p8_hi1,0.32425302267074585,0.002178831724449992,0.002178831724449992,1.4911651611328125
fourier_gate_s1p5_p4_plateau_lo0p8_hi1,0.32702887058258057,0.0022542355582118034,0.0022542355582118034,1.4981403350830078
fourier_gate_s1p5_p4_plateau_lo0p8_hi1,0.3298284709453583,0.0023322405759245157,0.0023322405759245157,1.5051989555358887
fourier_gate_s1p5_p4_plateau_lo0p8_hi1,0.3326520621776581,0.0024129406083375216,0.0024129406083375216,1.5123419761657715
fourier_gate_s1p5_p4_plateau_lo0p8_hi1,0.3354997932910919,0.0024964238982647657,0.0024964238982647657,1.5195696353912354
fourier_gate_s1p5_p4_plateau_lo0p8_hi1,0.3383719325065613,0.002582790330052376,0.002582790330052376,1.5268826484680176
fourier_gate_s1p5_p4_plateau_lo0p8_hi1,0.3412686288356781,0.002672133967280388,0.002672133967280388,1.5342817306518555
fourier_gate_s1p5_p4_plateau_lo0p8_hi1,0.34419015049934387,0.0027645626105368137,0.0027645626105368137,1.5417675971984863
fourier_gate_s1p5_p4_plateau_lo0p8_hi1,0.3471366763114929,0.002860177541151643,0.002860177541151643,1.5493407249450684
fourier_gate_s1p5_p4_plateau_lo0p8_hi1,0.35010841488838196,0.002959089819341898,0.002959089819341898,1.5570018291473389
fourier_gate_s1p5_p4_plateau_lo0p8_hi1,0.3531056046485901,0.0030614121351391077,0.0030614121351391077,1.564751386642456
fourier_gate_s1p5_p4_plateau_lo0p8_hi1,0.356128454208374,0.00316726160235703,0.00316726160235703,1.5725902318954468
fourier_gate_s1p5_p4_plateau_lo0p8_hi1,0.3591771721839905,0.00327675836160779,0.00327675836160779,1.5805187225341797
fourier_gate_s1p5_p4_plateau_lo0p8_hi1,0.36225199699401855,0.0033900283742696047,0.0033900283742696047,1.588537573814392
fourier_gate_s1p5_p4_plateau_lo0p8_hi1,0.36535313725471497,0.00350719946436584,0.00350719946436584,1.5966471433639526
fourier_gate_s1p5_p4_plateau_lo0p8_hi1,0.3684808313846588,0.003628405975177884,0.003628405975177884,1.6048485040664673
fourier_gate_s1p5_p4_plateau_lo0p8_hi1,0.3716353178024292,0.0037537869065999985,0.0037537869065999985,1.6131415367126465
fourier_gate_s1p5_p4_plateau_lo0p8_hi1,0.37481677532196045,0.00388348032720387,0.00388348032720387,1.6215276718139648
fourier_gate_s1p5_p4_plateau_lo0p8_hi1,0.37802550196647644,0.004017640370875597,0.004017640370875597,1.630007028579712
fourier_gate_s1p5_p4_plateau_lo0p8_hi1,0.3812616765499115,0.004156413488090038,0.004156413488090038,1.6385796070098877
fourier_gate_s1p5_p4_plateau_lo0p8_hi1,0.3845255374908447,0.004299957305192947,0.004299957305192947,1.6472464799880981
fourier_gate_s1p5_p4_plateau_lo0p8_hi1,0.3878173828125,0.004448441322892904,0.004448441322892904,1.656008005142212
fourier_gate_s1p5_p4_plateau_lo0p8_hi1,0.39113736152648926,0.004602023400366306,0.004602023400366306,1.6648650169372559
fourier_gate_s1p5_p4_plateau_lo0p8_hi1,0.39448580145835876,0.004760887939482927,0.004760887939482927,1.6738176345825195
fourier_gate_s1p5_p4_plateau_lo0p8_hi1,0.39786288142204285,0.004925206769257784,0.004925206769257784,1.6828665733337402
fourier_gate_s1p5_p4_plateau_lo0p8_hi1,0.4012688994407654,0.005095168016850948,0.005095168016850948,1.6920121908187866
fourier_gate_s1p5_p4_plateau_lo0p8_hi1,0.4047040641307831,0.005270963069051504,0.005270963069051504,1.7012548446655273
fourier_gate_s1p5_p4_plateau_lo0p8_hi1,0.40816861391067505,0.005452790763229132,0.005452790763229132,1.7105947732925415
fourier_gate_s1p5_p4_plateau_lo0p8_hi1,0.41166284680366516,0.0056408545933663845,0.0056408545933663845,1.720033049583435
fourier_gate_s1p5_p4_plateau_lo0p8_hi1,0.41518697142601013,0.005835366901010275,0.005835366901010275,1.7295693159103394
fourier_gate_s1p5_p4_plateau_lo0p8_hi1,0.41874128580093384,0.006036545615643263,0.006036545615643263,1.7392042875289917
fourier_gate_s1p5_p4_plateau_lo0p8_hi1,0.4223260283470154,0.00624461704865098,0.00624461704865098,1.7489384412765503
fourier_gate_s1p5_p4_plateau_lo0p8_hi1,0.42594143748283386,0.0064598130993545055,0.0064598130993545055,1.7587721347808838
fourier_gate_s1p5_p4_plateau_lo0p8_hi1,0.42958781123161316,0.0066823759116232395,0.0066823759116232395,1.7687056064605713
fourier_gate_s1p5_p4_plateau_lo0p8_hi1,0.43326541781425476,0.006912552751600742,0.006912552751600742,1.7787389755249023
fourier_gate_s1p5_p4_plateau_lo0p8_hi1,0.4369744658470154,0.0071506015956401825,0.0071506015956401825,1.7888723611831665
fourier_gate_s1p5_p4_plateau_lo0p8_hi1,0.44071531295776367,0.007396790664643049,0.007396790664643049,1.7991067171096802
fourier_gate_s1p5_p4_plateau_lo0p8_hi1,0.44448816776275635,0.007651386316865683,0.007651386316865683,1.8094416856765747
fourier_gate_s1p5_p4_plateau_lo0p8_hi1,0.4482932984828949,0.007914671674370766,0.007914671674370766,1.81987726688385
fourier_gate_s1p5_p4_plateau_lo0p8_hi1,0.4521310329437256,0.008186949416995049,0.008186949416995049,1.8304145336151123
fourier_gate_s1p5_p4_plateau_lo0p8_hi1,0.4560016095638275,0.008468510583043098,0.008468510583043098,1.8410524129867554
fourier_gate_s1p5_p4_plateau_lo0p8_hi1,0.4599052965641022,0.008759665302932262,0.008759665302932262,1.8517919778823853
fourier_gate_s1p5_p4_plateau_lo0p8_hi1,0.4638424515724182,0.009060746990144253,0.009060746990144253,1.8626328706741333
fourier_gate_s1p5_p4_plateau_lo0p8_hi1,0.46781328320503235,0.009372075088322163,0.009372075088322163,1.8735753297805786
fourier_gate_s1p5_p4_plateau_lo0p8_hi1,0.47181808948516846,0.009693996049463749,0.009693996049463749,1.884618878364563
fourier_gate_s1p5_p4_plateau_lo0p8_hi1,0.4758571982383728,0.010026862844824791,0.010026862844824791,1.8957639932632446
fourier_gate_s1p5_p4_plateau_lo0p8_hi1,0.47993090748786926,0.010371038690209389,0.010371038690209389,1.9070104360580444
fourier_gate_s1p5_p4_plateau_lo0p8_hi1,0.48403945565223694,0.010726901702582836,0.010726901702582836,1.9183580875396729
fourier_gate_s1p5_p4_plateau_lo0p8_hi1,0.4881832003593445,0.011094838380813599,0.011094838380813599,1.9298067092895508
fourier_gate_s1p5_p4_plateau_lo0p8_hi1,0.4923624098300934,0.011475247330963612,0.011475247330963612,1.9413559436798096
fourier_gate_s1p5_p4_plateau_lo0p8_hi1,0.4965773820877075,0.011868544854223728,0.011868544854223728,1.9530060291290283
fourier_gate_s1p5_p4_plateau_lo0p8_hi1,0.5008284449577332,0.012275154702365398,0.012275154702365398,1.9647561311721802
fourier_gate_s1p5_p4_plateau_lo0p8_hi1,0.5051159262657166,0.012695514596998692,0.012695514596998692,1.9766063690185547
fourier_gate_s1p5_p4_plateau_lo0p8_hi1,0.5094400644302368,0.01313007902354002,0.01313007902354002,1.9885557889938354
fourier_gate_s1p5_p4_plateau_lo0p8_hi1,0.5138012766838074,0.013579313643276691,0.013579313643276691,2.0006046295166016
fourier_gate_s1p5_p4_plateau_lo0p8_hi1,0.5181998014450073,0.014043699949979782,0.014043699949979782,2.012751817703247
fourier_gate_s1p5_p4_plateau_lo0p8_hi1,0.5226359963417053,0.01452373992651701,0.01452373992651701,2.0249969959259033
fourier_gate_s1p5_p4_plateau_lo0p8_hi1,0.5271100997924805,0.015019924379885197,0.015019924379885197,2.037339210510254
fourier_gate_s1p5_p4_plateau_lo0p8_hi1,0.531622588634491,0.015532810240983963,0.015532810240983963,2.049778461456299
fourier_gate_s1p5_p4_plateau_lo0p8_hi1,0.5361736416816711,0.01606290601193905,0.01606290601193905,2.0623130798339844
fourier_gate_s1p5_p4_plateau_lo0p8_hi1,0.5407636761665344,0.016610795632004738,0.016610795632004738,2.0749428272247314
fourier_gate_s1p5_p4_plateau_lo0p8_hi1,0.5453930497169495,0.017177054658532143,0.017177054658532143,2.0876667499542236
fourier_gate_s1p5_p4_plateau_lo0p8_hi1,0.5500620603561401,0.017762262374162674,0.017762262374162674,2.1004838943481445
fourier_gate_s1p5_p4_plateau_lo0p8_hi1,0.5547710061073303,0.018367040902376175,0.018367040902376175,2.1133928298950195
fourier_gate_s1p5_p4_plateau_lo0p8_hi1,0.5595202445983887,0.018991997465491295,0.018991997465491295,2.1263926029205322
fourier_gate_s1p5_p4_plateau_lo0p8_hi1,0.5643101334571838,0.019637802615761757,0.019637802615761757,2.139482021331787
fourier_gate_s1p5_p4_plateau_lo0p8_hi1,0.5691410303115845,0.02030511200428009,0.02030511200428009,2.1526594161987305
fourier_gate_s1p5_p4_plateau_lo0p8_hi1,0.5740132927894592,0.020994611084461212,0.020994611084461212,2.165924072265625
fourier_gate_s1p5_p4_plateau_lo0p8_hi1,0.5789272785186768,0.02170700579881668,0.02170700579881668,2.1792736053466797
fourier_gate_s1p5_p4_plateau_lo0p8_hi1,0.5838833451271057,0.022443030029535294,0.022443030029535294,2.192707061767578
fourier_gate_s1p5_p4_plateau_lo0p8_hi1,0.58888179063797,0.023203397169709206,0.023203397169709206,2.2062222957611084
fourier_gate_s1p5_p4_plateau_lo0p8_hi1,0.5939230918884277,0.023988915607333183,0.023988915607333183,2.219818353652954
fourier_gate_s1p5_p4_plateau_lo0p8_hi1,0.5990074872970581,0.02480032667517662,0.02480032667517662,2.233491897583008
fourier_gate_s1p5_p4_plateau_lo0p8_hi1,0.6041354537010193,0.025638490915298462,0.025638490915298462,2.2472422122955322
fourier_gate_s1p5_p4_plateau_lo0p8_hi1,0.6093072891235352,0.026504194363951683,0.026504194363951683,2.261066198348999
fourier_gate_s1p5_p4_plateau_lo0p8_hi1,0.6145234107971191,0.027398310601711273,0.027398310601711273,2.2749619483947754
fourier_gate_s1p5_p4_plateau_lo0p8_hi1,0.6197841763496399,0.028321711346507072,0.028321711346507072,2.2889270782470703
fourier_gate_s1p5_p4_plateau_lo0p8_hi1,0.6250900030136108,0.02927529625594616,0.02927529625594616,2.3029587268829346
fourier_gate_s1p5_p4_plateau_lo0p8_hi1,0.6304412484169006,0.030259987339377403,0.030259987339377403,2.3170547485351562
fourier_gate_s1p5_p4_plateau_lo0p8_hi1,0.6358382701873779,0.03127673268318176,0.03127673268318176,2.331212043762207
fourier_gate_s1p5_p4_plateau_lo0p8_hi1,0.6412815451622009,0.032326504588127136,0.032326504588127136,2.3454270362854004
fourier_gate_s1p5_p4_plateau_lo0p8_hi1,0.6467713713645935,0.033410292118787766,0.033410292118787766,2.3596975803375244
fourier_gate_s1p5_p4_plateau_lo0p8_hi1,0.6523082256317139,0.03452911972999573,0.03452911972999573,2.3740200996398926
fourier_gate_s1p5_p4_plateau_lo0p8_hi1,0.6578924655914307,0.03568403795361519,0.03568403795361519,2.3883907794952393
fourier_gate_s1p5_p4_plateau_lo0p8_hi1,0.6635245084762573,0.03687610477209091,0.03687610477209091,2.402806043624878
fourier_gate_s1p5_p4_plateau_lo0p8_hi1,0.6692047715187073,0.038106419146060944,0.038106419146060944,2.4172627925872803
fourier_gate_s1p5_p4_plateau_lo0p8_hi1,0.6749336123466492,0.039376091212034225,0.039376091212034225,2.4317562580108643
fourier_gate_s1p5_p4_plateau_lo0p8_hi1,0.680711567401886,0.040686290711164474,0.040686290711164474,2.4462826251983643
fourier_gate_s1p5_p4_plateau_lo0p8_hi1,0.6865389347076416,0.04203817620873451,0.04203817620873451,2.4608380794525146
fourier_gate_s1p5_p4_plateau_lo0p8_hi1,0.692416250705719,0.04343295842409134,0.04343295842409134,2.4754176139831543
fourier_gate_s1p5_p4_plateau_lo0p8_hi1,0.698343813419342,0.04487182945013046,0.04487182945013046,2.490016460418701
fourier_gate_s1p5_p4_plateau_lo0p8_hi1,0.7043221592903137,0.046356067061424255,0.046356067061424255,2.5046300888061523
fourier_gate_s1p5_p4_plateau_lo0p8_hi1,0.7103517055511475,0.047886960208415985,0.047886960208415985,2.5192527770996094
fourier_gate_s1p5_p4_plateau_lo0p8_hi1,0.7164328098297119,0.04946574196219444,0.04946574196219444,2.5338797569274902
fourier_gate_s1p5_p4_plateau_lo0p8_hi1,0.7225660085678101,0.05109382048249245,0.05109382048249245,2.5485053062438965
fourier_gate_s1p5_p4_plateau_lo0p8_hi1,0.7287517189979553,0.052772507071495056,0.052772507071495056,2.563124179840088
fourier_gate_s1p5_p4_plateau_lo0p8_hi1,0.7349903583526611,0.05450315773487091,0.05450315773487091,2.5777294635772705
fourier_gate_s1p5_p4_plateau_lo0p8_hi1,0.7412824630737305,0.05628721043467522,0.05628721043467522,2.592315673828125
fourier_gate_s1p5_p4_plateau_lo0p8_hi1,0.747628390789032,0.0581260621547699,0.0581260621547699,2.6068761348724365
fourier_gate_s1p5_p4_plateau_lo0p8_hi1,0.7540286183357239,0.06002116575837135,0.06002116575837135,2.6214046478271484
fourier_gate_s1p5_p4_plateau_lo0p8_hi1,0.7604836821556091,0.06197398155927658,0.06197398155927658,2.6358935832977295
fourier_gate_s1p5_p4_plateau_lo0p8_hi1,0.7669939398765564,0.06398602575063705,0.06398602575063705,2.6503357887268066
fourier_gate_s1p5_p4_plateau_lo0p8_hi1,0.7735599875450134,0.06605877727270126,0.06605877727270126,2.664724588394165
fourier_gate_s1p5_p4_plateau_lo0p8_hi1,0.7801822423934937,0.06819378584623337,0.06819378584623337,2.679051637649536
fourier_gate_s1p5_p4_plateau_lo0p8_hi1,0.7868611812591553,0.07039260119199753,0.07039260119199753,2.6933090686798096
fourier_gate_s1p5_p4_plateau_lo0p8_hi1,0.7935972809791565,0.0726567804813385,0.0726567804813385,2.707489252090454
fourier_gate_s1p5_p4_plateau_lo0p8_hi1,0.8003910779953003,0.07500120997428894,0.07500120997428894,2.7215495109558105
fourier_gate_s1p5_p4_plateau_lo0p8_hi1,0.8072429895401001,0.08178155869245529,0.08178155869245529,2.724299192428589
fourier_gate_s1p5_p4_plateau_lo0p8_hi1,0.8141536116600037,0.09601449966430664,0.09601449966430664,2.7076356410980225
fourier_gate_s1p5_p4_plateau_lo0p8_hi1,0.8211233615875244,0.11702531576156616,0.11702531576156616,2.6728758811950684
fourier_gate_s1p5_p4_plateau_lo0p8_hi1,0.8281527757644653,0.14414289593696594,0.14414289593696594,2.6214346885681152
fourier_gate_s1p5_p4_plateau_lo0p8_hi1,0.8352423906326294,0.17669987678527832,0.17669987678527832,2.5548205375671387
fourier_gate_s1p5_p4_plateau_lo0p8_hi1,0.8423926830291748,0.21403302252292633,0.21403302252292633,2.4746367931365967
fourier_gate_s1p5_p4_plateau_lo0p8_hi1,0.8496041893959045,0.2554836869239807,0.2554836869239807,2.382580041885376
fourier_gate_s1p5_p4_plateau_lo0p8_hi1,0.8568774461746216,0.30039849877357483,0.30039849877357483,2.280449151992798
fourier_gate_s1p5_p4_plateau_lo0p8_hi1,0.8642129302024841,0.34812894463539124,0.34812894463539124,2.1701502799987793
fourier_gate_s1p5_p4_plateau_lo0p8_hi1,0.8716112375259399,0.3980332911014557,0.3980332911014557,2.0537068843841553
fourier_gate_s1p5_p4_plateau_lo0p8_hi1,0.8790728449821472,0.44947561621665955,0.44947561621665955,1.9332703351974487
fourier_gate_s1p5_p4_plateau_lo0p8_hi1,0.8865984082221985,0.5018280744552612,0.5018280744552612,1.811126470565796
fourier_gate_s1p5_p4_plateau_lo0p8_hi1,0.8941883444786072,0.5544685125350952,0.5544685125350952,1.689709186553955
fourier_gate_s1p5_p4_plateau_lo0p8_hi1,0.901843249797821,0.6067842841148376,0.6067842841148376,1.57158362865448
fourier_gate_s1p5_p4_plateau_lo0p8_hi1,0.9095636606216431,0.6581709384918213,0.6581709384918213,1.4594182968139648
fourier_gate_s1p5_p4_plateau_lo0p8_hi1,0.9173502326011658,0.7080340385437012,0.7080340385437012,1.3559045791625977
fourier_gate_s1p5_p4_plateau_lo0p8_hi1,0.9252034425735474,0.7557882070541382,0.7557882070541382,1.2636104822158813
fourier_gate_s1p5_p4_plateau_lo0p8_hi1,0.9331238269805908,0.8008586168289185,0.8008586168289185,1.184739112854004
fourier_gate_s1p5_p4_plateau_lo0p8_hi1,0.9411121010780334,0.8426828384399414,0.8426828384399414,1.1208065748214722
fourier_gate_s1p5_p4_plateau_lo0p8_hi1,0.9491686820983887,0.880709171295166,0.880709171295166,1.0723108053207397
fourier_gate_s1p5_p4_plateau_lo0p8_hi1,0.9572942852973938,0.9143993854522705,0.9143993854522705,1.0385024547576904
fourier_gate_s1p5_p4_plateau_lo0p8_hi1,0.9654894471168518,0.9432287812232971,0.9432287812232971,1.017406702041626
fourier_gate_s1p5_p4_plateau_lo0p8_hi1,0.9737547039985657,0.9666858911514282,0.9666858911514282,1.0061312913894653
fourier_gate_s1p5_p4_plateau_lo0p8_hi1,0.9820907711982727,0.9842755198478699,0.9842755198478699,1.0013928413391113
fourier_gate_s1p5_p4_plateau_lo0p8_hi1,0.9904981851577759,0.9955171346664429,0.9955171346664429,1.0001152753829956
fourier_gate_s1p5_p4_plateau_lo0p8_hi1,0.9989776015281677,0.9999474883079529,0.9999474883079529,1.0
fourier_gate_s1p5_p4_plateau_lo0p8_hi1,1.007529616355896,1.0,1.0,1.0
fourier_gate_s1p5_p4_plateau_lo0p8_hi1,1.0161547660827637,1.0,1.0,1.0
fourier_gate_s1p5_p4_plateau_lo0p8_hi1,1.0248538255691528,1.0,1.0,1.0
fourier_gate_s1p5_p4_plateau_lo0p8_hi1,1.0336273908615112,1.0,1.0,1.0
fourier_gate_s1p5_p4_plateau_lo0p8_hi1,1.042475938796997,1.0,1.0,1.0
fourier_gate_s1p5_p4_plateau_lo0p8_hi1,1.0514003038406372,1.0,1.0,1.0
fourier_gate_s1p5_p4_plateau_lo0p8_hi1,1.0604010820388794,1.0,1.0,1.0
fourier_gate_s1p5_p4_plateau_lo0p8_hi1,1.0694788694381714,1.0,1.0,1.0
fourier_gate_s1p5_p4_plateau_lo0p8_hi1,1.0786343812942505,1.0,1.0,1.0
fourier_gate_s1p5_p4_plateau_lo0p8_hi1,1.087868332862854,1.0,1.0,1.0
fourier_gate_s1p5_p4_plateau_lo0p8_hi1,1.0971813201904297,1.0,1.0,1.0
fourier_gate_s1p5_p4_plateau_lo0p8_hi1,1.1065739393234253,1.0,1.0,1.0
fourier_gate_s1p5_p4_plateau_lo0p8_hi1,1.1160470247268677,1.0,1.0,1.0
fourier_gate_s1p5_p4_plateau_lo0p8_hi1,1.1256012916564941,1.0,1.0,1.0
fourier_gate_s1p5_p4_plateau_lo0p8_hi1,1.135237216949463,1.0,1.0,1.0
fourier_gate_s1p5_p4_plateau_lo0p8_hi1,1.1449557542800903,1.0,1.0,1.0
fourier_gate_s1p5_p4_plateau_lo0p8_hi1,1.1547573804855347,1.0,1.0,1.0
fourier_gate_s1p5_p4_plateau_lo0p8_hi1,1.1646429300308228,1.0,1.0,1.0
fourier_gate_s1p5_p4_plateau_lo0p8_hi1,1.174613118171692,1.0,1.0,1.0
fourier_gate_s1p5_p4_plateau_lo0p8_hi1,1.1846686601638794,1.0,1.0,1.0
fourier_gate_s1p5_p4_plateau_lo0p8_hi1,1.194810390472412,1.0,1.0,1.0
fourier_gate_s1p5_p4_plateau_lo0p8_hi1,1.2050387859344482,1.0,1.0,1.0
fourier_gate_s1p5_p4_plateau_lo0p8_hi1,1.2153548002243042,1.0,1.0,1.0
fourier_gate_s1p5_p4_plateau_lo0p8_hi1,1.2257591485977173,1.0,1.0,1.0
fourier_gate_s1p5_p4_plateau_lo0p8_hi1,1.2362525463104248,1.0,1.0,1.0
fourier_gate_s1p5_p4_plateau_lo0p8_hi1,1.2468358278274536,1.0,1.0,1.0
fourier_gate_s1p5_p4_plateau_lo0p8_hi1,1.2575095891952515,1.0,1.0,1.0
fourier_gate_s1p5_p4_plateau_lo0p8_hi1,1.2682749032974243,1.0,1.0,1.0
fourier_gate_s1p5_p4_plateau_lo0p8_hi1,1.2791322469711304,1.0,1.0,1.0
fourier_gate_s1p5_p4_plateau_lo0p8_hi1,1.290082573890686,1.0,1.0,1.0
fourier_gate_s1p5_p4_plateau_lo0p8_hi1,1.3011265993118286,1.0,1.0,1.0
fourier_gate_s1p5_p4_plateau_lo0p8_hi1,1.312265157699585,1.0,1.0,1.0
fourier_gate_s1p5_p4_plateau_lo0p8_hi1,1.3234992027282715,1.0,1.0,1.0
fourier_gate_s1p5_p4_plateau_lo0p8_hi1,1.334829330444336,1.0,1.0,1.0
fourier_gate_s1p5_p4_plateau_lo0p8_hi1,1.3462563753128052,1.0,1.0,1.0
fourier_gate_s1p5_p4_plateau_lo0p8_hi1,1.3577814102172852,1.0,1.0,1.0
fourier_gate_s1p5_p4_plateau_lo0p8_hi1,1.3694050312042236,1.0,1.0,1.0
fourier_gate_s1p5_p4_plateau_lo0p8_hi1,1.3811280727386475,1.0,1.0,1.0
fourier_gate_s1p5_p4_plateau_lo0p8_hi1,1.3929516077041626,1.0,1.0,1.0
fourier_gate_s1p5_p4_plateau_lo0p8_hi1,1.4048762321472168,1.0,1.0,1.0
fourier_gate_s1p5_p4_plateau_lo0p8_hi1,1.416903018951416,1.0,1.0,1.0
fourier_gate_s1p5_p4_plateau_lo0p8_hi1,1.429032802581787,1.0,1.0,1.0
fourier_gate_s1p5_p4_plateau_lo0p8_hi1,1.441266417503357,1.0,1.0,1.0
fourier_gate_s1p5_p4_plateau_lo0p8_hi1,1.4536046981811523,1.0,1.0,1.0
fourier_gate_s1p5_p4_plateau_lo0p8_hi1,1.4660485982894897,1.0,1.0,1.0
fourier_gate_s1p5_p4_plateau_lo0p8_hi1,1.4785990715026855,1.0,1.0,1.0
fourier_gate_s1p5_p4_plateau_lo0p8_hi1,1.4912569522857666,1.0,1.0,1.0
fourier_gate_s1p5_p4_plateau_lo0p8_hi1,1.5040231943130493,1.0,1.0,1.0
fourier_gate_s1p5_p4_plateau_lo0p8_hi1,1.51689875125885,1.0,1.0,1.0
fourier_gate_s1p5_p4_plateau_lo0p8_hi1,1.5298845767974854,1.0,1.0,1.0
fourier_gate_s1p5_p4_plateau_lo0p8_hi1,1.542981505393982,1.0,1.0,1.0
fourier_gate_s1p5_p4_plateau_lo0p8_hi1,1.5561906099319458,1.0,1.0,1.0
fourier_gate_s1p5_p4_plateau_lo0p8_hi1,1.5695127248764038,1.0,1.0,1.0
fourier_gate_s1p5_p4_plateau_lo0p8_hi1,1.582948923110962,1.0,1.0,1.0
fourier_gate_s1p5_p4_plateau_lo0p8_hi1,1.5965001583099365,1.0,1.0,1.0
fourier_gate_s1p5_p4_plateau_lo0p8_hi1,1.610167384147644,1.0,1.0,1.0
fourier_gate_s1p5_p4_plateau_lo0p8_hi1,1.6239515542984009,1.0,1.0,1.0
fourier_gate_s1p5_p4_plateau_lo0p8_hi1,1.637853741645813,1.0,1.0,1.0
fourier_gate_s1p5_p4_plateau_lo0p8_hi1,1.6518750190734863,1.0,1.0,1.0
fourier_gate_s1p5_p4_plateau_lo0p8_hi1,1.6660163402557373,1.0,1.0,1.0
fourier_gate_s1p5_p4_plateau_lo0p8_hi1,1.6802786588668823,1.0,1.0,1.0
fourier_gate_s1p5_p4_plateau_lo0p8_hi1,1.6946630477905273,1.0,1.0,1.0
fourier_gate_s1p5_p4_plateau_lo0p8_hi1,1.7091705799102783,1.0,1.0,1.0
fourier_gate_s1p5_p4_plateau_lo0p8_hi1,1.7238024473190308,1.0,1.0,1.0
fourier_gate_s1p5_p4_plateau_lo0p8_hi1,1.738559365272522,1.0,1.0,1.0
fourier_gate_s1p5_p4_plateau_lo0p8_hi1,1.7534427642822266,1.0,1.0,1.0
fourier_gate_s1p5_p4_plateau_lo0p8_hi1,1.7684534788131714,1.0,1.0,1.0
fourier_gate_s1p5_p4_plateau_lo0p8_hi1,1.7835928201675415,1.0,1.0,1.0
fourier_gate_s1p5_p4_plateau_lo0p8_hi1,1.7988616228103638,1.0,1.0,1.0
fourier_gate_s1p5_p4_plateau_lo0p8_hi1,1.8142613172531128,1.0,1.0,1.0
fourier_gate_s1p5_p4_plateau_lo0p8_hi1,1.8297927379608154,1.0,1.0,1.0
fourier_gate_s1p5_p4_plateau_lo0p8_hi1,1.8454570770263672,1.0,1.0,1.0
fourier_gate_s1p5_p4_plateau_lo0p8_hi1,1.8612555265426636,1.0,1.0,1.0
fourier_gate_s1p5_p4_plateau_lo0p8_hi1,1.8771892786026,1.0,1.0,1.0
fourier_gate_s1p5_p4_plateau_lo0p8_hi1,1.8932594060897827,1.0,1.0,1.0
fourier_gate_s1p5_p4_plateau_lo0p8_hi1,1.909467101097107,1.0,1.0,1.0
fourier_gate_s1p5_p4_plateau_lo0p8_hi1,1.9258135557174683,1.0,1.0,1.0
fourier_gate_s1p5_p4_plateau_lo0p8_hi1,1.9422999620437622,1.0,1.0,1.0
fourier_gate_s1p5_p4_plateau_lo0p8_hi1,1.9589273929595947,1.0,1.0,1.0
fourier_gate_s1p5_p4_plateau_lo0p8_hi1,1.9756972789764404,1.0,1.0,1.0
fourier_gate_s1p5_p4_plateau_lo0p8_hi1,1.9926106929779053,1.0,1.0,1.0
fourier_gate_s1p5_p4_plateau_lo0p8_hi1,2.009669065475464,1.0,1.0,1.0
fourier_gate_s1p5_p4_plateau_lo0p8_hi1,2.0268731117248535,1.0,1.0,1.0
fourier_gate_s1p5_p4_plateau_lo0p8_hi1,2.044224739074707,1.0,1.0,1.0
fourier_gate_s1p5_p4_plateau_lo0p8_hi1,2.061724901199341,1.0,1.0,1.0
fourier_gate_s1p5_p4_plateau_lo0p8_hi1,2.0793747901916504,1.0,1.0,1.0
fourier_gate_s1p5_p4_plateau_lo0p8_hi1,2.0971755981445312,1.0,1.0,1.0
fourier_gate_s1p5_p4_plateau_lo0p8_hi1,2.115128993988037,1.0,1.0,1.0
fourier_gate_s1p5_p4_plateau_lo0p8_hi1,2.1332361698150635,1.0,1.0,1.0
fourier_gate_s1p5_p4_plateau_lo0p8_hi1,2.151498317718506,1.0,1.0,1.0
fourier_gate_s1p5_p4_plateau_lo0p8_hi1,2.1699166297912598,1.0,1.0,1.0
fourier_gate_s1p5_p4_plateau_lo0p8_hi1,2.188492774963379,1.0,1.0,1.0
fourier_gate_s1p5_p4_plateau_lo0p8_hi1,2.207227945327759,1.0,1.0,1.0
fourier_gate_s1p5_p4_plateau_lo0p8_hi1,2.226123332977295,1.0,1.0,1.0
fourier_gate_s1p5_p4_plateau_lo0p8_hi1,2.245180606842041,1.0,1.0,1.0
fourier_gate_s1p5_p4_plateau_lo0p8_hi1,2.2644009590148926,1.0,1.0,1.0
fourier_gate_s1p5_p4_plateau_lo0p8_hi1,2.2837860584259033,1.0,1.0,1.0
fourier_gate_s1p5_p4_plateau_lo0p8_hi1,2.3033368587493896,1.0,1.0,1.0
fourier_gate_s1p5_p4_plateau_lo0p8_hi1,2.3230550289154053,1.0,1.0,1.0
fourier_gate_s1p5_p4_plateau_lo0p8_hi1,2.342942237854004,1.0,1.0,1.0
fourier_gate_s1p5_p4_plateau_lo0p8_hi1,2.362999439239502,1.0,1.0,1.0
fourier_gate_s1p5_p4_plateau_lo0p8_hi1,2.3832285404205322,1.0,1.0,1.0
fourier_gate_s1p5_p4_plateau_lo0p8_hi1,2.4036307334899902,1.0,1.0,1.0
fourier_gate_s1p5_p4_plateau_lo0p8_hi1,2.4242076873779297,1.0,1.0,1.0
fourier_gate_s1p5_p4_plateau_lo0p8_hi1,2.444960594177246,1.0,1.0,1.0
fourier_gate_s1p5_p4_plateau_lo0p8_hi1,2.4658913612365723,1.0,1.0,1.0
fourier_gate_s1p5_p4_plateau_lo0p8_hi1,2.4870011806488037,1.0,1.0,1.0
fourier_gate_s1p5_p4_plateau_lo0p8_hi1,2.508291721343994,1.0,1.0,1.0
fourier_gate_s1p5_p4_plateau_lo0p8_hi1,2.529764413833618,1.0,1.0,1.0
fourier_gate_s1p5_p4_plateau_lo0p8_hi1,2.5514211654663086,1.0,1.0,1.0
fourier_gate_s1p5_p4_plateau_lo0p8_hi1,2.573263168334961,1.0,1.0,1.0
fourier_gate_s1p5_p4_plateau_lo0p8_hi1,2.595292329788208,1.0,1.0,1.0
fourier_gate_s1p5_p4_plateau_lo0p8_hi1,2.6175098419189453,1.0,1.0,1.0
fourier_gate_s1p5_p4_plateau_lo0p8_hi1,2.6399176120758057,1.0,1.0,1.0
fourier_gate_s1p5_p4_plateau_lo0p8_hi1,2.6625173091888428,1.0,1.0,1.0
fourier_gate_s1p5_p4_plateau_lo0p8_hi1,2.6853103637695312,1.0,1.0,1.0
fourier_gate_s1p5_p4_plateau_lo0p8_hi1,2.708298683166504,1.0,1.0,1.0
fourier_gate_s1p5_p4_plateau_lo0p8_hi1,2.7314836978912354,1.0,1.0,1.0
fourier_gate_s1p5_p4_plateau_lo0p8_hi1,2.7548673152923584,1.0,1.0,1.0
fourier_gate_s1p5_p4_plateau_lo0p8_hi1,2.7784509658813477,1.0,1.0,1.0
fourier_gate_s1p5_p4_plateau_lo0p8_hi1,2.802236557006836,1.0,1.0,1.0
fourier_gate_s1p5_p4_plateau_lo0p8_hi1,2.826225757598877,1.0,1.0,1.0
fourier_gate_s1p5_p4_plateau_lo0p8_hi1,2.8504204750061035,1.0,1.0,1.0
fourier_gate_s1p5_p4_plateau_lo0p8_hi1,2.8748221397399902,1.0,1.0,1.0
fourier_gate_s1p5_p4_plateau_lo0p8_hi1,2.89943265914917,1.0,1.0,1.0
fourier_gate_s1p5_p4_plateau_lo0p8_hi1,2.9242539405822754,1.0,1.0,1.0
fourier_gate_s1p5_p4_plateau_lo0p8_hi1,2.9492876529693604,1.0,1.0,1.0
fourier_gate_s1p5_p4_plateau_lo0p8_hi1,2.9745359420776367,1.0,1.0,1.0
fourier_gate_s1p5_p4_plateau_lo0p8_hi1,3.0,1.0,1.0,1.0
fourier_gate_s1p5_p4_cap_lo1_hi2_d0p5,0.10000000149011612,1.9752693333430216e-05,1.9752693333430216e-05,1.0568252801895142
fourier_gate_s1p5_p4_cap_lo1_hi2_d0p5,0.10085607320070267,2.043781387328636e-05,2.043781387328636e-05,1.057775616645813
fourier_gate_s1p5_p4_cap_lo1_hi2_d0p5,0.10171947628259659,2.114667950081639e-05,2.114667950081639e-05,1.0587414503097534
fourier_gate_s1p5_p4_cap_lo1_hi2_d0p5,0.10259027034044266,2.188014696002938e-05,2.188014696002938e-05,1.059722900390625
fourier_gate_s1p5_p4_cap_lo1_hi2_d0p5,0.10346852242946625,2.2639036615146324e-05,2.2639036615146324e-05,1.0607203245162964
fourier_gate_s1p5_p4_cap_lo1_hi2_d0p5,0.10435428470373154,2.3424267055816017e-05,2.3424267055816017e-05,1.0617338418960571
fourier_gate_s1p5_p4_cap_lo1_hi2_d0p5,0.10524763911962509,2.423671139695216e-05,2.423671139695216e-05,1.062764048576355
fourier_gate_s1p5_p4_cap_lo1_hi2_d0p5,0.1061486303806305,2.5077357349800877e-05,2.5077357349800877e-05,1.0638108253479004
fourier_gate_s1p5_p4_cap_lo1_hi2_d0p5,0.1070573478937149,2.5947134417947382e-05,2.5947134417947382e-05,1.0648744106292725
fourier_gate_s1p5_p4_cap_lo1_hi2_d0p5,0.10797383636236191,2.6847104891203344e-05,2.6847104891203344e-05,1.0659552812576294
fourier_gate_s1p5_p4_cap_lo1_hi2_d0p5,0.10889817029237747,2.7778260118793696e-05,2.7778260118793696e-05,1.0670535564422607
fourier_gate_s1p5_p4_cap_lo1_hi2_d0p5,0.10983041673898697,2.874173878808506e-05,2.874173878808506e-05,1.0681695938110352
fourier_gate_s1p5_p4_cap_lo1_hi2_d0p5,0.11077065020799637,2.9738608645857312e-05,2.9738608645857312e-05,1.0693036317825317
fourier_gate_s1p5_p4_cap_lo1_hi2_d0p5,0.11171893030405045,3.0770079320063815e-05,3.0770079320063815e-05,1.0704559087753296
fourier_gate_s1p5_p4_cap_lo1_hi2_d0p5,0.11267532408237457,3.18372949550394e-05,3.18372949550394e-05,1.0716267824172974
fourier_gate_s1p5_p4_cap_lo1_hi2_d0p5,0.11363990604877472,3.29415597661864e-05,3.29415597661864e-05,1.0728163719177246
fourier_gate_s1p5_p4_cap_lo1_hi2_d0p5,0.11461275070905685,3.408411794225685e-05,3.408411794225685e-05,1.0740249156951904
fourier_gate_s1p5_p4_cap_lo1_hi2_d0p5,0.11559391766786575,3.52662755176425e-05,3.52662755176425e-05,1.0752531290054321
fourier_gate_s1p5_p4_cap_lo1_hi2_d0p5,0.11658348888158798,3.648946221801452e-05,3.648946221801452e-05,1.0765008926391602
fourier_gate_s1p5_p4_cap_lo1_hi2_d0p5,0.11758153140544891,3.775503864744678e-05,3.775503864744678e-05,1.0777685642242432
fourier_gate_s1p5_p4_cap_lo1_hi2_d0p5,0.11858811229467392,3.906454730895348e-05,3.906454730895348e-05,1.0790566205978394
fourier_gate_s1p5_p4_cap_lo1_hi2_d0p5,0.11960331350564957,4.041943248012103e-05,4.041943248012103e-05,1.0803653001785278
fourier_gate_s1p5_p4_cap_lo1_hi2_d0p5,0.12062720954418182,4.1821349441306666e-05,4.1821349441306666e-05,1.0816946029663086
fourier_gate_s1p5_p4_cap_lo1_hi2_d0p5,0.12165986746549606,4.3271844333503395e-05,4.3271844333503395e-05,1.083045244216919
fourier_gate_s1p5_p4_cap_lo1_hi2_d0p5,0.12270136922597885,4.477269249036908e-05,4.477269249036908e-05,1.0844172239303589
fourier_gate_s1p5_p4_cap_lo1_hi2_d0p5,0.12375178188085556,4.6325545554282144e-05,4.6325545554282144e-05,1.0858112573623657
fourier_gate_s1p5_p4_cap_lo1_hi2_d0p5,0.12481118738651276,4.7932302550179884e-05,4.7932302550179884e-05,1.08722722530365
fourier_gate_s1p5_p4_cap_lo1_hi2_d0p5,0.1258796602487564,4.959473881172016e-05,4.959473881172016e-05,1.0886657238006592
fourier_gate_s1p5_p4_cap_lo1_hi2_d0p5,0.12695728242397308,5.1314873417140916e-05,5.1314873417140916e-05,1.0901269912719727
fourier_gate_s1p5_p4_cap_lo1_hi2_d0p5,0.12804412841796875,5.309461630531587e-05,5.309461630531587e-05,1.0916112661361694
fourier_gate_s1p5_p4_cap_lo1_hi2_d0p5,0.12914028763771057,5.493613934959285e-05,5.493613934959285e-05,1.0931190252304077
fourier_gate_s1p5_p4_cap_lo1_hi2_d0p5,0.13024581968784332,5.6841468904167414e-05,5.6841468904167414e-05,1.0946506261825562
fourier_gate_s1p5_p4_cap_lo1_hi2_d0p5,0.13136082887649536,5.881294055143371e-05,5.881294055143371e-05,1.0962063074111938
fourier_gate_s1p5_p4_cap_lo1_hi2_d0p5,0.13248537480831146,6.085278437240049e-05,6.085278437240049e-05,1.0977863073349
fourier_gate_s1p5_p4_cap_lo1_hi2_d0p5,0.1336195468902588,6.296330684563145e-05,6.296330684563145e-05,1.0993913412094116
fourier_gate_s1p5_p4_cap_lo1_hi2_d0p5,0.1347634196281433,6.51470254524611e-05,6.51470254524611e-05,1.1010212898254395
fourier_gate_s1p5_p4_cap_lo1_hi2_d0p5,0.13591709733009338,6.74065449857153e-05,6.74065449857153e-05,1.1026771068572998
fourier_gate_s1p5_p4_cap_lo1_hi2_d0p5,0.13708065450191498,6.974441930651665e-05,6.974441930651665e-05,1.1043586730957031
fourier_gate_s1p5_p4_cap_lo1_hi2_d0p5,0.13825416564941406,7.216331141535193e-05,7.216331141535193e-05,1.1060664653778076
fourier_gate_s1p5_p4_cap_lo1_hi2_d0p5,0.1394377201795578,7.466615352313966e-05,7.466615352313966e-05,1.1078009605407715
fourier_gate_s1p5_p4_cap_lo1_hi2_d0p5,0.14063140749931335,7.725572504568845e-05,7.725572504568845e-05,1.1095623970031738
fourier_gate_s1p5_p4_cap_lo1_hi2_d0p5,0.1418353170156479,7.993517647264525e-05,7.993517647264525e-05,1.1113512516021729
fourier_gate_s1p5_p4_cap_lo1_hi2_d0p5,0.14304953813552856,8.270747639471665e-05,8.270747639471665e-05,1.1131680011749268
fourier_gate_s1p5_p4_cap_lo1_hi2_d0p5,0.14427414536476135,8.557599358027801e-05,8.557599358027801e-05,1.115012764930725
fourier_gate_s1p5_p4_cap_lo1_hi2_d0p5,0.1455092430114746,8.854398765834048e-05,8.854398765834048e-05,1.1168862581253052
fourier_gate_s1p5_p4_cap_lo1_hi2_d0p5,0.1467549055814743,9.161482739727944e-05,9.161482739727944e-05,1.118788480758667
fourier_gate_s1p5_p4_cap_lo1_hi2_d0p5,0.1480112373828888,9.479215077590197e-05,9.479215077590197e-05,1.1207202672958374
fourier_gate_s1p5_p4_cap_lo1_hi2_d0p5,0.14927831292152405,9.80797631200403e-05,9.80797631200403e-05,1.122681736946106
fourier_gate_s1p5_p4_cap_lo1_hi2_d0p5,0.15055625140666962,0.00010148128058062866,0.00010148128058062866,1.1246734857559204
fourier_gate_s1p5_p4_cap_lo1_hi2_d0p5,0.15184512734413147,0.00010500085772946477,0.00010500085772946477,1.1266956329345703
fourier_gate_s1p5_p4_cap_lo1_hi2_d0p5,0.15314503014087677,0.0001086423872038722,0.0001086423872038722,1.128748893737793
fourier_gate_s1p5_p4_cap_lo1_hi2_d0p5,0.15445606410503387,0.00011241029278608039,0.00011241029278608039,1.1308335065841675
fourier_gate_s1p5_p4_cap_lo1_hi2_d0p5,0.15577831864356995,0.00011630874359980226,0.00011630874359980226,1.1329500675201416
fourier_gate_s1p5_p4_cap_lo1_hi2_d0p5,0.15711189806461334,0.0001203425126732327,0.0001203425126732327,1.135098934173584
fourier_gate_s1p5_p4_cap_lo1_hi2_d0p5,0.15845689177513123,0.0001245160383405164,0.0001245160383405164,1.1372804641723633
fourier_gate_s1p5_p4_cap_lo1_hi2_d0p5,0.15981340408325195,0.0001288343919441104,0.0001288343919441104,1.1394952535629272
fourier_gate_s1p5_p4_cap_lo1_hi2_d0p5,0.1611815243959427,0.00013330251385923475,0.00013330251385923475,1.1417436599731445
fourier_gate_s1p5_p4_cap_lo1_hi2_d0p5,0.1625613570213318,0.00013792542449664325,0.00013792542449664325,1.1440261602401733
fourier_gate_s1p5_p4_cap_lo1_hi2_d0p5,0.1639530062675476,0.0001427087845513597,0.0001427087845513597,1.1463429927825928
fourier_gate_s1p5_p4_cap_lo1_hi2_d0p5,0.1653565615415573,0.00014765786181669682,0.00014765786181669682,1.1486949920654297
fourier_gate_s1p5_p4_cap_lo1_hi2_d0p5,0.16677214205265045,0.00015277868078555912,0.00015277868078555912,1.1510823965072632
fourier_gate_s1p5_p4_cap_lo1_hi2_d0p5,0.1681998372077942,0.00015807691670488566,0.00015807691670488566,1.1535056829452515
fourier_gate_s1p5_p4_cap_lo1_hi2_d0p5,0.16963975131511688,0.00016355901607312262,0.00016355901607312262,1.1559652090072632
fourier_gate_s1p5_p4_cap_lo1_hi2_d0p5,0.1710919886827469,0.00016923104703892022,0.00016923104703892022,1.1584616899490356
fourier_gate_s1p5_p4_cap_lo1_hi2_d0p5,0.17255665361881256,0.00017509992176201195,0.00017509992176201195,1.160995602607727
fourier_gate_s1p5_p4_cap_lo1_hi2_d0p5,0.17403388023376465,0.0001811721158446744,0.0001811721158446744,1.163567304611206
fourier_gate_s1p5_p4_cap_lo1_hi2_d0p5,0.17552372813224792,0.0001874550071079284,0.0001874550071079284,1.1661771535873413
fourier_gate_s1p5_p4_cap_lo1_hi2_d0p5,0.17702634632587433,0.00019395555136725307,0.00019395555136725307,1.1688261032104492
fourier_gate_s1p5_p4_cap_lo1_hi2_d0p5,0.17854182422161102,0.0002006816939683631,0.0002006816939683631,1.1715140342712402
fourier_gate_s1p5_p4_cap_lo1_hi2_d0p5,0.18007026612758636,0.0002076408127322793,0.0002076408127322793,1.1742417812347412
fourier_gate_s1p5_p4_cap_lo1_hi2_d0p5,0.1816118061542511,0.00021484143508132547,0.00021484143508132547,1.1770098209381104
fourier_gate_s1p5_p4_cap_lo1_hi2_d0p5,0.1831665337085724,0.00022229147725738585,0.00022229147725738585,1.179818868637085
fourier_gate_s1p5_p4_cap_lo1_hi2_d0p5,0.18473458290100098,0.00023000001965556294,0.00023000001965556294,1.1826691627502441
fourier_gate_s1p5_p4_cap_lo1_hi2_d0p5,0.18631604313850403,0.00023797560425009578,0.00023797560425009578,1.185561180114746
fourier_gate_s1p5_p4_cap_lo1_hi2_d0p5,0.1879110485315323,0.0002462279226165265,0.0002462279226165265,1.1884957551956177
fourier_gate_s1p5_p4_cap_lo1_hi2_d0p5,0.1895197033882141,0.00025476631708443165,0.00025476631708443165,1.1914730072021484
fourier_gate_s1p5_p4_cap_lo1_hi2_d0p5,0.19114212691783905,0.00026360046467743814,0.00026360046467743814,1.1944938898086548
fourier_gate_s1p5_p4_cap_lo1_hi2_d0p5,0.19277845323085785,0.00027274113381281495,0.00027274113381281495,1.1975586414337158
fourier_gate_s1p5_p4_cap_lo1_hi2_d0p5,0.19442877173423767,0.00028219842351973057,0.00028219842351973057,1.2006677389144897
fourier_gate_s1p5_p4_cap_lo1_hi2_d0p5,0.19609323143959045,0.00029198380070738494,0.00029198380070738494,1.203822135925293
fourier_gate_s1p5_p4_cap_lo1_hi2_d0p5,0.19777193665504456,0.000302108092000708,0.000302108092000708,1.2070221900939941
fourier_gate_s1p5_p4_cap_lo1_hi2_d0p5,0.19946500658988953,0.00031258363742381334,0.00031258363742381334,1.210268259048462
fourier_gate_s1p5_p4_cap_lo1_hi2_d0p5,0.2011725753545761,0.00032342199119739234,0.00032342199119739234,1.213560938835144
fourier_gate_s1p5_p4_cap_lo1_hi2_d0p5,0.20289476215839386,0.0003346363373566419,0.0003346363373566419,1.2169009447097778
fourier_gate_s1p5_p4_cap_lo1_hi2_d0p5,0.20463168621063232,0.00034623907413333654,0.00034623907413333654,1.2202887535095215
fourier_gate_s1p5_p4_cap_lo1_hi2_d0p5,0.20638348162174225,0.0003582441422622651,0.0003582441422622651,1.2237248420715332
fourier_gate_s1p5_p4_cap_lo1_hi2_d0p5,0.20815028250217438,0.0003706652787514031,0.0003706652787514031,1.2272099256515503
fourier_gate_s1p5_p4_cap_lo1_hi2_d0p5,0.20993220806121826,0.00038351694820448756,0.00038351694820448756,1.23074471950531
fourier_gate_s1p5_p4_cap_lo1_hi2_d0p5,0.21172937750816345,0.0003968140226788819,0.0003968140226788819,1.2343294620513916
fourier_gate_s1p5_p4_cap_lo1_hi2_d0p5,0.2135419398546219,0.0004105719563085586,0.0004105719563085586,1.2379649877548218
fourier_gate_s1p5_p4_cap_lo1_hi2_d0p5,0.21537001430988312,0.00042480663978494704,0.00042480663978494704,1.2416517734527588
fourier_gate_s1p5_p4_cap_lo1_hi2_d0p5,0.21721374988555908,0.0004395348660182208,0.0004395348660182208,1.2453901767730713
fourier_gate_s1p5_p4_cap_lo1_hi2_d0p5,0.21907325088977814,0.0004547730495687574,0.0004547730495687574,1.2491813898086548
fourier_gate_s1p5_p4_cap_lo1_hi2_d0p5,0.22094868123531342,0.0004705397295765579,0.0004705397295765579,1.2530256509780884
fourier_gate_s1p5_p4_cap_lo1_hi2_d0p5,0.22284016013145447,0.0004868523101322353,0.0004868523101322353,1.2569234371185303
fourier_gate_s1p5_p4_cap_lo1_hi2_d0p5,0.22474783658981323,0.000503730378113687,0.000503730378113687,1.2608754634857178
fourier_gate_s1p5_p4_cap_lo1_hi2_d0p5,0.22667184472084045,0.0005211932002566755,0.0005211932002566755,1.2648825645446777
fourier_gate_s1p5_p4_cap_lo1_hi2_d0p5,0.22861233353614807,0.000539261382073164,0.000539261382073164,1.2689449787139893
fourier_gate_s1p5_p4_cap_lo1_hi2_d0p5,0.23056942224502563,0.0005579553544521332,0.0005579553544521332,1.2730635404586792
fourier_gate_s1p5_p4_cap_lo1_hi2_d0p5,0.23254325985908508,0.0005772969452664256,0.0005772969452664256,1.2772387266159058
fourier_gate_s1p5_p4_cap_lo1_hi2_d0p5,0.23453401029109955,0.0005973086226731539,0.0005973086226731539,1.2814712524414062
fourier_gate_s1p5_p4_cap_lo1_hi2_d0p5,0.23654179275035858,0.0006180136115290225,0.0006180136115290225,1.2857619524002075
fourier_gate_s1p5_p4_cap_lo1_hi2_d0p5,0.23856677114963531,0.0006394357769750059,0.0006394357769750059,1.2901111841201782
fourier_gate_s1p5_p4_cap_lo1_hi2_d0p5,0.2406090646982193,0.0006615999736823142,0.0006615999736823142,1.294519305229187
fourier_gate_s1p5_p4_cap_lo1_hi2_d0p5,0.24266886711120605,0.000684531987644732,0.000684531987644732,1.2989877462387085
fourier_gate_s1p5_p4_cap_lo1_hi2_d0p5,0.24474628269672394,0.000708258303347975,0.000708258303347975,1.303516149520874
fourier_gate_s1p5_p4_cap_lo1_hi2_d0p5,0.24684149026870728,0.0007328063948079944,0.0007328063948079944,1.3081061840057373
fourier_gate_s1p5_p4_cap_lo1_hi2_d0p5,0.248954638838768,0.000758204550947994,0.000758204550947994,1.3127577304840088
fourier_gate_s1p5_p4_cap_lo1_hi2_d0p5,0.25108587741851807,0.0007844823994673789,0.0007844823994673789,1.3174716234207153
fourier_gate_s1p5_p4_cap_lo1_hi2_d0p5,0.2532353699207306,0.0008116706158034503,0.0008116706158034503,1.3222488164901733
fourier_gate_s1p5_p4_cap_lo1_hi2_d0p5,0.2554032504558563,0.0008397999336011708,0.0008397999336011708,1.327089548110962
fourier_gate_s1p5_p4_cap_lo1_hi2_d0p5,0.2575896680355072,0.0008689028327353299,0.0008689028327353299,1.331994652748108
fourier_gate_s1p5_p4_cap_lo1_hi2_d0p5,0.25979483127593994,0.0008990137139335275,0.0008990137139335275,1.336964726448059
fourier_gate_s1p5_p4_cap_lo1_hi2_d0p5,0.2620188891887665,0.0009301676182076335,0.0009301676182076335,1.3420004844665527
fourier_gate_s1p5_p4_cap_lo1_hi2_d0p5,0.26426196098327637,0.0009623995865695179,0.0009623995865695179,1.3471022844314575
fourier_gate_s1p5_p4_cap_lo1_hi2_d0p5,0.26652422547340393,0.0009957468137145042,0.0009957468137145042,1.3522714376449585
fourier_gate_s1p5_p4_cap_lo1_hi2_d0p5,0.2688058614730835,0.0010302489390596747,0.0010302489390596747,1.3575079441070557
fourier_gate_s1p5_p4_cap_lo1_hi2_d0p5,0.2711070477962494,0.001065945252776146,0.001065945252776146,1.3628127574920654
fourier_gate_s1p5_p4_cap_lo1_hi2_d0p5,0.27342793345451355,0.0011028774315491319,0.0011028774315491319,1.368186593055725
fourier_gate_s1p5_p4_cap_lo1_hi2_d0p5,0.2757686674594879,0.0011410872684791684,0.0011410872684791684,1.3736300468444824
fourier_gate_s1p5_p4_cap_lo1_hi2_d0p5,0.2781294584274292,0.0011806193506345153,0.0011806193506345153,1.3791438341140747
fourier_gate_s1p5_p4_cap_lo1_hi2_d0p5,0.28051045536994934,0.0012215194292366505,0.0012215194292366505,1.3847284317016602
fourier_gate_s1p5_p4_cap_lo1_hi2_d0p5,0.28291183710098267,0.0012638344196602702,0.0012638344196602702,1.390384554862976
fourier_gate_s1p5_p4_cap_lo1_hi2_d0p5,0.2853337526321411,0.0013076133327558637,0.0013076133327558637,1.3961131572723389
fourier_gate_s1p5_p4_cap_lo1_hi2_d0p5,0.2877764403820038,0.0013529068091884255,0.0013529068091884255,1.4019145965576172
fourier_gate_s1p5_p4_cap_lo1_hi2_d0p5,0.29024001955986023,0.0013997668866068125,0.0013997668866068125,1.4077893495559692
fourier_gate_s1p5_p4_cap_lo1_hi2_d0p5,0.2927246689796448,0.001448247698135674,0.001448247698135674,1.41373872756958
fourier_gate_s1p5_p4_cap_lo1_hi2_d0p5,0.2952306270599365,0.0014984052395448089,0.0014984052395448089,1.4197630882263184
fourier_gate_s1p5_p4_cap_lo1_hi2_d0p5,0.297758013010025,0.0015502971364185214,0.0015502971364185214,1.4258627891540527
fourier_gate_s1p5_p4_cap_lo1_hi2_d0p5,0.300307035446167,0.0016039832262322307,0.0016039832262322307,1.4320389032363892
fourier_gate_s1p5_p4_cap_lo1_hi2_d0p5,0.30287790298461914,0.001659525209106505,0.001659525209106505,1.4382919073104858
fourier_gate_s1p5_p4_cap_lo1_hi2_d0p5,0.305470734834671,0.0017169872298836708,0.0017169872298836708,1.4446223974227905
fourier_gate_s1p5_p4_cap_lo1_hi2_d0p5,0.3080857992172241,0.001776435412466526,0.001776435412466526,1.4510313272476196
fourier_gate_s1p5_p4_cap_lo1_hi2_d0p5,0.3107232451438904,0.001837938092648983,0.001837938092648983,1.4575191736221313
fourier_gate_s1p5_p4_cap_lo1_hi2_d0p5,0.3133832812309265,0.0019015669822692871,0.0019015669822692871,1.464086651802063
fourier_gate_s1p5_p4_cap_lo1_hi2_d0p5,0.31606605648994446,0.0019673926290124655,0.0019673926290124655,1.4707342386245728
fourier_gate_s1p5_p4_cap_lo1_hi2_d0p5,0.3187718093395233,0.002035493031144142,0.002035493031144142,1.4774627685546875
fourier_gate_s1p5_p4_cap_lo1_hi2_d0p5,0.3215007483959198,0.0021059466525912285,0.0021059466525912285,1.4842729568481445
fourier_gate_s1p5_p4_cap_lo1_hi2_d0p5,0.32425302267074585,0.002178831724449992,0.002178831724449992,1.4911651611328125
fourier_gate_s1p5_p4_cap_lo1_hi2_d0p5,0.32702887058258057,0.0022542355582118034,0.0022542355582118034,1.4981403350830078
fourier_gate_s1p5_p4_cap_lo1_hi2_d0p5,0.3298284709453583,0.0023322405759245157,0.0023322405759245157,1.5051989555358887
fourier_gate_s1p5_p4_cap_lo1_hi2_d0p5,0.3326520621776581,0.0024129406083375216,0.0024129406083375216,1.5123419761657715
fourier_gate_s1p5_p4_cap_lo1_hi2_d0p5,0.3354997932910919,0.0024964238982647657,0.0024964238982647657,1.5195696353912354
fourier_gate_s1p5_p4_cap_lo1_hi2_d0p5,0.3383719325065613,0.002582790330052376,0.002582790330052376,1.5268826484680176
fourier_gate_s1p5_p4_cap_lo1_hi2_d0p5,0.3412686288356781,0.002672133967280388,0.002672133967280388,1.5342817306518555
fourier_gate_s1p5_p4_cap_lo1_hi2_d0p5,0.34419015049934387,0.0027645626105368137,0.0027645626105368137,1.5417675971984863
fourier_gate_s1p5_p4_cap_lo1_hi2_d0p5,0.3471366763114929,0.002860177541151643,0.002860177541151643,1.5493407249450684
fourier_gate_s1p5_p4_cap_lo1_hi2_d0p5,0.35010841488838196,0.002959089819341898,0.002959089819341898,1.5570018291473389
fourier_gate_s1p5_p4_cap_lo1_hi2_d0p5,0.3531056046485901,0.0030614121351391077,0.0030614121351391077,1.564751386642456
fourier_gate_s1p5_p4_cap_lo1_hi2_d0p5,0.356128454208374,0.00316726160235703,0.00316726160235703,1.5725902318954468
fourier_gate_s1p5_p4_cap_lo1_hi2_d0p5,0.3591771721839905,0.00327675836160779,0.00327675836160779,1.5805187225341797
fourier_gate_s1p5_p4_cap_lo1_hi2_d0p5,0.36225199699401855,0.0033900283742696047,0.0033900283742696047,1.588537573814392
fourier_gate_s1p5_p4_cap_lo1_hi2_d0p5,0.36535313725471497,0.00350719946436584,0.00350719946436584,1.5966471433639526
fourier_gate_s1p5_p4_cap_lo1_hi2_d0p5,0.3684808313846588,0.003628405975177884,0.003628405975177884,1.6048485040664673
fourier_gate_s1p5_p4_cap_lo1_hi2_d0p5,0.3716353178024292,0.0037537869065999985,0.0037537869065999985,1.6131415367126465
fourier_gate_s1p5_p4_cap_lo1_hi2_d0p5,0.37481677532196045,0.00388348032720387,0.00388348032720387,1.6215276718139648
fourier_gate_s1p5_p4_cap_lo1_hi2_d0p5,0.37802550196647644,0.004017640370875597,0.004017640370875597,1.630007028579712
fourier_gate_s1p5_p4_cap_lo1_hi2_d0p5,0.3812616765499115,0.004156413488090038,0.004156413488090038,1.6385796070098877
fourier_gate_s1p5_p4_cap_lo1_hi2_d0p5,0.3845255374908447,0.004299957305192947,0.004299957305192947,1.6472464799880981
fourier_gate_s1p5_p4_cap_lo1_hi2_d0p5,0.3878173828125,0.004448441322892904,0.004448441322892904,1.656008005142212
fourier_gate_s1p5_p4_cap_lo1_hi2_d0p5,0.39113736152648926,0.004602023400366306,0.004602023400366306,1.6648650169372559
fourier_gate_s1p5_p4_cap_lo1_hi2_d0p5,0.39448580145835876,0.004760887939482927,0.004760887939482927,1.6738176345825195
fourier_gate_s1p5_p4_cap_lo1_hi2_d0p5,0.39786288142204285,0.004925206769257784,0.004925206769257784,1.6828665733337402
fourier_gate_s1p5_p4_cap_lo1_hi2_d0p5,0.4012688994407654,0.005095168016850948,0.005095168016850948,1.6920121908187866
fourier_gate_s1p5_p4_cap_lo1_hi2_d0p5,0.4047040641307831,0.005270963069051504,0.005270963069051504,1.7012548446655273
fourier_gate_s1p5_p4_cap_lo1_hi2_d0p5,0.40816861391067505,0.005452790763229132,0.005452790763229132,1.7105947732925415
fourier_gate_s1p5_p4_cap_lo1_hi2_d0p5,0.41166284680366516,0.0056408545933663845,0.0056408545933663845,1.720033049583435
fourier_gate_s1p5_p4_cap_lo1_hi2_d0p5,0.41518697142601013,0.005835366901010275,0.005835366901010275,1.7295693159103394
fourier_gate_s1p5_p4_cap_lo1_hi2_d0p5,0.41874128580093384,0.006036545615643263,0.006036545615643263,1.7392042875289917
fourier_gate_s1p5_p4_cap_lo1_hi2_d0p5,0.4223260283470154,0.00624461704865098,0.00624461704865098,1.7489384412765503
fourier_gate_s1p5_p4_cap_lo1_hi2_d0p5,0.42594143748283386,0.0064598130993545055,0.0064598130993545055,1.7587721347808838
fourier_gate_s1p5_p4_cap_lo1_hi2_d0p5,0.42958781123161316,0.0066823759116232395,0.0066823759116232395,1.7687056064605713
fourier_gate_s1p5_p4_cap_lo1_hi2_d0p5,0.43326541781425476,0.006912552751600742,0.006912552751600742,1.7787389755249023
fourier_gate_s1p5_p4_cap_lo1_hi2_d0p5,0.4369744658470154,0.0071506015956401825,0.0071506015956401825,1.7888723611831665
fourier_gate_s1p5_p4_cap_lo1_hi2_d0p5,0.44071531295776367,0.007396790664643049,0.007396790664643049,1.7991067171096802
fourier_gate_s1p5_p4_cap_lo1_hi2_d0p5,0.44448816776275635,0.007651386316865683,0.007651386316865683,1.8094416856765747
fourier_gate_s1p5_p4_cap_lo1_hi2_d0p5,0.4482932984828949,0.007914671674370766,0.007914671674370766,1.81987726688385
fourier_gate_s1p5_p4_cap_lo1_hi2_d0p5,0.4521310329437256,0.008186949416995049,0.008186949416995049,1.8304145336151123
fourier_gate_s1p5_p4_cap_lo1_hi2_d0p5,0.4560016095638275,0.008468510583043098,0.008468510583043098,1.8410524129867554
fourier_gate_s1p5_p4_cap_lo1_hi2_d0p5,0.4599052965641022,0.008759665302932262,0.008759665302932262,1.8517919778823853
fourier_gate_s1p5_p4_cap_lo1_hi2_d0p5,0.4638424515724182,0.009060746990144253,0.009060746990144253,1.8626328706741333
fourier_gate_s1p5_p4_cap_lo1_hi2_d0p5,0.46781328320503235,0.009372075088322163,0.009372075088322163,1.8735753297805786
fourier_gate_s1p5_p4_cap_lo1_hi2_d0p5,0.47181808948516846,0.009693996049463749,0.009693996049463749,1.884618878364563
fourier_gate_s1p5_p4_cap_lo1_hi2_d0p5,0.4758571982383728,0.010026862844824791,0.010026862844824791,1.8957639932632446
fourier_gate_s1p5_p4_cap_lo1_hi2_d0p5,0.47993090748786926,0.010371038690209389,0.010371038690209389,1.9070104360580444
fourier_gate_s1p5_p4_cap_lo1_hi2_d0p5,0.48403945565223694,0.010726901702582836,0.010726901702582836,1.9183580875396729
fourier_gate_s1p5_p4_cap_lo1_hi2_d0p5,0.4881832003593445,0.011094838380813599,0.011094838380813599,1.9298067092895508
fourier_gate_s1p5_p4_cap_lo1_hi2_d0p5,0.4923624098300934,0.011475247330963612,0.011475247330963612,1.9413559436798096
fourier_gate_s1p5_p4_cap_lo1_hi2_d0p5,0.4965773820877075,0.011868544854223728,0.011868544854223728,1.9530060291290283
fourier_gate_s1p5_p4_cap_lo1_hi2_d0p5,0.5008284449577332,0.012275154702365398,0.012275154702365398,1.9647561311721802
fourier_gate_s1p5_p4_cap_lo1_hi2_d0p5,0.5051159262657166,0.012695514596998692,0.012695514596998692,1.9766063690185547
fourier_gate_s1p5_p4_cap_lo1_hi2_d0p5,0.5094400644302368,0.01313007902354002,0.01313007902354002,1.9885557889938354
fourier_gate_s1p5_p4_cap_lo1_hi2_d0p5,0.5138012766838074,0.013579313643276691,0.013579313643276691,2.0006046295166016
fourier_gate_s1p5_p4_cap_lo1_hi2_d0p5,0.5181998014450073,0.014043699949979782,0.014043699949979782,2.012751817703247
fourier_gate_s1p5_p4_cap_lo1_hi2_d0p5,0.5226359963417053,0.01452373992651701,0.01452373992651701,2.0249969959259033
fourier_gate_s1p5_p4_cap_lo1_hi2_d0p5,0.5271100997924805,0.015019924379885197,0.015019924379885197,2.037339210510254
fourier_gate_s1p5_p4_cap_lo1_hi2_d0p5,0.531622588634491,0.015532810240983963,0.015532810240983963,2.049778461456299
fourier_gate_s1p5_p4_cap_lo1_hi2_d0p5,0.5361736416816711,0.01606290601193905,0.01606290601193905,2.0623130798339844
fourier_gate_s1p5_p4_cap_lo1_hi2_d0p5,0.5407636761665344,0.016610795632004738,0.016610795632004738,2.0749428272247314
fourier_gate_s1p5_p4_cap_lo1_hi2_d0p5,0.5453930497169495,0.017177054658532143,0.017177054658532143,2.0876667499542236
fourier_gate_s1p5_p4_cap_lo1_hi2_d0p5,0.5500620603561401,0.017762262374162674,0.017762262374162674,2.1004838943481445
fourier_gate_s1p5_p4_cap_lo1_hi2_d0p5,0.5547710061073303,0.018367040902376175,0.018367040902376175,2.1133928298950195
fourier_gate_s1p5_p4_cap_lo1_hi2_d0p5,0.5595202445983887,0.018991997465491295,0.018991997465491295,2.1263926029205322
fourier_gate_s1p5_p4_cap_lo1_hi2_d0p5,0.5643101334571838,0.019637802615761757,0.019637802615761757,2.139482021331787
fourier_gate_s1p5_p4_cap_lo1_hi2_d0p5,0.5691410303115845,0.02030511200428009,0.02030511200428009,2.1526594161987305
fourier_gate_s1p5_p4_cap_lo1_hi2_d0p5,0.5740132927894592,0.020994611084461212,0.020994611084461212,2.165924072265625
fourier_gate_s1p5_p4_cap_lo1_hi2_d0p5,0.5789272785186768,0.02170700579881668,0.02170700579881668,2.1792736053466797
fourier_gate_s1p5_p4_cap_lo1_hi2_d0p5,0.5838833451271057,0.022443030029535294,0.022443030029535294,2.192707061767578
fourier_gate_s1p5_p4_cap_lo1_hi2_d0p5,0.58888179063797,0.023203397169709206,0.023203397169709206,2.2062222957611084
fourier_gate_s1p5_p4_cap_lo1_hi2_d0p5,0.5939230918884277,0.023988915607333183,0.023988915607333183,2.219818353652954
fourier_gate_s1p5_p4_cap_lo1_hi2_d0p5,0.5990074872970581,0.02480032667517662,0.02480032667517662,2.233491897583008
fourier_gate_s1p5_p4_cap_lo1_hi2_d0p5,0.6041354537010193,0.025638490915298462,0.025638490915298462,2.2472422122955322
fourier_gate_s1p5_p4_cap_lo1_hi2_d0p5,0.6093072891235352,0.026504194363951683,0.026504194363951683,2.261066198348999
fourier_gate_s1p5_p4_cap_lo1_hi2_d0p5,0.6145234107971191,0.027398310601711273,0.027398310601711273,2.2749619483947754
fourier_gate_s1p5_p4_cap_lo1_hi2_d0p5,0.6197841763496399,0.028321711346507072,0.028321711346507072,2.2889270782470703
fourier_gate_s1p5_p4_cap_lo1_hi2_d0p5,0.6250900030136108,0.02927529625594616,0.02927529625594616,2.3029587268829346
fourier_gate_s1p5_p4_cap_lo1_hi2_d0p5,0.6304412484169006,0.030259987339377403,0.030259987339377403,2.3170547485351562
fourier_gate_s1p5_p4_cap_lo1_hi2_d0p5,0.6358382701873779,0.03127673268318176,0.03127673268318176,2.331212043762207
fourier_gate_s1p5_p4_cap_lo1_hi2_d0p5,0.6412815451622009,0.032326504588127136,0.032326504588127136,2.3454270362854004
fourier_gate_s1p5_p4_cap_lo1_hi2_d0p5,0.6467713713645935,0.033410292118787766,0.033410292118787766,2.3596975803375244
fourier_gate_s1p5_p4_cap_lo1_hi2_d0p5,0.6523082256317139,0.03452911972999573,0.03452911972999573,2.3740200996398926
fourier_gate_s1p5_p4_cap_lo1_hi2_d0p5,0.6578924655914307,0.03568403795361519,0.03568403795361519,2.3883907794952393
fourier_gate_s1p5_p4_cap_lo1_hi2_d0p5,0.6635245084762573,0.03687610477209091,0.03687610477209091,2.402806043624878
fourier_gate_s1p5_p4_cap_lo1_hi2_d0p5,0.6692047715187073,0.038106419146060944,0.038106419146060944,2.4172627925872803
fourier_gate_s1p5_p4_cap_lo1_hi2_d0p5,0.6749336123466492,0.039376091212034225,0.039376091212034225,2.4317562580108643
fourier_gate_s1p5_p4_cap_lo1_hi2_d0p5,0.680711567401886,0.040686290711164474,0.040686290711164474,2.4462826251983643
fourier_gate_s1p5_p4_cap_lo1_hi2_d0p5,0.6865389347076416,0.04203817620873451,0.04203817620873451,2.4608380794525146
fourier_gate_s1p5_p4_cap_lo1_hi2_d0p5,0.692416250705719,0.04343295842409134,0.04343295842409134,2.4754176139831543
fourier_gate_s1p5_p4_cap_lo1_hi2_d0p5,0.698343813419342,0.04487182945013046,0.04487182945013046,2.490016460418701
fourier_gate_s1p5_p4_cap_lo1_hi2_d0p5,0.7043221592903137,0.046356067061424255,0.046356067061424255,2.5046300888061523
fourier_gate_s1p5_p4_cap_lo1_hi2_d0p5,0.7103517055511475,0.047886960208415985,0.047886960208415985,2.5192527770996094
fourier_gate_s1p5_p4_cap_lo1_hi2_d0p5,0.7164328098297119,0.04946574196219444,0.04946574196219444,2.5338797569274902
fourier_gate_s1p5_p4_cap_lo1_hi2_d0p5,0.7225660085678101,0.05109382048249245,0.05109382048249245,2.5485053062438965
fourier_gate_s1p5_p4_cap_lo1_hi2_d0p5,0.7287517189979553,0.052772507071495056,0.052772507071495056,2.563124179840088
fourier_gate_s1p5_p4_cap_lo1_hi2_d0p5,0.7349903583526611,0.05450315773487091,0.05450315773487091,2.5777294635772705
fourier_gate_s1p5_p4_cap_lo1_hi2_d0p5,0.7412824630737305,0.05628721043467522,0.05628721043467522,2.592315673828125
fourier_gate_s1p5_p4_cap_lo1_hi2_d0p5,0.747628390789032,0.0581260621547699,0.0581260621547699,2.6068761348724365
fourier_gate_s1p5_p4_cap_lo1_hi2_d0p5,0.7540286183357239,0.06002116575837135,0.06002116575837135,2.6214046478271484
fourier_gate_s1p5_p4_cap_lo1_hi2_d0p5,0.7604836821556091,0.06197398155927658,0.06197398155927658,2.6358935832977295
fourier_gate_s1p5_p4_cap_lo1_hi2_d0p5,0.7669939398765564,0.06398602575063705,0.06398602575063705,2.6503357887268066
fourier_gate_s1p5_p4_cap_lo1_hi2_d0p5,0.7735599875450134,0.06605877727270126,0.06605877727270126,2.664724588394165
fourier_gate_s1p5_p4_cap_lo1_hi2_d0p5,0.7801822423934937,0.06819378584623337,0.06819378584623337,2.679051637649536
fourier_gate_s1p5_p4_cap_lo1_hi2_d0p5,0.7868611812591553,0.07039260119199753,0.07039260119199753,2.6933090686798096
fourier_gate_s1p5_p4_cap_lo1_hi2_d0p5,0.7935972809791565,0.0726567804813385,0.0726567804813385,2.707489252090454
fourier_gate_s1p5_p4_cap_lo1_hi2_d0p5,0.8003910779953003,0.07498791813850403,0.07498791813850403,2.721583604812622
fourier_gate_s1p5_p4_cap_lo1_hi2_d0p5,0.8072429895401001,0.07738760113716125,0.07738760113716125,2.7355830669403076
fourier_gate_s1p5_p4_cap_lo1_hi2_d0p5,0.8141536116600037,0.07985745370388031,0.07985745370388031,2.749478578567505
fourier_gate_s1p5_p4_cap_lo1_hi2_d0p5,0.8211233615875244,0.08239908516407013,0.08239908516407013,2.763261318206787
fourier_gate_s1p5_p4_cap_lo1_hi2_d0p5,0.8281527757644653,0.08501414209604263,0.08501414209604263,2.7769219875335693
fourier_gate_s1p5_p4_cap_lo1_hi2_d0p5,0.8352423906326294,0.08770427852869034,0.08770427852869034,2.790449857711792
fourier_gate_s1p5_p4_cap_lo1_hi2_d0p5,0.8423926830291748,0.09047109633684158,0.09047109633684158,2.803835868835449
fourier_gate_s1p5_p4_cap_lo1_hi2_d0p5,0.8496041893959045,0.09331627190113068,0.09331627190113068,2.8170690536499023
fourier_gate_s1p5_p4_cap_lo1_hi2_d0p5,0.8568774461746216,0.09624148160219193,0.09624148160219193,2.830139636993408
fourier_gate_s1p5_p4_cap_lo1_hi2_d0p5,0.8642129302024841,0.09924830496311188,0.09924830496311188,2.8430356979370117
fourier_gate_s1p5_p4_cap_lo1_hi2_d0p5,0.8716112375259399,0.10233845561742783,0.10233845561742783,2.855747699737549
fourier_gate_s1p5_p4_cap_lo1_hi2_d0p5,0.8790728449821472,0.1055135428905487,0.1055135428905487,2.868262767791748
fourier_gate_s1p5_p4_cap_lo1_hi2_d0p5,0.8865984082221985,0.10877523571252823,0.10877523571252823,2.88057017326355
fourier_gate_s1p5_p4_cap_lo1_hi2_d0p5,0.8941883444786072,0.11212509125471115,0.11212509125471115,2.8926570415496826
fourier_gate_s1p5_p4_cap_lo1_hi2_d0p5,0.901843249797821,0.11556471884250641,0.11556471884250641,2.904512882232666
fourier_gate_s1p5_p4_cap_lo1_hi2_d0p5,0.9095636606216431,0.11909570544958115,0.11909570544958115,2.9161248207092285
fourier_gate_s1p5_p4_cap_lo1_hi2_d0p5,0.9173502326011658,0.12271963804960251,0.12271963804960251,2.9274797439575195
fourier_gate_s1p5_p4_cap_lo1_hi2_d0p5,0.9252034425735474,0.12643802165985107,0.12643802165985107,2.938565492630005
fourier_gate_s1p5_p4_cap_lo1_hi2_d0p5,0.9331238269805908,0.13025230169296265,0.13025230169296265,2.949368953704834
fourier_gate_s1p5_p4_cap_lo1_hi2_d0p5,0.9411121010780334,0.1341640055179596,0.1341640055179596,2.9598772525787354
fourier_gate_s1p5_p4_cap_lo1_hi2_d0p5,0.9491686820983887,0.13817450404167175,0.13817450404167175,2.9700770378112793
fourier_gate_s1p5_p4_cap_lo1_hi2_d0p5,0.9572942852973938,0.14228519797325134,0.14228519797325134,2.9799540042877197
fourier_gate_s1p5_p4_cap_lo1_hi2_d0p5,0.9654894471168518,0.14649741351604462,0.14649741351604462,2.9894967079162598
fourier_gate_s1p5_p4_cap_lo1_hi2_d0p5,0.9737547039985657,0.15081235766410828,0.15081235766410828,2.9986894130706787
fourier_gate_s1p5_p4_cap_lo1_hi2_d0p5,0.9820907711982727,0.155231311917305,0.155231311917305,3.0075197219848633
fourier_gate_s1p5_p4_cap_lo1_hi2_d0p5,0.9904981851577759,0.1597553789615631,0.1597553789615631,3.0159730911254883
fourier_gate_s1p5_p4_cap_lo1_hi2_d0p5,0.9989776015281677,0.1643856316804886,0.1643856316804886,3.024035692214966
fourier_gate_s1p5_p4_cap_lo1_hi2_d0p5,1.007529616355896,0.16916553676128387,0.17383094131946564,3.0163893699645996
fourier_gate_s1p5_p4_cap_lo1_hi2_d0p5,1.0161547660827637,0.17416051030158997,0.19464635848999023,2.97119140625
fourier_gate_s1p5_p4_cap_lo1_hi2_d0p5,1.0248538255691528,0.17936904728412628,0.22472530603408813,2.8946330547332764
fourier_gate_s1p5_p4_cap_lo1_hi2_d0p5,1.0336273908615112,0.18478813767433167,0.2612059414386749,2.795715808868408
fourier_gate_s1p5_p4_cap_lo1_hi2_d0p5,1.042475938796997,0.1904141753911972,0.3012368977069855,2.683698892593384
fourier_gate_s1p5_p4_cap_lo1_hi2_d0p5,1.0514003038406372,0.19624339044094086,0.3424343466758728,2.5664961338043213
fourier_gate_s1p5_p4_cap_lo1_hi2_d0p5,1.0604010820388794,0.2022712379693985,0.3830539584159851,2.450010061264038
fourier_gate_s1p5_p4_cap_lo1_hi2_d0p5,1.0694788694381714,0.20849278569221497,0.42196476459503174,2.3381476402282715
fourier_gate_s1p5_p4_cap_lo1_hi2_d0p5,1.0786343812942505,0.21490269899368286,0.4585275650024414,2.2331833839416504
fourier_gate_s1p5_p4_cap_lo1_hi2_d0p5,1.087868332862854,0.22149533033370972,0.49245384335517883,2.1362037658691406
fourier_gate_s1p5_p4_cap_lo1_hi2_d0p5,1.0971813201904297,0.22826437652111053,0.5236837863922119,2.047511339187622
fourier_gate_s1p5_p4_cap_lo1_hi2_d0p5,1.1065739393234253,0.23520341515541077,0.5522964000701904,1.9669239521026611
fourier_gate_s1p5_p4_cap_lo1_hi2_d0p5,1.1160470247268677,0.24230562150478363,0.5784473419189453,1.8939828872680664
fourier_gate_s1p5_p4_cap_lo1_hi2_d0p5,1.1256012916564941,0.2495640367269516,0.6023274660110474,1.8280993700027466
fourier_gate_s1p5_p4_cap_lo1_hi2_d0p5,1.135237216949463,0.2569710612297058,0.6241376399993896,1.7686371803283691
fourier_gate_s1p5_p4_cap_lo1_hi2_d0p5,1.1449557542800903,0.26451942324638367,0.6440765857696533,1.7149627208709717
fourier_gate_s1p5_p4_cap_lo1_hi2_d0p5,1.1547573804855347,0.27220115065574646,0.6623302698135376,1.6664761304855347
fourier_gate_s1p5_p4_cap_lo1_hi2_d0p5,1.1646429300308228,0.280008465051651,0.6790704131126404,1.6226238012313843
fourier_gate_s1p5_p4_cap_lo1_hi2_d0p5,1.174613118171692,0.28793346881866455,0.6944522857666016,1.5829031467437744
fourier_gate_s1p5_p4_cap_lo1_hi2_d0p5,1.1846686601638794,0.2959679663181305,0.7086148858070374,1.5468641519546509
fourier_gate_s1p5_p4_cap_lo1_hi2_d0p5,1.194810390472412,0.3041040301322937,0.7216823101043701,1.5141059160232544
fourier_gate_s1p5_p4_cap_lo1_hi2_d0p5,1.2050387859344482,0.312333345413208,0.7337642908096313,1.4842745065689087
fourier_gate_s1p5_p4_cap_lo1_hi2_d0p5,1.2153548002243042,0.32064804434776306,0.7449585199356079,1.4570555686950684
fourier_gate_s1p5_p4_cap_lo1_hi2_d0p5,1.2257591485977173,0.3290400505065918,0.7553514242172241,1.4321730136871338
fourier_gate_s1p5_p4_cap_lo1_hi2_d0p5,1.2362525463104248,0.3375014066696167,0.7650192379951477,1.4093828201293945
fourier_gate_s1p5_p4_cap_lo1_hi2_d0p5,1.2468358278274536,0.34602439403533936,0.7740299105644226,1.388469934463501
fourier_gate_s1p5_p4_cap_lo1_hi2_d0p5,1.2575095891952515,0.3546011447906494,0.7824432849884033,1.3692445755004883
fourier_gate_s1p5_p4_cap_lo1_hi2_d0p5,1.2682749032974243,0.36322447657585144,0.790313184261322,1.351538896560669
fourier_gate_s1p5_p4_cap_lo1_hi2_d0p5,1.2791322469711304,0.3718867003917694,0.7976869940757751,1.3352049589157104
fourier_gate_s1p5_p4_cap_lo1_hi2_d0p5,1.290082573890686,0.3805808126926422,0.8046072721481323,1.3201106786727905
fourier_gate_s1p5_p4_cap_lo1_hi2_d0p5,1.3011265993118286,0.38929983973503113,0.8111118078231812,1.3061398267745972
fourier_gate_s1p5_p4_cap_lo1_hi2_d0p5,1.312265157699585,0.3980371057987213,0.8172347545623779,1.2931886911392212
fourier_gate_s1p5_p4_cap_lo1_hi2_d0p5,1.3234992027282715,0.406786173582077,0.8230068683624268,1.2811646461486816
fourier_gate_s1p5_p4_cap_lo1_hi2_d0p5,1.334829330444336,0.4155406951904297,0.8284552097320557,1.269985556602478
fourier_gate_s1p5_p4_cap_lo1_hi2_d0p5,1.3462563753128052,0.4242945611476898,0.8336045742034912,1.2595776319503784
fourier_gate_s1p5_p4_cap_lo1_hi2_d0p5,1.3577814102172852,0.43304237723350525,0.838477611541748,1.2498751878738403
fourier_gate_s1p5_p4_cap_lo1_hi2_d0p5,1.3694050312042236,0.4417783319950104,0.8430944681167603,1.2408188581466675
fourier_gate_s1p5_p4_cap_lo1_hi2_d0p5,1.3811280727386475,0.45049726963043213,0.8474732637405396,1.2323554754257202
fourier_gate_s1p5_p4_cap_lo1_hi2_d0p5,1.3929516077041626,0.4591943025588989,0.8516308069229126,1.2244377136230469
fourier_gate_s1p5_p4_cap_lo1_hi2_d0p5,1.4048762321472168,0.4678645431995392,0.8555822372436523,1.2170218229293823
fourier_gate_s1p5_p4_cap_lo1_hi2_d0p5,1.416903018951416,0.4765036702156067,0.8593415021896362,1.2100692987442017
fourier_gate_s1p5_p4_cap_lo1_hi2_d0p5,1.429032802581787,0.485107421875,0.8629211187362671,1.2035448551177979
fourier_gate_s1p5_p4_cap_lo1_hi2_d0p5,1.441266417503357,0.4936717450618744,0.8663326501846313,1.1974165439605713
fourier_gate_s1p5_p4_cap_lo1_hi2_d0p5,1.4536046981811523,0.5021929144859314,0.8695865869522095,1.1916553974151611
fourier_gate_s1p5_p4_cap_lo1_hi2_d0p5,1.4660485982894897,0.5106674432754517,0.8726929426193237,1.1862354278564453
fourier_gate_s1p5_p4_cap_lo1_hi2_d0p5,1.4785990715026855,0.5190919637680054,0.8756603002548218,1.181132197380066
fourier_gate_s1p5_p4_cap_lo1_hi2_d0p5,1.4912569522857666,0.527463436126709,0.8784969449043274,1.176324486732483
fourier_gate_s1p5_p4_cap_lo1_hi2_d0p5,1.5040231943130493,0.535778820514679,0.8812105655670166,1.171791911125183
fourier_gate_s1p5_p4_cap_lo1_hi2_d0p5,1.51689875125885,0.5440356731414795,0.8838082551956177,1.167516827583313
fourier_gate_s1p5_p4_cap_lo1_hi2_d0p5,1.5298845767974854,0.5522312521934509,0.886296272277832,1.1634821891784668
fourier_gate_s1p5_p4_cap_lo1_hi2_d0p5,1.542981505393982,0.5603633522987366,0.8886805772781372,1.1596732139587402
fourier_gate_s1p5_p4_cap_lo1_hi2_d0p5,1.5561906099319458,0.5684298276901245,0.8909668922424316,1.1560755968093872
fourier_gate_s1p5_p4_cap_lo1_hi2_d0p5,1.5695127248764038,0.5764284729957581,0.8931602239608765,1.1526769399642944
fourier_gate_s1p5_p4_cap_lo1_hi2_d0p5,1.582948923110962,0.5843576788902283,0.8952653408050537,1.1494653224945068
fourier_gate_s1p5_p4_cap_lo1_hi2_d0p5,1.5965001583099365,0.5922154784202576,0.8972867727279663,1.1464300155639648
fourier_gate_s1p5_p4_cap_lo1_hi2_d0p5,1.610167384147644,0.6000004410743713,0.899228572845459,1.1435612440109253
fourier_gate_s1p5_p4_cap_lo1_hi2_d0p5,1.6239515542984009,0.6077109575271606,0.9010945558547974,1.1408497095108032
fourier_gate_s1p5_p4_cap_lo1_hi2_d0p5,1.637853741645813,0.61534583568573,0.9028884172439575,1.1382874250411987
fourier_gate_s1p5_p4_cap_lo1_hi2_d0p5,1.6518750190734863,0.6229036450386047,0.9046133756637573,1.1358662843704224
fourier_gate_s1p5_p4_cap_lo1_hi2_d0p5,1.6660163402557373,0.630383312702179,0.9062725305557251,1.1335794925689697
fourier_gate_s1p5_p4_cap_lo1_hi2_d0p5,1.6802786588668823,0.6377836465835571,0.9078689217567444,1.1314204931259155
fourier_gate_s1p5_p4_cap_lo1_hi2_d0p5,1.6946630477905273,0.6451038122177124,0.9094051122665405,1.1293829679489136
fourier_gate_s1p5_p4_cap_lo1_hi2_d0p5,1.7091705799102783,0.6523427367210388,0.9108837246894836,1.1274619102478027
fourier_gate_s1p5_p4_cap_lo1_hi2_d0p5,1.7238024473190308,0.6594997048377991,0.9123070240020752,1.1256518363952637
fourier_gate_s1p5_p4_cap_lo1_hi2_d0p5,1.738559365272522,0.6665737628936768,0.9136773943901062,1.1239484548568726
fourier_gate_s1p5_p4_cap_lo1_hi2_d0p5,1.7534427642822266,0.6735641956329346,0.9149967432022095,1.1223472356796265
fourier_gate_s1p5_p4_cap_lo1_hi2_d0p5,1.7684534788131714,0.6804705262184143,0.9162671566009521,1.1208443641662598
fourier_gate_s1p5_p4_cap_lo1_hi2_d0p5,1.7835928201675415,0.6872919797897339,0.9174904227256775,1.1194363832473755
fourier_gate_s1p5_p4_cap_lo1_hi2_d0p5,1.7988616228103638,0.694027841091156,0.9186681509017944,1.1181199550628662
fourier_gate_s1p5_p4_cap_lo1_hi2_d0p5,1.8142613172531128,0.7006778120994568,0.9198019504547119,1.1168920993804932
fourier_gate_s1p5_p4_cap_lo1_hi2_d0p5,1.8297927379608154,0.7072412371635437,0.9208933115005493,1.1157501935958862
fourier_gate_s1p5_p4_cap_lo1_hi2_d0p5,1.8454570770263672,0.7137177586555481,0.921943724155426,1.1146920919418335
fourier_gate_s1p5_p4_cap_lo1_hi2_d0p5,1.8612555265426636,0.7201067805290222,0.9229543209075928,1.1137152910232544
fourier_gate_s1p5_p4_cap_lo1_hi2_d0p5,1.8771892786026,0.7264080047607422,0.9239264130592346,1.1128181219100952
fourier_gate_s1p5_p4_cap_lo1_hi2_d0p5,1.8932594060897827,0.7326210737228394,0.9248610734939575,1.1119990348815918
fourier_gate_s1p5_p4_cap_lo1_hi2_d0p5,1.909467101097107,0.7387456893920898,0.9257592558860779,1.1112563610076904
fourier_gate_s1p5_p4_cap_lo1_hi2_d0p5,1.9258135557174683,0.7447813749313354,0.9266219735145569,1.1105893850326538
fourier_gate_s1p5_p4_cap_lo1_hi2_d0p5,1.9422999620437622,0.7507280707359314,0.9274501800537109,1.1099969148635864
fourier_gate_s1p5_p4_cap_lo1_hi2_d0p5,1.9589273929595947,0.7565853595733643,0.9282445907592773,1.109478235244751
fourier_gate_s1p5_p4_cap_lo1_hi2_d0p5,1.9756972789764404,0.7623530626296997,0.9290059208869934,1.1090328693389893
fourier_gate_s1p5_p4_cap_lo1_hi2_d0p5,1.9926106929779053,0.7680312395095825,0.9297350645065308,1.1086608171463013
fourier_gate_s1p5_p4_cap_lo1_hi2_d0p5,2.009669065475464,0.7736208438873291,0.9304369688034058,1.10834801197052
fourier_gate_s1p5_p4_cap_lo1_hi2_d0p5,2.0268731117248535,0.7791279554367065,0.9311337471008301,1.1080304384231567
fourier_gate_s1p5_p4_cap_lo1_hi2_d0p5,2.044224739074707,0.7845522165298462,0.9318282604217529,1.1076995134353638
fourier_gate_s1p5_p4_cap_lo1_hi2_d0p5,2.061724901199341,0.7898924350738525,0.9325206279754639,1.1073548793792725
fourier_gate_s1p5_p4_cap_lo1_hi2_d0p5,2.0793747901916504,0.7951474785804749,0.933211088180542,1.106995940208435
fourier_gate_s1p5_p4_cap_lo1_hi2_d0p5,2.0971755981445312,0.8003164529800415,0.9338995814323425,1.1066220998764038
fourier_gate_s1p5_p4_cap_lo1_hi2_d0p5,2.115128993988037,0.8053985834121704,0.9345864057540894,1.10623300075531
fourier_gate_s1p5_p4_cap_lo1_hi2_d0p5,2.1332361698150635,0.8103930950164795,0.9352715611457825,1.1058281660079956
fourier_gate_s1p5_p4_cap_lo1_hi2_d0p5,2.151498317718506,0.815299391746521,0.935955286026001,1.1054068803787231
fourier_gate_s1p5_p4_cap_lo1_hi2_d0p5,2.1699166297912598,0.8201168775558472,0.9366375803947449,1.1049686670303345
fourier_gate_s1p5_p4_cap_lo1_hi2_d0p5,2.188492774963379,0.8248453736305237,0.937318742275238,1.1045130491256714
fourier_gate_s1p5_p4_cap_lo1_hi2_d0p5,2.207227945327759,0.8294845819473267,0.9379987716674805,1.1040393114089966
fourier_gate_s1p5_p4_cap_lo1_hi2_d0p5,2.226123332977295,0.8340342044830322,0.9386777877807617,1.103547215461731
fourier_gate_s1p5_p4_cap_lo1_hi2_d0p5,2.245180606842041,0.8384943604469299,0.9393560290336609,1.103035807609558
fourier_gate_s1p5_p4_cap_lo1_hi2_d0p5,2.2644009590148926,0.842864990234375,0.9400334358215332,1.1025047302246094
fourier_gate_s1p5_p4_cap_lo1_hi2_d0p5,2.2837860584259033,0.8471464514732361,0.9407104253768921,1.101953387260437
fourier_gate_s1p5_p4_cap_lo1_hi2_d0p5,2.3033368587493896,0.8513386845588684,0.9413868188858032,1.1013814210891724
fourier_gate_s1p5_p4_cap_lo1_hi2_d0p5,2.3230550289154053,0.8554421663284302,0.9420627951622009,1.1007879972457886
fourier_gate_s1p5_p4_cap_lo1_hi2_d0p5,2.342942237854004,0.8594574928283691,0.9427385926246643,1.100172758102417
fourier_gate_s1p5_p4_cap_lo1_hi2_d0p5,2.362999439239502,0.8633848428726196,0.9434142112731934,1.0995351076126099
fourier_gate_s1p5_p4_cap_lo1_hi2_d0p5,2.3832285404205322,0.8672250509262085,0.9440897703170776,1.0988744497299194
fourier_gate_s1p5_p4_cap_lo1_hi2_d0p5,2.4036307334899902,0.8709786534309387,0.9447653293609619,1.0981905460357666
fourier_gate_s1p5_p4_cap_lo1_hi2_d0p5,2.4242076873779297,0.8746465444564819,0.9454411864280701,1.0974829196929932
fourier_gate_s1p5_p4_cap_lo1_hi2_d0p5,2.444960594177246,0.8782293200492859,0.9461171627044678,1.0967508554458618
fourier_gate_s1p5_p4_cap_lo1_hi2_d0p5,2.4658913612365723,0.881727933883667,0.9467934370040894,1.0959941148757935
fourier_gate_s1p5_p4_cap_lo1_hi2_d0p5,2.4870011806488037,0.8851433396339417,0.9474700689315796,1.0952123403549194
fourier_gate_s1p5_p4_cap_lo1_hi2_d0p5,2.508291721343994,0.8884764909744263,0.9481472969055176,1.0944050550460815
fourier_gate_s1p5_p4_cap_lo1_hi2_d0p5,2.529764413833618,0.8917282819747925,0.9488248825073242,1.0935720205307007
fourier_gate_s1p5_p4_cap_lo1_hi2_d0p5,2.5514211654663086,0.8949000239372253,0.9495030641555786,1.0927131175994873
fourier_gate_s1p5_p4_cap_lo1_hi2_d0p5,2.573263168334961,0.8979926109313965,0.9501819014549255,1.0918279886245728
fourier_gate_s1p5_p4_cap_lo1_hi2_d0p5,2.595292329788208,0.9010072350502014,0.9508611559867859,1.090916395187378
fourier_gate_s1p5_p4_cap_lo1_hi2_d0p5,2.6175098419189453,0.9039450883865356,0.9515411257743835,1.0899782180786133
fourier_gate_s1p5_p4_cap_lo1_hi2_d0p5,2.6399176120758057,0.9068074822425842,0.9522217512130737,1.089013695716858
fourier_gate_s1p5_p4_cap_lo1_hi2_d0p5,2.6625173091888428,0.9095953702926636,0.9529029130935669,1.0880224704742432
fourier_gate_s1p5_p4_cap_lo1_hi2_d0p5,2.6853103637695312,0.9123104214668274,0.9535847902297974,1.0870047807693481
fourier_gate_s1p5_p4_cap_lo1_hi2_d0p5,2.708298683166504,0.9149537086486816,0.954267144203186,1.085960865020752
fourier_gate_s1p5_p4_cap_lo1_hi2_d0p5,2.7314836978912354,0.917526364326477,0.9549499154090881,1.0848908424377441
fourier_gate_s1p5_p4_cap_lo1_hi2_d0p5,2.7548673152923584,0.9200300574302673,0.955633282661438,1.0837949514389038
fourier_gate_s1p5_p4_cap_lo1_hi2_d0p5,2.7784509658813477,0.9224657416343689,0.9563168883323669,1.0826737880706787
fourier_gate_s1p5_p4_cap_lo1_hi2_d0p5,2.802236557006836,0.9248350262641907,0.9570007920265198,1.0815277099609375
fourier_gate_s1p5_p4_cap_lo1_hi2_d0p5,2.826225757598877,0.9271390438079834,0.9576848149299622,1.0803570747375488
fourier_gate_s1p5_p4_cap_lo1_hi2_d0p5,2.8504204750061035,0.929379403591156,0.9583690166473389,1.079162836074829
fourier_gate_s1p5_p4_cap_lo1_hi2_d0p5,2.8748221397399902,0.9315571784973145,0.9590529203414917,1.077945590019226
fourier_gate_s1p5_p4_cap_lo1_hi2_d0p5,2.89943265914917,0.9336737394332886,0.9597365260124207,1.0767059326171875
fourier_gate_s1p5_p4_cap_lo1_hi2_d0p5,2.9242539405822754,0.9357305765151978,0.9604198336601257,1.0754451751708984
fourier_gate_s1p5_p4_cap_lo1_hi2_d0p5,2.9492876529693604,0.9377288818359375,0.9611024260520935,1.0741639137268066
fourier_gate_s1p5_p4_cap_lo1_hi2_d0p5,2.9745359420776367,0.9396701455116272,0.9617842435836792,1.0728634595870972
fourier_gate_s1p5_p4_cap_lo1_hi2_d0p5,3.0,0.9415554404258728,0.9624649882316589,1.0715450048446655
fourier_gate_loglinear_lo0p1_hi3,0.10000000149011612,0.0,0.0,1.0568275451660156
fourier_gate_loglinear_lo0p1_hi3,0.10085607320070267,0.0025062989443540573,0.0025062989443540573,1.0574965476989746
fourier_gate_loglinear_lo0p1_hi3,0.10171947628259659,0.0050125280395150185,0.0050125280395150185,1.058172583580017
fourier_gate_loglinear_lo0p1_hi3,0.10259027034044266,0.007518826983869076,0.007518826983869076,1.0588555335998535
fourier_gate_loglinear_lo0p1_hi3,0.10346852242946625,0.010025056079030037,0.010025056079030037,1.059545636177063
fourier_gate_loglinear_lo0p1_hi3,0.10435428470373154,0.012531355023384094,0.012531355023384094,1.060242772102356
fourier_gate_loglinear_lo0p1_hi3,0.10524763911962509,0.015037584118545055,0.015037584118545055,1.0609471797943115
fourier_gate_loglinear_lo0p1_hi3,0.1061486303806305,0.017543882131576538,0.017543882131576538,1.0616588592529297
fourier_gate_loglinear_lo0p1_hi3,0.1070573478937149,0.020050112158060074,0.020050112158060074,1.062377691268921
fourier_gate_loglinear_lo0p1_hi3,0.10797383636236191,0.02255641110241413,0.02255641110241413,1.0631037950515747
fourier_gate_loglinear_lo0p1_hi3,0.10889817029237747,0.025062639266252518,0.025062639266252518,1.0638374090194702
fourier_gate_loglinear_lo0p1_hi3,0.10983041673898697,0.027568938210606575,0.027568938210606575,1.0645785331726074
fourier_gate_loglinear_lo0p1_hi3,0.11077065020799637,0.03007516823709011,0.03007516823709011,1.0653270483016968
fourier_gate_loglinear_lo0p1_hi3,0.11171893030405045,0.03258146718144417,0.03258146718144417,1.0660831928253174
fourier_gate_loglinear_lo0p1_hi3,0.11267532408237457,0.035087697207927704,0.035087697207927704,1.0668469667434692
fourier_gate_loglinear_lo0p1_hi3,0.11363990604877472,0.03759399428963661,0.03759399428963661,1.0676183700561523
fourier_gate_loglinear_lo0p1_hi3,0.11461275070905685,0.04010029509663582,0.04010029509663582,1.0683975219726562
fourier_gate_loglinear_lo0p1_hi3,0.11559391766786575,0.042606521397829056,0.042606521397829056,1.0691843032836914
fourier_gate_loglinear_lo0p1_hi3,0.11658348888158798,0.04511282220482826,0.04511282220482826,1.0699790716171265
fourier_gate_loglinear_lo0p1_hi3,0.11758153140544891,0.0476190522313118,0.0476190522313118,1.0707818269729614
fourier_gate_loglinear_lo0p1_hi3,0.11858811229467392,0.050125349313020706,0.050125349313020706,1.0715923309326172
fourier_gate_loglinear_lo0p1_hi3,0.11960331350564957,0.05263157933950424,0.05263157933950424,1.0724111795425415
fourier_gate_loglinear_lo0p1_hi3,0.12062720954418182,0.05513787642121315,0.05513787642121315,1.0732377767562866
fourier_gate_loglinear_lo0p1_hi3,0.12165986746549606,0.057644106447696686,0.057644106447696686,1.0740724802017212
fourier_gate_loglinear_lo0p1_hi3,0.12270136922597885,0.06015040725469589,0.06015040725469589,1.0749155282974243
fourier_gate_loglinear_lo0p1_hi3,0.12375178188085556,0.06265663355588913,0.06265663355588913,1.0757668018341064
fourier_gate_loglinear_lo0p1_hi3,0.12481118738651276,0.06516293436288834,0.06516293436288834,1.076626181602478
fourier_gate_loglinear_lo0p1_hi3,0.1258796602487564,0.06766916066408157,0.06766916066408157,1.0774939060211182
fourier_gate_loglinear_lo0p1_hi3,0.12695728242397308,0.07017546147108078,0.07017546147108078,1.078370213508606
fourier_gate_loglinear_lo0p1_hi3,0.12804412841796875,0.07268168777227402,0.07268168777227402,1.0792548656463623
fourier_gate_loglinear_lo0p1_hi3,0.12914028763771057,0.07518798857927322,0.07518798857927322,1.0801481008529663
fourier_gate_loglinear_lo0p1_hi3,0.13024581968784332,0.07769422233104706,0.07769422233104706,1.0810496807098389
fourier_gate_loglinear_lo0p1_hi3,0.13136082887649536,0.08020051568746567,0.08020051568746567,1.0819600820541382
fourier_gate_loglinear_lo0p1_hi3,0.13248537480831146,0.08270681649446487,0.08270681649446487,1.0828790664672852
fourier_gate_loglinear_lo0p1_hi3,0.1336195468902588,0.08521304279565811,0.08521304279565811,1.0838067531585693
fourier_gate_loglinear_lo0p1_hi3,0.1347634196281433,0.08771927654743195,0.08771927654743195,1.0847432613372803
fourier_gate_loglinear_lo0p1_hi3,0.13591709733009338,0.09022557735443115,0.09022557735443115,1.0856884717941284
fourier_gate_loglinear_lo0p1_hi3,0.13708065450191498,0.09273184090852737,0.09273184090852737,1.0866427421569824
fourier_gate_loglinear_lo0p1_hi3,0.13825416564941406,0.0952381044626236,0.0952381044626236,1.0876058340072632
fourier_gate_loglinear_lo0p1_hi3,0.1394377201795578,0.09774436801671982,0.09774436801671982,1.0885779857635498
fourier_gate_loglinear_lo0p1_hi3,0.14063140749931335,0.10025063157081604,0.10025063157081604,1.0895590782165527
fourier_gate_loglinear_lo0p1_hi3,0.1418353170156479,0.10275689512491226,0.10275689512491226,1.0905492305755615
fourier_gate_loglinear_lo0p1_hi3,0.14304953813552856,0.10526315867900848,0.10526315867900848,1.0915486812591553
fourier_gate_loglinear_lo0p1_hi3,0.14427414536476135,0.1077694222331047,0.1077694222331047,1.0925573110580444
fourier_gate_loglinear_lo0p1_hi3,0.1455092430114746,0.11027572304010391,0.11027572304010391,1.0935750007629395
fourier_gate_loglinear_lo0p1_hi3,0.1467549055814743,0.11278194934129715,0.11278194934129715,1.094602108001709
fourier_gate_loglinear_lo0p1_hi3,0.1480112373828888,0.11528821289539337,0.11528821289539337,1.095638632774353
fourier_gate_loglinear_lo0p1_hi3,0.14927831292152405,0.1177944764494896,0.1177944764494896,1.096684455871582
fourier_gate_loglinear_lo0p1_hi3,0.15055625140666962,0.12030074000358582,0.12030074000358582,1.0977396965026855
fourier_gate_loglinear_lo0p1_hi3,0.15184512734413147,0.12280704081058502,0.12280704081058502,1.0988044738769531
fourier_gate_loglinear_lo0p1_hi3,0.15314503014087677,0.12531326711177826,0.12531326711177826,1.0998787879943848
fourier_gate_loglinear_lo0p1_hi3,0.15445606410503387,0.12781953811645508,0.12781953811645508,1.1009626388549805
fourier_gate_loglinear_lo0p1_hi3,0.15577831864356995,0.1303257942199707,0.1303257942199707,1.1020562648773193
fourier_gate_loglinear_lo0p1_hi3,0.15711189806461334,0.13283206522464752,0.13283206522464752,1.1031594276428223
fourier_gate_loglinear_lo0p1_hi3,0.15845689177513123,0.13533832132816315,0.13533832132816315,1.1042723655700684
fourier_gate_loglinear_lo0p1_hi3,0.15981340408325195,0.13784462213516235,0.13784462213516235,1.1053950786590576
fourier_gate_loglinear_lo0p1_hi3,0.1611815243959427,0.14035089313983917,0.14035089313983917,1.1065276861190796
fourier_gate_loglinear_lo0p1_hi3,0.1625613570213318,0.1428571492433548,0.1428571492433548,1.1076700687408447
fourier_gate_loglinear_lo0p1_hi3,0.1639530062675476,0.14536342024803162,0.14536342024803162,1.1088223457336426
fourier_gate_loglinear_lo0p1_hi3,0.1653565615415573,0.14786967635154724,0.14786967635154724,1.1099846363067627
fourier_gate_loglinear_lo0p1_hi3,0.16677214205265045,0.15037594735622406,0.15037594735622406,1.1111570596694946
fourier_gate_loglinear_lo0p1_hi3,0.1681998372077942,0.15288220345973969,0.15288220345973969,1.1123392581939697
fourier_gate_loglinear_lo0p1_hi3,0.16963975131511688,0.1553884744644165,0.1553884744644165,1.1135317087173462
fourier_gate_loglinear_lo0p1_hi3,0.1710919886827469,0.15789473056793213,0.15789473056793213,1.114734172821045
fourier_gate_loglinear_lo0p1_hi3,0.17255665361881256,0.16040100157260895,0.16040100157260895,1.115946888923645
fourier_gate_loglinear_lo0p1_hi3,0.17403388023376465,0.16290725767612457,0.16290725767612457,1.117169737815857
fourier_gate_loglinear_lo0p1_hi3,0.17552372813224792,0.1654135286808014,0.1654135286808014,1.1184029579162598
fourier_gate_loglinear_lo0p1_hi3,0.17702634632587433,0.1679197996854782,0.1679197996854782,1.1196463108062744
fourier_gate_loglinear_lo0p1_hi3,0.17854182422161102,0.17042608559131622,0.17042608559131622,1.12090003490448
fourier_gate_loglinear_lo0p1_hi3,0.18007026612758636,0.17293232679367065,0.17293232679367065,1.1221641302108765
fourier_gate_loglinear_lo0p1_hi3,0.1816118061542511,0.17543861269950867,0.17543861269950867,1.1234385967254639
fourier_gate_loglinear_lo0p1_hi3,0.1831665337085724,0.1779448539018631,0.1779448539018631,1.1247235536575317
fourier_gate_loglinear_lo0p1_hi3,0.18473458290100098,0.1804511547088623,0.1804511547088623,1.1260188817977905
fourier_gate_loglinear_lo0p1_hi3,0.18631604313850403,0.18295738101005554,0.18295738101005554,1.1273247003555298
fourier_gate_loglinear_lo0p1_hi3,0.1879110485315323,0.18546368181705475,0.18546368181705475,1.128641128540039
fourier_gate_loglinear_lo0p1_hi3,0.1895197033882141,0.18796993792057037,0.18796993792057037,1.1299680471420288
fourier_gate_loglinear_lo0p1_hi3,0.19114212691783905,0.1904762089252472,0.1904762089252472,1.1313055753707886
fourier_gate_loglinear_lo0p1_hi3,0.19277845323085785,0.19298246502876282,0.19298246502876282,1.1326537132263184
fourier_gate_loglinear_lo0p1_hi3,0.19442877173423767,0.19548873603343964,0.19548873603343964,1.1340123414993286
fourier_gate_loglinear_lo0p1_hi3,0.19609323143959045,0.19799499213695526,0.19799499213695526,1.135381817817688
fourier_gate_loglinear_lo0p1_hi3,0.19777193665504456,0.20050126314163208,0.20050126314163208,1.136762022972107
fourier_gate_loglinear_lo0p1_hi3,0.19946500658988953,0.2030075192451477,0.2030075192451477,1.138152837753296
fourier_gate_loglinear_lo0p1_hi3,0.2011725753545761,0.20551379024982452,0.20551379024982452,1.139554500579834
fourier_gate_loglinear_lo0p1_hi3,0.20289476215839386,0.20802004635334015,0.20802004635334015,1.140966773033142
fourier_gate_loglinear_lo0p1_hi3,0.20463168621063232,0.21052631735801697,0.21052631735801697,1.1423898935317993
fourier_gate_loglinear_lo0p1_hi3,0.20638348162174225,0.2130325734615326,0.2130325734615326,1.1438238620758057
fourier_gate_loglinear_lo0p1_hi3,0.20815028250217438,0.2155388444662094,0.2155388444662094,1.1452686786651611
fourier_gate_loglinear_lo0p1_hi3,0.20993220806121826,0.21804510056972504,0.21804510056972504,1.1467242240905762
fourier_gate_loglinear_lo0p1_hi3,0.21172937750816345,0.22055137157440186,0.22055137157440186,1.1481907367706299
fourier_gate_loglinear_lo0p1_hi3,0.2135419398546219,0.22305764257907867,0.22305764257907867,1.1496680974960327
fourier_gate_loglinear_lo0p1_hi3,0.21537001430988312,0.2255638986825943,0.2255638986825943,1.1511563062667847
fourier_gate_loglinear_lo0p1_hi3,0.21721374988555908,0.2280701994895935,0.2280701994895935,1.1526553630828857
fourier_gate_loglinear_lo0p1_hi3,0.21907325088977814,0.23057642579078674,0.23057642579078674,1.1541656255722046
fourier_gate_loglinear_lo0p1_hi3,0.22094868123531342,0.23308272659778595,0.23308272659778595,1.155686378479004
fourier_gate_loglinear_lo0p1_hi3,0.22284016013145447,0.2355889528989792,0.2355889528989792,1.157218337059021
fourier_gate_loglinear_lo0p1_hi3,0.22474783658981323,0.238095223903656,0.238095223903656,1.1587612628936768
fourier_gate_loglinear_lo0p1_hi3,0.22667184472084045,0.24060148000717163,0.24060148000717163,1.1603150367736816
fourier_gate_loglinear_lo0p1_hi3,0.22861233353614807,0.24310778081417084,0.24310778081417084,1.1618796586990356
fourier_gate_loglinear_lo0p1_hi3,0.23056942224502563,0.24561405181884766,0.24561405181884766,1.1634554862976074
fourier_gate_loglinear_lo0p1_hi3,0.23254325985908508,0.24812030792236328,0.24812030792236328,1.1650419235229492
fourier_gate_loglinear_lo0p1_hi3,0.23453401029109955,0.2506265640258789,0.2506265640258789,1.1666395664215088
fourier_gate_loglinear_lo0p1_hi3,0.23654179275035858,0.2531328499317169,0.2531328499317169,1.168248176574707
fourier_gate_loglinear_lo0p1_hi3,0.23856677114963531,0.25563910603523254,0.25563910603523254,1.1698676347732544
fourier_gate_loglinear_lo0p1_hi3,0.2406090646982193,0.25814536213874817,0.25814536213874817,1.1714979410171509
fourier_gate_loglinear_lo0p1_hi3,0.24266886711120605,0.2606516182422638,0.2606516182422638,1.1731393337249756
fourier_gate_loglinear_lo0p1_hi3,0.24474628269672394,0.2631579041481018,0.2631579041481018,1.1747913360595703
fourier_gate_loglinear_lo0p1_hi3,0.24684149026870728,0.26566416025161743,0.26566416025161743,1.1764545440673828
fourier_gate_loglinear_lo0p1_hi3,0.248954638838768,0.26817041635513306,0.26817041635513306,1.1781284809112549
fourier_gate_loglinear_lo0p1_hi3,0.25108587741851807,0.2706766724586487,0.2706766724586487,1.1798133850097656
fourier_gate_loglinear_lo0p1_hi3,0.2532353699207306,0.2731829881668091,0.2731829881668091,1.1815091371536255
fourier_gate_loglinear_lo0p1_hi3,0.2554032504558563,0.2756892442703247,0.2756892442703247,1.1832157373428345
fourier_gate_loglinear_lo0p1_hi3,0.2575896680355072,0.27819547057151794,0.27819547057151794,1.184933066368103
fourier_gate_loglinear_lo0p1_hi3,0.25979483127593994,0.28070175647735596,0.28070175647735596,1.1866613626480103
fourier_gate_loglinear_lo0p1_hi3,0.2620188891887665,0.28320804238319397,0.28320804238319397,1.1884002685546875
fourier_gate_loglinear_lo0p1_hi3,0.26426196098327637,0.2857142984867096,0.2857142984867096,1.1901497840881348
fourier_gate_loglinear_lo0p1_hi3,0.26652422547340393,0.28822052478790283,0.28822052478790283,1.1919102668762207
fourier_gate_loglinear_lo0p1_hi3,0.2688058614730835,0.29072681069374084,0.29072681069374084,1.193681240081787
fourier_gate_loglinear_lo0p1_hi3,0.2711070477962494,0.29323306679725647,0.29323306679725647,1.1954630613327026
fourier_gate_loglinear_lo0p1_hi3,0.27342793345451355,0.2957393527030945,0.2957393527030945,1.1972553730010986
fourier_gate_loglinear_lo0p1_hi3,0.2757686674594879,0.2982456386089325,0.2982456386089325,1.199058175086975
fourier_gate_loglinear_lo0p1_hi3,0.2781294584274292,0.3007518947124481,0.3007518947124481,1.2008715867996216
fourier_gate_loglinear_lo0p1_hi3,0.28051045536994934,0.30325815081596375,0.30325815081596375,1.2026954889297485
fourier_gate_loglinear_lo0p1_hi3,0.28291183710098267,0.30576440691947937,0.30576440691947937,1.2045297622680664
fourier_gate_loglinear_lo0p1_hi3,0.2853337526321411,0.3082706928253174,0.3082706928253174,1.2063745260238647
fourier_gate_loglinear_lo0p1_hi3,0.2877764403820038,0.310776948928833,0.310776948928833,1.2082295417785645
fourier_gate_loglinear_lo0p1_hi3,0.29024001955986023,0.31328320503234863,0.31328320503234863,1.210094928741455
fourier_gate_loglinear_lo0p1_hi3,0.2927246689796448,0.31578946113586426,0.31578946113586426,1.2119704484939575
fourier_gate_loglinear_lo0p1_hi3,0.2952306270599365,0.31829574704170227,0.31829574704170227,1.2138563394546509
fourier_gate_loglinear_lo0p1_hi3,0.297758013010025,0.3208020031452179,0.3208020031452179,1.2157522439956665
fourier_gate_loglinear_lo0p1_hi3,0.300307035446167,0.3233082592487335,0.3233082592487335,1.2176581621170044
fourier_gate_loglinear_lo0p1_hi3,0.30287790298461914,0.32581451535224915,0.32581451535224915,1.2195740938186646
fourier_gate_loglinear_lo0p1_hi3,0.305470734834671,0.32832080125808716,0.32832080125808716,1.2214999198913574
fourier_gate_loglinear_lo0p1_hi3,0.3080857992172241,0.3308270573616028,0.3308270573616028,1.2234355211257935
fourier_gate_loglinear_lo0p1_hi3,0.3107232451438904,0.3333333134651184,0.3333333134651184,1.2253810167312622
fourier_gate_loglinear_lo0p1_hi3,0.3133832812309265,0.3358396291732788,0.3358396291732788,1.227336049079895
fourier_gate_loglinear_lo0p1_hi3,0.31606605648994446,0.33834585547447205,0.33834585547447205,1.229300856590271
fourier_gate_loglinear_lo0p1_hi3,0.3187718093395233,0.34085211157798767,0.34085211157798767,1.231275200843811
fourier_gate_loglinear_lo0p1_hi3,0.3215007483959198,0.34335842728614807,0.34335842728614807,1.2332589626312256
fourier_gate_loglinear_lo0p1_hi3,0.32425302267074585,0.3458646535873413,0.3458646535873413,1.235252022743225
fourier_gate_loglinear_lo0p1_hi3,0.32702887058258057,0.3483709394931793,0.3483709394931793,1.2372543811798096
fourier_gate_loglinear_lo0p1_hi3,0.3298284709453583,0.35087716579437256,0.35087716579437256,1.239266037940979
fourier_gate_loglinear_lo0p1_hi3,0.3326520621776581,0.35338348150253296,0.35338348150253296,1.2412866353988647
fourier_gate_loglinear_lo0p1_hi3,0.3354997932910919,0.3558897078037262,0.3558897078037262,1.2433162927627563
fourier_gate_loglinear_lo0p1_hi3,0.3383719325065613,0.3583959937095642,0.3583959937095642,1.2453546524047852
fourier_gate_loglinear_lo0p1_hi3,0.3412686288356781,0.36090222001075745,0.36090222001075745,1.2474020719528198
fourier_gate_loglinear_lo0p1_hi3,0.34419015049934387,0.36340853571891785,0.36340853571891785,1.2494577169418335
fourier_gate_loglinear_lo0p1_hi3,0.3471366763114929,0.36591479182243347,0.36591479182243347,1.2515223026275635
fourier_gate_loglinear_lo0p1_hi3,0.35010841488838196,0.3684210479259491,0.3684210479259491,1.253595232963562
fourier_gate_loglinear_lo0p1_hi3,0.3531056046485901,0.3709273040294647,0.3709273040294647,1.2556763887405396
fourier_gate_loglinear_lo0p1_hi3,0.356128454208374,0.37343358993530273,0.37343358993530273,1.257765769958496
fourier_gate_loglinear_lo0p1_hi3,0.3591771721839905,0.37593984603881836,0.37593984603881836,1.259863257408142
fourier_gate_loglinear_lo0p1_hi3,0.36225199699401855,0.378446102142334,0.378446102142334,1.2619684934616089
fourier_gate_loglinear_lo0p1_hi3,0.36535313725471497,0.3809523582458496,0.3809523582458496,1.2640817165374756
fourier_gate_loglinear_lo0p1_hi3,0.3684808313846588,0.3834586441516876,0.3834586441516876,1.266202449798584
fourier_gate_loglinear_lo0p1_hi3,0.3716353178024292,0.38596493005752563,0.38596493005752563,1.2683308124542236
fourier_gate_loglinear_lo0p1_hi3,0.37481677532196045,0.38847115635871887,0.38847115635871887,1.2704665660858154
fourier_gate_loglinear_lo0p1_hi3,0.37802550196647644,0.3909774720668793,0.3909774720668793,1.2726093530654907
fourier_gate_loglinear_lo0p1_hi3,0.3812616765499115,0.3934836983680725,0.3934836983680725,1.274759292602539
fourier_gate_loglinear_lo0p1_hi3,0.3845255374908447,0.39598995447158813,0.39598995447158813,1.2769161462783813
fourier_gate_loglinear_lo0p1_hi3,0.3878173828125,0.39849627017974854,0.39849627017974854,1.2790796756744385
fourier_gate_loglinear_lo0p1_hi3,0.39113736152648926,0.4010024964809418,0.4010024964809418,1.2812498807907104
fourier_gate_loglinear_lo0p1_hi3,0.39448580145835876,0.4035087525844574,0.4035087525844574,1.2834264039993286
fourier_gate_loglinear_lo0p1_hi3,0.39786288142204285,0.4060150384902954,0.4060150384902954,1.285609245300293
fourier_gate_loglinear_lo0p1_hi3,0.4012688994407654,0.4085213243961334,0.4085213243961334,1.287798285484314
fourier_gate_loglinear_lo0p1_hi3,0.4047040641307831,0.41102758049964905,0.41102758049964905,1.2899930477142334
fourier_gate_loglinear_lo0p1_hi3,0.40816861391067505,0.4135338366031647,0.4135338366031647,1.2921935319900513
fourier_gate_loglinear_lo0p1_hi3,0.41166284680366516,0.4160400927066803,0.4160400927066803,1.2943994998931885
fourier_gate_loglinear_lo0p1_hi3,0.41518697142601013,0.4185463786125183,0.4185463786125183,1.296610713005066
fourier_gate_loglinear_lo0p1_hi3,0.41874128580093384,0.42105263471603394,0.42105263471603394,1.298827052116394
fourier_gate_loglinear_lo0p1_hi3,0.4223260283470154,0.42355889081954956,0.42355889081954956,1.3010483980178833
fourier_gate_loglinear_lo0p1_hi3,0.42594143748283386,0.4260651469230652,0.4260651469230652,1.3032745122909546
fourier_gate_loglinear_lo0p1_hi3,0.42958781123161316,0.4285714328289032,0.4285714328289032,1.3055050373077393
fourier_gate_loglinear_lo0p1_hi3,0.43326541781425476,0.4310776889324188,0.4310776889324188,1.3077398538589478
fourier_gate_loglinear_lo0p1_hi3,0.4369744658470154,0.43358394503593445,0.43358394503593445,1.309978723526001
fourier_gate_loglinear_lo0p1_hi3,0.44071531295776367,0.4360902011394501,0.4360902011394501,1.3122214078903198
fourier_gate_loglinear_lo0p1_hi3,0.44448816776275635,0.4385965168476105,0.4385965168476105,1.3144677877426147
fourier_gate_loglinear_lo0p1_hi3,0.4482932984828949,0.4411027431488037,0.4411027431488037,1.316717505455017
fourier_gate_loglinear_lo0p1_hi3,0.4521310329437256,0.4436090290546417,0.4436090290546417,1.3189703226089478
fourier_gate_loglinear_lo0p1_hi3,0.4560016095638275,0.44611528515815735,0.44611528515815735,1.3212261199951172
fourier_gate_loglinear_lo0p1_hi3,0.4599052965641022,0.448621541261673,0.448621541261673,1.3234843015670776
fourier_gate_loglinear_lo0p1_hi3,0.4638424515724182,0.4511277973651886,0.4511277973651886,1.3257452249526978
fourier_gate_loglinear_lo0p1_hi3,0.46781328320503235,0.453634113073349,0.453634113073349,1.3280078172683716
fourier_gate_loglinear_lo0p1_hi3,0.47181808948516846,0.45614033937454224,0.45614033937454224,1.3302727937698364
fourier_gate_loglinear_lo0p1_hi3,0.4758571982383728,0.45864662528038025,0.45864662528038025,1.3325389623641968
fourier_gate_loglinear_lo0p1_hi3,0.47993090748786926,0.4611528813838959,0.4611528813838959,1.3348066806793213
fourier_gate_loglinear_lo0p1_hi3,0.48403945565223694,0.4636591672897339,0.4636591672897339,1.3370755910873413
fourier_gate_loglinear_lo0p1_hi3,0.4881832003593445,0.4661653935909271,0.4661653935909271,1.33934485912323
fourier_gate_loglinear_lo0p1_hi3,0.4923624098300934,0.46867167949676514,0.46867167949676514,1.3416149616241455
fourier_gate_loglinear_lo0p1_hi3,0.4965773820877075,0.4711779057979584,0.4711779057979584,1.343885064125061
fourier_gate_loglinear_lo0p1_hi3,0.5008284449577332,0.4736842215061188,0.4736842215061188,1.346155047416687
fourier_gate_loglinear_lo0p1_hi3,0.5051159262657166,0.4761904776096344,0.4761904776096344,1.3484247922897339
fourier_gate_loglinear_lo0p1_hi3,0.5094400644302368,0.47869673371315,0.47869673371315,1.3506935834884644
fourier_gate_loglinear_lo0p1_hi3,0.5138012766838074,0.48120298981666565,0.48120298981666565,1.3529614210128784
fourier_gate_loglinear_lo0p1_hi3,0.5181998014450073,0.48370927572250366,0.48370927572250366,1.3552277088165283
fourier_gate_loglinear_lo0p1_hi3,0.5226359963417053,0.4862155616283417,0.4862155616283417,1.3574923276901245
fourier_gate_loglinear_lo0p1_hi3,0.5271100997924805,0.4887217879295349,0.4887217879295349,1.359755039215088
fourier_gate_loglinear_lo0p1_hi3,0.531622588634491,0.4912281036376953,0.4912281036376953,1.3620152473449707
fourier_gate_loglinear_lo0p1_hi3,0.5361736416816711,0.49373432993888855,0.49373432993888855,1.3642728328704834
fourier_gate_loglinear_lo0p1_hi3,0.5407636761665344,0.4962405860424042,0.4962405860424042,1.3665273189544678
fourier_gate_loglinear_lo0p1_hi3,0.5453930497169495,0.4987468421459198,0.4987468421459198,1.3687783479690552
fourier_gate_loglinear_lo0p1_hi3,0.5500620603561401,0.5012531280517578,0.5012531280517578,1.371025800704956
fourier_gate_loglinear_lo0p1_hi3,0.5547710061073303,0.5037594437599182,0.5037594437599182,1.373268723487854
fourier_gate_loglinear_lo0p1_hi3,0.5595202445983887,0.5062656998634338,0.5062656998634338,1.3755073547363281
fourier_gate_loglinear_lo0p1_hi3,0.5643101334571838,0.5087719559669495,0.5087719559669495,1.3777409791946411
fourier_gate_loglinear_lo0p1_hi3,0.5691410303115845,0.5112782120704651,0.5112782120704651,1.3799691200256348
fourier_gate_loglinear_lo0p1_hi3,0.5740132927894592,0.5137844681739807,0.5137844681739807,1.382191777229309
fourier_gate_loglinear_lo0p1_hi3,0.5789272785186768,0.5162907242774963,0.5162907242774963,1.3844083547592163
fourier_gate_loglinear_lo0p1_hi3,0.5838833451271057,0.5187970399856567,0.5187970399856567,1.3866182565689087
fourier_gate_loglinear_lo0p1_hi3,0.58888179063797,0.5213032364845276,0.5213032364845276,1.3888214826583862
fourier_gate_loglinear_lo0p1_hi3,0.5939230918884277,0.523809552192688,0.523809552192688,1.3910170793533325
fourier_gate_loglinear_lo0p1_hi3,0.5990074872970581,0.5263158082962036,0.5263158082962036,1.393204927444458
fourier_gate_loglinear_lo0p1_hi3,0.6041354537010193,0.5288220643997192,0.5288220643997192,1.3953847885131836
fourier_gate_loglinear_lo0p1_hi3,0.6093072891235352,0.5313283205032349,0.5313283205032349,1.3975557088851929
fourier_gate_loglinear_lo0p1_hi3,0.6145234107971191,0.5338346362113953,0.5338346362113953,1.3997175693511963
fourier_gate_loglinear_lo0p1_hi3,0.6197841763496399,0.5363408327102661,0.5363408327102661,1.4018700122833252
fourier_gate_loglinear_lo0p1_hi3,0.6250900030136108,0.5388471484184265,0.5388471484184265,1.4040124416351318
fourier_gate_loglinear_lo0p1_hi3,0.6304412484169006,0.5413534045219421,0.5413534045219421,1.4061444997787476
fourier_gate_loglinear_lo0p1_hi3,0.6358382701873779,0.5438596606254578,0.5438596606254578,1.4082653522491455
fourier_gate_loglinear_lo0p1_hi3,0.6412815451622009,0.5463659167289734,0.5463659167289734,1.4103748798370361
fourier_gate_loglinear_lo0p1_hi3,0.6467713713645935,0.548872172832489,0.548872172832489,1.4124724864959717
fourier_gate_loglinear_lo0p1_hi3,0.6523082256317139,0.5513784885406494,0.5513784885406494,1.414557695388794
fourier_gate_loglinear_lo0p1_hi3,0.6578924655914307,0.553884744644165,0.553884744644165,1.4166299104690552
fourier_gate_loglinear_lo0p1_hi3,0.6635245084762573,0.5563910007476807,0.5563910007476807,1.4186886548995972
fourier_gate_loglinear_lo0p1_hi3,0.6692047715187073,0.5588972568511963,0.5588972568511963,1.4207335710525513
fourier_gate_loglinear_lo0p1_hi3,0.6749336123466492,0.5614035129547119,0.5614035129547119,1.4227640628814697
fourier_gate_loglinear_lo0p1_hi3,0.680711567401886,0.5639097690582275,0.5639097690582275,1.4247791767120361
fourier_gate_loglinear_lo0p1_hi3,0.6865389347076416,0.5664160251617432,0.5664160251617432,1.42677903175354
fourier_gate_loglinear_lo0p1_hi3,0.692416250705719,0.5689223408699036,0.5689223408699036,1.4287627935409546
fourier_gate_loglinear_lo0p1_hi3,0.698343813419342,0.5714285969734192,0.5714285969734192,1.4307297468185425
fourier_gate_loglinear_lo0p1_hi3,0.7043221592903137,0.5739348530769348,0.5739348530769348,1.4326796531677246
fourier_gate_loglinear_lo0p1_hi3,0.7103517055511475,0.5764411687850952,0.5764411687850952,1.4346115589141846
fourier_gate_loglinear_lo0p1_hi3,0.7164328098297119,0.5789473652839661,0.5789473652839661,1.4365253448486328
fourier_gate_loglinear_lo0p1_hi3,0.7225660085678101,0.5814536213874817,0.5814536213874817,1.4384199380874634
fourier_gate_loglinear_lo0p1_hi3,0.7287517189979553,0.5839598774909973,0.5839598774909973,1.4402952194213867
fourier_gate_loglinear_lo0p1_hi3,0.7349903583526611,0.5864661335945129,0.5864661335945129,1.4421501159667969
fourier_gate_loglinear_lo0p1_hi3,0.7412824630737305,0.5889724493026733,0.5889724493026733,1.4439842700958252
fourier_gate_loglinear_lo0p1_hi3,0.747628390789032,0.591478705406189,0.591478705406189,1.4457969665527344
fourier_gate_loglinear_lo0p1_hi3,0.7540286183357239,0.5939849615097046,0.5939849615097046,1.4475877285003662
fourier_gate_loglinear_lo0p1_hi3,0.7604836821556091,0.596491277217865,0.596491277217865,1.4493557214736938
fourier_gate_loglinear_lo0p1_hi3,0.7669939398765564,0.5989974737167358,0.5989974737167358,1.4511007070541382
fourier_gate_loglinear_lo0p1_hi3,0.7735599875450134,0.6015037894248962,0.6015037894248962,1.4528214931488037
fourier_gate_loglinear_lo0p1_hi3,0.7801822423934937,0.6040099859237671,0.6040099859237671,1.4545180797576904
fourier_gate_loglinear_lo0p1_hi3,0.7868611812591553,0.6065163016319275,0.6065163016319275,1.4561887979507446
fourier_gate_loglinear_lo0p1_hi3,0.7935972809791565,0.6090225577354431,0.6090225577354431,1.4578336477279663
fourier_gate_loglinear_lo0p1_hi3,0.8003910779953003,0.6115288138389587,0.6115288138389587,1.4594522714614868
fourier_gate_loglinear_lo0p1_hi3,0.8072429895401001,0.6140350699424744,0.6140350699424744,1.461043119430542
fourier_gate_loglinear_lo0p1_hi3,0.8141536116600037,0.6165413856506348,0.6165413856506348,1.4626061916351318
fourier_gate_loglinear_lo0p1_hi3,0.8211233615875244,0.6190475821495056,0.6190475821495056,1.4641404151916504
fourier_gate_loglinear_lo0p1_hi3,0.8281527757644653,0.621553897857666,0.621553897857666,1.46564519405365
fourier_gate_loglinear_lo0p1_hi3,0.8352423906326294,0.6240602135658264,0.6240602135658264,1.4671194553375244
fourier_gate_loglinear_lo0p1_hi3,0.8423926830291748,0.6265664100646973,0.6265664100646973,1.4685633182525635
fourier_gate_loglinear_lo0p1_hi3,0.8496041893959045,0.6290727257728577,0.6290727257728577,1.4699749946594238
fourier_gate_loglinear_lo0p1_hi3,0.8568774461746216,0.6315789222717285,0.6315789222717285,1.4713547229766846
fourier_gate_loglinear_lo0p1_hi3,0.8642129302024841,0.6340852379798889,0.6340852379798889,1.472700834274292
fourier_gate_loglinear_lo0p1_hi3,0.8716112375259399,0.6365914940834045,0.6365914940834045,1.474013328552246
fourier_gate_loglinear_lo0p1_hi3,0.8790728449821472,0.6390977501869202,0.6390977501869202,1.4752907752990723
fourier_gate_loglinear_lo0p1_hi3,0.8865984082221985,0.6416040062904358,0.6416040062904358,1.4765326976776123
fourier_gate_loglinear_lo0p1_hi3,0.8941883444786072,0.6441103219985962,0.6441103219985962,1.4777382612228394
fourier_gate_loglinear_lo0p1_hi3,0.901843249797821,0.646616518497467,0.646616518497467,1.4789067506790161
fourier_gate_loglinear_lo0p1_hi3,0.9095636606216431,0.6491228342056274,0.6491228342056274,1.4800372123718262
fourier_gate_loglinear_lo0p1_hi3,0.9173502326011658,0.6516290307044983,0.6516290307044983,1.4811289310455322
fourier_gate_loglinear_lo0p1_hi3,0.9252034425735474,0.6541353464126587,0.6541353464126587,1.4821809530258179
fourier_gate_loglinear_lo0p1_hi3,0.9331238269805908,0.6566416025161743,0.6566416025161743,1.4831924438476562
fourier_gate_loglinear_lo0p1_hi3,0.9411121010780334,0.6591478586196899,0.6591478586196899,1.48416268825531
fourier_gate_loglinear_lo0p1_hi3,0.9491686820983887,0.6616541147232056,0.6616541147232056,1.485090732574463
fourier_gate_loglinear_lo0p1_hi3,0.9572942852973938,0.664160430431366,0.664160430431366,1.4859755039215088
fourier_gate_loglinear_lo0p1_hi3,0.9654894471168518,0.6666666865348816,0.6666666865348816,1.486816644668579
fourier_gate_loglinear_lo0p1_hi3,0.9737547039985657,0.6691729426383972,0.6691729426383972,1.4876126050949097
fourier_gate_loglinear_lo0p1_hi3,0.9820907711982727,0.6716791987419128,0.6716791987419128,1.4883631467819214
fourier_gate_loglinear_lo0p1_hi3,0.9904981851577759,0.6741854548454285,0.6741854548454285,1.4890669584274292
fourier_gate_loglinear_lo0p1_hi3,0.9989776015281677,0.6766917705535889,0.6766917705535889,1.4897232055664062
fourier_gate_loglinear_lo0p1_hi3,1.007529616355896,0.6791980266571045,0.6791980266571045,1.4903308153152466
fourier_gate_loglinear_lo0p1_hi3,1.0161547660827637,0.6817042827606201,0.6817042827606201,1.4908891916275024
fourier_gate_loglinear_lo0p1_hi3,1.0248538255691528,0.6842105388641357,0.6842105388641357,1.4913972616195679
fourier_gate_loglinear_lo0p1_hi3,1.0336273908615112,0.6867168545722961,0.6867168545722961,1.4918538331985474
fourier_gate_loglinear_lo0p1_hi3,1.042475938796997,0.689223051071167,0.689223051071167,1.4922585487365723
fourier_gate_loglinear_lo0p1_hi3,1.0514003038406372,0.6917293667793274,0.6917293667793274,1.4926096200942993
fourier_gate_loglinear_lo0p1_hi3,1.0604010820388794,0.6942355632781982,0.6942355632781982,1.4929068088531494
fourier_gate_loglinear_lo0p1_hi3,1.0694788694381714,0.6967418789863586,0.6967418789863586,1.4931485652923584
fourier_gate_loglinear_lo0p1_hi3,1.0786343812942505,0.6992481350898743,0.6992481350898743,1.493334412574768
fourier_gate_loglinear_lo0p1_hi3,1.087868332862854,0.7017543911933899,0.7017543911933899,1.4934629201889038
fourier_gate_loglinear_lo0p1_hi3,1.0971813201904297,0.7042606472969055,0.7042606472969055,1.4935332536697388
fourier_gate_loglinear_lo0p1_hi3,1.1065739393234253,0.7067669630050659,0.7067669630050659,1.493544340133667
fourier_gate_loglinear_lo0p1_hi3,1.1160470247268677,0.7092731595039368,0.7092731595039368,1.4934954643249512
fourier_gate_loglinear_lo0p1_hi3,1.1256012916564941,0.7117794752120972,0.7117794752120972,1.4933851957321167
fourier_gate_loglinear_lo0p1_hi3,1.135237216949463,0.714285671710968,0.714285671710968,1.4932129383087158
fourier_gate_loglinear_lo0p1_hi3,1.1449557542800903,0.7167919874191284,0.7167919874191284,1.4929771423339844
fourier_gate_loglinear_lo0p1_hi3,1.1547573804855347,0.7192983031272888,0.7192983031272888,1.492676854133606
fourier_gate_loglinear_lo0p1_hi3,1.1646429300308228,0.7218044996261597,0.7218044996261597,1.4923115968704224
fourier_gate_loglinear_lo0p1_hi3,1.174613118171692,0.7243107557296753,0.7243107557296753,1.4918795824050903
fourier_gate_loglinear_lo0p1_hi3,1.1846686601638794,0.7268170714378357,0.7268170714378357,1.491379976272583
fourier_gate_loglinear_lo0p1_hi3,1.194810390472412,0.7293233275413513,0.7293233275413513,1.4908119440078735
fourier_gate_loglinear_lo0p1_hi3,1.2050387859344482,0.7318295836448669,0.7318295836448669,1.490174412727356
fourier_gate_loglinear_lo0p1_hi3,1.2153548002243042,0.7343357801437378,0.7343357801437378,1.4894663095474243
fourier_gate_loglinear_lo0p1_hi3,1.2257591485977173,0.7368420958518982,0.7368420958518982,1.4886857271194458
fourier_gate_loglinear_lo0p1_hi3,1.2362525463104248,0.7393484115600586,0.7393484115600586,1.4878323078155518
fourier_gate_loglinear_lo0p1_hi3,1.2468358278274536,0.7418546080589294,0.7418546080589294,1.4869054555892944
fourier_gate_loglinear_lo0p1_hi3,1.2575095891952515,0.7443608641624451,0.7443608641624451,1.4859031438827515
fourier_gate_loglinear_lo0p1_hi3,1.2682749032974243,0.7468671798706055,0.7468671798706055,1.484824538230896
fourier_gate_loglinear_lo0p1_hi3,1.2791322469711304,0.7493734359741211,0.7493734359741211,1.4836686849594116
fourier_gate_loglinear_lo0p1_hi3,1.290082573890686,0.7518796920776367,0.7518796920776367,1.4824345111846924
fourier_gate_loglinear_lo0p1_hi3,1.3011265993118286,0.7543860077857971,0.7543860077857971,1.4811207056045532
fourier_gate_loglinear_lo0p1_hi3,1.312265157699585,0.756892204284668,0.756892204284668,1.4797265529632568
fourier_gate_loglinear_lo0p1_hi3,1.3234992027282715,0.7593985199928284,0.7593985199928284,1.4782503843307495
fourier_gate_loglinear_lo0p1_hi3,1.334829330444336,0.7619048357009888,0.7619048357009888,1.4766913652420044
fourier_gate_loglinear_lo0p1_hi3,1.3462563753128052,0.7644110321998596,0.7644110321998596,1.4750487804412842
fourier_gate_loglinear_lo0p1_hi3,1.3577814102172852,0.7669172883033752,0.7669172883033752,1.4733213186264038
fourier_gate_loglinear_lo0p1_hi3,1.3694050312042236,0.7694235444068909,0.7694235444068909,1.4715074300765991
fourier_gate_loglinear_lo0p1_hi3,1.3811280727386475,0.7719298005104065,0.7719298005104065,1.4696061611175537
fourier_gate_loglinear_lo0p1_hi3,1.3929516077041626,0.7744361162185669,0.7744361162185669,1.4676167964935303
fourier_gate_loglinear_lo0p1_hi3,1.4048762321472168,0.7769423127174377,0.7769423127174377,1.4655383825302124
fourier_gate_loglinear_lo0p1_hi3,1.416903018951416,0.7794486284255981,0.7794486284255981,1.4633688926696777
fourier_gate_loglinear_lo0p1_hi3,1.429032802581787,0.7819549441337585,0.7819549441337585,1.4611082077026367
fourier_gate_loglinear_lo0p1_hi3,1.441266417503357,0.7844611406326294,0.7844611406326294,1.4587552547454834
fourier_gate_loglinear_lo0p1_hi3,1.4536046981811523,0.7869674563407898,0.7869674563407898,1.4563082456588745
fourier_gate_loglinear_lo0p1_hi3,1.4660485982894897,0.7894737124443054,0.7894737124443054,1.4537668228149414
fourier_gate_loglinear_lo0p1_hi3,1.4785990715026855,0.791979968547821,0.791979968547821,1.451129674911499
fourier_gate_loglinear_lo0p1_hi3,1.4912569522857666,0.7944862246513367,0.7944862246513367,1.44839608669281
fourier_gate_loglinear_lo0p1_hi3,1.5040231943130493,0.7969924211502075,0.7969924211502075,1.445564866065979
fourier_gate_loglinear_lo0p1_hi3,1.51689875125885,0.7994987368583679,0.7994987368583679,1.4426347017288208
fourier_gate_loglinear_lo0p1_hi3,1.5298845767974854,0.8020050525665283,0.8020050525665283,1.4396049976348877
fourier_gate_loglinear_lo0p1_hi3,1.542981505393982,0.8045112490653992,0.8045112490653992,1.4364752769470215
fourier_gate_loglinear_lo0p1_hi3,1.5561906099319458,0.8070175647735596,0.8070175647735596,1.4332433938980103
fourier_gate_loglinear_lo0p1_hi3,1.5695127248764038,0.8095238208770752,0.8095238208770752,1.4299099445343018
fourier_gate_loglinear_lo0p1_hi3,1.582948923110962,0.8120300769805908,0.8120300769805908,1.4264732599258423
fourier_gate_loglinear_lo0p1_hi3,1.5965001583099365,0.8145363926887512,0.8145363926887512,1.4229322671890259
fourier_gate_loglinear_lo0p1_hi3,1.610167384147644,0.8170426487922668,0.8170426487922668,1.4192867279052734
fourier_gate_loglinear_lo0p1_hi3,1.6239515542984009,0.8195488452911377,0.8195488452911377,1.4155360460281372
fourier_gate_loglinear_lo0p1_hi3,1.637853741645813,0.8220551609992981,0.8220551609992981,1.4116785526275635
fourier_gate_loglinear_lo0p1_hi3,1.6518750190734863,0.8245614767074585,0.8245614767074585,1.4077143669128418
fourier_gate_loglinear_lo0p1_hi3,1.6660163402557373,0.8270676732063293,0.8270676732063293,1.4036431312561035
fourier_gate_loglinear_lo0p1_hi3,1.6802786588668823,0.829573929309845,0.829573929309845,1.3994636535644531
fourier_gate_loglinear_lo0p1_hi3,1.6946630477905273,0.8320801854133606,0.8320801854133606,1.3951754570007324
fourier_gate_loglinear_lo0p1_hi3,1.7091705799102783,0.834586501121521,0.834586501121521,1.3907779455184937
fourier_gate_loglinear_lo0p1_hi3,1.7238024473190308,0.8370927572250366,0.8370927572250366,1.3862714767456055
fourier_gate_loglinear_lo0p1_hi3,1.738559365272522,0.8395989537239075,0.8395989537239075,1.381655216217041
fourier_gate_loglinear_lo0p1_hi3,1.7534427642822266,0.8421052694320679,0.8421052694320679,1.376928448677063
fourier_gate_loglinear_lo0p1_hi3,1.7684534788131714,0.8446115851402283,0.8446115851402283,1.3720914125442505
fourier_gate_loglinear_lo0p1_hi3,1.7835928201675415,0.8471177816390991,0.8471177816390991,1.3671447038650513
fourier_gate_loglinear_lo0p1_hi3,1.7988616228103638,0.8496240377426147,0.8496240377426147,1.3620870113372803
fourier_gate_loglinear_lo0p1_hi3,1.8142613172531128,0.8521302938461304,0.8521302938461304,1.3569194078445435
fourier_gate_loglinear_lo0p1_hi3,1.8297927379608154,0.8546366095542908,0.8546366095542908,1.351641058921814
fourier_gate_loglinear_lo0p1_hi3,1.8454570770263672,0.8571428656578064,0.8571428656578064,1.3462530374526978
fourier_gate_loglinear_lo0p1_hi3,1.8612555265426636,0.859649121761322,0.859649121761322,1.3407554626464844
fourier_gate_loglinear_lo0p1_hi3,1.8771892786026,0.8621553778648376,0.8621553778648376,1.335148811340332
fourier_gate_loglinear_lo0p1_hi3,1.8932594060897827,0.864661693572998,0.864661693572998,1.3294336795806885
fourier_gate_loglinear_lo0p1_hi3,1.909467101097107,0.8671678900718689,0.8671678900718689,1.3236111402511597
fourier_gate_loglinear_lo0p1_hi3,1.9258135557174683,0.8696742057800293,0.8696742057800293,1.3176815509796143
fourier_gate_loglinear_lo0p1_hi3,1.9422999620437622,0.8721804022789001,0.8721804022789001,1.3116466999053955
fourier_gate_loglinear_lo0p1_hi3,1.9589273929595947,0.8746867179870605,0.8746867179870605,1.305506944656372
fourier_gate_loglinear_lo0p1_hi3,1.9756972789764404,0.8771929740905762,0.8771929740905762,1.2992643117904663
fourier_gate_loglinear_lo0p1_hi3,1.9926106929779053,0.8796992301940918,0.8796992301940918,1.2929201126098633
fourier_gate_loglinear_lo0p1_hi3,2.009669065475464,0.8822055459022522,0.8822055459022522,1.2864762544631958
fourier_gate_loglinear_lo0p1_hi3,2.0268731117248535,0.8847118020057678,0.8847118020057678,1.2799350023269653
fourier_gate_loglinear_lo0p1_hi3,2.044224739074707,0.8872180581092834,0.8872180581092834,1.2732981443405151
fourier_gate_loglinear_lo0p1_hi3,2.061724901199341,0.8897243142127991,0.8897243142127991,1.2665685415267944
fourier_gate_loglinear_lo0p1_hi3,2.0793747901916504,0.8922306299209595,0.8922306299209595,1.2597482204437256
fourier_gate_loglinear_lo0p1_hi3,2.0971755981445312,0.8947368264198303,0.8947368264198303,1.252841591835022
fourier_gate_loglinear_lo0p1_hi3,2.115128993988037,0.8972431421279907,0.8972431421279907,1.2458505630493164
fourier_gate_loglinear_lo0p1_hi3,2.1332361698150635,0.8997493982315063,0.8997493982315063,1.2387794256210327
fourier_gate_loglinear_lo0p1_hi3,2.151498317718506,0.902255654335022,0.902255654335022,1.2316323518753052
fourier_gate_loglinear_lo0p1_hi3,2.1699166297912598,0.9047619104385376,0.9047619104385376,1.2244133949279785
fourier_gate_loglinear_lo0p1_hi3,2.188492774963379,0.907268226146698,0.907268226146698,1.2171268463134766
fourier_gate_loglinear_lo0p1_hi3,2.207227945327759,0.9097744822502136,0.9097744822502136,1.2097784280776978
fourier_gate_loglinear_lo0p1_hi3,2.226123332977295,0.9122807383537292,0.9122807383537292,1.2023736238479614
fourier_gate_loglinear_lo0p1_hi3,2.245180606842041,0.9147869348526001,0.9147869348526001,1.1949185132980347
fourier_gate_loglinear_lo0p1_hi3,2.2644009590148926,0.9172932505607605,0.9172932505607605,1.187418818473816
fourier_gate_loglinear_lo0p1_hi3,2.2837860584259033,0.9197995662689209,0.9197995662689209,1.1798820495605469
fourier_gate_loglinear_lo0p1_hi3,2.3033368587493896,0.9223057627677917,0.9223057627677917,1.172316312789917
fourier_gate_loglinear_lo0p1_hi3,2.3230550289154053,0.9248120188713074,0.9248120188713074,1.1647286415100098
fourier_gate_loglinear_lo0p1_hi3,2.342942237854004,0.9273183345794678,0.9273183345794678,1.1571279764175415
fourier_gate_loglinear_lo0p1_hi3,2.362999439239502,0.9298245310783386,0.9298245310783386,1.1495243310928345
fourier_gate_loglinear_lo0p1_hi3,2.3832285404205322,0.932330846786499,0.932330846786499,1.141926884651184
fourier_gate_loglinear_lo0p1_hi3,2.4036307334899902,0.9348370432853699,0.9348370432853699,1.1343472003936768
fourier_gate_loglinear_lo0p1_hi3,2.4242076873779297,0.9373433589935303,0.9373433589935303,1.126795768737793
fourier_gate_loglinear_lo0p1_hi3,2.444960594177246,0.9398496747016907,0.9398496747016907,1.1192853450775146
fourier_gate_loglinear_lo0p1_hi3,2.4658913612365723,0.9423558712005615,0.9423558712005615,1.1118292808532715
fourier_gate_loglinear_lo0p1_hi3,2.4870011806488037,0.9448621273040771,0.9448621273040771,1.1044411659240723
fourier_gate_loglinear_lo0p1_hi3,2.508291721343994,0.9473684430122375,0.9473684430122375,1.0971356630325317
fourier_gate_loglinear_lo0p1_hi3,2.529764413833618,0.9498746991157532,0.9498746991157532,1.0899289846420288
fourier_gate_loglinear_lo0p1_hi3,2.5514211654663086,0.9523809552192688,0.9523809552192688,1.082837462425232
fourier_gate_loglinear_lo0p1_hi3,2.573263168334961,0.9548871517181396,0.9548871517181396,1.0758792161941528
fourier_gate_loglinear_lo0p1_hi3,2.595292329788208,0.9573934674263,0.9573934674263,1.0690727233886719
fourier_gate_loglinear_lo0p1_hi3,2.6175098419189453,0.9598997831344604,0.9598997831344604,1.062437653541565
fourier_gate_loglinear_lo0p1_hi3,2.6399176120758057,0.9624059796333313,0.9624059796333313,1.0559955835342407
fourier_gate_loglinear_lo0p1_hi3,2.6625173091888428,0.9649122357368469,0.9649122357368469,1.0497677326202393
fourier_gate_loglinear_lo0p1_hi3,2.6853103637695312,0.9674185514450073,0.9674185514450073,1.0437777042388916
fourier_gate_loglinear_lo0p1_hi3,2.708298683166504,0.969924807548523,0.969924807548523,1.0380496978759766
fourier_gate_loglinear_lo0p1_hi3,2.7314836978912354,0.9724310636520386,0.9724310636520386,1.0326091051101685
fourier_gate_loglinear_lo0p1_hi3,2.7548673152923584,0.974937379360199,0.974937379360199,1.027482271194458
fourier_gate_loglinear_lo0p1_hi3,2.7784509658813477,0.9774435758590698,0.9774435758590698,1.0226972103118896
fourier_gate_loglinear_lo0p1_hi3,2.802236557006836,0.9799498915672302,0.9799498915672302,1.0182818174362183
fourier_gate_loglinear_lo0p1_hi3,2.826225757598877,0.9824560880661011,0.9824560880661011,1.0142661333084106
fourier_gate_loglinear_lo0p1_hi3,2.8504204750061035,0.9849624037742615,0.9849624037742615,1.0106803178787231
fourier_gate_loglinear_lo0p1_hi3,2.8748221397399902,0.9874686598777771,0.9874686598777771,1.0075562000274658
fourier_gate_loglinear_lo0p1_hi3,2.89943265914917,0.9899749159812927,0.9899749159812927,1.0049256086349487
fourier_gate_loglinear_lo0p1_hi3,2.9242539405822754,0.9924812316894531,0.9924812316894531,1.0028213262557983
fourier_gate_loglinear_lo0p1_hi3,2.9492876529693604,0.9949874877929688,0.9949874877929688,1.0012763738632202
fourier_gate_loglinear_lo0p1_hi3,2.9745359420776367,0.9974936842918396,0.9974936842918396,1.0003248453140259
fourier_gate_loglinear_lo0p1_hi3,3.0,1.0,1.0,1.0
fourier_gate_logsigmoid_lo0p1_hi1p5_s0p75_p2,0.10000000149011612,0.0,0.0,1.0568275451660156
fourier_gate_logsigmoid_lo0p1_hi1p5_s0p75_p2,0.10085607320070267,1.1800394759120536e-06,1.1800394759120536e-06,1.057777762413025
fourier_gate_logsigmoid_lo0p1_hi1p5_s0p75_p2,0.10171947628259659,4.749958861793857e-06,4.749958861793857e-06,1.0587432384490967
fourier_gate_logsigmoid_lo0p1_hi1p5_s0p75_p2,0.10259027034044266,1.075547970685875e-05,1.075547970685875e-05,1.05972421169281
fourier_gate_logsigmoid_lo0p1_hi1p5_s0p75_p2,0.10346852242946625,1.924261414387729e-05,1.924261414387729e-05,1.0607208013534546
fourier_gate_logsigmoid_lo0p1_hi1p5_s0p75_p2,0.10435428470373154,3.025903606612701e-05,3.025903606612701e-05,1.0617331266403198
fourier_gate_logsigmoid_lo0p1_hi1p5_s0p75_p2,0.10524763911962509,4.385220381664112e-05,4.385220381664112e-05,1.062761664390564
fourier_gate_logsigmoid_lo0p1_hi1p5_s0p75_p2,0.1061486303806305,6.0071844927733764e-05,6.0071844927733764e-05,1.063806414604187
fourier_gate_logsigmoid_lo0p1_hi1p5_s0p75_p2,0.1070573478937149,7.896692113718018e-05,7.896692113718018e-05,1.0648677349090576
fourier_gate_logsigmoid_lo0p1_hi1p5_s0p75_p2,0.10797383636236191,0.00010058924090117216,0.00010058924090117216,1.0659457445144653
fourier_gate_logsigmoid_lo0p1_hi1p5_s0p75_p2,0.10889817029237747,0.00012498929572757334,0.00012498929572757334,1.0670408010482788
fourier_gate_logsigmoid_lo0p1_hi1p5_s0p75_p2,0.10983041673898697,0.00015222119691316038,0.00015222119691316038,1.0681532621383667
fourier_gate_logsigmoid_lo0p1_hi1p5_s0p75_p2,0.11077065020799637,0.00018233699665870517,0.00018233699665870517,1.069283127784729
fourier_gate_logsigmoid_lo0p1_hi1p5_s0p75_p2,0.11171893030405045,0.00021539312729146332,0.00021539312729146332,1.0704307556152344
fourier_gate_logsigmoid_lo0p1_hi1p5_s0p75_p2,0.11267532408237457,0.0002514432417228818,0.0002514432417228818,1.0715962648391724
fourier_gate_logsigmoid_lo0p1_hi1p5_s0p75_p2,0.11363990604877472,0.00029054615879431367,0.00029054615879431367,1.0727800130844116
fourier_gate_logsigmoid_lo0p1_hi1p5_s0p75_p2,0.11461275070905685,0.00033275861642323434,0.00033275861642323434,1.0739823579788208
fourier_gate_logsigmoid_lo0p1_hi1p5_s0p75_p2,0.11559391766786575,0.0003781381237786263,0.0003781381237786263,1.0752032995224
fourier_gate_logsigmoid_lo0p1_hi1p5_s0p75_p2,0.11658348888158798,0.00042674734140746295,0.00042674734140746295,1.0764433145523071
fourier_gate_logsigmoid_lo0p1_hi1p5_s0p75_p2,0.11758153140544891,0.00047864430234767497,0.00047864430234767497,1.077702522277832
fourier_gate_logsigmoid_lo0p1_hi1p5_s0p75_p2,0.11858811229467392,0.0005338939954526722,0.0005338939954526722,1.0789812803268433
fourier_gate_logsigmoid_lo0p1_hi1p5_s0p75_p2,0.11960331350564957,0.0005925571895204484,0.0005925571895204484,1.08027982711792
fourier_gate_logsigmoid_lo0p1_hi1p5_s0p75_p2,0.12062720954418182,0.0006547014345414937,0.0006547014345414937,1.0815982818603516
fourier_gate_logsigmoid_lo0p1_hi1p5_s0p75_p2,0.12165986746549606,0.0007203887216746807,0.0007203887216746807,1.082937240600586
fourier_gate_logsigmoid_lo0p1_hi1p5_s0p75_p2,0.12270136922597885,0.0007896898896433413,0.0007896898896433413,1.084296464920044
fourier_gate_logsigmoid_lo0p1_hi1p5_s0p75_p2,0.12375178188085556,0.0008626696653664112,0.0008626696653664112,1.085676670074463
fourier_gate_logsigmoid_lo0p1_hi1p5_s0p75_p2,0.12481118738651276,0.0009394008666276932,0.0009394008666276932,1.0870779752731323
fourier_gate_logsigmoid_lo0p1_hi1p5_s0p75_p2,0.1258796602487564,0.0010199506068602204,0.0010199506068602204,1.0885006189346313
fourier_gate_logsigmoid_lo0p1_hi1p5_s0p75_p2,0.12695728242397308,0.0011043957201763988,0.0011043957201763988,1.089944839477539
fourier_gate_logsigmoid_lo0p1_hi1p5_s0p75_p2,0.12804412841796875,0.0011928047752007842,0.0011928047752007842,1.0914112329483032
fourier_gate_logsigmoid_lo0p1_hi1p5_s0p75_p2,0.12914028763771057,0.0012852571671828628,0.0012852571671828628,1.0928999185562134
fourier_gate_logsigmoid_lo0p1_hi1p5_s0p75_p2,0.13024581968784332,0.0013818248407915235,0.0013818248407915235,1.0944106578826904
fourier_gate_logsigmoid_lo0p1_hi1p5_s0p75_p2,0.13136082887649536,0.0014825903344899416,0.0014825903344899416,1.0959445238113403
fourier_gate_logsigmoid_lo0p1_hi1p5_s0p75_p2,0.13248537480831146,0.0015876307152211666,0.0015876307152211666,1.0975011587142944
fourier_gate_logsigmoid_lo0p1_hi1p5_s0p75_p2,0.1336195468902588,0.0016970232827588916,0.0016970232827588916,1.09908127784729
fourier_gate_logsigmoid_lo0p1_hi1p5_s0p75_p2,0.1347634196281433,0.0018108539516106248,0.0018108539516106248,1.1006851196289062
fourier_gate_logsigmoid_lo0p1_hi1p5_s0p75_p2,0.13591709733009338,0.0019292085198685527,0.0019292085198685527,1.1023128032684326
fourier_gate_logsigmoid_lo0p1_hi1p5_s0p75_p2,0.13708065450191498,0.002052169293165207,0.002052169293165207,1.1039648056030273
fourier_gate_logsigmoid_lo0p1_hi1p5_s0p75_p2,0.13825416564941406,0.0021798235829919577,0.0021798235829919577,1.1056411266326904
fourier_gate_logsigmoid_lo0p1_hi1p5_s0p75_p2,0.1394377201795578,0.0023122604470700026,0.0023122604470700026,1.10734224319458
fourier_gate_logsigmoid_lo0p1_hi1p5_s0p75_p2,0.14063140749931335,0.002449571620672941,0.002449571620672941,1.109068751335144
fourier_gate_logsigmoid_lo0p1_hi1p5_s0p75_p2,0.1418353170156479,0.002591848373413086,0.002591848373413086,1.1108205318450928
fourier_gate_logsigmoid_lo0p1_hi1p5_s0p75_p2,0.14304953813552856,0.002739184070378542,0.002739184070378542,1.112597942352295
fourier_gate_logsigmoid_lo0p1_hi1p5_s0p75_p2,0.14427414536476135,0.0028916748706251383,0.0028916748706251383,1.1144013404846191
fourier_gate_logsigmoid_lo0p1_hi1p5_s0p75_p2,0.1455092430114746,0.0030494211241602898,0.0030494211241602898,1.1162309646606445
fourier_gate_logsigmoid_lo0p1_hi1p5_s0p75_p2,0.1467549055814743,0.0032125147990882397,0.0032125147990882397,1.1180874109268188
fourier_gate_logsigmoid_lo0p1_hi1p5_s0p75_p2,0.1480112373828888,0.003381064860150218,0.003381064860150218,1.119970440864563
fourier_gate_logsigmoid_lo0p1_hi1p5_s0p75_p2,0.14927831292152405,0.0035551725886762142,0.0035551725886762142,1.1218810081481934
fourier_gate_logsigmoid_lo0p1_hi1p5_s0p75_p2,0.15055625140666962,0.0037349408958107233,0.0037349408958107233,1.1238188743591309
fourier_gate_logsigmoid_lo0p1_hi1p5_s0p75_p2,0.15184512734413147,0.003920483868569136,0.003920483868569136,1.1257845163345337
fourier_gate_logsigmoid_lo0p1_hi1p5_s0p75_p2,0.15314503014087677,0.00411189952865243,0.00411189952865243,1.1277782917022705
fourier_gate_logsigmoid_lo0p1_hi1p5_s0p75_p2,0.15445606410503387,0.004309306386858225,0.004309306386858225,1.1298004388809204
fourier_gate_logsigmoid_lo0p1_hi1p5_s0p75_p2,0.15577831864356995,0.00451282225549221,0.00451282225549221,1.1318514347076416
fourier_gate_logsigmoid_lo0p1_hi1p5_s0p75_p2,0.15711189806461334,0.004722557030618191,0.004722557030618191,1.1339315176010132
fourier_gate_logsigmoid_lo0p1_hi1p5_s0p75_p2,0.15845689177513123,0.0049386294558644295,0.0049386294558644295,1.1360406875610352
fourier_gate_logsigmoid_lo0p1_hi1p5_s0p75_p2,0.15981340408325195,0.005161163862794638,0.005161163862794638,1.1381796598434448
fourier_gate_logsigmoid_lo0p1_hi1p5_s0p75_p2,0.1611815243959427,0.005390278063714504,0.005390278063714504,1.1403485536575317
fourier_gate_logsigmoid_lo0p1_hi1p5_s0p75_p2,0.1625613570213318,0.005626100115478039,0.005626100115478039,1.1425477266311646
fourier_gate_logsigmoid_lo0p1_hi1p5_s0p75_p2,0.1639530062675476,0.005868756677955389,0.005868756677955389,1.1447774171829224
fourier_gate_logsigmoid_lo0p1_hi1p5_s0p75_p2,0.1653565615415573,0.006118377670645714,0.006118377670645714,1.1470377445220947
fourier_gate_logsigmoid_lo0p1_hi1p5_s0p75_p2,0.16677214205265045,0.006375095807015896,0.006375095807015896,1.149329662322998
fourier_gate_logsigmoid_lo0p1_hi1p5_s0p75_p2,0.1681998372077942,0.006639047060161829,0.006639047060161829,1.1516525745391846
fourier_gate_logsigmoid_lo0p1_hi1p5_s0p75_p2,0.16963975131511688,0.006910371128469706,0.006910371128469706,1.1540073156356812
fourier_gate_logsigmoid_lo0p1_hi1p5_s0p75_p2,0.1710919886827469,0.007189204916357994,0.007189204916357994,1.156394124031067
fourier_gate_logsigmoid_lo0p1_hi1p5_s0p75_p2,0.17255665361881256,0.007475692313164473,0.007475692313164473,1.1588134765625
fourier_gate_logsigmoid_lo0p1_hi1p5_s0p75_p2,0.17403388023376465,0.007769982796162367,0.007769982796162367,1.161265254020691
fourier_gate_logsigmoid_lo0p1_hi1p5_s0p75_p2,0.17552372813224792,0.00807222444564104,0.00807222444564104,1.1637499332427979
fourier_gate_logsigmoid_lo0p1_hi1p5_s0p75_p2,0.17702634632587433,0.008382566273212433,0.008382566273212433,1.166267991065979
fourier_gate_logsigmoid_lo0p1_hi1p5_s0p75_p2,0.17854182422161102,0.008701168932020664,0.008701168932020664,1.1688194274902344
fourier_gate_logsigmoid_lo0p1_hi1p5_s0p75_p2,0.18007026612758636,0.00902817863970995,0.00902817863970995,1.171404480934143
fourier_gate_logsigmoid_lo0p1_hi1p5_s0p75_p2,0.1816118061542511,0.009363774210214615,0.009363774210214615,1.1740238666534424
fourier_gate_logsigmoid_lo0p1_hi1p5_s0p75_p2,0.1831665337085724,0.009708099067211151,0.009708099067211151,1.1766774654388428
fourier_gate_logsigmoid_lo0p1_hi1p5_s0p75_p2,0.18473458290100098,0.01006134133785963,0.01006134133785963,1.179365873336792
fourier_gate_logsigmoid_lo0p1_hi1p5_s0p75_p2,0.18631604313850403,0.01042365375906229,0.01042365375906229,1.1820887327194214
fourier_gate_logsigmoid_lo0p1_hi1p5_s0p75_p2,0.1879110485315323,0.010795233771204948,0.010795233771204948,1.184847116470337
fourier_gate_logsigmoid_lo0p1_hi1p5_s0p75_p2,0.1895197033882141,0.011176235042512417,0.011176235042512417,1.18764066696167
fourier_gate_logsigmoid_lo0p1_hi1p5_s0p75_p2,0.19114212691783905,0.011566845700144768,0.011566845700144768,1.1904702186584473
fourier_gate_logsigmoid_lo0p1_hi1p5_s0p75_p2,0.19277845323085785,0.011967257596552372,0.011967257596552372,1.1933352947235107
fourier_gate_logsigmoid_lo0p1_hi1p5_s0p75_p2,0.19442877173423767,0.012377649545669556,0.012377649545669556,1.1962366104125977
fourier_gate_logsigmoid_lo0p1_hi1p5_s0p75_p2,0.19609323143959045,0.012798224575817585,0.012798224575817585,1.1991746425628662
fourier_gate_logsigmoid_lo0p1_hi1p5_s0p75_p2,0.19777193665504456,0.013229167088866234,0.013229167088866234,1.2021491527557373
fourier_gate_logsigmoid_lo0p1_hi1p5_s0p75_p2,0.19946500658988953,0.01367068849503994,0.01367068849503994,1.2051604986190796
fourier_gate_logsigmoid_lo0p1_hi1p5_s0p75_p2,0.2011725753545761,0.014122982509434223,0.014122982509434223,1.2082090377807617
fourier_gate_logsigmoid_lo0p1_hi1p5_s0p75_p2,0.20289476215839386,0.014586256816983223,0.014586256816983223,1.2112947702407837
fourier_gate_logsigmoid_lo0p1_hi1p5_s0p75_p2,0.20463168621063232,0.015060731209814548,0.015060731209814548,1.2144182920455933
fourier_gate_logsigmoid_lo0p1_hi1p5_s0p75_p2,0.20638348162174225,0.015546618960797787,0.015546618960797787,1.2175792455673218
fourier_gate_logsigmoid_lo0p1_hi1p5_s0p75_p2,0.20815028250217438,0.0160441342741251,0.0160441342741251,1.2207785844802856
fourier_gate_logsigmoid_lo0p1_hi1p5_s0p75_p2,0.20993220806121826,0.016553515568375587,0.016553515568375587,1.224015712738037
fourier_gate_logsigmoid_lo0p1_hi1p5_s0p75_p2,0.21172937750816345,0.01707497611641884,0.01707497611641884,1.2272911071777344
fourier_gate_logsigmoid_lo0p1_hi1p5_s0p75_p2,0.2135419398546219,0.0176087599247694,0.0176087599247694,1.230605125427246
fourier_gate_logsigmoid_lo0p1_hi1p5_s0p75_p2,0.21537001430988312,0.01815509982407093,0.01815509982407093,1.2339578866958618
fourier_gate_logsigmoid_lo0p1_hi1p5_s0p75_p2,0.21721374988555908,0.01871425099670887,0.01871425099670887,1.237349510192871
fourier_gate_logsigmoid_lo0p1_hi1p5_s0p75_p2,0.21907325088977814,0.01928643323481083,0.01928643323481083,1.240779995918274
fourier_gate_logsigmoid_lo0p1_hi1p5_s0p75_p2,0.22094868123531342,0.019871942698955536,0.019871942698955536,1.2442495822906494
fourier_gate_logsigmoid_lo0p1_hi1p5_s0p75_p2,0.22284016013145447,0.020470988005399704,0.020470988005399704,1.2477585077285767
fourier_gate_logsigmoid_lo0p1_hi1p5_s0p75_p2,0.22474783658981323,0.021083863452076912,0.021083863452076912,1.2513066530227661
fourier_gate_logsigmoid_lo0p1_hi1p5_s0p75_p2,0.22667184472084045,0.02171083725988865,0.02171083725988865,1.2548941373825073
fourier_gate_logsigmoid_lo0p1_hi1p5_s0p75_p2,0.22861233353614807,0.022352173924446106,0.022352173924446106,1.258521318435669
fourier_gate_logsigmoid_lo0p1_hi1p5_s0p75_p2,0.23056942224502563,0.023008158430457115,0.023008158430457115,1.262188196182251
fourier_gate_logsigmoid_lo0p1_hi1p5_s0p75_p2,0.23254325985908508,0.023679066449403763,0.023679066449403763,1.2658946514129639
fourier_gate_logsigmoid_lo0p1_hi1p5_s0p75_p2,0.23453401029109955,0.02436518855392933,0.02436518855392933,1.2696409225463867
fourier_gate_logsigmoid_lo0p1_hi1p5_s0p75_p2,0.23654179275035858,0.025066835805773735,0.025066835805773735,1.27342689037323
fourier_gate_logsigmoid_lo0p1_hi1p5_s0p75_p2,0.23856677114963531,0.025784282013773918,0.025784282013773918,1.2772525548934937
fourier_gate_logsigmoid_lo0p1_hi1p5_s0p75_p2,0.2406090646982193,0.026517853140830994,0.026517853140830994,1.2811181545257568
fourier_gate_logsigmoid_lo0p1_hi1p5_s0p75_p2,0.24266886711120605,0.027267884463071823,0.027267884463071823,1.2850234508514404
fourier_gate_logsigmoid_lo0p1_hi1p5_s0p75_p2,0.24474628269672394,0.028034647926688194,0.028034647926688194,1.2889684438705444
fourier_gate_logsigmoid_lo0p1_hi1p5_s0p75_p2,0.24684149026870728,0.028818495571613312,0.028818495571613312,1.292953372001648
fourier_gate_logsigmoid_lo0p1_hi1p5_s0p75_p2,0.248954638838768,0.029619766399264336,0.029619766399264336,1.2969777584075928
fourier_gate_logsigmoid_lo0p1_hi1p5_s0p75_p2,0.25108587741851807,0.03043878637254238,0.03043878637254238,1.3010419607162476
fourier_gate_logsigmoid_lo0p1_hi1p5_s0p75_p2,0.2532353699207306,0.031275924295186996,0.031275924295186996,1.3051456212997437
fourier_gate_logsigmoid_lo0p1_hi1p5_s0p75_p2,0.2554032504558563,0.03213149309158325,0.03213149309158325,1.3092886209487915
fourier_gate_logsigmoid_lo0p1_hi1p5_s0p75_p2,0.2575896680355072,0.03300586715340614,0.03300586715340614,1.3134708404541016
fourier_gate_logsigmoid_lo0p1_hi1p5_s0p75_p2,0.25979483127593994,0.03389943391084671,0.03389943391084671,1.3176922798156738
fourier_gate_logsigmoid_lo0p1_hi1p5_s0p75_p2,0.2620188891887665,0.034812554717063904,0.034812554717063904,1.3219525814056396
fourier_gate_logsigmoid_lo0p1_hi1p5_s0p75_p2,0.26426196098327637,0.03574560210108757,0.03574560210108757,1.3262513875961304
fourier_gate_logsigmoid_lo0p1_hi1p5_s0p75_p2,0.26652422547340393,0.03669895976781845,0.03669895976781845,1.330588936805725
fourier_gate_logsigmoid_lo0p1_hi1p5_s0p75_p2,0.2688058614730835,0.03767303377389908,0.03767303377389908,1.334964632987976
fourier_gate_logsigmoid_lo0p1_hi1p5_s0p75_p2,0.2711070477962494,0.03866824135184288,0.03866824135184288,1.3393784761428833
fourier_gate_logsigmoid_lo0p1_hi1p5_s0p75_p2,0.27342793345451355,0.039684977382421494,0.039684977382421494,1.3438299894332886
fourier_gate_logsigmoid_lo0p1_hi1p5_s0p75_p2,0.2757686674594879,0.04072365537285805,0.04072365537285805,1.3483189344406128
fourier_gate_logsigmoid_lo0p1_hi1p5_s0p75_p2,0.2781294584274292,0.041784703731536865,0.041784703731536865,1.3528448343276978
fourier_gate_logsigmoid_lo0p1_hi1p5_s0p75_p2,0.28051045536994934,0.04286858066916466,0.04286858066916466,1.3574072122573853
fourier_gate_logsigmoid_lo0p1_hi1p5_s0p75_p2,0.28291183710098267,0.04397569224238396,0.04397569224238396,1.3620060682296753
fourier_gate_logsigmoid_lo0p1_hi1p5_s0p75_p2,0.2853337526321411,0.04510651156306267,0.04510651156306267,1.366640329360962
fourier_gate_logsigmoid_lo0p1_hi1p5_s0p75_p2,0.2877764403820038,0.046261511743068695,0.046261511743068695,1.3713104724884033
fourier_gate_logsigmoid_lo0p1_hi1p5_s0p75_p2,0.29024001955986023,0.04744113236665726,0.04744113236665726,1.3760154247283936
fourier_gate_logsigmoid_lo0p1_hi1p5_s0p75_p2,0.2927246689796448,0.04864589869976044,0.04864589869976044,1.3807545900344849
fourier_gate_logsigmoid_lo0p1_hi1p5_s0p75_p2,0.2952306270599365,0.04987623542547226,0.04987623542547226,1.3855276107788086
fourier_gate_logsigmoid_lo0p1_hi1p5_s0p75_p2,0.297758013010025,0.05113266408443451,0.05113266408443451,1.390333652496338
fourier_gate_logsigmoid_lo0p1_hi1p5_s0p75_p2,0.300307035446167,0.05241572856903076,0.05241572856903076,1.395172357559204
fourier_gate_logsigmoid_lo0p1_hi1p5_s0p75_p2,0.30287790298461914,0.053725872188806534,0.053725872188806534,1.40004301071167
fourier_gate_logsigmoid_lo0p1_hi1p5_s0p75_p2,0.305470734834671,0.05506366118788719,0.05506366118788719,1.4049447774887085
fourier_gate_logsigmoid_lo0p1_hi1p5_s0p75_p2,0.3080857992172241,0.0564296692609787,0.0564296692609787,1.409877061843872
fourier_gate_logsigmoid_lo0p1_hi1p5_s0p75_p2,0.3107232451438904,0.057824358344078064,0.057824358344078064,1.4148390293121338
fourier_gate_logsigmoid_lo0p1_hi1p5_s0p75_p2,0.3133832812309265,0.05924834683537483,0.05924834683537483,1.4198298454284668
fourier_gate_logsigmoid_lo0p1_hi1p5_s0p75_p2,0.31606605648994446,0.060702133923769,0.060702133923769,1.4248487949371338
fourier_gate_logsigmoid_lo0p1_hi1p5_s0p75_p2,0.3187718093395233,0.0621863417327404,0.0621863417327404,1.4298948049545288
fourier_gate_logsigmoid_lo0p1_hi1p5_s0p75_p2,0.3215007483959198,0.0637015849351883,0.0637015849351883,1.434966802597046
fourier_gate_logsigmoid_lo0p1_hi1p5_s0p75_p2,0.32425302267074585,0.06524834781885147,0.06524834781885147,1.4400640726089478
fourier_gate_logsigmoid_lo0p1_hi1p5_s0p75_p2,0.32702887058258057,0.06682736426591873,0.06682736426591873,1.4451855421066284
fourier_gate_logsigmoid_lo0p1_hi1p5_s0p75_p2,0.3298284709453583,0.06843912601470947,0.06843912601470947,1.4503298997879028
fourier_gate_logsigmoid_lo0p1_hi1p5_s0p75_p2,0.3326520621776581,0.07008436322212219,0.07008436322212219,1.4554963111877441
fourier_gate_logsigmoid_lo0p1_hi1p5_s0p75_p2,0.3354997932910919,0.07176364213228226,0.07176364213228226,1.4606833457946777
fourier_gate_logsigmoid_lo0p1_hi1p5_s0p75_p2,0.3383719325065613,0.07347770035266876,0.07347770035266876,1.4658899307250977
fourier_gate_logsigmoid_lo0p1_hi1p5_s0p75_p2,0.3412686288356781,0.07522705942392349,0.07522705942392349,1.4711147546768188
fourier_gate_logsigmoid_lo0p1_hi1p5_s0p75_p2,0.34419015049934387,0.07701251655817032,0.07701251655817032,1.4763563871383667
fourier_gate_logsigmoid_lo0p1_hi1p5_s0p75_p2,0.3471366763114929,0.07883469015359879,0.07883469015359879,1.4816135168075562
fourier_gate_logsigmoid_lo0p1_hi1p5_s0p75_p2,0.35010841488838196,0.08069424331188202,0.08069424331188202,1.486884593963623
fourier_gate_logsigmoid_lo0p1_hi1p5_s0p75_p2,0.3531056046485901,0.0825919359922409,0.0825919359922409,1.4921683073043823
fourier_gate_logsigmoid_lo0p1_hi1p5_s0p75_p2,0.356128454208374,0.08452848345041275,0.08452848345041275,1.4974626302719116
fourier_gate_logsigmoid_lo0p1_hi1p5_s0p75_p2,0.3591771721839905,0.08650455623865128,0.08650455623865128,1.502766728401184
fourier_gate_logsigmoid_lo0p1_hi1p5_s0p75_p2,0.36225199699401855,0.08852093666791916,0.08852093666791916,1.5080780982971191
fourier_gate_logsigmoid_lo0p1_hi1p5_s0p75_p2,0.36535313725471497,0.09057837724685669,0.09057837724685669,1.5133954286575317
fourier_gate_logsigmoid_lo0p1_hi1p5_s0p75_p2,0.3684808313846588,0.09267760813236237,0.09267760813236237,1.5187166929244995
fourier_gate_logsigmoid_lo0p1_hi1p5_s0p75_p2,0.3716353178024292,0.09481946378946304,0.09481946378946304,1.5240403413772583
fourier_gate_logsigmoid_lo0p1_hi1p5_s0p75_p2,0.37481677532196045,0.09700459986925125,0.09700459986925125,1.529363989830017
fourier_gate_logsigmoid_lo0p1_hi1p5_s0p75_p2,0.37802550196647644,0.0992339476943016,0.0992339476943016,1.5346858501434326
fourier_gate_logsigmoid_lo0p1_hi1p5_s0p75_p2,0.3812616765499115,0.10150821506977081,0.10150821506977081,1.540003776550293
fourier_gate_logsigmoid_lo0p1_hi1p5_s0p75_p2,0.3845255374908447,0.10382822155952454,0.10382822155952454,1.5453155040740967
fourier_gate_logsigmoid_lo0p1_hi1p5_s0p75_p2,0.3878173828125,0.10619490593671799,0.10619490593671799,1.5506188869476318
fourier_gate_logsigmoid_lo0p1_hi1p5_s0p75_p2,0.39113736152648926,0.10860893875360489,0.10860893875360489,1.555911898612976
fourier_gate_logsigmoid_lo0p1_hi1p5_s0p75_p2,0.39448580145835876,0.11107134819030762,0.11107134819030762,1.5611915588378906
fourier_gate_logsigmoid_lo0p1_hi1p5_s0p75_p2,0.39786288142204285,0.11358290910720825,0.11358290910720825,1.566455602645874
fourier_gate_logsigmoid_lo0p1_hi1p5_s0p75_p2,0.4012688994407654,0.11614442616701126,0.11614442616701126,1.5717018842697144
fourier_gate_logsigmoid_lo0p1_hi1p5_s0p75_p2,0.4047040641307831,0.11875686794519424,0.11875686794519424,1.5769273042678833
fourier_gate_logsigmoid_lo0p1_hi1p5_s0p75_p2,0.40816861391067505,0.12142109870910645,0.12142109870910645,1.5821292400360107
fourier_gate_logsigmoid_lo0p1_hi1p5_s0p75_p2,0.41166284680366516,0.1241379827260971,0.1241379827260971,1.587304949760437
fourier_gate_logsigmoid_lo0p1_hi1p5_s0p75_p2,0.41518697142601013,0.12690849602222443,0.12690849602222443,1.592451572418213
fourier_gate_logsigmoid_lo0p1_hi1p5_s0p75_p2,0.41874128580093384,0.12973357737064362,0.12973357737064362,1.5975661277770996
fourier_gate_logsigmoid_lo0p1_hi1p5_s0p75_p2,0.4223260283470154,0.13261403143405914,0.13261403143405914,1.6026456356048584
fourier_gate_logsigmoid_lo0p1_hi1p5_s0p75_p2,0.42594143748283386,0.13555091619491577,0.13555091619491577,1.6076867580413818
fourier_gate_logsigmoid_lo0p1_hi1p5_s0p75_p2,0.42958781123161316,0.1385451853275299,0.1385451853275299,1.6126866340637207
fourier_gate_logsigmoid_lo0p1_hi1p5_s0p75_p2,0.43326541781425476,0.14159762859344482,0.14159762859344482,1.6176413297653198
fourier_gate_logsigmoid_lo0p1_hi1p5_s0p75_p2,0.4369744658470154,0.14470942318439484,0.14470942318439484,1.6225478649139404
fourier_gate_logsigmoid_lo0p1_hi1p5_s0p75_p2,0.44071531295776367,0.1478814333677292,0.1478814333677292,1.627402663230896
fourier_gate_logsigmoid_lo0p1_hi1p5_s0p75_p2,0.44448816776275635,0.15111461281776428,0.15111461281776428,1.6322020292282104
fourier_gate_logsigmoid_lo0p1_hi1p5_s0p75_p2,0.4482932984828949,0.15440993010997772,0.15440993010997772,1.6369425058364868
fourier_gate_logsigmoid_lo0p1_hi1p5_s0p75_p2,0.4521310329437256,0.15776850283145905,0.15776850283145905,1.6416200399398804
fourier_gate_logsigmoid_lo0p1_hi1p5_s0p75_p2,0.4560016095638275,0.1611911654472351,0.1611911654472351,1.646230697631836
fourier_gate_logsigmoid_lo0p1_hi1p5_s0p75_p2,0.4599052965641022,0.16467897593975067,0.16467897593975067,1.650770902633667
fourier_gate_logsigmoid_lo0p1_hi1p5_s0p75_p2,0.4638424515724182,0.1682329624891281,0.1682329624891281,1.6552362442016602
fourier_gate_logsigmoid_lo0p1_hi1p5_s0p75_p2,0.46781328320503235,0.17185412347316742,0.17185412347316742,1.6596224308013916
fourier_gate_logsigmoid_lo0p1_hi1p5_s0p75_p2,0.47181808948516846,0.17554335296154022,0.17554335296154022,1.6639255285263062
fourier_gate_logsigmoid_lo0p1_hi1p5_s0p75_p2,0.4758571982383728,0.1793019026517868,0.1793019026517868,1.6681407690048218
fourier_gate_logsigmoid_lo0p1_hi1p5_s0p75_p2,0.47993090748786926,0.1831304132938385,0.1831304132938385,1.6722643375396729
fourier_gate_logsigmoid_lo0p1_hi1p5_s0p75_p2,0.48403945565223694,0.18703018128871918,0.18703018128871918,1.6762911081314087
fourier_gate_logsigmoid_lo0p1_hi1p5_s0p75_p2,0.4881832003593445,0.19100205600261688,0.19100205600261688,1.6802165508270264
fourier_gate_logsigmoid_lo0p1_hi1p5_s0p75_p2,0.4923624098300934,0.19504719972610474,0.19504719972610474,1.6840360164642334
fourier_gate_logsigmoid_lo0p1_hi1p5_s0p75_p2,0.4965773820877075,0.19916625320911407,0.19916625320911407,1.6877446174621582
fourier_gate_logsigmoid_lo0p1_hi1p5_s0p75_p2,0.5008284449577332,0.2033606320619583,0.2033606320619583,1.69133722782135
fourier_gate_logsigmoid_lo0p1_hi1p5_s0p75_p2,0.5051159262657166,0.20763102173805237,0.20763102173805237,1.6948091983795166
fourier_gate_logsigmoid_lo0p1_hi1p5_s0p75_p2,0.5094400644302368,0.2119784653186798,0.2119784653186798,1.6981552839279175
fourier_gate_logsigmoid_lo0p1_hi1p5_s0p75_p2,0.5138012766838074,0.21640385687351227,0.21640385687351227,1.701370120048523
fourier_gate_logsigmoid_lo0p1_hi1p5_s0p75_p2,0.5181998014450073,0.2209082841873169,0.2209082841873169,1.7044488191604614
fourier_gate_logsigmoid_lo0p1_hi1p5_s0p75_p2,0.5226359963417053,0.22549253702163696,0.22549253702163696,1.7073856592178345
fourier_gate_logsigmoid_lo0p1_hi1p5_s0p75_p2,0.5271100997924805,0.2301575243473053,0.2301575243473053,1.7101752758026123
fourier_gate_logsigmoid_lo0p1_hi1p5_s0p75_p2,0.531622588634491,0.23490427434444427,0.23490427434444427,1.7128121852874756
fourier_gate_logsigmoid_lo0p1_hi1p5_s0p75_p2,0.5361736416816711,0.23973342776298523,0.23973342776298523,1.715291142463684
fourier_gate_logsigmoid_lo0p1_hi1p5_s0p75_p2,0.5407636761665344,0.2446460872888565,0.2446460872888565,1.7176059484481812
fourier_gate_logsigmoid_lo0p1_hi1p5_s0p75_p2,0.5453930497169495,0.24964293837547302,0.24964293837547302,1.7197514772415161
fourier_gate_logsigmoid_lo0p1_hi1p5_s0p75_p2,0.5500620603561401,0.2547248303890228,0.2547248303890228,1.7217214107513428
fourier_gate_logsigmoid_lo0p1_hi1p5_s0p75_p2,0.5547710061073303,0.2598925828933716,0.2598925828933716,1.7235099077224731
fourier_gate_logsigmoid_lo0p1_hi1p5_s0p75_p2,0.5595202445983887,0.2651467025279999,0.2651467025279999,1.7251121997833252
fourier_gate_logsigmoid_lo0p1_hi1p5_s0p75_p2,0.5643101334571838,0.27048802375793457,0.27048802375793457,1.7265211343765259
fourier_gate_logsigmoid_lo0p1_hi1p5_s0p75_p2,0.5691410303115845,0.27591729164123535,0.27591729164123535,1.7277313470840454
fourier_gate_logsigmoid_lo0p1_hi1p5_s0p75_p2,0.5740132927894592,0.28143510222435,0.28143510222435,1.7287369966506958
fourier_gate_logsigmoid_lo0p1_hi1p5_s0p75_p2,0.5789272785186768,0.28704187273979187,0.28704187273979187,1.7295321226119995
fourier_gate_logsigmoid_lo0p1_hi1p5_s0p75_p2,0.5838833451271057,0.29273852705955505,0.29273852705955505,1.7301104068756104
fourier_gate_logsigmoid_lo0p1_hi1p5_s0p75_p2,0.58888179063797,0.2985251247882843,0.2985251247882843,1.7304664850234985
fourier_gate_logsigmoid_lo0p1_hi1p5_s0p75_p2,0.5939230918884277,0.30440232157707214,0.30440232157707214,1.7305941581726074
fourier_gate_logsigmoid_lo0p1_hi1p5_s0p75_p2,0.5990074872970581,0.31037044525146484,0.31037044525146484,1.7304872274398804
fourier_gate_logsigmoid_lo0p1_hi1p5_s0p75_p2,0.6041354537010193,0.316430002450943,0.316430002450943,1.730140209197998
fourier_gate_logsigmoid_lo0p1_hi1p5_s0p75_p2,0.6093072891235352,0.32258084416389465,0.32258084416389465,1.7295475006103516
fourier_gate_logsigmoid_lo0p1_hi1p5_s0p75_p2,0.6145234107971191,0.3288237750530243,0.3288237750530243,1.7287027835845947
fourier_gate_logsigmoid_lo0p1_hi1p5_s0p75_p2,0.6197841763496399,0.3351583182811737,0.3351583182811737,1.7276008129119873
fourier_gate_logsigmoid_lo0p1_hi1p5_s0p75_p2,0.6250900030136108,0.3415849804878235,0.3415849804878235,1.7262358665466309
fourier_gate_logsigmoid_lo0p1_hi1p5_s0p75_p2,0.6304412484169006,0.3481035530567169,0.3481035530567169,1.7246026992797852
fourier_gate_logsigmoid_lo0p1_hi1p5_s0p75_p2,0.6358382701873779,0.35471397638320923,0.35471397638320923,1.7226955890655518
fourier_gate_logsigmoid_lo0p1_hi1p5_s0p75_p2,0.6412815451622009,0.36141595244407654,0.36141595244407654,1.7205098867416382
fourier_gate_logsigmoid_lo0p1_hi1p5_s0p75_p2,0.6467713713645935,0.3682093918323517,0.3682093918323517,1.7180399894714355
fourier_gate_logsigmoid_lo0p1_hi1p5_s0p75_p2,0.6523082256317139,0.3750940263271332,0.3750940263271332,1.715281367301941
fourier_gate_logsigmoid_lo0p1_hi1p5_s0p75_p2,0.6578924655914307,0.38206908106803894,0.38206908106803894,1.7122292518615723
fourier_gate_logsigmoid_lo0p1_hi1p5_s0p75_p2,0.6635245084762573,0.38913434743881226,0.38913434743881226,1.7088791131973267
fourier_gate_logsigmoid_lo0p1_hi1p5_s0p75_p2,0.6692047715187073,0.39628899097442627,0.39628899097442627,1.705227255821228
fourier_gate_logsigmoid_lo0p1_hi1p5_s0p75_p2,0.6749336123466492,0.4035322368144989,0.4035322368144989,1.7012691497802734
fourier_gate_logsigmoid_lo0p1_hi1p5_s0p75_p2,0.680711567401886,0.4108634293079376,0.4108634293079376,1.697001338005066
fourier_gate_logsigmoid_lo0p1_hi1p5_s0p75_p2,0.6865389347076416,0.4182814359664917,0.4182814359664917,1.6924207210540771
fourier_gate_logsigmoid_lo0p1_hi1p5_s0p75_p2,0.692416250705719,0.4257851243019104,0.4257851243019104,1.687523603439331
fourier_gate_logsigmoid_lo0p1_hi1p5_s0p75_p2,0.698343813419342,0.4333733022212982,0.4333733022212982,1.682308316230774
fourier_gate_logsigmoid_lo0p1_hi1p5_s0p75_p2,0.7043221592903137,0.44104474782943726,0.44104474782943726,1.676771640777588
fourier_gate_logsigmoid_lo0p1_hi1p5_s0p75_p2,0.7103517055511475,0.44879794120788574,0.44879794120788574,1.6709117889404297
fourier_gate_logsigmoid_lo0p1_hi1p5_s0p75_p2,0.7164328098297119,0.4566311538219452,0.4566311538219452,1.6647282838821411
fourier_gate_logsigmoid_lo0p1_hi1p5_s0p75_p2,0.7225660085678101,0.46454286575317383,0.46454286575317383,1.6582188606262207
fourier_gate_logsigmoid_lo0p1_hi1p5_s0p75_p2,0.7287517189979553,0.47253113985061646,0.47253113985061646,1.651383638381958
fourier_gate_logsigmoid_lo0p1_hi1p5_s0p75_p2,0.7349903583526611,0.4805937111377716,0.4805937111377716,1.6442230939865112
fourier_gate_logsigmoid_lo0p1_hi1p5_s0p75_p2,0.7412824630737305,0.488728791475296,0.488728791475296,1.6367367506027222
fourier_gate_logsigmoid_lo0p1_hi1p5_s0p75_p2,0.747628390789032,0.496934175491333,0.496934175491333,1.6289258003234863
fourier_gate_logsigmoid_lo0p1_hi1p5_s0p75_p2,0.7540286183357239,0.5052065849304199,0.5052065849304199,1.6207935810089111
fourier_gate_logsigmoid_lo0p1_hi1p5_s0p75_p2,0.7604836821556091,0.5135445594787598,0.5135445594787598,1.6123402118682861
fourier_gate_logsigmoid_lo0p1_hi1p5_s0p75_p2,0.7669939398765564,0.5219444632530212,0.5219444632530212,1.6035703420639038
fourier_gate_logsigmoid_lo0p1_hi1p5_s0p75_p2,0.7735599875450134,0.5304037928581238,0.5304037928581238,1.5944867134094238
fourier_gate_logsigmoid_lo0p1_hi1p5_s0p75_p2,0.7801822423934937,0.5389193892478943,0.5389193892478943,1.5850945711135864
fourier_gate_logsigmoid_lo0p1_hi1p5_s0p75_p2,0.7868611812591553,0.547488272190094,0.547488272190094,1.5753977298736572
fourier_gate_logsigmoid_lo0p1_hi1p5_s0p75_p2,0.7935972809791565,0.5561066269874573,0.5561066269874573,1.5654035806655884
fourier_gate_logsigmoid_lo0p1_hi1p5_s0p75_p2,0.8003910779953003,0.5647712349891663,0.5647712349891663,1.5551179647445679
fourier_gate_logsigmoid_lo0p1_hi1p5_s0p75_p2,0.8072429895401001,0.5734782218933105,0.5734782218933105,1.5445486307144165
fourier_gate_logsigmoid_lo0p1_hi1p5_s0p75_p2,0.8141536116600037,0.5822241306304932,0.5822241306304932,1.5337038040161133
fourier_gate_logsigmoid_lo0p1_hi1p5_s0p75_p2,0.8211233615875244,0.591004490852356,0.591004490852356,1.5225927829742432
fourier_gate_logsigmoid_lo0p1_hi1p5_s0p75_p2,0.8281527757644653,0.5998156666755676,0.5998156666755676,1.5112249851226807
fourier_gate_logsigmoid_lo0p1_hi1p5_s0p75_p2,0.8352423906326294,0.6086530089378357,0.6086530089378357,1.4996120929718018
fourier_gate_logsigmoid_lo0p1_hi1p5_s0p75_p2,0.8423926830291748,0.6175121068954468,0.6175121068954468,1.487766146659851
fourier_gate_logsigmoid_lo0p1_hi1p5_s0p75_p2,0.8496041893959045,0.6263887286186218,0.6263887286186218,1.475698709487915
fourier_gate_logsigmoid_lo0p1_hi1p5_s0p75_p2,0.8568774461746216,0.6352776288986206,0.6352776288986206,1.4634250402450562
fourier_gate_logsigmoid_lo0p1_hi1p5_s0p75_p2,0.8642129302024841,0.6441743969917297,0.6441743969917297,1.450958251953125
fourier_gate_logsigmoid_lo0p1_hi1p5_s0p75_p2,0.8716112375259399,0.6530738472938538,0.6530738472938538,1.4383153915405273
fourier_gate_logsigmoid_lo0p1_hi1p5_s0p75_p2,0.8790728449821472,0.6619710326194763,0.6619710326194763,1.425511121749878
fourier_gate_logsigmoid_lo0p1_hi1p5_s0p75_p2,0.8865984082221985,0.6708605289459229,0.6708605289459229,1.4125642776489258
fourier_gate_logsigmoid_lo0p1_hi1p5_s0p75_p2,0.8941883444786072,0.6797375679016113,0.6797375679016113,1.3994914293289185
fourier_gate_logsigmoid_lo0p1_hi1p5_s0p75_p2,0.901843249797821,0.6885960102081299,0.6885960102081299,1.3863131999969482
fourier_gate_logsigmoid_lo0p1_hi1p5_s0p75_p2,0.9095636606216431,0.6974309086799622,0.6974309086799622,1.3730486631393433
fourier_gate_logsigmoid_lo0p1_hi1p5_s0p75_p2,0.9173502326011658,0.7062361836433411,0.7062361836433411,1.359718918800354
fourier_gate_logsigmoid_lo0p1_hi1p5_s0p75_p2,0.9252034425735474,0.7150066494941711,0.7150066494941711,1.3463447093963623
fourier_gate_logsigmoid_lo0p1_hi1p5_s0p75_p2,0.9331238269805908,0.7237362265586853,0.7237362265586853,1.332949161529541
fourier_gate_logsigmoid_lo0p1_hi1p5_s0p75_p2,0.9411121010780334,0.7324196100234985,0.7324196100234985,1.3195536136627197
fourier_gate_logsigmoid_lo0p1_hi1p5_s0p75_p2,0.9491686820983887,0.741050124168396,0.741050124168396,1.3061829805374146
fourier_gate_logsigmoid_lo0p1_hi1p5_s0p75_p2,0.9572942852973938,0.7496225833892822,0.7496225833892822,1.2928600311279297
fourier_gate_logsigmoid_lo0p1_hi1p5_s0p75_p2,0.9654894471168518,0.7581311464309692,0.7581311464309692,1.279609203338623
fourier_gate_logsigmoid_lo0p1_hi1p5_s0p75_p2,0.9737547039985657,0.766569197177887,0.766569197177887,1.2664556503295898
fourier_gate_logsigmoid_lo0p1_hi1p5_s0p75_p2,0.9820907711982727,0.7749311923980713,0.7749311923980713,1.253423810005188
fourier_gate_logsigmoid_lo0p1_hi1p5_s0p75_p2,0.9904981851577759,0.7832115888595581,0.7832115888595581,1.2405381202697754
fourier_gate_logsigmoid_lo0p1_hi1p5_s0p75_p2,0.9989776015281677,0.7914040684700012,0.7914040684700012,1.2278236150741577
fourier_gate_logsigmoid_lo0p1_hi1p5_s0p75_p2,1.007529616355896,0.7995028495788574,0.7995028495788574,1.2153054475784302
fourier_gate_logsigmoid_lo0p1_hi1p5_s0p75_p2,1.0161547660827637,0.8075025081634521,0.8075025081634521,1.2030068635940552
fourier_gate_logsigmoid_lo0p1_hi1p5_s0p75_p2,1.0248538255691528,0.8153967261314392,0.8153967261314392,1.190953016281128
fourier_gate_logsigmoid_lo0p1_hi1p5_s0p75_p2,1.0336273908615112,0.8231801390647888,0.8231801390647888,1.179166316986084
fourier_gate_logsigmoid_lo0p1_hi1p5_s0p75_p2,1.042475938796997,0.8308470249176025,0.8308470249176025,1.1676697731018066
fourier_gate_logsigmoid_lo0p1_hi1p5_s0p75_p2,1.0514003038406372,0.8383923768997192,0.8383923768997192,1.1564841270446777
fourier_gate_logsigmoid_lo0p1_hi1p5_s0p75_p2,1.0604010820388794,0.8458099961280823,0.8458099961280823,1.145631194114685
fourier_gate_logsigmoid_lo0p1_hi1p5_s0p75_p2,1.0694788694381714,0.853095531463623,0.853095531463623,1.135128378868103
fourier_gate_logsigmoid_lo0p1_hi1p5_s0p75_p2,1.0786343812942505,0.8602432012557983,0.8602432012557983,1.124995231628418
fourier_gate_logsigmoid_lo0p1_hi1p5_s0p75_p2,1.087868332862854,0.8672484159469604,0.8672484159469604,1.1152465343475342
fourier_gate_logsigmoid_lo0p1_hi1p5_s0p75_p2,1.0971813201904297,0.8741061687469482,0.8741061687469482,1.1058974266052246
fourier_gate_logsigmoid_lo0p1_hi1p5_s0p75_p2,1.1065739393234253,0.8808120489120483,0.8808120489120483,1.0969598293304443
fourier_gate_logsigmoid_lo0p1_hi1p5_s0p75_p2,1.1160470247268677,0.8873612284660339,0.8873612284660339,1.0884450674057007
fourier_gate_logsigmoid_lo0p1_hi1p5_s0p75_p2,1.1256012916564941,0.8937498331069946,0.8937498331069946,1.080361247062683
fourier_gate_logsigmoid_lo0p1_hi1p5_s0p75_p2,1.135237216949463,0.8999735116958618,0.8999735116958618,1.0727145671844482
fourier_gate_logsigmoid_lo0p1_hi1p5_s0p75_p2,1.1449557542800903,0.9060285091400146,0.9060285091400146,1.0655086040496826
fourier_gate_logsigmoid_lo0p1_hi1p5_s0p75_p2,1.1547573804855347,0.9119113683700562,0.9119113683700562,1.0587456226348877
fourier_gate_logsigmoid_lo0p1_hi1p5_s0p75_p2,1.1646429300308228,0.9176182150840759,0.9176182150840759,1.0524249076843262
fourier_gate_logsigmoid_lo0p1_hi1p5_s0p75_p2,1.174613118171692,0.9231461882591248,0.9231461882591248,1.0465432405471802
fourier_gate_logsigmoid_lo0p1_hi1p5_s0p75_p2,1.1846686601638794,0.9284922480583191,0.9284922480583191,1.0410953760147095
fourier_gate_logsigmoid_lo0p1_hi1p5_s0p75_p2,1.194810390472412,0.9336538314819336,0.9336538314819336,1.036073923110962
fourier_gate_logsigmoid_lo0p1_hi1p5_s0p75_p2,1.2050387859344482,0.9386279582977295,0.9386279582977295,1.031469464302063
fourier_gate_logsigmoid_lo0p1_hi1p5_s0p75_p2,1.2153548002243042,0.9434128403663635,0.9434128403663635,1.0272700786590576
fourier_gate_logsigmoid_lo0p1_hi1p5_s0p75_p2,1.2257591485977173,0.9480065107345581,0.9480065107345581,1.0234622955322266
fourier_gate_logsigmoid_lo0p1_hi1p5_s0p75_p2,1.2362525463104248,0.9524070620536804,0.9524070620536804,1.0200308561325073
fourier_gate_logsigmoid_lo0p1_hi1p5_s0p75_p2,1.2468358278274536,0.9566128849983215,0.9566128849983215,1.0169589519500732
fourier_gate_logsigmoid_lo0p1_hi1p5_s0p75_p2,1.2575095891952515,0.960623025894165,0.960623025894165,1.014228343963623
fourier_gate_logsigmoid_lo0p1_hi1p5_s0p75_p2,1.2682749032974243,0.9644365906715393,0.9644365906715393,1.01181960105896
fourier_gate_logsigmoid_lo0p1_hi1p5_s0p75_p2,1.2791322469711304,0.9680525660514832,0.9680525660514832,1.0097123384475708
fourier_gate_logsigmoid_lo0p1_hi1p5_s0p75_p2,1.290082573890686,0.9714705944061279,0.9714705944061279,1.0078856945037842
fourier_gate_logsigmoid_lo0p1_hi1p5_s0p75_p2,1.3011265993118286,0.9746905565261841,0.9746905565261841,1.0063177347183228
fourier_gate_logsigmoid_lo0p1_hi1p5_s0p75_p2,1.312265157699585,0.9777121543884277,0.9777121543884277,1.0049867630004883
fourier_gate_logsigmoid_lo0p1_hi1p5_s0p75_p2,1.3234992027282715,0.9805361032485962,0.9805361032485962,1.0038707256317139
fourier_gate_logsigmoid_lo0p1_hi1p5_s0p75_p2,1.334829330444336,0.9831626415252686,0.9831626415252686,1.0029476881027222
fourier_gate_logsigmoid_lo0p1_hi1p5_s0p75_p2,1.3462563753128052,0.9855924248695374,0.9855924248695374,1.002196192741394
fourier_gate_logsigmoid_lo0p1_hi1p5_s0p75_p2,1.3577814102172852,0.9878266453742981,0.9878266453742981,1.0015954971313477
fourier_gate_logsigmoid_lo0p1_hi1p5_s0p75_p2,1.3694050312042236,0.989866316318512,0.989866316318512,1.0011248588562012
fourier_gate_logsigmoid_lo0p1_hi1p5_s0p75_p2,1.3811280727386475,0.9917126893997192,0.9917126893997192,1.000765323638916
fourier_gate_logsigmoid_lo0p1_hi1p5_s0p75_p2,1.3929516077041626,0.993367612361908,0.993367612361908,1.000498652458191
fourier_gate_logsigmoid_lo0p1_hi1p5_s0p75_p2,1.4048762321472168,0.9948327541351318,0.9948327541351318,1.0003079175949097
fourier_gate_logsigmoid_lo0p1_hi1p5_s0p75_p2,1.416903018951416,0.9961100220680237,0.9961100220680237,1.0001775026321411
fourier_gate_logsigmoid_lo0p1_hi1p5_s0p75_p2,1.429032802581787,0.997201681137085,0.997201681137085,1.0000934600830078
fourier_gate_logsigmoid_lo0p1_hi1p5_s0p75_p2,1.441266417503357,0.9981098175048828,0.9981098175048828,1.0000433921813965
fourier_gate_logsigmoid_lo0p1_hi1p5_s0p75_p2,1.4536046981811523,0.9988370537757874,0.9988370537757874,1.000016689300537
fourier_gate_logsigmoid_lo0p1_hi1p5_s0p75_p2,1.4660485982894897,0.9993860721588135,0.9993860721588135,1.000004768371582
fourier_gate_logsigmoid_lo0p1_hi1p5_s0p75_p2,1.4785990715026855,0.9997596144676208,0.9997596144676208,1.0000007152557373
fourier_gate_logsigmoid_lo0p1_hi1p5_s0p75_p2,1.4912569522857666,0.9999604225158691,0.9999604225158691,1.0
fourier_gate_logsigmoid_lo0p1_hi1p5_s0p75_p2,1.5040231943130493,1.0,1.0,1.0
fourier_gate_logsigmoid_lo0p1_hi1p5_s0p75_p2,1.51689875125885,1.0,1.0,1.0
fourier_gate_logsigmoid_lo0p1_hi1p5_s0p75_p2,1.5298845767974854,1.0,1.0,1.0
fourier_gate_logsigmoid_lo0p1_hi1p5_s0p75_p2,1.542981505393982,1.0,1.0,1.0
fourier_gate_logsigmoid_lo0p1_hi1p5_s0p75_p2,1.5561906099319458,1.0,1.0,1.0
fourier_gate_logsigmoid_lo0p1_hi1p5_s0p75_p2,1.5695127248764038,1.0,1.0,1.0
fourier_gate_logsigmoid_lo0p1_hi1p5_s0p75_p2,1.582948923110962,1.0,1.0,1.0
fourier_gate_logsigmoid_lo0p1_hi1p5_s0p75_p2,1.5965001583099365,1.0,1.0,1.0
fourier_gate_logsigmoid_lo0p1_hi1p5_s0p75_p2,1.610167384147644,1.0,1.0,1.0
fourier_gate_logsigmoid_lo0p1_hi1p5_s0p75_p2,1.6239515542984009,1.0,1.0,1.0
fourier_gate_logsigmoid_lo0p1_hi1p5_s0p75_p2,1.637853741645813,1.0,1.0,1.0
fourier_gate_logsigmoid_lo0p1_hi1p5_s0p75_p2,1.6518750190734863,1.0,1.0,1.0
fourier_gate_logsigmoid_lo0p1_hi1p5_s0p75_p2,1.6660163402557373,1.0,1.0,1.0
fourier_gate_logsigmoid_lo0p1_hi1p5_s0p75_p2,1.6802786588668823,1.0,1.0,1.0
fourier_gate_logsigmoid_lo0p1_hi1p5_s0p75_p2,1.6946630477905273,1.0,1.0,1.0
fourier_gate_logsigmoid_lo0p1_hi1p5_s0p75_p2,1.7091705799102783,1.0,1.0,1.0
fourier_gate_logsigmoid_lo0p1_hi1p5_s0p75_p2,1.7238024473190308,1.0,1.0,1.0
fourier_gate_logsigmoid_lo0p1_hi1p5_s0p75_p2,1.738559365272522,1.0,1.0,1.0
fourier_gate_logsigmoid_lo0p1_hi1p5_s0p75_p2,1.7534427642822266,1.0,1.0,1.0
fourier_gate_logsigmoid_lo0p1_hi1p5_s0p75_p2,1.7684534788131714,1.0,1.0,1.0
fourier_gate_logsigmoid_lo0p1_hi1p5_s0p75_p2,1.7835928201675415,1.0,1.0,1.0
fourier_gate_logsigmoid_lo0p1_hi1p5_s0p75_p2,1.7988616228103638,1.0,1.0,1.0
fourier_gate_logsigmoid_lo0p1_hi1p5_s0p75_p2,1.8142613172531128,1.0,1.0,1.0
fourier_gate_logsigmoid_lo0p1_hi1p5_s0p75_p2,1.8297927379608154,1.0,1.0,1.0
fourier_gate_logsigmoid_lo0p1_hi1p5_s0p75_p2,1.8454570770263672,1.0,1.0,1.0
fourier_gate_logsigmoid_lo0p1_hi1p5_s0p75_p2,1.8612555265426636,1.0,1.0,1.0
fourier_gate_logsigmoid_lo0p1_hi1p5_s0p75_p2,1.8771892786026,1.0,1.0,1.0
fourier_gate_logsigmoid_lo0p1_hi1p5_s0p75_p2,1.8932594060897827,1.0,1.0,1.0
fourier_gate_logsigmoid_lo0p1_hi1p5_s0p75_p2,1.909467101097107,1.0,1.0,1.0
fourier_gate_logsigmoid_lo0p1_hi1p5_s0p75_p2,1.9258135557174683,1.0,1.0,1.0
fourier_gate_logsigmoid_lo0p1_hi1p5_s0p75_p2,1.9422999620437622,1.0,1.0,1.0
fourier_gate_logsigmoid_lo0p1_hi1p5_s0p75_p2,1.9589273929595947,1.0,1.0,1.0
fourier_gate_logsigmoid_lo0p1_hi1p5_s0p75_p2,1.9756972789764404,1.0,1.0,1.0
fourier_gate_logsigmoid_lo0p1_hi1p5_s0p75_p2,1.9926106929779053,1.0,1.0,1.0
fourier_gate_logsigmoid_lo0p1_hi1p5_s0p75_p2,2.009669065475464,1.0,1.0,1.0
fourier_gate_logsigmoid_lo0p1_hi1p5_s0p75_p2,2.0268731117248535,1.0,1.0,1.0
fourier_gate_logsigmoid_lo0p1_hi1p5_s0p75_p2,2.044224739074707,1.0,1.0,1.0
fourier_gate_logsigmoid_lo0p1_hi1p5_s0p75_p2,2.061724901199341,1.0,1.0,1.0
fourier_gate_logsigmoid_lo0p1_hi1p5_s0p75_p2,2.0793747901916504,1.0,1.0,1.0
fourier_gate_logsigmoid_lo0p1_hi1p5_s0p75_p2,2.0971755981445312,1.0,1.0,1.0
fourier_gate_logsigmoid_lo0p1_hi1p5_s0p75_p2,2.115128993988037,1.0,1.0,1.0
fourier_gate_logsigmoid_lo0p1_hi1p5_s0p75_p2,2.1332361698150635,1.0,1.0,1.0
fourier_gate_logsigmoid_lo0p1_hi1p5_s0p75_p2,2.151498317718506,1.0,1.0,1.0
fourier_gate_logsigmoid_lo0p1_hi1p5_s0p75_p2,2.1699166297912598,1.0,1.0,1.0
fourier_gate_logsigmoid_lo0p1_hi1p5_s0p75_p2,2.188492774963379,1.0,1.0,1.0
fourier_gate_logsigmoid_lo0p1_hi1p5_s0p75_p2,2.207227945327759,1.0,1.0,1.0
fourier_gate_logsigmoid_lo0p1_hi1p5_s0p75_p2,2.226123332977295,1.0,1.0,1.0
fourier_gate_logsigmoid_lo0p1_hi1p5_s0p75_p2,2.245180606842041,1.0,1.0,1.0
fourier_gate_logsigmoid_lo0p1_hi1p5_s0p75_p2,2.2644009590148926,1.0,1.0,1.0
fourier_gate_logsigmoid_lo0p1_hi1p5_s0p75_p2,2.2837860584259033,1.0,1.0,1.0
fourier_gate_logsigmoid_lo0p1_hi1p5_s0p75_p2,2.3033368587493896,1.0,1.0,1.0
fourier_gate_logsigmoid_lo0p1_hi1p5_s0p75_p2,2.3230550289154053,1.0,1.0,1.0
fourier_gate_logsigmoid_lo0p1_hi1p5_s0p75_p2,2.342942237854004,1.0,1.0,1.0
fourier_gate_logsigmoid_lo0p1_hi1p5_s0p75_p2,2.362999439239502,1.0,1.0,1.0
fourier_gate_logsigmoid_lo0p1_hi1p5_s0p75_p2,2.3832285404205322,1.0,1.0,1.0
fourier_gate_logsigmoid_lo0p1_hi1p5_s0p75_p2,2.4036307334899902,1.0,1.0,1.0
fourier_gate_logsigmoid_lo0p1_hi1p5_s0p75_p2,2.4242076873779297,1.0,1.0,1.0
fourier_gate_logsigmoid_lo0p1_hi1p5_s0p75_p2,2.444960594177246,1.0,1.0,1.0
fourier_gate_logsigmoid_lo0p1_hi1p5_s0p75_p2,2.4658913612365723,1.0,1.0,1.0
fourier_gate_logsigmoid_lo0p1_hi1p5_s0p75_p2,2.4870011806488037,1.0,1.0,1.0
fourier_gate_logsigmoid_lo0p1_hi1p5_s0p75_p2,2.508291721343994,1.0,1.0,1.0
fourier_gate_logsigmoid_lo0p1_hi1p5_s0p75_p2,2.529764413833618,1.0,1.0,1.0
fourier_gate_logsigmoid_lo0p1_hi1p5_s0p75_p2,2.5514211654663086,1.0,1.0,1.0
fourier_gate_logsigmoid_lo0p1_hi1p5_s0p75_p2,2.573263168334961,1.0,1.0,1.0
fourier_gate_logsigmoid_lo0p1_hi1p5_s0p75_p2,2.595292329788208,1.0,1.0,1.0
fourier_gate_logsigmoid_lo0p1_hi1p5_s0p75_p2,2.6175098419189453,1.0,1.0,1.0
fourier_gate_logsigmoid_lo0p1_hi1p5_s0p75_p2,2.6399176120758057,1.0,1.0,1.0
fourier_gate_logsigmoid_lo0p1_hi1p5_s0p75_p2,2.6625173091888428,1.0,1.0,1.0
fourier_gate_logsigmoid_lo0p1_hi1p5_s0p75_p2,2.6853103637695312,1.0,1.0,1.0
fourier_gate_logsigmoid_lo0p1_hi1p5_s0p75_p2,2.708298683166504,1.0,1.0,1.0
fourier_gate_logsigmoid_lo0p1_hi1p5_s0p75_p2,2.7314836978912354,1.0,1.0,1.0
fourier_gate_logsigmoid_lo0p1_hi1p5_s0p75_p2,2.7548673152923584,1.0,1.0,1.0
fourier_gate_logsigmoid_lo0p1_hi1p5_s0p75_p2,2.7784509658813477,1.0,1.0,1.0
fourier_gate_logsigmoid_lo0p1_hi1p5_s0p75_p2,2.802236557006836,1.0,1.0,1.0
fourier_gate_logsigmoid_lo0p1_hi1p5_s0p75_p2,2.826225757598877,1.0,1.0,1.0
fourier_gate_logsigmoid_lo0p1_hi1p5_s0p75_p2,2.8504204750061035,1.0,1.0,1.0
fourier_gate_logsigmoid_lo0p1_hi1p5_s0p75_p2,2.8748221397399902,1.0,1.0,1.0
fourier_gate_logsigmoid_lo0p1_hi1p5_s0p75_p2,2.89943265914917,1.0,1.0,1.0
fourier_gate_logsigmoid_lo0p1_hi1p5_s0p75_p2,2.9242539405822754,1.0,1.0,1.0
fourier_gate_logsigmoid_lo0p1_hi1p5_s0p75_p2,2.9492876529693604,1.0,1.0,1.0
fourier_gate_logsigmoid_lo0p1_hi1p5_s0p75_p2,2.9745359420776367,1.0,1.0,1.0
fourier_gate_logsigmoid_lo0p1_hi1p5_s0p75_p2,3.0,1.0,1.0,1.0
