spectrum_lambda,seed,method,noise_bin,sigma,n,score_error,unweighted_score_error,reference_error,relative_to_gaussian,dsm_pixel_mean,frequency_band_0,frequency_band_1,frequency_band_2,frequency_band_3
0.0,42,scalar_gate_loglinear_lo0p1_hi3,0,0.12079870700836182,2048,0.012944406137563641,0.8870693202058709,0.035642656333633976,0.3631717573571735,0.9640009633169202,0.013156907919036712,0.013046428022559694,0.01280599435237204,0.013167866318587233
0.0,42,scalar_gate_loglinear_lo0p1_hi3,1,0.17627345025539398,2048,0.016568503157183077,0.5332237250677387,0.07023879241121182,0.23588821203222082,0.9176209658285372,0.01667752120312683,0.01669857496248528,0.016492097819567376,0.016565341197669732
0.0,42,scalar_gate_loglinear_lo0p1_hi3,2,0.25722402334213257,2048,0.023199980644379094,0.35064251182717854,0.13108431723668082,0.17698517361531585,0.8315784022106566,0.02414204302779064,0.02395580619193346,0.02273796189103744,0.023078326970566714
0.0,42,scalar_gate_loglinear_lo0p1_hi3,3,0.37534967064857483,2048,0.03712784560117203,0.2635285491954862,0.21350734124694315,0.17389493674706888,0.7000535902303751,0.037739258861894345,0.03864263156112213,0.03657949126089403,0.036166779590798594
0.0,42,scalar_gate_loglinear_lo0p1_hi3,4,0.547722578048706,2048,0.06101889170059772,0.20339629041100776,0.28824046229989636,0.21169439992471056,0.5416207112965258,0.060569559667384275,0.06236853369372937,0.060548638129051674,0.06064567055710065
0.0,42,scalar_gate_loglinear_lo0p1_hi3,5,0.7992547750473022,2048,0.09696046225351221,0.1517833724524272,0.30943592454634755,0.3133458482419658,0.4005929689252705,0.09867565827902687,0.09827200442967374,0.0960751161326631,0.09702058593825805
0.0,42,scalar_gate_loglinear_lo0p1_hi3,6,1.166298747062683,2048,0.11955225889078894,0.08788973766934775,0.25140680472756216,0.47553310667283705,0.29176305003637537,0.11989719641457364,0.12039735099299322,0.11918672109973377,0.11923916151764276
0.0,42,scalar_gate_loglinear_lo0p1_hi3,7,1.7019013166427612,2048,0.08550394009437598,0.029520069750683258,0.13261830388966933,0.6447370957594983,0.20917965181386894,0.08752427270166976,0.08490562149116603,0.08513610778489937,0.0868347993318311
0.0,42,scalar_gate_loglinear_lo0p1_hi3,8,2.4834699630737305,2048,0.024855663849774563,0.0040300231739344,0.03141829035397844,0.7911208270639443,0.1328969904800012,0.024521508334249216,0.02492358873317519,0.024978430921739743,0.024456763738263537
0.0,42,fourier_gate_loglinear_lo0p1_hi3,0,0.12079870700836182,2048,0.012944401831790953,0.8870690251348718,0.035642656333633976,0.36317163655325113,0.9640009642901537,0.0131568969467078,0.013046416782960974,0.012805991685981687,0.013167871850036568
0.0,42,fourier_gate_loglinear_lo0p1_hi3,1,0.17627345025539398,2048,0.01656849558086778,0.533223481239372,0.07023879241121182,0.2358881041671076,0.9176209647086451,0.016677508784474496,0.01669855852904876,0.01649209333839534,0.016565340364771548
0.0,42,fourier_gate_loglinear_lo0p1_hi3,2,0.25722402334213257,2048,0.02319996493352968,0.3506422743747519,0.13108431723668082,0.1769850537623102,0.8315783948586294,0.02414200549366217,0.023955779208737912,0.022737954404236673,0.023078312354859472
0.0,42,fourier_gate_loglinear_lo0p1_hi3,3,0.37534967064857483,2048,0.037127828485699406,0.2635284277121198,0.21350734124694315,0.1738948565836772,0.7000535722553943,0.037739251088366586,0.038642591579699806,0.03657948530100325,0.0361667557926246
0.0,42,fourier_gate_loglinear_lo0p1_hi3,4,0.547722578048706,2048,0.06101884632866564,0.20339613917124552,0.28824046229989636,0.21169424251470742,0.5416206389624802,0.06056953683300494,0.062368467944321854,0.06054860118599663,0.06064561704850459
0.0,42,fourier_gate_loglinear_lo0p1_hi3,5,0.7992547750473022,2048,0.0969604149139752,0.15178329834640078,0.30943592454634755,0.31334569525540784,0.40059290953460464,0.09867562594510484,0.09827195008986199,0.09607506940308241,0.09702054040292173
0.0,42,fourier_gate_loglinear_lo0p1_hi3,6,1.166298747062683,2048,0.11955223022832992,0.08788971659792653,0.25140680472756216,0.47553299266455057,0.29176301170494734,0.1198971892109891,0.12039734066261777,0.11918668188788045,0.11923912819648343
0.0,42,fourier_gate_loglinear_lo0p1_hi3,7,1.7019013166427612,2048,0.08550391430967218,0.0295200608485642,0.13261830388966933,0.644736901331557,0.20917963350593757,0.08752423091365097,0.08490559766553665,0.08513607778453414,0.0868347948808908
0.0,42,fourier_gate_loglinear_lo0p1_hi3,8,2.4834699630737305,2048,0.024855663181176355,0.004030023065529881,0.03141829035397844,0.7911208057834035,0.1328969940193496,0.02452150778270512,0.024923587514226533,0.024978430576016654,0.024456762763285598
0.0,42,scalar_gate_logsigmoid_lo0p1_hi1p5_s0p75_p2,0,0.12079870700836182,2048,0.014983665317405349,1.026818045266057,0.035642656333633976,0.42038576410103595,0.9665043557968952,0.014553508092163162,0.015052341254866231,0.014987100934509546,0.015087572000215809
0.0,42,scalar_gate_logsigmoid_lo0p1_hi1p5_s0p75_p2,1,0.17627345025539398,2048,0.020590203336940314,0.6626540019377433,0.07023879241121182,0.2931457479564187,0.9219423593925744,0.019537039267834518,0.02092828930928596,0.0205313909544307,0.02079643286953204
0.0,42,scalar_gate_logsigmoid_lo0p1_hi1p5_s0p75_p2,2,0.25722402334213257,2048,0.031673019578714996,0.47870329344101314,0.13108431723668082,0.24162325628570355,0.8398245396579826,0.029263561052223858,0.033134257799623076,0.031363966361060154,0.03158138518962514
0.0,42,scalar_gate_logsigmoid_lo0p1_hi1p5_s0p75_p2,3,0.37534967064857483,2048,0.049471680323012426,0.35114345932786345,0.21350734124694315,0.2317095048539495,0.7136422197218295,0.044719733394646174,0.0516951430950755,0.04914464216090604,0.04939430563417236
0.0,42,scalar_gate_logsigmoid_lo0p1_hi1p5_s0p75_p2,4,0.547722578048706,2048,0.07333189542091784,0.24443963306656633,0.28824046229989636,0.2544122183117391,0.5546327653168279,0.06857970570646564,0.07555961880716298,0.07288676471712052,0.07369320856774535
0.0,42,scalar_gate_logsigmoid_lo0p1_hi1p5_s0p75_p2,5,0.7992547750473022,2048,0.11177684117765949,0.17497715586035106,0.30943592454634755,0.3612277447795738,0.41521011349521303,0.10677271038283205,0.11331358372180224,0.11145158930345468,0.11305365639886153
0.0,42,scalar_gate_logsigmoid_lo0p1_hi1p5_s0p75_p2,6,1.166298747062683,2048,0.15975178632788245,0.11744272105634848,0.25140680472756216,0.6354314335325888,0.3316520508755769,0.15968150798546393,0.1597468374572612,0.15969746019968756,0.16000485988351132
0.0,42,scalar_gate_logsigmoid_lo0p1_hi1p5_s0p75_p2,7,1.7019013166427612,2048,0.10639527657346068,0.03673276321681908,0.13261830388966933,0.8022669077563782,0.2296808000537165,0.10733039801854613,0.10567629241969315,0.10637247439526351,0.10724010027274494
0.0,42,scalar_gate_logsigmoid_lo0p1_hi1p5_s0p75_p2,8,2.4834699630737305,2048,0.027534466975483875,0.004464356319903234,0.03141829035397844,0.8763833634886896,0.1355400401837084,0.027382485668204948,0.027653834132517686,0.027648749911902012,0.026974957218332447
0.0,42,fourier_gate_logsigmoid_lo0p1_hi1p5_s0p75_p2,0,0.12079870700836182,2048,0.014983660025873048,1.0268176826417765,0.035642656333633976,0.42038561564037547,0.9665043481274772,0.014553503325540094,0.015052343417737238,0.0149870938379335,0.01508755998384887
0.0,42,fourier_gate_logsigmoid_lo0p1_hi1p5_s0p75_p2,1,0.17627345025539398,2048,0.020590195985112893,0.6626537653340642,0.07023879241121182,0.2931456432873723,0.9219423466804472,0.01953703556255665,0.02092828832173844,0.02053138209334818,0.020796417879198767
0.0,42,fourier_gate_logsigmoid_lo0p1_hi1p5_s0p75_p2,2,0.25722402334213257,2048,0.0316730117820295,0.4787031756025792,0.13108431723668082,0.2416231968073032,0.839824534396412,0.029263564525913843,0.03313425352278636,0.03136395606551713,0.031581374314239435
0.0,42,fourier_gate_logsigmoid_lo0p1_hi1p5_s0p75_p2,3,0.37534967064857483,2048,0.04947167385168341,0.351143413395224,0.21350734124694315,0.23170947454431717,0.7136422128301639,0.044719744081049964,0.05169514269378675,0.04914463366319036,0.04939428649482544
0.0,42,fourier_gate_logsigmoid_lo0p1_hi1p5_s0p75_p2,4,0.547722578048706,2048,0.07333188431239497,0.24443959603815954,0.28824046229989636,0.2544121797726569,0.5546327553951345,0.0685797347270719,0.07555961351056337,0.07288674830258979,0.07369318487787246
0.0,42,fourier_gate_logsigmoid_lo0p1_hi1p5_s0p75_p2,5,0.7992547750473022,2048,0.11177682783801199,0.17497713497826536,0.30943592454634755,0.3612277016700107,0.4152101030312926,0.10677272229996024,0.11331358221097813,0.11145156920798799,0.113053633520636
0.0,42,fourier_gate_logsigmoid_lo0p1_hi1p5_s0p75_p2,6,1.166298747062683,2048,0.1597517698477497,0.11744270894085557,0.25140680472756216,0.6354313679809314,0.33165203707490615,0.1596814943175258,0.1597468151551819,0.15969744783410492,0.1600048366473195
0.0,42,fourier_gate_logsigmoid_lo0p1_hi1p5_s0p75_p2,7,1.7019013166427612,2048,0.10639526858489987,0.036732760458783924,0.13261830388966933,0.8022668475191366,0.22968079237501327,0.10733038833658988,0.10567628388442905,0.10637246733509798,0.10724009068960508
0.0,42,fourier_gate_logsigmoid_lo0p1_hi1p5_s0p75_p2,8,2.4834699630737305,2048,0.027534466748172517,0.00446435628304765,0.03141829035397844,0.8763833562536887,0.13554004002427733,0.027382486466130153,0.027653831874853353,0.02764875011551075,0.026974958403041243
0.0,42,score,0,0.12079870700836182,2048,0.006622046470540278,0.45380330303043775,0.035642656333633976,0.18578992565970523,0.957381256765145,0.006462705905752661,0.006681224149272217,0.006604196211110878,0.0066727985577432454
0.0,42,score,1,0.17627345025539398,2048,0.012262023195643925,0.39462838756279717,0.07023879241121182,0.17457622454349894,0.9131189705171688,0.012590066595594982,0.012369778462598461,0.012136393950887414,0.012362811312387657
0.0,42,score,2,0.25722402334213257,2048,0.024198409322959646,0.365732676991717,0.13108431723668082,0.1846018641518186,0.8329531748548313,0.025121153330083978,0.02431342802844226,0.02387190224902152,0.024714767233021056
0.0,42,score,3,0.37534967064857483,2048,0.04201261030232434,0.29819996451766567,0.21350734124694315,0.196773610017149,0.7052320062344823,0.04299250346184198,0.04219402366680125,0.04172720595751711,0.04222390675723845
0.0,42,score,4,0.547722578048706,2048,0.06239400209961786,0.2079799913972313,0.28824046229989636,0.21646510556418955,0.5431235730774102,0.06193304531845688,0.06216061132929969,0.06250476010823885,0.0626465869815936
0.0,42,score,5,0.7992547750473022,2048,0.07578494602515365,0.11863489943712928,0.30943592454634755,0.24491321147103112,0.3792715787601744,0.07678055307920577,0.07576664954747828,0.07539486992513536,0.07673797888883883
0.0,42,score,6,1.166298747062683,2048,0.08395517684644319,0.06172027645046947,0.25140680472756216,0.3339415452076625,0.25641511745616696,0.08545958604163317,0.08377264014793064,0.08366365967799577,0.08454519072727244
0.0,42,score,7,1.7019013166427612,2048,0.07876178280123727,0.0271923530005095,0.13261830388966933,0.5938982816939241,0.20244856065426733,0.08114718414380376,0.07839735422633917,0.07815280573007655,0.08038501290179305
0.0,42,score,8,2.4834699630737305,2048,0.09740596112359913,0.015793111903185723,0.03141829035397844,3.1002947654427286,0.20481940989467107,0.09928652389219939,0.09783849320223852,0.09662777062172581,0.09853208889720601
0.0,42,scalar_gaussian,0,0.12079870700836182,2048,0.030660729840547005,2.1011541578367887,0.035642656333633976,0.8602257237380535,0.9819212730829193,0.03243885096817012,0.030184596594216455,0.030686214583306684,0.030423068179363046
0.0,42,scalar_gaussian,1,0.17627345025539398,2048,0.06010299411460254,1.934293164896949,0.07023879241121182,0.8556951515158544,0.9612649071303395,0.06472776781875565,0.05877491037542283,0.060105444159777345,0.05988545742239884
0.0,42,scalar_gaussian,2,0.25722402334213257,2048,0.11057697265744593,1.671250853058191,0.13108431723668082,0.8435560789304214,0.9214495480739713,0.11941556854393427,0.10664385944829344,0.11124474887907589,0.11013613269951045
0.0,42,scalar_gaussian,3,0.37534967064857483,2048,0.18065623093682676,1.2822740902694283,0.21350734124694315,0.8461359215179364,0.843090985535129,0.19177884020150576,0.17541216930744663,0.18234212054868829,0.17743086348609285
0.0,42,scalar_gaussian,4,0.547722578048706,2048,0.24511322215278764,0.8170440125525567,0.28824046229989636,0.8503775639166249,0.7272793552701752,0.2577265690838958,0.23916993377520873,0.24765737767358342,0.23906039900597265
0.0,42,scalar_gaussian,5,0.7992547750473022,2048,0.26454091504091803,0.41411634498583577,0.30943592454634755,0.8549133893511285,0.5691478183698642,0.27694803025122083,0.25762564564734597,0.26712840175019176,0.26016693572206584
0.0,42,scalar_gaussian,6,1.166298747062683,2048,0.21670503028785365,0.15931232450426708,0.25140680472756216,0.8619696293530591,0.38895524078246435,0.228764528105777,0.21196833287150835,0.2182182802129435,0.21270938274550408
0.0,42,scalar_gaussian,7,1.7019013166427612,2048,0.11732479090014966,0.040506156874571375,0.13261830388966933,0.8846802248184159,0.24037121274906603,0.12417920498545845,0.11404185489291918,0.11800465452628792,0.11678474005575455
0.0,42,scalar_gaussian,8,2.4834699630737305,2048,0.0282395711845097,0.004578679812511884,0.03141829035397844,0.8988258389092701,0.1365502338735575,0.028762315365976544,0.027944878943599087,0.02857185248896659,0.027217770139587642
0.0,42,fourier_gaussian,0,0.12079870700836182,2048,0.030660833808665584,2.1011612826849504,0.035642656333633976,0.86022864069569,0.981921401905791,0.03243899968856982,0.030184679651179547,0.03068631495460324,0.030423198048485058
0.0,42,fourier_gaussian,1,0.17627345025539398,2048,0.06010317400093724,1.9342989541743851,0.07023879241121182,0.8556977125840123,0.9612651185310684,0.06472787416191354,0.05877508649354154,0.0601056265476451,0.059885675414868694
0.0,42,fourier_gaussian,2,0.25722402334213257,2048,0.11057732947046023,1.6712562458993967,0.13108431723668082,0.8435588009418856,0.9214499476190899,0.11941592601926598,0.10664422971563851,0.11124507718166296,0.11013657293181883
0.0,42,fourier_gaussian,3,0.37534967064857483,2048,0.18065683675539382,1.2822783902896817,0.21350734124694315,0.8461387589780608,0.8430915649864917,0.191779215009861,0.17541280219766192,0.18234275326575936,0.1774314478997213
0.0,42,fourier_gaussian,4,0.547722578048706,2048,0.24511390368645294,0.8170462843312706,0.28824046229989636,0.8503799283787822,0.72728006601195,0.2577272021546146,0.2391706404487022,0.2476580552793386,0.23906107760924103
0.0,42,fourier_gaussian,5,0.7992547750473022,2048,0.26454158145311873,0.4141173881975626,0.30943592454634755,0.8549155429866563,0.5691484327796709,0.27694867289695707,0.2576262493009594,0.2671290871965849,0.2601676550017312
0.0,42,fourier_gaussian,6,1.166298747062683,2048,0.21670544750665985,0.15931263122579428,0.25140680472756216,0.8619712888897079,0.3889556020814695,0.22876487568470488,0.21196875032061924,0.21821868710161668,0.2127098772686479
0.0,42,fourier_gaussian,7,1.7019013166427612,2048,0.11732490906880438,0.0405061976720706,0.13261830388966933,0.8846811158617429,0.24037131634237696,0.1241792358030279,0.1140419578858341,0.11800477654401466,0.11678491919094428
0.0,42,fourier_gaussian,8,2.4834699630737305,2048,0.028239594734334014,0.004578683630810131,0.03141829035397844,0.8988265884670611,0.13655025177544544,0.02876234313596651,0.027944908984702737,0.028571867068224024,0.027217813693631535
0.0,42,scalar_normalized,0,0.12079870700836182,2048,0.026910532880479267,1.8441562984794841,0.035642656333633976,0.7550091841803975,0.9785157124958327,0.026720954972718203,0.02657670761753817,0.027198030552851114,0.026523218756614838
0.0,42,scalar_normalized,1,0.17627345025539398,2048,0.05134480198869855,1.6524284855152869,0.07023879241121182,0.7310034843438263,0.9532746860960548,0.051137532363461725,0.05035052504859653,0.052069771322391774,0.05048878219117049
0.0,42,scalar_normalized,2,0.25722402334213257,2048,0.09455595214593704,1.4291105271544593,0.13108431723668082,0.7213368779669534,0.9050610585100085,0.09426584563149865,0.09252464882348155,0.09602970659697817,0.09276081152327949
0.0,42,scalar_normalized,3,0.37534967064857483,2048,0.15306831890618652,1.0864587307986968,0.21350734124694315,0.716922977974548,0.8151155711219733,0.14961137631826243,0.15004696639427526,0.155936880352778,0.14952334823353006
0.0,42,scalar_normalized,4,0.547722578048706,2048,0.20598762441917073,0.6866253632237774,0.28824046229989636,0.7146381280947758,0.6869807708897504,0.1990597846727978,0.2013144392251111,0.21064438853178033,0.2005520890867366
0.0,42,scalar_normalized,5,0.7992547750473022,2048,0.22457895580080345,0.3515592902616942,0.30943592454634755,0.7257688522431591,0.5276753664841012,0.21661471895200832,0.22071621003420622,0.2287507974493297,0.22011034474076333
0.0,42,scalar_normalized,6,1.166298747062683,2048,0.18532882933145314,0.1362458755997935,0.25140680472756216,0.7371671165873388,0.3583574057354479,0.18372947425883207,0.1828632777985052,0.18754481505795195,0.18222906101915454
0.0,42,scalar_normalized,7,1.7019013166427612,2048,0.10299758144533877,0.035559715553015424,0.13261830388966933,0.7766468008143637,0.22635591444382203,0.10283372344633543,0.10091691225378847,0.10424624533422315,0.10207040642731141
0.0,42,scalar_normalized,8,2.4834699630737305,2048,0.024876169111379784,0.004033347835868842,0.03141829035397844,0.7917734807053167,0.13242122751217583,0.024665028669599725,0.02490380485123032,0.025206974322771348,0.023694630576266314
0.0,42,fourier_normalized,0,0.12079870700836182,2048,0.02691054552563239,1.8441571650412456,0.035642656333633976,0.7550095389562314,0.9785157185731892,0.02672096316817605,0.026576717597388652,0.027198041876073737,0.02652324360609637
0.0,42,fourier_normalized,1,0.17627345025539398,2048,0.051344825410051496,1.6524292392841065,0.07023879241121182,0.7310038177970669,0.9532747053034246,0.051137576944823925,0.05035054005052755,0.05206979362551401,0.05048881304925101
0.0,42,fourier_normalized,2,0.25722402334213257,2048,0.09455597031319146,1.4291108017327798,0.13108431723668082,0.721337016559081,0.9050610777308356,0.09426585345535808,0.09252466537612816,0.09602972354223112,0.09276084292372827
0.0,42,fourier_normalized,3,0.37534967064857483,2048,0.15306834458506302,1.086458913063974,0.21350734124694315,0.7169230982461805,0.8151156043068625,0.14961141151082755,0.15004699416825182,0.15593690020612425,0.14952338690996025
0.0,42,fourier_normalized,4,0.547722578048706,2048,0.2059876923775187,0.686625589751587,0.28824046229989636,0.7146383638644087,0.6869808101612032,0.199059854025445,0.20131450669430084,0.21064445055609593,0.2005521795575443
0.0,42,fourier_normalized,5,0.7992547750473022,2048,0.22457903632220932,0.3515594163111194,0.30943592454634755,0.7257691124631255,0.5276754413160325,0.21661477080734923,0.22071628930005038,0.22875087516701742,0.2201104540116947
0.0,42,fourier_normalized,6,1.166298747062683,2048,0.18532894405513872,0.13624595993976937,0.25140680472756216,0.7371675729142299,0.3583575124782068,0.18372956688135889,0.18286340069135226,0.18754492778299137,0.18222918104874902
0.0,42,fourier_normalized,7,1.7019013166427612,2048,0.10299764825264471,0.03555973861810843,0.13261830388966933,0.7766473045706627,0.22635597691873885,0.1028337735597604,0.10091699799702479,0.10424630794747441,0.10207046468932592
0.0,42,fourier_normalized,8,2.4834699630737305,2048,0.02487619533543456,0.004033352087758837,0.03141829035397844,0.7917743153801026,0.1324212497581954,0.024665060845971216,0.024903833213753637,0.02520699835190346,0.02369465798368668
0.0,42,scalar_gate_s1p5_p4,0,0.12079870700836182,2048,0.004981191410405356,0.34135687889311467,0.035642656333633976,0.13975365258354452,0.9558654746137094,0.00510019793970082,0.004999921368884405,0.0049356871036008295,0.005053684126984446
0.0,42,scalar_gate_s1p5_p4,1,0.17627345025539398,2048,0.00816991486271711,0.2629321668503071,0.07023879241121182,0.11631627740531872,0.9094006313238789,0.008216028348902185,0.008253468696044054,0.008125036629491947,0.008165296103328109
0.0,42,scalar_gate_s1p5_p4,2,0.25722402334213257,2048,0.01557692824939019,0.23542835365430495,0.13108431723668082,0.11883136425286546,0.8244165999700329,0.016195149198367065,0.015573918068940155,0.015431037773453574,0.015789965396519227
0.0,42,scalar_gate_s1p5_p4,3,0.37534967064857483,2048,0.027317615257298956,0.1938968286382127,0.21350734124694315,0.12794696003311348,0.6910293614829504,0.02782462898945039,0.027065600199669974,0.02730988948797821,0.02751315397043361
0.0,42,scalar_gate_s1p5_p4,4,0.547722578048706,2048,0.0427743246950064,0.14258107162105405,0.28824046229989636,0.14839805748889745,0.5225762648101161,0.04157960961363717,0.04244334742599265,0.043015962740249096,0.043113604491985785
0.0,42,scalar_gate_s1p5_p4,5,0.7992547750473022,2048,0.06603642689940606,0.103374420320866,0.30943592454634755,0.21340905066604532,0.3695431342799272,0.06535670022857784,0.0661159005864056,0.06585455320691705,0.06695984466682564
0.0,42,scalar_gate_s1p5_p4,6,1.166298747062683,2048,0.09108423176349005,0.06696125451565178,0.25140680472756216,0.3622981957954312,0.26325710856921003,0.09234655096096782,0.09076869406245387,0.09092034772179268,0.09156301672425687
0.0,42,scalar_gate_s1p5_p4,7,1.7019013166427612,2048,0.0762829518846102,0.026336541426467266,0.13261830388966933,0.5752068126890928,0.1998603723697961,0.0779736477344362,0.07526605767069569,0.07629974498182328,0.07708804775886116
0.0,42,scalar_gate_s1p5_p4,8,2.4834699630737305,2048,0.023680593062316086,0.0038395007025535375,0.03141829035397844,0.7537199763422983,0.13176598283977195,0.023465879635295016,0.023845972445699956,0.023794434635537872,0.023075802341363066
0.0,42,fourier_gate_s1p5_p4,0,0.12079870700836182,2048,0.004981188068345083,0.34135664986452097,0.035642656333633976,0.1397535588177982,0.9558654898941321,0.005100182756039492,0.004999919894331939,0.004935684196562639,0.005053682400160793
0.0,42,fourier_gate_s1p5_p4,1,0.17627345025539398,2048,0.008169913134353852,0.26293211122643534,0.07023879241121182,0.11631625279835726,0.9094006441001857,0.008216023315963378,0.008253464415369567,0.008125035037516973,0.008165300233037728
0.0,42,fourier_gate_s1p5_p4,2,0.25722402334213257,2048,0.015576930311721844,0.2354283848242082,0.13108431723668082,0.11883137998572885,0.824416592208413,0.016195150790084364,0.015573916503872786,0.015431041309403275,0.015789968602011137
0.0,42,fourier_gate_s1p5_p4,3,0.37534967064857483,2048,0.02731761351027255,0.19389681623804977,0.21350734124694315,0.12794695185060137,0.6910293556781523,0.027824629035108954,0.02706559270649623,0.027309888213396968,0.02751315965805133
0.0,42,fourier_gate_s1p5_p4,4,0.547722578048706,2048,0.04277430700956139,0.1425810126695751,0.28824046229989636,0.14839799613233126,0.5225762594105255,0.041579571938077334,0.0424433220399758,0.04301595316186589,0.043113580975387714
0.0,42,fourier_gate_s1p5_p4,5,0.7992547750473022,2048,0.0660364050411598,0.10337438610363708,0.30943592454634755,0.21340898002703892,0.36954312472792483,0.06535666164455249,0.06611587737126746,0.06585453110560338,0.06695983543118568
0.0,42,fourier_gate_s1p5_p4,6,1.166298747062683,2048,0.09108422096311865,0.06696124657567794,0.25140680472756216,0.36229815283568945,0.2632571089289599,0.09234653636135992,0.09076866600212707,0.09092034788880603,0.09156299728659519
0.0,42,fourier_gate_s1p5_p4,7,1.7019013166427612,2048,0.07628293994794222,0.026336537305355755,0.13261830388966933,0.5752067226813967,0.19986035632960258,0.0779736469727976,0.07526604716162928,0.07629973209734632,0.07708803065649675
0.0,42,fourier_gate_s1p5_p4,8,2.4834699630737305,2048,0.02368058884566171,0.0038395000188777783,0.03141829035397844,0.7537198421321192,0.13176597758877254,0.0234658672246092,0.023845978844260117,0.023794428661244572,0.023075790445425102
0.0,42,scalar_gate_s1p5_p4_plateau_lo0p8_hi1,0,0.12079870700836182,2048,0.009382038233298386,0.6429432288597776,0.035642656333633976,0.2632250005576908,0.9607915010611453,0.009703125996505682,0.009268083622228553,0.00945340328263032,0.009136640820386746
0.0,42,scalar_gate_s1p5_p4_plateau_lo0p8_hi1,1,0.17627345025539398,2048,0.013606397439238579,0.43789435041134106,0.07023879241121182,0.1937162780302394,0.9152871096486264,0.013630085127694796,0.013593733651570218,0.013688136239725193,0.013306959988557231
0.0,42,scalar_gate_s1p5_p4_plateau_lo0p8_hi1,2,0.25722402334213257,2048,0.021603594304748074,0.32651486600905866,0.13108431723668082,0.16480685683964355,0.830167556068443,0.022007872415554658,0.021499339072164482,0.021711080848218402,0.021158277714671787
0.0,42,scalar_gate_s1p5_p4_plateau_lo0p8_hi1,3,0.37534967064857483,2048,0.03538273621591127,0.2511419930396214,0.21350734124694315,0.1657214033450377,0.6990167541666477,0.03542112784456895,0.03552249316629298,0.035531806431797555,0.03454979658374138
0.0,42,scalar_gate_s1p5_p4_plateau_lo0p8_hi1,4,0.547722578048706,2048,0.055335566053190996,0.18445187300742286,0.28824046229989636,0.19197709305509567,0.535474964108523,0.05410962584456784,0.055554904181746634,0.05527236513415161,0.055865468523587127
0.0,42,scalar_gate_s1p5_p4_plateau_lo0p8_hi1,5,0.7992547750473022,2048,0.08870295312850014,0.13885694291691186,0.30943592454634755,0.2866601648097073,0.3925650183859386,0.08821495366084778,0.088628715729546,0.08859185936022518,0.0895257291110422
0.0,42,scalar_gate_s1p5_p4_plateau_lo0p8_hi1,6,1.166298747062683,2048,0.18544057018674276,0.1363280227256569,0.25140680472756216,0.7376115789216448,0.35737741276099216,0.18720765051030738,0.18513204283075252,0.185099757278678,0.1862948674036566
0.0,42,scalar_gate_s1p5_p4_plateau_lo0p8_hi1,7,1.7019013166427612,2048,0.11073859368680365,0.03823228503995029,0.13261830388966933,0.8350174179495742,0.23419215416419095,0.1130778259284291,0.11052773579865685,0.1102670902049294,0.11159511406301993
0.0,42,scalar_gate_s1p5_p4_plateau_lo0p8_hi1,8,2.4834699630737305,2048,0.027994706711543183,0.004538978217475336,0.03141829035397844,0.8910321470753824,0.1362217277685633,0.027873364970341423,0.02806039167190594,0.028177454914873674,0.027254963425650734
0.0,42,fourier_gate_s1p5_p4_plateau_lo0p8_hi1,0,0.12079870700836182,2048,0.009382039414156412,0.6429433097829899,0.035642656333633976,0.2632250336881628,0.9607915028645904,0.009703128112415804,0.009268086524498705,0.009453404006423135,0.00913664014817395
0.0,42,fourier_gate_s1p5_p4_plateau_lo0p8_hi1,1,0.17627345025539398,2048,0.013606396552989349,0.43789432188920413,0.07023879241121182,0.193716265412579,0.9152871104467419,0.01363009197383303,0.013593731419113627,0.013688135773837306,0.01330695561176298
0.0,42,fourier_gate_s1p5_p4_plateau_lo0p8_hi1,2,0.25722402334213257,2048,0.021603593334042718,0.32651485133790137,0.13108431723668082,0.1648068494344453,0.830167565938942,0.022007878063919684,0.021499331069803517,0.021711083103072303,0.02115827338198012
0.0,42,fourier_gate_s1p5_p4_plateau_lo0p8_hi1,3,0.37534967064857483,2048,0.035382727300665176,0.25114192976038097,0.21350734124694315,0.16572136158888054,0.6990167541581427,0.03542112298358604,0.03552247886757184,0.035531798085920926,0.03454979283579779
0.0,42,fourier_gate_s1p5_p4_plateau_lo0p8_hi1,4,0.547722578048706,2048,0.05533555604438117,0.18445183964472595,0.28824046229989636,0.19197705833127604,0.5354749576106098,0.054109606391696694,0.05555489498523598,0.05527235884370367,0.05586544827024569
0.0,42,fourier_gate_s1p5_p4_plateau_lo0p8_hi1,5,0.7992547750473022,2048,0.08870292389309238,0.13885689715136287,0.30943592454634755,0.2866600703300253,0.39256497956070135,0.08821490601354912,0.08862868740286607,0.08859183355689358,0.08952569552332533
0.0,42,fourier_gate_s1p5_p4_plateau_lo0p8_hi1,6,1.166298747062683,2048,0.18544053937659669,0.13632800007534748,0.25140680472756216,0.7376114563706816,0.35737737987807217,0.18720762343985067,0.1851320047508191,0.18509973320625162,0.18629482198636402
0.0,42,fourier_gate_s1p5_p4_plateau_lo0p8_hi1,7,1.7019013166427612,2048,0.1107385770258802,0.03823227928779873,0.13261830388966933,0.8350172923189262,0.23419213528706023,0.11307781768793787,0.11052771601673488,0.1102670781250593,0.11159508096631887
0.0,42,fourier_gate_s1p5_p4_plateau_lo0p8_hi1,8,2.4834699630737305,2048,0.02799470204098238,0.004538977460204543,0.03141829035397844,0.891031998418,0.13622172036190047,0.027873364295920012,0.028060386075635557,0.028177449790871948,0.027254959893717474
0.0,42,scalar_gate_s1p5_p4_cap_lo1_hi2_d0p5,0,0.12079870700836182,2048,0.005410522481474557,0.3707785779119232,0.035642656333633976,0.15179908115795934,0.9557647111183722,0.005334280018391196,0.005331656703643885,0.005458346402368292,0.0054124170870657375
0.0,42,scalar_gate_s1p5_p4_cap_lo1_hi2_d0p5,1,0.17627345025539398,2048,0.008032583609123477,0.2585124385311758,0.07023879241121182,0.11436107218496656,0.9088331883335368,0.008014256238264877,0.008109422428492096,0.008007044832434612,0.008002642959325318
0.0,42,scalar_gate_s1p5_p4_cap_lo1_hi2_d0p5,2,0.25722402334213257,2048,0.015224089221842083,0.23009557494269417,0.13108431723668082,0.11613966905250801,0.8237134635491047,0.01524256160831004,0.015208236871913246,0.015210311371767789,0.015294058396180707
0.0,42,scalar_gate_s1p5_p4_cap_lo1_hi2_d0p5,3,0.37534967064857483,2048,0.026575366446349842,0.18862844451507574,0.21350734124694315,0.12447050434491948,0.6901824346765448,0.02658201122367258,0.026132252769007984,0.026832971573808803,0.026386257626044456
0.0,42,scalar_gate_s1p5_p4_cap_lo1_hi2_d0p5,4,0.547722578048706,2048,0.04246391863948899,0.14154638484694576,0.28824046229989636,0.14732115783004787,0.5223645890881216,0.04143844751265037,0.04160217238623186,0.043067564685181414,0.04228517754312959
0.0,42,scalar_gate_s1p5_p4_cap_lo1_hi2_d0p5,5,0.7992547750473022,2048,0.06610735362522309,0.10348545008899324,0.30943592454634755,0.21363826363128524,0.3696030899696404,0.06571723400315978,0.06584140192458242,0.06621303436145269,0.06639765143508543
0.0,42,scalar_gate_s1p5_p4_cap_lo1_hi2_d0p5,6,1.166298747062683,2048,0.09669411188701993,0.07108539986420544,0.25140680472756216,0.3846121507800985,0.26868368031166306,0.09673893092353443,0.09567233115044553,0.09706273177822214,0.09709314747610248
0.0,42,scalar_gate_s1p5_p4_cap_lo1_hi2_d0p5,7,1.7019013166427612,2048,0.08408598524755041,0.029030523585495915,0.13261830388966933,0.6340450961995792,0.20766883199827918,0.08632050506165376,0.08306070805138739,0.08413249612844653,0.08449159259395315
0.0,42,scalar_gate_s1p5_p4_cap_lo1_hi2_d0p5,8,2.4834699630737305,2048,0.02407521611433193,0.0039034837067575064,0.03141829035397844,0.7662802731493419,0.13227245089889353,0.023837426629892595,0.02412278687659234,0.024283954539643077,0.023334183754937628
0.0,42,fourier_gate_s1p5_p4_cap_lo1_hi2_d0p5,0,0.12079870700836182,2048,0.00541052525916,0.3707787682643821,0.035642656333633976,0.1517991590894529,0.9557647203715525,0.00533427627644401,0.005331661935295473,0.005458349763261934,0.005412416920931859
0.0,42,fourier_gate_s1p5_p4_cap_lo1_hi2_d0p5,1,0.17627345025539398,2048,0.008032583960284192,0.2585124498325723,0.07023879241121182,0.11436107718449322,0.9088331893511273,0.008014254044890177,0.008109425043310003,0.008007045820024627,0.008002638295548889
0.0,42,fourier_gate_s1p5_p4_cap_lo1_hi2_d0p5,2,0.25722402334213257,2048,0.01522408989734866,0.2300955851522425,0.13108431723668082,0.11613967420572995,0.8237134689190303,0.015242556579473465,0.015208240747394106,0.015210312871700852,0.015294053437423596
0.0,42,fourier_gate_s1p5_p4_cap_lo1_hi2_d0p5,3,0.37534967064857483,2048,0.026575360895894587,0.1886284051186767,0.21350734124694315,0.12447047834836487,0.6901824375186678,0.02658200254038559,0.026132248309104635,0.026832965861066725,0.026386252490375867
0.0,42,fourier_gate_s1p5_p4_cap_lo1_hi2_d0p5,4,0.547722578048706,2048,0.04246390935334193,0.14154635389312453,0.28824046229989636,0.14732112561338062,0.5223645753366323,0.04143844804022515,0.041602164941661385,0.04306755410892717,0.04228516440473916
0.0,42,fourier_gate_s1p5_p4_cap_lo1_hi2_d0p5,5,0.7992547750473022,2048,0.06610735448944824,0.10348545144186434,0.30943592454634755,0.2136382664241903,0.36960309883602865,0.06571725608847596,0.06584140666909151,0.0662130332862367,0.06639764093831066
0.0,42,fourier_gate_s1p5_p4_cap_lo1_hi2_d0p5,6,1.166298747062683,2048,0.09669411275608113,0.07108540050310228,0.25140680472756216,0.3846121542368912,0.2686836829639894,0.09673895860847506,0.09567233345521862,0.09706272612381883,0.09709315553927546
0.0,42,fourier_gate_s1p5_p4_cap_lo1_hi2_d0p5,7,1.7019013166427612,2048,0.08408598475050647,0.029030523413892454,0.13261830388966933,0.6340450924516504,0.20766884078777736,0.08632049795960131,0.08306070701433893,0.0841324968479633,0.08449159213047036
0.0,42,fourier_gate_s1p5_p4_cap_lo1_hi2_d0p5,8,2.4834699630737305,2048,0.024075216516356777,0.0039034837719406157,0.03141829035397844,0.7662802859452273,0.1322724498733306,0.023837426506252906,0.02412278819179312,0.024283954680512445,0.0233341838121618
0.0,42,scalar_gate_s1p5_p4_linear_sigma,0,0.12079870700836182,2048,0.005241960921485174,0.35922719526496566,0.035642656333633976,0.14706987247015677,0.9558348092208052,0.005230002974971766,0.005195142255514944,0.005278922129345561,0.0051922061793560105
0.0,42,scalar_gate_s1p5_p4_linear_sigma,1,0.17627345025539398,2048,0.00854474776986934,0.274995404979518,0.07023879241121182,0.12165282853731679,0.9096842420039267,0.008638749149099437,0.008542755488122205,0.008540493893286549,0.008512136816049187
0.0,42,scalar_gate_s1p5_p4_linear_sigma,2,0.25722402334213257,2048,0.01590191269460701,0.24034014060457543,0.13108431723668082,0.12131056582379056,0.8243033386059228,0.0159051742832108,0.015863168871142287,0.015852090922891096,0.016157194191357898
0.0,42,scalar_gate_s1p5_p4_linear_sigma,3,0.37534967064857483,2048,0.027849604947610504,0.19767282126597593,0.21350734124694315,0.13043862934623676,0.6916202138033842,0.027637594879858157,0.027508993855652874,0.028052481761144322,0.027806495630936495
0.0,42,scalar_gate_s1p5_p4_linear_sigma,4,0.547722578048706,2048,0.04317698153587686,0.1439232609899387,0.28824046229989636,0.14979500515425168,0.5236196941284593,0.04207762512069898,0.04270715153165093,0.04353038717265526,0.04328790047954786
0.0,42,scalar_gate_s1p5_p4_linear_sigma,5,0.7992547750473022,2048,0.06596641686130514,0.10326482554953852,0.30943592454634755,0.21318280014841856,0.37005481020710895,0.06586044611916378,0.06580359506948531,0.06587995151565916,0.06664139732039259
0.0,42,scalar_gate_s1p5_p4_linear_sigma,6,1.166298747062683,2048,0.0932397322165265,0.06854588680216168,0.25140680472756216,0.370871951208982,0.26510518149188933,0.09261736574823602,0.09271061076903098,0.0935140910951699,0.09348968484180488
0.0,42,scalar_gate_s1p5_p4_linear_sigma,7,1.7019013166427612,2048,0.07813008447001468,0.026974260374853908,0.13261830388966933,0.58913500006013,0.20158564625118286,0.07838516339792244,0.07762535963931978,0.07825503056844191,0.07841364394835396
0.0,42,scalar_gate_s1p5_p4_linear_sigma,8,2.4834699630737305,2048,0.027902901555683104,0.00452409320342627,0.03141829035397844,0.8881101180653458,0.13612797305026347,0.02762529952354754,0.028110131284583013,0.028034124107745546,0.027192986858811583
0.0,42,fourier_gate_s1p5_p4_linear_sigma,0,0.12079870700836182,2048,0.005241959783292748,0.3592271172655912,0.035642656333633976,0.14706984053672242,0.9558348040327543,0.005230001164962911,0.005195140626310946,0.005278921219156506,0.005192205425958334
0.0,42,fourier_gate_s1p5_p4_linear_sigma,1,0.17627345025539398,2048,0.008544745648834211,0.27499533671829723,0.07023879241121182,0.12165279833982826,0.9096842404089703,0.00863874605892975,0.008542752233885,0.008540492196063267,0.008512135646936638
0.0,42,fourier_gate_s1p5_p4_linear_sigma,2,0.25722402334213257,2048,0.015901909885186583,0.24034009814323673,0.13108431723668082,0.12131054439162775,0.8243033327296141,0.01590516957553921,0.015863166395228067,0.015852088353639576,0.016157190936316734
0.0,42,fourier_gate_s1p5_p4_linear_sigma,3,0.37534967064857483,2048,0.02784960317028854,0.19767280865077916,0.21350734124694315,0.13043862102182996,0.6916202093511497,0.027637587740784852,0.02750899024957242,0.028052481549957365,0.027806494166981485
0.0,42,fourier_gate_s1p5_p4_linear_sigma,4,0.547722578048706,2048,0.043176972848402585,0.1439232320316933,0.28824046229989636,0.14979497501457523,0.5236196829072483,0.04207761514812908,0.042707140347515486,0.0435303804758624,0.043287889424172284
0.0,42,fourier_gate_s1p5_p4_linear_sigma,5,0.7992547750473022,2048,0.06596640373019344,0.10326480499389788,0.30943592454634755,0.21318275771277792,0.37005479614660747,0.06586043262754915,0.06580357919139063,0.06587994246296067,0.06664137386574696
0.0,42,fourier_gate_s1p5_p4_linear_sigma,6,1.166298747062683,2048,0.09323972437845351,0.06854588103994368,0.25140680472756216,0.37087192003212904,0.26510517797417665,0.09261735831389903,0.09271059953756143,0.09351408218982388,0.09348968684405955
0.0,42,fourier_gate_s1p5_p4_linear_sigma,7,1.7019013166427612,2048,0.07813008014010621,0.026974258879961393,0.13261830388966933,0.5891349674107268,0.20158563820929248,0.07838516425389673,0.07762535374460867,0.07825502773077811,0.07841363388190216
0.0,42,fourier_gate_s1p5_p4_linear_sigma,8,2.4834699630737305,2048,0.027902898871054856,0.004524092768148655,0.03141829035397844,0.8881100326174038,0.13612796956557716,0.02762529615154725,0.028110128725253508,0.0280341213708293,0.027192984530835813
0.0,42,scalar_gate_s1p5_p4_tanh_sigma,0,0.12079870700836182,2048,0.0051720121582629515,0.35443366505729423,0.035642656333633976,0.1451073710626448,0.9556750808682899,0.005121170419619334,0.005134710045096738,0.0051851643317168405,0.005216886447867986
0.0,42,scalar_gate_s1p5_p4_tanh_sigma,1,0.17627345025539398,2048,0.00830308655171045,0.2672180280053509,0.07023879241121182,0.11821226229375029,0.9094045429895874,0.00830518708468741,0.008311897671772858,0.008292354928191041,0.008326797064352293
0.0,42,scalar_gate_s1p5_p4_tanh_sigma,2,0.25722402334213257,2048,0.015478733640337193,0.2339442487796497,0.13108431723668082,0.11808226923430806,0.8238234951924391,0.015434297173805917,0.015440427748078321,0.01544610842318264,0.015694770750565325
0.0,42,scalar_gate_s1p5_p4_tanh_sigma,3,0.37534967064857483,2048,0.0273121092561226,0.19385774776835935,0.21350734124694315,0.1279211716871756,0.6911667550345921,0.02735680031347985,0.026755576341794363,0.02755146248022023,0.02737244944758331
0.0,42,scalar_gate_s1p5_p4_tanh_sigma,4,0.547722578048706,2048,0.04386033764039833,0.1462011145008051,0.28824046229989636,0.15216578994646618,0.5239602856433699,0.04274929845979729,0.043302080138233945,0.04418174783985176,0.04425582310220046
0.0,42,scalar_gate_s1p5_p4_tanh_sigma,5,0.7992547750473022,2048,0.0673909456970089,0.10549480451017425,0.30943592454634755,0.21778643121611768,0.3707897268586983,0.06672147720027928,0.06720112499849364,0.06743312923373077,0.06794097163160323
0.0,42,scalar_gate_s1p5_p4_tanh_sigma,6,1.166298747062683,2048,0.09143446404788727,0.06721873040012777,0.25140680472756216,0.36369128571110293,0.26317148274865826,0.09196677612990149,0.09073269455016736,0.09180661216112626,0.09098043245936747
0.0,42,scalar_gate_s1p5_p4_tanh_sigma,7,1.7019013166427612,2048,0.07670172060510413,0.02648112051632839,0.13261830388966933,0.5783645119524035,0.20023159691676976,0.0781544114036835,0.07594752687784868,0.07675148052749178,0.07704747708088311
0.0,42,scalar_gate_s1p5_p4_tanh_sigma,8,2.4834699630737305,2048,0.02465862880938297,0.003998076500385287,0.03141829035397844,0.7848494788087823,0.1328247162122564,0.024316421152075798,0.02471807429880569,0.024903437829953953,0.023818229226756176
0.0,42,fourier_gate_s1p5_p4_tanh_sigma,0,0.12079870700836182,2048,0.005172010597997617,0.35443355813361654,0.035642656333633976,0.14510732728741882,0.9556750802084023,0.005121171348271669,0.005134707850868133,0.005185162702167911,0.005216884893654452
0.0,42,fourier_gate_s1p5_p4_tanh_sigma,1,0.17627345025539398,2048,0.008303086359094438,0.26721802180639453,0.07023879241121182,0.11821225955144785,0.9094045409713762,0.008305186305341907,0.008311896712237591,0.008292355279534513,0.008326796506151068
0.0,42,fourier_gate_s1p5_p4_tanh_sigma,2,0.25722402334213257,2048,0.015478732909558418,0.23394423773472217,0.13108431723668082,0.11808226365943236,0.823823491513823,0.015434299324506595,0.015440425142365552,0.015446108758412543,0.015694767725036727
0.0,42,fourier_gate_s1p5_p4_tanh_sigma,3,0.37534967064857483,2048,0.02731210706680654,0.19385773222888283,0.21350734124694315,0.1279211614331204,0.6911667513943064,0.027356794857062283,0.026755572372572724,0.02755146061005176,0.027372451031931554
0.0,42,fourier_gate_s1p5_p4_tanh_sigma,4,0.547722578048706,2048,0.04386033141023163,0.14620109373358434,0.28824046229989636,0.15216576833198966,0.5239602792006923,0.04274929238898876,0.043302071641910723,0.04418174171071854,0.04425582043054212
0.0,42,fourier_gate_s1p5_p4_tanh_sigma,5,0.7992547750473022,2048,0.06739093934327915,0.10549479456394971,0.30943592454634755,0.21778641068285298,0.3707897210071432,0.06672146141339733,0.06720112131671276,0.06743312204666718,0.06794096891653227
0.0,42,fourier_gate_s1p5_p4_tanh_sigma,6,1.166298747062683,2048,0.09143445494076136,0.06721872370495602,0.25140680472756216,0.3636912494864434,0.2631714723941571,0.09196675745164937,0.09073268312260156,0.09180660437664179,0.09098042779811494
0.0,42,fourier_gate_s1p5_p4_tanh_sigma,7,1.7019013166427612,2048,0.07670171893790098,0.02648111994072973,0.13261830388966933,0.5783644993809627,0.2002315946590398,0.07815442374059464,0.07594752216025079,0.07675147807683752,0.07704747601624466
0.0,42,fourier_gate_s1p5_p4_tanh_sigma,8,2.4834699630737305,2048,0.024658628303639425,0.003998076418385538,0.03141829035397844,0.7848494627116764,0.1328247168408836,0.02431642252280204,0.024718073739193724,0.024903437222708276,0.023818228157748
0.0,43,scalar_gate_loglinear_lo0p1_hi3,0,0.12079870700836182,2048,0.014439083545292069,0.9894983121511347,0.035642656333633976,0.4051068307068549,0.9659073130480359,0.015223818883011808,0.014524322174289069,0.014196349769755427,0.014768578391480412
0.0,43,scalar_gate_loglinear_lo0p1_hi3,1,0.17627345025539398,2048,0.019086228891168674,0.6142516297516134,0.07023879241121182,0.2717334429588235,0.9212503268273161,0.019828143692781942,0.019083197089423527,0.018808639274918514,0.019728115754764394
0.0,43,scalar_gate_loglinear_lo0p1_hi3,2,0.25722402334213257,2048,0.027267786168507266,0.4121229746115452,0.13108431723668082,0.2080171506655033,0.8370032189431085,0.02807432843057971,0.027105964621166212,0.026633174198185776,0.029504812883843427
0.0,43,scalar_gate_loglinear_lo0p1_hi3,3,0.37534967064857483,2048,0.0423012048337114,0.30024837042247216,0.21350734124694315,0.19812529436533854,0.7062810420288296,0.04413087409377171,0.043050705870614187,0.04109569059704434,0.04450644051770414
0.0,43,scalar_gate_loglinear_lo0p1_hi3,4,0.547722578048706,2048,0.0668206464796686,0.22273547155719356,0.28824046229989636,0.23182257600650755,0.5478743074468921,0.06790677580684137,0.06725614700119176,0.06580235011749237,0.06928991551675269
0.0,43,scalar_gate_loglinear_lo0p1_hi3,5,0.7992547750473022,2048,0.10246360735653542,0.16039807893606578,0.30943592454634755,0.331130289757899,0.4056838844107956,0.10652507562813192,0.10293724915628484,0.10105140029445477,0.10470021068506544
0.0,43,scalar_gate_loglinear_lo0p1_hi3,6,1.166298747062683,2048,0.122374471144851,0.08996450812503042,0.25140680472756216,0.48675878633222563,0.2944279850313911,0.12522456875056817,0.12301260367712506,0.1209667456498106,0.12497469984334028
0.0,43,scalar_gate_loglinear_lo0p1_hi3,7,1.7019013166427612,2048,0.0865746428383633,0.029889727799772774,0.13261830388966933,0.6528106626245826,0.20970383074625762,0.08853311627911224,0.08593456905281964,0.08636534506470628,0.08741519146828475
0.0,43,scalar_gate_loglinear_lo0p1_hi3,8,2.4834699630737305,2048,0.02504980329606678,0.0040615003644959196,0.03141829035397844,0.7973000126308519,0.13323601178398262,0.024776958062661118,0.025145377233774996,0.02522413725083558,0.02437287981846212
0.0,43,fourier_gate_loglinear_lo0p1_hi3,0,0.12079870700836182,2048,0.014439079470444543,0.9894980329052437,0.035642656333633976,0.4051067163818313,0.9659073238407043,0.015223799395513665,0.014524321105490972,0.014196343639705138,0.014768585299228016
0.0,43,fourier_gate_loglinear_lo0p1_hi3,1,0.17627345025539398,2048,0.019086230523331534,0.6142516822794701,0.07023879241121182,0.2717334661961658,0.9212503305275814,0.01982813768508302,0.01908319867793729,0.018808641789955196,0.019728118373592222
0.0,43,fourier_gate_loglinear_lo0p1_hi3,2,0.25722402334213257,2048,0.027267793453150543,0.41212308471101705,0.13108431723668082,0.2080172062376986,0.8370032426954812,0.02807432305719363,0.02710597869011118,0.02663318516595148,0.0295048012257264
0.0,43,fourier_gate_loglinear_lo0p1_hi3,3,0.37534967064857483,2048,0.04230121938896704,0.3002484737337561,0.21350734124694315,0.1981253625374939,0.7062810547105446,0.04413084321855993,0.0430507333243937,0.04109571396056673,0.044506424105724744
0.0,43,fourier_gate_loglinear_lo0p1_hi3,4,0.547722578048706,2048,0.0668206925469747,0.22273562511486908,0.28824046229989636,0.23182273582898957,0.5478743569219664,0.0679067988584148,0.0672562077799217,0.06580239619506809,0.06928994817813834
0.0,43,fourier_gate_loglinear_lo0p1_hi3,5,0.7992547750473022,2048,0.10246359522495607,0.1603980599451082,0.30943592454634755,0.33113025055243384,0.40568385339774193,0.10652504103873103,0.10293726338173223,0.10105139053169065,0.10470015522425956
0.0,43,fourier_gate_loglinear_lo0p1_hi3,6,1.166298747062683,2048,0.12237447530406434,0.08996451118270722,0.25140680472756216,0.4867588028759836,0.2944279945937053,0.12522451374779128,0.12301258705474402,0.12096676608126294,0.12497471234247974
0.0,43,fourier_gate_loglinear_lo0p1_hi3,7,1.7019013166427612,2048,0.08657464704857942,0.029889729253341737,0.13261830388966933,0.6528106943714531,0.20970383672940282,0.08853309816312833,0.08593457404691938,0.08636535351386743,0.08741519067458205
0.0,43,fourier_gate_loglinear_lo0p1_hi3,8,2.4834699630737305,2048,0.025049803727609767,0.004061500434465012,0.03141829035397844,0.7973000263662583,0.13323601970486806,0.02477696910056993,0.02514536601730774,0.025224140732862138,0.024372883541104333
0.0,43,scalar_gate_logsigmoid_lo0p1_hi1p5_s0p75_p2,0,0.12079870700836182,2048,0.014395028855783216,0.9864792811458348,0.035642656333633976,0.4038708204303907,0.9653623794597449,0.014335109142542959,0.014528936719375989,0.014292991102118457,0.014575735119485324
0.0,43,scalar_gate_logsigmoid_lo0p1_hi1p5_s0p75_p2,1,0.17627345025539398,2048,0.02113276782178776,0.6801153412606251,0.07023879241121182,0.30087031818637094,0.9226223582358772,0.02089466108071594,0.021261874648732797,0.021189382359708145,0.020821648953448377
0.0,43,scalar_gate_logsigmoid_lo0p1_hi1p5_s0p75_p2,2,0.25722402334213257,2048,0.033379886133647445,0.5045007277298353,0.13108431723668082,0.2546443910096278,0.8424799906246909,0.03418916329459132,0.03390237415666525,0.03300632652343311,0.03341264530856778
0.0,43,scalar_gate_logsigmoid_lo0p1_hi1p5_s0p75_p2,3,0.37534967064857483,2048,0.052180015814460044,0.37036686729132756,0.21350734124694315,0.24439448081604137,0.7158223549107334,0.053228425925656554,0.05256499413168301,0.05221794700609801,0.05076986424254442
0.0,43,scalar_gate_logsigmoid_lo0p1_hi1p5_s0p75_p2,4,0.547722578048706,2048,0.07576248486819145,0.2525415972830477,0.28824046229989636,0.26284472437934575,0.5548542886287612,0.08093046528568952,0.07627686923962364,0.07512595541529192,0.07438159035354464
0.0,43,scalar_gate_logsigmoid_lo0p1_hi1p5_s0p75_p2,5,0.7992547750473022,2048,0.1160745311953768,0.18170482474190736,0.30943592454634755,0.37511653298029096,0.4196509855762311,0.12189844308939549,0.11642346802045131,0.11534401986106824,0.11497840193928871
0.0,43,scalar_gate_logsigmoid_lo0p1_hi1p5_s0p75_p2,6,1.166298747062683,2048,0.15860294051326507,0.11659813845953207,0.25140680472756216,0.6308617648004226,0.3305534554937139,0.15983142467068095,0.15759195414807425,0.15869548654064616,0.1593681400827113
0.0,43,scalar_gate_logsigmoid_lo0p1_hi1p5_s0p75_p2,7,1.7019013166427612,2048,0.10569425240955183,0.036490735981668715,0.13261830388966933,0.79698087903072,0.22904568356647942,0.10864333731850402,0.10489858138400632,0.10552315943738995,0.10611674940038207
0.0,43,scalar_gate_logsigmoid_lo0p1_hi1p5_s0p75_p2,8,2.4834699630737305,2048,0.02742487551737337,0.004446587487876863,0.03141829035397844,0.8728952214900074,0.1357797508524749,0.02751815902804532,0.02751208113173901,0.027599557967217983,0.026558107664270414
0.0,43,fourier_gate_logsigmoid_lo0p1_hi1p5_s0p75_p2,0,0.12079870700836182,2048,0.014395026149816536,0.9864790957082027,0.035642656333633976,0.40387074451105814,0.9653623785494034,0.014335107262950172,0.014528933445614994,0.014292988102993705,0.014575734071320179
0.0,43,fourier_gate_logsigmoid_lo0p1_hi1p5_s0p75_p2,1,0.17627345025539398,2048,0.02113276560456722,0.6801152699038716,0.07023879241121182,0.3008702866194766,0.922622352503632,0.020894659792369673,0.0212618728664192,0.02118937988296997,0.020821646427418634
0.0,43,fourier_gate_logsigmoid_lo0p1_hi1p5_s0p75_p2,2,0.25722402334213257,2048,0.03337987925250364,0.5045006237288198,0.13108431723668082,0.2546443385155999,0.8424799796109628,0.03418915785245367,0.033902365443848434,0.033006320779574314,0.03341263658787367
0.0,43,fourier_gate_logsigmoid_lo0p1_hi1p5_s0p75_p2,3,0.37534967064857483,2048,0.052180012117800295,0.3703668410529244,0.21350734124694315,0.24439446350207114,0.7158223453965401,0.05322843312766736,0.05256498526061531,0.05221794371106562,0.050769862172756246
0.0,43,fourier_gate_logsigmoid_lo0p1_hi1p5_s0p75_p2,4,0.547722578048706,2048,0.0757624811105865,0.25254158475769883,0.28824046229989636,0.26284471134299087,0.5548542802176551,0.08093047880724838,0.07627686391245239,0.07512595107771002,0.07438158197776855
0.0,43,fourier_gate_logsigmoid_lo0p1_hi1p5_s0p75_p2,5,0.7992547750473022,2048,0.11607452604190392,0.18170481667458305,0.30943592454634755,0.37511651632588056,0.41965098015720537,0.12189844712012805,0.11642345398138998,0.1153440166762692,0.1149784000428687
0.0,43,fourier_gate_logsigmoid_lo0p1_hi1p5_s0p75_p2,6,1.166298747062683,2048,0.1586029320496348,0.11659813223743096,0.25140680472756216,0.6308617311353422,0.3305534478238292,0.15983142087925062,0.1575919420226541,0.15869547846810983,0.1593681340557972
0.0,43,fourier_gate_logsigmoid_lo0p1_hi1p5_s0p75_p2,7,1.7019013166427612,2048,0.10569424677694995,0.036490734037023825,0.13261830388966933,0.7969808365584391,0.2290456788421202,0.10864333464396503,0.10489857244007515,0.10552315435724369,0.10611674592416492
0.0,43,fourier_gate_logsigmoid_lo0p1_hi1p5_s0p75_p2,8,2.4834699630737305,2048,0.027424874473107395,0.004446587318562694,0.03141829035397844,0.8728951882524899,0.13577975022263924,0.027518161881945186,0.02751207847579797,0.027599557037321806,0.026558106887493157
0.0,43,score,0,0.12079870700836182,2048,0.0064605325584141645,0.44273488979379394,0.035642656333633976,0.18125844768527316,0.9569651131543087,0.006427808721414912,0.0063461183165690405,0.006532540757682231,0.006410084589459044
0.0,43,score,1,0.17627345025539398,2048,0.012267462363505803,0.39480343616683006,0.07023879241121182,0.17465366277492575,0.9133339382775018,0.012620985489426181,0.012105374316077534,0.012335484294674487,0.012102245415674165
0.0,43,score,2,0.25722402334213257,2048,0.024076824936271293,0.36389506102983904,0.13108431723668082,0.18367433605958447,0.8328225538003842,0.024711625884094503,0.02373660928104717,0.024131624198839387,0.024121966138177405
0.0,43,score,3,0.37534967064857483,2048,0.0420527677135884,0.2984849965241964,0.21350734124694315,0.19696169446909115,0.7049608813248778,0.042303981577223745,0.04158048003146377,0.04234304909672159,0.04165620844350934
0.0,43,score,4,0.547722578048706,2048,0.0629491393818708,0.20983044886593016,0.28824046229989636,0.21839105752049523,0.542633775917849,0.061132595079800636,0.06202960074689933,0.06364276271720334,0.06297271118949162
0.0,43,score,5,0.7992547750473022,2048,0.07529227970588309,0.11786367213793289,0.30943592454634755,0.24332106821878,0.3785820968780158,0.07599764229571429,0.07433825189502705,0.07578922709480276,0.07471910423935774
0.0,43,score,6,1.166298747062683,2048,0.08372310216097885,0.06154966500895928,0.25140680472756216,0.3330184409753971,0.2561025530114045,0.083692048389777,0.08317635813515284,0.08402662163418177,0.08356571451434841
0.0,43,score,7,1.7019013166427612,2048,0.07865074229157676,0.02715401647956425,0.13261830388966933,0.593060987697517,0.2026155867507088,0.08066126007538672,0.07805068117952703,0.07851415074344467,0.0791165757927142
0.0,43,score,8,2.4834699630737305,2048,0.09942027499023355,0.01611970674334678,0.03141829035397844,3.1644075431890633,0.20663102876422265,0.10248937390922408,0.10046827448544543,0.09820115869639477,0.10045766026491984
0.0,43,scalar_gaussian,0,0.12079870700836182,2048,0.028637810793444924,1.9625252083991669,0.035642656333633976,0.8034701601749314,0.9795606745832577,0.026936612884122673,0.027989317289483194,0.029091649312708728,0.02902129701067046
0.0,43,scalar_gaussian,1,0.17627345025539398,2048,0.055645697423657145,1.7908440963401673,0.07023879241121182,0.792235964107702,0.9568366175403007,0.053886428108312366,0.05419395814693059,0.056187852344261324,0.05715579827963571
0.0,43,scalar_gaussian,2,0.25722402334213257,2048,0.10301125692043844,1.5569032762020245,0.13108431723668082,0.7858396724487283,0.9136754794083248,0.09889647763018002,0.0993827130482414,0.10473747200470018,0.10522673309172134
0.0,43,scalar_gaussian,3,0.37534967064857483,2048,0.16702696685254095,1.185535372130054,0.21350734124694315,0.782300814000382,0.8305097193212635,0.15668444021434308,0.16332474316404907,0.16968236268178924,0.1693230506316986
0.0,43,scalar_gaussian,4,0.547722578048706,2048,0.22641133800637372,0.7547044034075455,0.28824046229989636,0.785494639440339,0.707481714426997,0.21424340873882658,0.22038446205474024,0.23043642189580524,0.22867987237561838
0.0,43,scalar_gaussian,5,0.7992547750473022,2048,0.24577126991190473,0.38473405893641344,0.30943592454634755,0.7942557745104122,0.5499641987833382,0.23426739248660605,0.2397313761534755,0.2494898928948608,0.24885177056088892
0.0,43,scalar_gaussian,6,1.166298747062683,2048,0.20084762491559874,0.1476546342923478,0.25140680472756216,0.7988949429322247,0.3730511924821127,0.19243401559990525,0.19480259025436963,0.20373031494629495,0.20537841826164993
0.0,43,scalar_gaussian,7,1.7019013166427612,2048,0.1105680427172156,0.03817340264794907,0.13261830388966933,0.8337313890637731,0.23380059994351532,0.1059258551876751,0.10829835014326039,0.11163126366044443,0.11316543235734963
0.0,43,scalar_gaussian,8,2.4834699630737305,2048,0.026674880167629204,0.004324985479655327,0.03141829035397844,0.8490239241885233,0.1347110394178466,0.025452350339086327,0.026430491811489244,0.027009995058550267,0.026522542006477832
0.0,43,fourier_gaussian,0,0.12079870700836182,2048,0.028637806346228208,1.9625249036351269,0.035642656333633976,0.8034700354026172,0.9795606755356546,0.026936596126806912,0.027989306720011545,0.029091649372065705,0.029021293261572427
0.0,43,fourier_gaussian,1,0.17627345025539398,2048,0.05564569825515922,1.790844123100378,0.07023879241121182,0.7922359759459192,0.9568366155481316,0.05388643173218294,0.05419395287373085,0.05618785767777894,0.0571557914050109
0.0,43,fourier_gaussian,2,0.25722402334213257,2048,0.1030112588619516,1.5569033055458874,0.13108431723668082,0.7858396872599063,0.9136754897924527,0.09889646395021454,0.09938271138790364,0.10473747461720946,0.10522674758024994
0.0,43,fourier_gaussian,3,0.37534967064857483,2048,0.167026974356518,1.1855354253922932,0.21350734124694315,0.7823008491466069,0.8305097413238526,0.1566844671552801,0.1633247416831032,0.16968237579653278,0.1693230421143318
0.0,43,fourier_gaussian,4,0.547722578048706,2048,0.22641132393978858,0.7547043565189319,0.28824046229989636,0.7854945906387758,0.707481682954508,0.2142433682011597,0.22038443563578825,0.23043641871940318,0.2286798538342613
0.0,43,fourier_gaussian,5,0.7992547750473022,2048,0.24577127471794377,0.3847340664598595,0.30943592454634755,0.7942557900420252,0.5499642078023939,0.23426740441326294,0.23973139452567704,0.24948989482364076,0.2488517581630522
0.0,43,fourier_gaussian,6,1.166298747062683,2048,0.20084763336691208,0.14765464050539404,0.25140680472756216,0.798894976548313,0.3730511938616536,0.19243400943834926,0.19480259796222474,0.20373033096336238,0.20537840757119014
0.0,43,fourier_gaussian,7,1.7019013166427612,2048,0.11056805971230013,0.0381734085154691,0.13261830388966933,0.8337315172141417,0.23380061507230224,0.10592586897503897,0.10829837683861626,0.11163127495973178,0.11316545540703034
0.0,43,fourier_gaussian,8,2.4834699630737305,2048,0.026674881884837555,0.004324985758078366,0.03141829035397844,0.8490239788448504,0.1347110445008251,0.025452347614835048,0.026430503570171345,0.02700999409938898,0.026522538450384627
0.0,43,scalar_normalized,0,0.12079870700836182,2048,0.028908369092917698,1.981066342247934,0.035642656333633976,0.8110610169545217,0.9795329977992986,0.02692824487928356,0.02908177471351287,0.02908576714199455,0.02902999103403273
0.0,43,scalar_normalized,1,0.17627345025539398,2048,0.055614336807951505,1.7898348184248156,0.07023879241121182,0.7917894784175432,0.9565703053784453,0.05259098262958155,0.05538263333700062,0.0560587496221578,0.05602700244617928
0.0,43,scalar_normalized,2,0.25722402334213257,2048,0.10283481675809975,1.5542365747655893,0.13108431723668082,0.7844936673273062,0.9139281315702452,0.09717507176095677,0.1021854391705036,0.1039361907659723,0.10297282232694266
0.0,43,scalar_normalized,3,0.37534967064857483,2048,0.16807297338270366,1.1929597884644638,0.21350734124694315,0.787199973551776,0.8314117044602534,0.1546140739202535,0.16848830951465685,0.17022264303717005,0.16669079015483051
0.0,43,scalar_normalized,4,0.547722578048706,2048,0.22608099911912843,0.7536032738659951,0.28824046229989636,0.7843485862991197,0.7063819758849659,0.21006587923589662,0.22439410328366108,0.22963945924861567,0.22453414227258073
0.0,43,scalar_normalized,5,0.7992547750473022,2048,0.24387318572764308,0.381762769278856,0.30943592454634755,0.7881217608626938,0.5490053514659693,0.22674929297942117,0.24449103085285537,0.24606617311848555,0.24400344911087318
0.0,43,scalar_normalized,6,1.166298747062683,2048,0.20042267278327394,0.14734222755257909,0.25140680472756216,0.7972046460733736,0.3724278893364473,0.18758978815765673,0.1990094028081626,0.20311717466501047,0.19988530375558783
0.0,43,scalar_normalized,7,1.7019013166427612,2048,0.10874768834392717,0.03754492882544308,0.13261830388966933,0.8200051211211303,0.23259834775890187,0.10434091679284045,0.10863391740229865,0.10931130151990824,0.10926894888149771
0.0,43,scalar_normalized,8,2.4834699630737305,2048,0.02657795173805524,0.004309269793292773,0.03141829035397844,0.8459388285807768,0.13511096733685665,0.025364784793594868,0.02657685175425052,0.0269376798424354,0.025894916061861055
0.0,43,fourier_normalized,0,0.12079870700836182,2048,0.02890837254018989,1.9810665784866126,0.035642656333633976,0.8110611136721222,0.9795329929144874,0.026928257128079613,0.02908177565187584,0.029085769959125707,0.02902999643238532
0.0,43,fourier_normalized,1,0.17627345025539398,2048,0.055614337859895176,1.7898348522794927,0.07023879241121182,0.7917894933942198,0.9565703092348226,0.05259098756534371,0.05538263184727413,0.056058750169125385,0.056027007766658206
0.0,43,fourier_normalized,2,0.25722402334213257,2048,0.10283481245331061,1.5542365097033766,0.13108431723668082,0.7844936344874575,0.9139281369229912,0.09717505186277378,0.10218543590125925,0.10393618751394076,0.10297282086709726
0.0,43,fourier_normalized,3,0.37534967064857483,2048,0.16807298035812873,1.1929598379751107,0.21350734124694315,0.7872000062224328,0.8314117107379968,0.1546140910294615,0.1684883149838431,0.170222647366703,0.16669080417372684
0.0,43,fourier_normalized,4,0.547722578048706,2048,0.2260810020962899,0.7536032837898659,0.28824046229989636,0.784348596627862,0.7063819816328905,0.21006588862587586,0.2243941021142059,0.22963946734865695,0.22453412970572714
0.0,43,fourier_normalized,5,0.7992547750473022,2048,0.24387318773103148,0.38176277241499046,0.30943592454634755,0.7881217673370177,0.5490053466220004,0.22674928747289802,0.24449103711155276,0.24606617709446893,0.244003440269415
0.0,43,fourier_normalized,6,1.166298747062683,2048,0.20042268252198858,0.14734223471206803,0.25140680472756216,0.7972046848102513,0.37242790341102167,0.18758981117446138,0.19900940872827805,0.20311718619340066,0.19988530614521022
0.0,43,fourier_normalized,7,1.7019013166427612,2048,0.10874769257138796,0.03754493028496573,0.13261830388966933,0.8200051529980332,0.232598355602671,0.10434093481504529,0.10863392379734173,0.10931130139536946,0.10926895803261924
0.0,43,fourier_normalized,8,2.4834699630737305,2048,0.026577951535679177,0.004309269760480122,0.03141829035397844,0.8459388221394313,0.13511096468185352,0.025364786456153678,0.026576849892865146,0.0269376790150879,0.025894920133763138
0.0,43,scalar_gate_s1p5_p4,0,0.12079870700836182,2048,0.004912446491809795,0.3366458471502827,0.035642656333633976,0.13782492656626702,0.9561760022226246,0.004807795052436167,0.004830660272222188,0.0049930258211280274,0.004811573104415341
0.0,43,scalar_gate_s1p5_p4,1,0.17627345025539398,2048,0.008015830287427977,0.2579732667956856,0.07023879241121182,0.11412255268426931,0.9096393710964056,0.00811371626790554,0.007985953668340132,0.008062644962404567,0.007837707737851717
0.0,43,scalar_gate_s1p5_p4,2,0.25722402334213257,2048,0.015185582977364824,0.22951359487592163,0.13108431723668082,0.1158459173262223,0.8241539196740879,0.01517203880381307,0.015277605861429627,0.015189985310932146,0.015012880241968498
0.0,43,scalar_gate_s1p5_p4,3,0.37534967064857483,2048,0.027420605114736422,0.19462783705717382,0.21350734124694315,0.1284293315376996,0.6901232375928956,0.02705145237817535,0.027644808298652436,0.027436030475122587,0.027168832946627468
0.0,43,scalar_gate_s1p5_p4,4,0.547722578048706,2048,0.04383721668339771,0.14612404464991774,0.28824046229989636,0.15208557581963564,0.5242950923242972,0.04192282280177153,0.04349739455182807,0.04446554932688882,0.04313119597612525
0.0,43,scalar_gate_s1p5_p4,5,0.7992547750473022,2048,0.064865646597373,0.1015416631483721,0.30943592454634755,0.20962545539103158,0.3679981850842009,0.06476519368010639,0.0647976321021243,0.06480183225589851,0.06528344483297786
0.0,43,scalar_gate_s1p5_p4,6,1.166298747062683,2048,0.09043396448061039,0.06648320565703958,0.25140680472756216,0.3597116815458096,0.2629767375508817,0.09082943792127463,0.09050271284272252,0.09046107487089611,0.08998962067318504
0.0,43,scalar_gate_s1p5_p4,7,1.7019013166427612,2048,0.07607404284785234,0.02626441598605091,0.13261830388966933,0.573631547204385,0.19963454753902563,0.07634292058515715,0.07524174628805524,0.07634080757690843,0.07639652679033254
0.0,43,scalar_gate_s1p5_p4,8,2.4834699630737305,2048,0.023558839562584782,0.003819759953387056,0.03141829035397844,0.7498447336616956,0.13146109873500136,0.023217128095780724,0.023570385616697546,0.023723007828549067,0.023107961720965964
0.0,43,fourier_gate_s1p5_p4,0,0.12079870700836182,2048,0.004912446092356261,0.3366458197760662,0.035642656333633976,0.1378249153590907,0.9561760017659335,0.004807797030431568,0.004830659928354498,0.004993025382350444,0.00481157143389509
0.0,43,fourier_gate_s1p5_p4,1,0.17627345025539398,2048,0.008015830675778431,0.25797327929395863,0.07023879241121182,0.11412255821327175,0.9096393636852853,0.00811371703291401,0.00798595526488918,0.008062645779086813,0.007837704150896789
0.0,43,fourier_gate_s1p5_p4,2,0.25722402334213257,2048,0.01518558391386791,0.2295136090301487,0.13108431723668082,0.11584592447050246,0.8241539198709587,0.015172041232307434,0.015277608696529603,0.015189985599961375,0.015012879420316531
0.0,43,fourier_gate_s1p5_p4,3,0.37534967064857483,2048,0.027420606943683916,0.1946278500388018,0.21350734124694315,0.12842934010390383,0.6901232395726702,0.027051455279124947,0.02764480761699134,0.027436034515257637,0.027168830289947234
0.0,43,fourier_gate_s1p5_p4,4,0.547722578048706,2048,0.043837218789713736,0.14612405167097062,0.28824046229989636,0.15208558312713163,0.5242950954131103,0.041922821738709405,0.043497397498432455,0.04446555333928356,0.04313119114861906
0.0,43,fourier_gate_s1p5_p4,5,0.7992547750473022,2048,0.06486564949114074,0.10154166767831983,0.30943592454634755,0.20962546474278268,0.3679981792622202,0.06476520374761445,0.06479763799582716,0.06480183408670527,0.0652834424237468
0.0,43,fourier_gate_s1p5_p4,6,1.166298747062683,2048,0.09043395821914103,0.06648320105387354,0.25140680472756216,0.3597116566400822,0.26297673601009053,0.09082943281706016,0.09050270669975102,0.09046107332998486,0.08998959572491368
0.0,43,fourier_gate_s1p5_p4,7,1.7019013166427612,2048,0.07607404143593877,0.026264415498590484,0.13261830388966933,0.5736315365579394,0.19963454991436952,0.07634292057865912,0.07524174231015676,0.07634080657746734,0.07639652760115426
0.0,43,fourier_gate_s1p5_p4,8,2.4834699630737305,2048,0.023558838908059748,0.00381975984726432,0.03141829035397844,0.7498447128290842,0.13146109621779792,0.02321712838600694,0.02357038638214312,0.023723006424783824,0.023107960847649933
0.0,43,scalar_gate_s1p5_p4_plateau_lo0p8_hi1,0,0.12079870700836182,2048,0.010614344938192813,0.7273921761022181,0.035642656333633976,0.2977989305521163,0.9614761114085487,0.010179222981995821,0.010563485886157234,0.010690083323096544,0.010660372663395855
0.0,43,scalar_gate_s1p5_p4_plateau_lo0p8_hi1,1,0.17627345025539398,2048,0.014525160089455848,0.4674628659346982,0.07023879241121182,0.2067968367738805,0.9161672860602258,0.014563193978757289,0.014240597795529388,0.01458584221255195,0.014780675097350156
0.0,43,scalar_gate_s1p5_p4_plateau_lo0p8_hi1,2,0.25722402334213257,2048,0.022944855975506294,0.3467865795273251,0.13108431723668082,0.1750389097581974,0.8307579170624938,0.022480848196649254,0.022602797077618437,0.02295759850375388,0.02376260434218105
0.0,43,scalar_gate_s1p5_p4_plateau_lo0p8_hi1,3,0.37534967064857483,2048,0.037314850805948416,0.26485588746434524,0.21350734124694315,0.17477080922847502,0.7005950984651272,0.03676993799179983,0.036887085747307945,0.037203538055821835,0.03879856619631439
0.0,43,scalar_gate_s1p5_p4_plateau_lo0p8_hi1,4,0.547722578048706,2048,0.05806412764915908,0.1935470776450451,0.28824046229989636,0.20144336151094203,0.5381605881437602,0.05774985004430209,0.05701840598996947,0.0583035869850318,0.05919316288823099
0.0,43,scalar_gate_s1p5_p4_plateau_lo0p8_hi1,5,0.7992547750473022,2048,0.09245978822455285,0.14473794933306952,0.30943592454634755,0.2988010792867851,0.39589625113412663,0.0960397613644722,0.09109892316553006,0.09213197718586172,0.09412862717569355
0.0,43,scalar_gate_s1p5_p4_plateau_lo0p8_hi1,6,1.166298747062683,2048,0.1837109180363631,0.13505645600524085,0.25140680472756216,0.7307316849893625,0.3558550402927314,0.18587177645063852,0.18248536717191238,0.1830459886516311,0.18720115368533252
0.0,43,scalar_gate_s1p5_p4_plateau_lo0p8_hi1,7,1.7019013166427612,2048,0.11022567311393475,0.03805520020536912,0.13261830388966933,0.8311497725505226,0.23343755105123565,0.11254253709554365,0.10975216581506451,0.10980677430022094,0.11136282384061803
0.0,43,scalar_gate_s1p5_p4_plateau_lo0p8_hi1,8,2.4834699630737305,2048,0.027874412737883034,0.004519474111511196,0.03141829035397844,0.8872033590571662,0.1363060908748423,0.02808682491706769,0.02816320026740632,0.02789384656979224,0.027169589220859842
0.0,43,fourier_gate_s1p5_p4_plateau_lo0p8_hi1,0,0.12079870700836182,2048,0.01061434671141556,0.727392297619689,0.035642656333633976,0.297798980302133,0.9614761217685729,0.010179225995993446,0.010563485858907106,0.010690085923651504,0.010660373822662649
0.0,43,fourier_gate_s1p5_p4_plateau_lo0p8_hi1,1,0.17627345025539398,2048,0.014525162494129839,0.46746294332426147,0.07023879241121182,0.20679687100957717,0.9161672948332688,0.014563190957038619,0.014240599190927364,0.014585845882260128,0.014780677531937177
0.0,43,fourier_gate_s1p5_p4_plateau_lo0p8_hi1,2,0.25722402334213257,2048,0.02294485468749518,0.34678656006043596,0.13108431723668082,0.1750388999323758,0.8307579132755996,0.022480839744074672,0.02260279403135954,0.02295759907522245,0.02376260313555582
0.0,43,fourier_gate_s1p5_p4_plateau_lo0p8_hi1,3,0.37534967064857483,2048,0.037314849547797284,0.2648558785341545,0.21350734124694315,0.1747708033356981,0.7005950880395592,0.03676994037971982,0.03688708167773539,0.03720353639327012,0.03879856943838629
0.0,43,fourier_gate_s1p5_p4_plateau_lo0p8_hi1,4,0.547722578048706,2048,0.05806411463415402,0.19354703426169817,0.28824046229989636,0.20144331635765247,0.5381605732017885,0.05774983196347301,0.05701838837880441,0.058303576900803046,0.05919314978670198
0.0,43,fourier_gate_s1p5_p4_plateau_lo0p8_hi1,5,0.7992547750473022,2048,0.09245976017804006,0.14473790542863468,0.30943592454634755,0.29880098864923926,0.39589622934631674,0.09603969988055269,0.09109890145663266,0.09213195010206467,0.09412860280171982
0.0,43,fourier_gate_s1p5_p4_plateau_lo0p8_hi1,6,1.166298747062683,2048,0.18371089667959345,0.13505644030465183,0.25140680472756216,0.7307316000403107,0.35585501814821263,0.18587173374407637,0.18248535032189106,0.18304597091287028,0.187201122509528
0.0,43,fourier_gate_s1p5_p4_plateau_lo0p8_hi1,7,1.7019013166427612,2048,0.11022566486311641,0.03805519735679007,0.13261830388966933,0.8311497103357446,0.23343754400038014,0.11254251988462191,0.10975215731496546,0.10980676640547289,0.11136281966564623
0.0,43,fourier_gate_s1p5_p4_plateau_lo0p8_hi1,8,2.4834699630737305,2048,0.027874413005596697,0.00451947415491749,0.03141829035397844,0.8872033675781157,0.1363060919532768,0.028086823025338555,0.02816320169218474,0.027893847000699818,0.027169588014749613
0.0,43,scalar_gate_s1p5_p4_cap_lo1_hi2_d0p5,0,0.12079870700836182,2048,0.0052415351132031225,0.3591980149797302,0.035642656333633976,0.1470579258779032,0.9565931410262711,0.005116084957335627,0.005186665402847911,0.0052647940691721755,0.005320908628989019
0.0,43,scalar_gate_s1p5_p4_cap_lo1_hi2_d0p5,1,0.17627345025539398,2048,0.008016419451962666,0.2579922278632536,0.07023879241121182,0.11413094070625066,0.9096063378356805,0.008070481868163254,0.008079096019597016,0.007984224766958847,0.007996584132737912
0.0,43,scalar_gate_s1p5_p4_cap_lo1_hi2_d0p5,2,0.25722402334213257,2048,0.01515554533506723,0.22905960853403448,0.13108431723668082,0.11561676983603583,0.8243419226774698,0.015129909064313402,0.015276664093699068,0.015068555230254192,0.01528309475498979
0.0,43,scalar_gate_s1p5_p4_cap_lo1_hi2_d0p5,3,0.37534967064857483,2048,0.026844637402751656,0.19053969423431102,0.21350734124694315,0.12573168325721915,0.6893245736957824,0.025998820455100706,0.02716441868064532,0.02683252934827515,0.026791777196546962
0.0,43,scalar_gate_s1p5_p4_cap_lo1_hi2_d0p5,4,0.547722578048706,2048,0.04340505636119497,0.14468351035063606,0.28824046229989636,0.1505862709727224,0.5237407384466213,0.04133313788180256,0.04319517304999759,0.0438427060372442,0.0432759048490223
0.0,43,scalar_gate_s1p5_p4_cap_lo1_hi2_d0p5,5,0.7992547750473022,2048,0.06517298666667806,0.10202277793603592,0.30943592454634755,0.21061868224326488,0.3680579242212908,0.064698747652789,0.06524186719266967,0.0650391369140036,0.06581965313829041
0.0,43,scalar_gate_s1p5_p4_cap_lo1_hi2_d0p5,6,1.166298747062683,2048,0.09628629126497863,0.0707855874824076,0.25140680472756216,0.38298999650912235,0.2691922152358211,0.09619007708568647,0.09608636385981638,0.0963320942795757,0.0965221364741738
0.0,43,scalar_gate_s1p5_p4_cap_lo1_hi2_d0p5,7,1.7019013166427612,2048,0.08357778006355776,0.028855066729793558,0.13261830388966933,0.6302130068945052,0.20702623037651996,0.08413163216516088,0.08276113750905051,0.08372959386699429,0.08414837462436428
0.0,43,scalar_gate_s1p5_p4_cap_lo1_hi2_d0p5,8,2.4834699630737305,2048,0.02399071773245387,0.0038897833912404207,0.03141829035397844,0.7635908084800028,0.13195221981858468,0.023828770896783,0.02404844698973061,0.02411987417649625,0.023490134061841146
0.0,43,fourier_gate_s1p5_p4_cap_lo1_hi2_d0p5,0,0.12079870700836182,2048,0.005241536782580554,0.35919812938076856,0.035642656333633976,0.14705797271440765,0.9565931406176418,0.00511608475009464,0.005186666738039583,0.005264796155538827,0.00532091035974765
0.0,43,fourier_gate_s1p5_p4_cap_lo1_hi2_d0p5,1,0.17627345025539398,2048,0.008016420207170848,0.2579922521680998,0.07023879241121182,0.11413095145826044,0.909606341166726,0.008070483562738134,0.008079096215262779,0.007984225576541458,0.007996585155403293
0.0,43,fourier_gate_s1p5_p4_cap_lo1_hi2_d0p5,2,0.25722402334213257,2048,0.015155546146702278,0.22905962080101677,0.13108431723668082,0.11561677602773797,0.8243419228504212,0.015129907989258753,0.015276665840385083,0.0150685557894948,0.015283095905963067
0.0,43,fourier_gate_s1p5_p4_cap_lo1_hi2_d0p5,3,0.37534967064857483,2048,0.026844639503764686,0.19053970914702428,0.21350734124694315,0.12573169309769122,0.6893245769247967,0.02599882177699108,0.027164421035736314,0.026832531865916328,0.026791777704783123
0.0,43,fourier_gate_s1p5_p4_cap_lo1_hi2_d0p5,4,0.547722578048706,2048,0.04340505966884138,0.14468352137612328,0.28824046229989636,0.1505862824480246,0.5237407435831072,0.041333144476890904,0.043195179109728726,0.043842707251686056,0.043275909345378685
0.0,43,fourier_gate_s1p5_p4_cap_lo1_hi2_d0p5,5,0.7992547750473022,2048,0.06517299262695571,0.1020227872663446,0.30943592454634755,0.2106187015050156,0.36805792678699356,0.06469876012592621,0.06524187506932387,0.06503914308022836,0.06581965129539868
0.0,43,fourier_gate_s1p5_p4_cap_lo1_hi2_d0p5,6,1.166298747062683,2048,0.0962862928883381,0.07078558867583246,0.25140680472756216,0.38299000296622465,0.2691922152582622,0.09619007721655191,0.09608636535894248,0.09633209660550587,0.09652213649339997
0.0,43,fourier_gate_s1p5_p4_cap_lo1_hi2_d0p5,7,1.7019013166427612,2048,0.0835777788961174,0.028855066326737032,0.13261830388966933,0.6302129980914943,0.20702622839408752,0.08413163252878025,0.08276113487751499,0.08372959267249845,0.08414837531138064
0.0,43,fourier_gate_s1p5_p4_cap_lo1_hi2_d0p5,8,2.4834699630737305,2048,0.0239907178583677,0.0038897834116557134,0.03141829035397844,0.763590812487663,0.13195221925445413,0.023828770543649718,0.024048446519001922,0.02411987485205477,0.02349013343815462
0.0,43,scalar_gate_s1p5_p4_linear_sigma,0,0.12079870700836182,2048,0.005151413537388972,0.35302205880655757,0.035642656333633976,0.1445294505877743,0.9563205937971002,0.005169809916294499,0.00509299801216653,0.005138660408901839,0.0052932216348994185
0.0,43,scalar_gate_s1p5_p4_linear_sigma,1,0.17627345025539398,2048,0.008782221825433584,0.28263802660403164,0.07023879241121182,0.1250337815322652,0.9102461869521732,0.008747384758243496,0.008788420963808337,0.008803051761791131,0.008711864190522233
0.0,43,scalar_gate_s1p5_p4_linear_sigma,2,0.25722402334213257,2048,0.01573050790413881,0.23774954334545476,0.13108431723668082,0.1200029739311714,0.8246725175708556,0.015797891524304546,0.01572186774265696,0.015758898821399595,0.015601178270362635
0.0,43,scalar_gate_s1p5_p4_linear_sigma,3,0.37534967064857483,2048,0.02812489339423496,0.199626782336826,0.21350734124694315,0.13172799225533718,0.6904276494780293,0.027660500115378316,0.028211785040520635,0.028174332979579803,0.02804164385556693
0.0,43,scalar_gate_s1p5_p4_linear_sigma,4,0.547722578048706,2048,0.04436610796044505,0.14788701544116067,0.28824046229989636,0.15392047183953259,0.5243664267260141,0.04244701682363302,0.04393911529849362,0.044920313004049535,0.044097704270748446
0.0,43,scalar_gate_s1p5_p4_linear_sigma,5,0.7992547750473022,2048,0.06608052202255621,0.10344344749281714,0.30943592454634755,0.21355155229449974,0.36951185450475926,0.06567136558624367,0.06596915953116303,0.06610486643244029,0.06641384114564464
0.0,43,scalar_gate_s1p5_p4_linear_sigma,6,1.166298747062683,2048,0.09435195051339415,0.06936354240524019,0.25140680472756216,0.37529592970102366,0.26722348548681224,0.0941485733373435,0.09382127734262748,0.09462807097970054,0.09436523504207235
0.0,43,scalar_gate_s1p5_p4_linear_sigma,7,1.7019013166427612,2048,0.07844113078158896,0.027081648511625506,0.13261830388966933,0.5914804252574922,0.2021400760722585,0.0781460145369359,0.07778134713372899,0.07886870680274749,0.07816274576710405
0.0,43,scalar_gate_s1p5_p4_linear_sigma,8,2.4834699630737305,2048,0.027906981995966307,0.0045247547938388425,0.03141829035397844,0.8882399927414414,0.13609538313221436,0.027778685788503576,0.02821681835431635,0.02801892053136632,0.02700455856264548
0.0,43,fourier_gate_s1p5_p4_linear_sigma,0,0.12079870700836182,2048,0.005151412912856226,0.35302201600785105,0.035642656333633976,0.14452943306571475,0.9563205948627547,0.00516980929670996,0.005092995802700113,0.005138660031422818,0.005293222891963458
0.0,43,fourier_gate_s1p5_p4_linear_sigma,1,0.17627345025539398,2048,0.008782221720700081,0.2826380232333959,0.07023879241121182,0.12503378004115892,0.9102461863043889,0.008747386591819261,0.008788419651729721,0.008803051808710098,0.008711864582432218
0.0,43,fourier_gate_s1p5_p4_linear_sigma,2,0.25722402334213257,2048,0.0157305083625985,0.23774955027457506,0.13108431723668082,0.12000297742861259,0.8246725174490819,0.015797895660348744,0.01572186783369668,0.015758898878959277,0.015601178853422017
0.0,43,fourier_gate_s1p5_p4_linear_sigma,3,0.37534967064857483,2048,0.028124895366249184,0.19962679633392277,0.21350734124694315,0.13172800149162017,0.6904276558946645,0.027660505849259626,0.028211785759845693,0.02817433504441815,0.02804164561398908
0.0,43,fourier_gate_s1p5_p4_linear_sigma,4,0.547722578048706,2048,0.04436610999304812,0.1478870222165037,0.28824046229989636,0.15392047889129434,0.5243664364106149,0.04244702935217955,0.04393911656655471,0.044920314484905216,0.044097703915836554
0.0,43,fourier_gate_s1p5_p4_linear_sigma,5,0.7992547750473022,2048,0.06608052479956161,0.10344345183998335,0.30943592454634755,0.2135515612689115,0.3695118601040995,0.06567138702648677,0.06596916163366823,0.06610486886863096,0.06641383604081835
0.0,43,fourier_gate_s1p5_p4_linear_sigma,6,1.166298747062683,2048,0.09435194720807252,0.06936353997530827,0.25140680472756216,0.3752959165537199,0.2672234801364262,0.09414858075320665,0.0938212767792605,0.0946280645824581,0.09436523258654053
0.0,43,fourier_gate_s1p5_p4_linear_sigma,7,1.7019013166427612,2048,0.07844112894378126,0.02708164787712596,0.13261830388966933,0.5914804113996186,0.20214007100119427,0.07814600466903726,0.07778134586142671,0.07886870528566002,0.07816274617350515
0.0,43,fourier_gate_s1p5_p4_linear_sigma,8,2.4834699630737305,2048,0.027906981210064352,0.004524754666415044,0.03141829035397844,0.8882399677272874,0.13609538252616032,0.02777868641666314,0.028216817818868107,0.02801891929091425,0.027004558263092043
0.0,43,scalar_gate_s1p5_p4_tanh_sigma,0,0.12079870700836182,2048,0.004996266990808937,0.3423899958023181,0.035642656333633976,0.14017661714214716,0.9561567786263911,0.004836178918610007,0.004908526655579083,0.00503486457460774,0.005095374532532609
0.0,43,scalar_gate_s1p5_p4_tanh_sigma,1,0.17627345025539398,2048,0.008136918246898696,0.2618702375840115,0.07023879241121182,0.11584649974135725,0.9095074378364366,0.008220128462334499,0.008081879937582586,0.008182654940772593,0.00801575316691718
0.0,43,scalar_gate_s1p5_p4_tanh_sigma,2,0.25722402334213257,2048,0.015036188788656002,0.22725566395846905,0.13108431723668082,0.11470623721911169,0.8236877680103498,0.014881596408010775,0.015096217117701814,0.015020115756239391,0.015076076759840216
0.0,43,scalar_gate_s1p5_p4_tanh_sigma,3,0.37534967064857483,2048,0.027599985052334984,0.1959010521857304,0.21350734124694315,0.12926948971001784,0.6900877268209386,0.026925220194953702,0.027914944056736515,0.027612541499563232,0.027367491831304065
0.0,43,scalar_gate_s1p5_p4_tanh_sigma,4,0.547722578048706,2048,0.04465379614837605,0.14884597599566146,0.28824046229989636,0.15491855581995473,0.5250263046642257,0.04224875324774936,0.044490226003395666,0.04518115903248545,0.044288462677609414
0.0,43,scalar_gate_s1p5_p4_tanh_sigma,5,0.7992547750473022,2048,0.06704553538040903,0.1049540939822447,0.30943592454634755,0.21667017324734347,0.3703600280785934,0.06692527796792337,0.06721714042380518,0.06685446573565765,0.06752908807925756
0.0,43,scalar_gate_s1p5_p4_tanh_sigma,6,1.166298747062683,2048,0.09149656354189403,0.06726438330780424,0.25140680472756216,0.36393829371899694,0.264193071339284,0.09083966809553348,0.09139267638805877,0.09169479224677865,0.09129732973379301
0.0,43,scalar_gate_s1p5_p4_tanh_sigma,7,1.7019013166427612,2048,0.07659695222716713,0.026444949436715538,0.13261830388966933,0.5775745125717435,0.2000320319402641,0.07640484355358115,0.07583313086475027,0.07693827261378827,0.07677215134066505
0.0,43,scalar_gate_s1p5_p4_tanh_sigma,8,2.4834699630737305,2048,0.02454965644273996,0.003980408046002252,0.03141829035397844,0.7813810416209132,0.13264822338182605,0.02409636285409941,0.024757824149142522,0.02467732456939052,0.0239491084799225
0.0,43,fourier_gate_s1p5_p4_tanh_sigma,0,0.12079870700836182,2048,0.004996269418776705,0.34239016218891744,0.035642656333633976,0.14017668526186713,0.956156785610544,0.004836184524131036,0.0049085264880239475,0.00503486819834158,0.005095375292117463
0.0,43,fourier_gate_s1p5_p4_tanh_sigma,1,0.17627345025539398,2048,0.00813691988470619,0.2618702902935294,0.07023879241121182,0.115846523059063,0.9095074389783361,0.008220133769594493,0.008081882290405252,0.00818265725574381,0.008015748936827794
0.0,43,fourier_gate_s1p5_p4_tanh_sigma,2,0.25722402334213257,2048,0.015036189535698605,0.2272556752492067,0.13108431723668082,0.1147062429180589,0.8236877646343819,0.014881600905545685,0.015096216954430926,0.01502011834069014,0.015076070100291423
0.0,43,fourier_gate_s1p5_p4_tanh_sigma,3,0.37534967064857483,2048,0.027599986891447333,0.19590106523950718,0.21350734124694315,0.129269498323831,0.6900877285819058,0.02692522146829781,0.027914943921018745,0.027612544290712946,0.02736749389895557
0.0,43,fourier_gate_s1p5_p4_tanh_sigma,4,0.547722578048706,2048,0.04465379937719602,0.1488459867583939,0.28824046229989636,0.15491856702178233,0.5250262953552077,0.042248765554091475,0.044490223802164816,0.04518116314106148,0.044288467193262356
0.0,43,fourier_gate_s1p5_p4_tanh_sigma,5,0.7992547750473022,2048,0.06704554422292926,0.10495410782445945,0.30943592454634755,0.21667020182359958,0.370360043258108,0.06692530546707927,0.06721715086971707,0.06685447367297521,0.06752908712616074
0.0,43,fourier_gate_s1p5_p4_tanh_sigma,6,1.166298747062683,2048,0.0914965756092681,0.06726439217922457,0.25140680472756216,0.3639383417183902,0.2641930815415502,0.09083968367226959,0.09139269774662656,0.09169480122472413,0.09129733500501845
0.0,43,fourier_gate_s1p5_p4_tanh_sigma,7,1.7019013166427612,2048,0.076596958607832,0.026444951639627727,0.13261830388966933,0.5775745606847467,0.20003203064823863,0.07640484934709572,0.07583313685940421,0.0769382776855766,0.07677216367841085
0.0,43,fourier_gate_s1p5_p4_tanh_sigma,8,2.4834699630737305,2048,0.024549656818868587,0.003980408106986625,0.03141829035397844,0.7813810535925584,0.13264822082900052,0.024096361283892757,0.02475782541691854,0.024677325462892193,0.02394910639767719
0.0,44,scalar_gate_loglinear_lo0p1_hi3,0,0.12079870700836182,2048,0.013494726083353215,0.9247822855608943,0.035642656333633976,0.3786116825029957,0.9645587490784607,0.01374401686674125,0.013363073585682849,0.013548744031314008,0.01338621228503308
0.0,44,scalar_gate_loglinear_lo0p1_hi3,1,0.17627345025539398,2048,0.018647071053227705,0.6001182239745166,0.07023879241121182,0.26548108834301626,0.9193055287257097,0.018993917206206662,0.018851106881140715,0.01866546199738028,0.018022171485150992
0.0,44,scalar_gate_loglinear_lo0p1_hi3,2,0.25722402334213257,2048,0.026206793347342695,0.3960872203776775,0.13108431723668082,0.19992317845333638,0.8345126654250057,0.026711955558939487,0.026737521797716365,0.026228752163935467,0.024899674899774186
0.0,44,scalar_gate_loglinear_lo0p1_hi3,3,0.37534967064857483,2048,0.041263054710517166,0.2928797178281009,0.21350734124694315,0.19326293170777772,0.7049834868806921,0.041370427381212924,0.04188763352734166,0.04191547978205786,0.037628323948844446
0.0,44,scalar_gate_loglinear_lo0p1_hi3,4,0.547722578048706,2048,0.06663534858923088,0.22211781196873456,0.28824046229989636,0.23117971730110856,0.546719171391254,0.06601661352124985,0.06746326638159528,0.06750517034629784,0.06222124313609735
0.0,44,scalar_gate_loglinear_lo0p1_hi3,5,0.7992547750473022,2048,0.09910338360476025,0.15513793391008937,0.30943592454634755,0.32027109893607864,0.4025045218864777,0.09851494402386896,0.09961338087410772,0.09999421758439482,0.09515825985890719
0.0,44,scalar_gate_loglinear_lo0p1_hi3,6,1.166298747062683,2048,0.12056313680880194,0.08863289213463527,0.25140680472756216,0.47955399194325943,0.29273125665187627,0.12019925190360843,0.12028370216027005,0.12134131116987566,0.11832229798946553
0.0,44,scalar_gate_loglinear_lo0p1_hi3,7,1.7019013166427612,2048,0.08556989136686158,0.029542839299803128,0.13261830388966933,0.6452343971918892,0.2087653009622683,0.08716264008557949,0.0851856270488692,0.08557863838194588,0.08533512325368625
0.0,44,scalar_gate_loglinear_lo0p1_hi3,8,2.4834699630737305,2048,0.024834571437595647,0.004026603313157839,0.03141829035397844,0.7904494852454915,0.13261128882508083,0.024454146991742524,0.024999163476752406,0.024960580551232455,0.024277275853051856
0.0,44,fourier_gate_loglinear_lo0p1_hi3,0,0.12079870700836182,2048,0.013494737425148727,0.9247830628046494,0.035642656333633976,0.37861200071147616,0.9645587694544705,0.01374401768513571,0.01336308706498962,0.013548756796565531,0.013386220295642008
0.0,44,fourier_gate_loglinear_lo0p1_hi3,1,0.17627345025539398,2048,0.018647102951046664,0.6001192505412309,0.07023879241121182,0.265481542476948,0.9193055473960056,0.01899391892583133,0.018851133501339403,0.018665501705241002,0.018022200026467254
0.0,44,fourier_gate_loglinear_lo0p1_hi3,2,0.25722402334213257,2048,0.02620685127641329,0.3960880959126675,0.13108431723668082,0.19992362037554198,0.8345127232330735,0.026711978837609545,0.02673758028336476,0.02622881486478489,0.024899733062875636
0.0,44,fourier_gate_loglinear_lo0p1_hi3,3,0.37534967064857483,2048,0.041263159406596056,0.29288046094705456,0.21350734124694315,0.1932634220706771,0.7049836202568618,0.0413704926750821,0.04188773654098,0.04191559144872661,0.03762842719270581
0.0,44,fourier_gate_loglinear_lo0p1_hi3,4,0.547722578048706,2048,0.06663545701981613,0.2221181734039916,0.28824046229989636,0.23118009348210822,0.5467192838225412,0.06601665644548135,0.06746338007572512,0.06750528734737425,0.062221346224277635
0.0,44,fourier_gate_loglinear_lo0p1_hi3,5,0.7992547750473022,2048,0.09910346641372085,0.15513806354048737,0.30943592454634755,0.32027136654870547,0.402504609849895,0.09851497255057036,0.09961346378101846,0.09999430415758512,0.09515835843012159
0.0,44,fourier_gate_loglinear_lo0p1_hi3,6,1.166298747062683,2048,0.1205631783933413,0.08863292270582053,0.25140680472756216,0.47955415735063334,0.2927312943431594,0.1201992621171839,0.12028374526504376,0.12134135217873225,0.11832235647448083
0.0,44,fourier_gate_loglinear_lo0p1_hi3,7,1.7019013166427612,2048,0.08556988867579308,0.02954283837071694,0.13261830388966933,0.6452343769000561,0.2087653046200166,0.08716261430447378,0.08518563979310566,0.08557863387786578,0.0853351127990291
0.0,44,fourier_gate_loglinear_lo0p1_hi3,8,2.4834699630737305,2048,0.024834566961451712,0.004026602587409217,0.03141829035397844,0.7904493427761247,0.1326112855173948,0.024454148233771338,0.024999160073631073,0.024960575508506146,0.02427726843297189
0.0,44,scalar_gate_logsigmoid_lo0p1_hi1p5_s0p75_p2,0,0.12079870700836182,2048,0.01567825192395665,1.0744174841549186,0.035642656333633976,0.43987327367522727,0.9674990197835153,0.01612843192585491,0.015501824701567229,0.015507034901024045,0.016388620182673126
0.0,44,scalar_gate_logsigmoid_lo0p1_hi1p5_s0p75_p2,1,0.17627345025539398,2048,0.0235291977920868,0.7572395873982635,0.07023879241121182,0.3349886435167551,0.924528802430055,0.02389234584966837,0.023341668553264486,0.02333987930749079,0.024376037348699392
0.0,44,scalar_gate_logsigmoid_lo0p1_hi1p5_s0p75_p2,2,0.25722402334213257,2048,0.036851289584253905,0.5569672208767206,0.13108431723668082,0.2811266088964451,0.8450177202863208,0.038024736945916446,0.03632948534018718,0.036370895707178726,0.038941847686177374
0.0,44,scalar_gate_logsigmoid_lo0p1_hi1p5_s0p75_p2,3,0.37534967064857483,2048,0.05795615905797323,0.4113651698930893,0.21350734124694315,0.2714480856699957,0.721863654029944,0.05814137509675812,0.057292143356136666,0.0578459922940666,0.05944991917000502
0.0,44,scalar_gate_logsigmoid_lo0p1_hi1p5_s0p75_p2,4,0.547722578048706,2048,0.08531615921627175,0.2843871760544383,0.28824046229989636,0.2959895308782345,0.5650171468634803,0.08988146857387203,0.08352665265497454,0.08506495750053862,0.08691020549712519
0.0,44,scalar_gate_logsigmoid_lo0p1_hi1p5_s0p75_p2,5,0.7992547750473022,2048,0.12158187058959333,0.19032609703234563,0.30943592454634755,0.3929145291318064,0.4242091499523079,0.12123857302394574,0.12110160547199697,0.12160135874880898,0.12255277417808744
0.0,44,scalar_gate_logsigmoid_lo0p1_hi1p5_s0p75_p2,6,1.166298747062683,2048,0.16221948395392544,0.11925686743059906,0.25140680472756216,0.6452469897531816,0.3338513833290785,0.16313295857792406,0.16060597116443914,0.1627010422371259,0.16276124505203338
0.0,44,scalar_gate_logsigmoid_lo0p1_hi1p5_s0p75_p2,7,1.7019013166427612,2048,0.10467398711385945,0.03613849136393769,0.13261830388966933,0.7892876325800553,0.2281366401572376,0.10581744967718856,0.1034356732826382,0.1051773183165441,0.10433870351292811
0.0,44,scalar_gate_logsigmoid_lo0p1_hi1p5_s0p75_p2,8,2.4834699630737305,2048,0.027074813681988504,0.004389829506378662,0.03141829035397844,0.8617532455441221,0.1349640732028764,0.026654819255124897,0.027353031822491422,0.027218416014271943,0.02627103619183677
0.0,44,fourier_gate_logsigmoid_lo0p1_hi1p5_s0p75_p2,0,0.12079870700836182,2048,0.015678264645031786,1.074418355919552,0.035642656333633976,0.43987363058114964,0.9674990199328407,0.016128460757522226,0.015501836127676066,0.015507036502450033,0.016388668263145015
0.0,44,fourier_gate_logsigmoid_lo0p1_hi1p5_s0p75_p2,1,0.17627345025539398,2048,0.02352921608054249,0.7572401759751781,0.07023879241121182,0.3349889038921839,0.9245288179992115,0.023892413437677548,0.023341673178458193,0.02333988349074933,0.024376105825058156
0.0,44,fourier_gate_logsigmoid_lo0p1_hi1p5_s0p75_p2,2,0.25722402334213257,2048,0.03685131475496158,0.5569676013046312,0.13108431723668082,0.28112680091565995,0.8450177505640253,0.038024850380817994,0.03632949575972613,0.0363709000973421,0.03894192854980021
0.0,44,fourier_gate_logsigmoid_lo0p1_hi1p5_s0p75_p2,3,0.37534967064857483,2048,0.05795620564018935,0.411365500527513,0.21350734124694315,0.27144830384617574,0.7218636910873069,0.05814154471453037,0.05729216612961105,0.05784600675703894,0.05945006106515181
0.0,44,fourier_gate_logsigmoid_lo0p1_hi1p5_s0p75_p2,4,0.547722578048706,2048,0.08531621226728836,0.284387352891147,0.28824046229989636,0.2959897149294818,0.5650171924299714,0.08988176646127796,0.08352667980341091,0.08506496793409463,0.08691032957625269
0.0,44,fourier_gate_logsigmoid_lo0p1_hi1p5_s0p75_p2,5,0.7992547750473022,2048,0.1215819037735548,0.19032614897902025,0.30943592454634755,0.39291463637197743,0.4242092028412139,0.1212387894409223,0.12110163918022518,0.12160135095644338,0.12255285943335768
0.0,44,fourier_gate_logsigmoid_lo0p1_hi1p5_s0p75_p2,6,1.166298747062683,2048,0.16221947724915875,0.11925686250153966,0.25140680472756216,0.6452469630841872,0.3338513700378875,0.16313306503858524,0.16060598145611665,0.16270100122141026,0.1627612748808244
0.0,44,fourier_gate_logsigmoid_lo0p1_hi1p5_s0p75_p2,7,1.7019013166427612,2048,0.1046739665862169,0.036138484276808845,0.13261830388966933,0.7892874777926546,0.22813661796726292,0.10581748256838361,0.10343564591861251,0.1051772870477431,0.10433870603943311
0.0,44,fourier_gate_logsigmoid_lo0p1_hi1p5_s0p75_p2,8,2.4834699630737305,2048,0.027074811364493908,0.004389829130627003,0.03141829035397844,0.8617531717815281,0.13496406189396276,0.02665482917652979,0.027353029143748153,0.0272184130431358,0.026271030186485984
0.0,44,score,0,0.12079870700836182,2048,0.0063628648627467215,0.4360418043419727,0.035642656333633976,0.17851825641688895,0.9571631439671615,0.006345448341171246,0.0064489509412371995,0.006287000824840292,0.0065060962672854284
0.0,44,score,1,0.17627345025539398,2048,0.01213608545188774,0.39057533628742075,0.07023879241121182,0.17278323039549476,0.9130932573181747,0.012610909146728622,0.012001363610587443,0.012070742667464269,0.012358650524887577
0.0,44,score,2,0.25722402334213257,2048,0.023900927813166342,0.36123656704167106,0.13108431723668082,0.18233247360942303,0.8326341948099178,0.024861796978936354,0.023794688170095307,0.023721229073346468,0.02423484399251773
0.0,44,score,3,0.37534967064857483,2048,0.04198368459351273,0.29799465365316097,0.21350734124694315,0.19663813126197985,0.7050911849206033,0.04242666271970382,0.04181051211833375,0.04183106064918981,0.042622027157833586
0.0,44,score,4,0.547722578048706,2048,0.062009183291258665,0.20669726213225717,0.28824046229989636,0.2151300438407636,0.542283508070477,0.0617551925690626,0.06156276831413951,0.062170991262908704,0.06233264131445712
0.0,44,score,5,0.7992547750473022,2048,0.07523708377914619,0.11777726760034045,0.30943592454634755,0.24314269226964666,0.37889666848703907,0.07558044571856341,0.07471982506581326,0.07515084920105082,0.07629167326486652
0.0,44,score,6,1.166298747062683,2048,0.08391935948623469,0.06169394505010999,0.25140680472756216,0.3337990774640097,0.25610564971872674,0.08337213674775881,0.08382125560728607,0.08402388400217636,0.08400290862107257
0.0,44,score,7,1.7019013166427612,2048,0.0797333510474503,0.027527785056203086,0.13261830388966933,0.6012243310982456,0.20385624551159967,0.08240104386862572,0.07864918992291617,0.07982421312764565,0.07983544028745343
0.0,44,score,8,2.4834699630737305,2048,0.09939731915082699,0.0161159847520395,0.03141829035397844,3.1636768911023987,0.20659267085516947,0.10467642081553837,0.09792442535525941,0.09939478673385166,0.09909252966001422
0.0,44,scalar_gaussian,0,0.12079870700836182,2048,0.02920801481118048,2.001600812564855,0.035642656333633976,0.8194679582177637,0.9800007052591633,0.028834270677323352,0.02942184199348637,0.029184348114585038,0.029124920748584568
0.0,44,scalar_gaussian,1,0.17627345025539398,2048,0.057050376324097415,1.8360508424602653,0.07023879241121182,0.8122345838478678,0.9583632240975316,0.056303249028431944,0.057658922414827146,0.05694469915339958,0.0567828121941395
0.0,44,scalar_gaussian,2,0.25722402334213257,2048,0.10611978140040802,1.6038852478010779,0.13108431723668082,0.8095536036458291,0.9170821726776885,0.10464534822656128,0.10765293333831569,0.10574157623253629,0.10564208257489141
0.0,44,scalar_gaussian,3,0.37534967064857483,2048,0.1706021269131943,1.210911386511451,0.21350734124694315,0.7990457186007268,0.8341710128576609,0.16254022364374215,0.1733019758742817,0.171132050492503,0.16827929705467964
0.0,44,scalar_gaussian,4,0.547722578048706,2048,0.2312399190153458,0.7707996722300754,0.28824046229989636,0.8022465588982958,0.7140785659810085,0.2219602632253755,0.23340510794078284,0.23278428762435605,0.226711777174958
0.0,44,scalar_gaussian,5,0.7992547750473022,2048,0.2483246777363692,0.3887312021207179,0.30943592454634755,0.8025075889311454,0.5536853044951142,0.24013011231595272,0.25053280989876076,0.24923458043522675,0.245514235596665
0.0,44,scalar_gaussian,6,1.166298747062683,2048,0.2087717989759337,0.1534801501451708,0.25140680472756216,0.83041427300335,0.3811231426281203,0.20134658510472217,0.21034975617059778,0.20928777148592817,0.20814243107611402
0.0,44,scalar_gaussian,7,1.7019013166427612,2048,0.11189884837258411,0.038632860723538574,0.13261830388966933,0.8437662456132556,0.23594167550415826,0.11016184686258386,0.11301393422002395,0.11177560218681003,0.11134707107339335
0.0,44,scalar_gaussian,8,2.4834699630737305,2048,0.02710690036075951,0.004395031944736506,0.03141829035397844,0.8627745194075149,0.13565329059419878,0.025895303224522083,0.027735081178310642,0.02725586432091775,0.026100491244647164
0.0,44,fourier_gaussian,0,0.12079870700836182,2048,0.029208233551122995,2.0016158026300648,0.035642656333633976,0.8194740952447145,0.9800008254729664,0.02883438168663378,0.029422176561309,0.02918448992738225,0.0291252840363069
0.0,44,fourier_gaussian,1,0.17627345025539398,2048,0.05705080513272226,1.8360646427975746,0.07023879241121182,0.8122406888592174,0.9583638601592709,0.05630349346773855,0.05765942887684675,0.0569450865196823,0.05678336193964292
0.0,44,fourier_gaussian,2,0.25722402334213257,2048,0.1061207442150263,1.6038997996983986,0.13108431723668082,0.8095609486481801,0.9170830131693388,0.10464599529358445,0.10765419017760738,0.10574235642622322,0.10564338799560608
0.0,44,fourier_gaussian,3,0.37534967064857483,2048,0.17060359417036594,1.2109218009092562,0.21350734124694315,0.7990525907633563,0.834172540398597,0.16254118646200535,0.17330392086160415,0.17113332058955572,0.16828094008475933
0.0,44,fourier_gaussian,4,0.547722578048706,2048,0.2312415167361913,0.7708049979658276,0.28824046229989636,0.8022521019120447,0.7140800796269022,0.2219611618282483,0.2334073333424817,0.2327856873243132,0.22671339549651665
0.0,44,fourier_gaussian,5,0.7992547750473022,2048,0.24832585340494612,0.3887330425300697,0.30943592454634755,0.8025113883237939,0.5536864844199153,0.24013047184975594,0.2505345884232811,0.2492354980080235,0.24551576795805297
0.0,44,fourier_gaussian,6,1.166298747062683,2048,0.20877216176262015,0.1534804168505179,0.25140680472756216,0.8304157160298696,0.3811235622459084,0.20134696547645667,0.21035027448248408,0.20928803510859603,0.20814288222371072
0.0,44,fourier_gaussian,7,1.7019013166427612,2048,0.11189904973757572,0.038632930244412014,0.13261830388966933,0.8437677639933413,0.23594192047784993,0.11016185336274316,0.11301430626085934,0.1117757292396655,0.1113473580076394
0.0,44,fourier_gaussian,8,2.4834699630737305,2048,0.02710697175359468,0.004395043520157783,0.03141829035397844,0.8627767917410623,0.13565337588867116,0.025895364220495053,0.02773513887835285,0.02725593194167868,0.026100607006318204
0.0,44,scalar_normalized,0,0.12079870700836182,2048,0.02938980867676766,2.014058994041102,0.035642656333633976,0.8245684160479966,0.9801328365847937,0.029105625089061164,0.030245379392333207,0.02912571947087429,0.02902434417564083
0.0,44,scalar_normalized,1,0.17627345025539398,2048,0.056089380387774335,1.8051231341404588,0.07023879241121182,0.7985527436092581,0.9574840318390734,0.05655920838719469,0.05775911852690553,0.055436263241779485,0.055327272914510346
0.0,44,scalar_normalized,2,0.25722402334213257,2048,0.10376108167696038,1.5682360630731529,0.13108431723668082,0.7915598438035372,0.9143010983138087,0.10315733421352477,0.10764993361412456,0.10243885487820673,0.10217806139698012
0.0,44,scalar_normalized,3,0.37534967064857483,2048,0.16730807071564024,1.18753061025972,0.21350734124694315,0.7836174144575726,0.8302850210952317,0.16157649563140955,0.1739346343308611,0.16647294315708555,0.16186664788991553
0.0,44,scalar_normalized,4,0.547722578048706,2048,0.224421118388532,0.7480703385123901,0.28824046229989636,0.7785899196728171,0.7059876423807623,0.2157560548373739,0.23216357942050284,0.2236331654871607,0.2184473783764075
0.0,44,scalar_normalized,5,0.7992547750473022,2048,0.24442906254356594,0.3826329472444714,0.30943592454634755,0.7899181806440679,0.549045772187567,0.23795789968840458,0.25059773951446584,0.24393804998126575,0.2389125525279677
0.0,44,scalar_normalized,6,1.166298747062683,2048,0.20299638153429397,0.14923430879858124,0.25140680472756216,0.807441873955129,0.3749130221749559,0.19929784015039945,0.20827294402993457,0.2014024646997123,0.20169203479707187
0.0,44,scalar_normalized,7,1.7019013166427612,2048,0.10958921847424377,0.03783546547342478,0.13261830388966933,0.8263506262711336,0.234335386678671,0.10900859626950832,0.11239324175553735,0.10862457755723828,0.10857105510770665
0.0,44,scalar_normalized,8,2.4834699630737305,2048,0.026746680904576686,0.004336627036909753,0.03141829035397844,0.8513092406757837,0.1353164750113081,0.02598735270376144,0.02776840955570258,0.02668768089135726,0.025575012352968055
0.0,44,fourier_normalized,0,0.12079870700836182,2048,0.02938983293018272,2.0140606561073398,0.035642656333633976,0.824569096508365,0.9801328508355781,0.029105660904655016,0.030245407534304384,0.02912574258943015,0.02902435937988043
0.0,44,fourier_normalized,1,0.17627345025539398,2048,0.0560894118445017,1.8051241465115333,0.07023879241121182,0.7985531914633041,0.957484045971975,0.056559292081125256,0.05775916596887477,0.055436282394706854,0.055327293413383744
0.0,44,fourier_normalized,2,0.25722402334213257,2048,0.10376114555298502,1.5682370284898948,0.13108431723668082,0.7915603310931381,0.9143011919082918,0.10315748611253568,0.10765000924588083,0.10243891010994698,0.10217808812845237
0.0,44,fourier_normalized,3,0.37534967064857483,2048,0.16730816217532066,1.1875312594284637,0.21350734124694315,0.7836178428254211,0.8302851106388885,0.161576701723729,0.17393477222037879,0.16647301109761242,0.16186668197299933
0.0,44,fourier_normalized,4,0.547722578048706,2048,0.22442123860159233,0.7480707392225612,0.28824046229989636,0.7785903367310587,0.7059877734974043,0.21575629248577263,0.23216375375136958,0.22363324918065627,0.2184474751009802
0.0,44,fourier_normalized,5,0.7992547750473022,2048,0.24442914794907172,0.3826330809395404,0.30943592454634755,0.7899184566479156,0.5490458590834046,0.2379580093487163,0.25059786885167,0.2439381172035277,0.2389126150500389
0.0,44,fourier_normalized,6,1.166298747062683,2048,0.20299645838391916,0.1492343652951582,0.25140680472756216,0.8074421796335106,0.37491311117735315,0.1992979824517339,0.2082730538187848,0.20140252865181027,0.20169206545000584
0.0,44,fourier_normalized,7,1.7019013166427612,2048,0.10958926292140925,0.03783548081872259,0.13261830388966933,0.8263509614221963,0.23433541212816858,0.1090086497751872,0.11239330588023196,0.10862461303509123,0.10857109342416038
0.0,44,fourier_normalized,8,2.4834699630737305,2048,0.026746683905064343,0.0043366275233998695,0.03141829035397844,0.8513093361770865,0.1353164675864463,0.02598735506115099,0.02776841079687775,0.0266876844449094,0.025575016749044374
0.0,44,scalar_gate_s1p5_p4,0,0.12079870700836182,2048,0.004809369724940964,0.3295820825755593,0.035642656333633976,0.13493297693423123,0.9556272643997898,0.004675872055790655,0.004815785895294966,0.0047952327098669265,0.0049255350730081655
0.0,44,scalar_gate_s1p5_p4,1,0.17627345025539398,2048,0.00824072184786865,0.2652109462925497,0.07023879241121182,0.11732436684878468,0.9095895043558171,0.008247484409802757,0.008186861781901462,0.008211457124217699,0.008443271720083849
0.0,44,scalar_gate_s1p5_p4,2,0.25722402334213257,2048,0.015655359311851715,0.23661375398581114,0.13108431723668082,0.11942968954543204,0.8241913907897888,0.016514211543130146,0.01566654460032136,0.015495138400756647,0.01576361322355459
0.0,44,scalar_gate_s1p5_p4,3,0.37534967064857483,2048,0.028202707581873356,0.20017909717338966,0.21350734124694315,0.1320924489863514,0.6920097076425232,0.02872196002854845,0.028210920942402982,0.02822913724219632,0.02779978708711446
0.0,44,scalar_gate_s1p5_p4,4,0.547722578048706,2048,0.04406800627466727,0.14689334322977446,0.28824046229989636,0.1528862600449802,0.5234443924060499,0.04414428331287058,0.04377568335332539,0.04412600068052446,0.044326225358146065
0.0,44,scalar_gate_s1p5_p4,5,0.7992547750473022,2048,0.06540317404257612,0.10238311673184768,0.30943592454634755,0.21136257575283565,0.3688896892928969,0.06598053539582396,0.06504550824435074,0.06544179986768175,0.06557234825944004
0.0,44,scalar_gate_s1p5_p4,6,1.166298747062683,2048,0.09049732276940875,0.06652978397712597,0.25140680472756216,0.3599636965573644,0.2628025827549141,0.09061489808463229,0.08999927863479806,0.09054053958856915,0.09115415140565306
0.0,44,scalar_gate_s1p5_p4,7,1.7019013166427612,2048,0.07581900500201073,0.026176364663620645,0.13261830388966933,0.5717084503289056,0.19942563055202778,0.07781448664458737,0.07521530495604438,0.0756904979280898,0.07626911978377633
0.0,44,scalar_gate_s1p5_p4,8,2.4834699630737305,2048,0.023276195913547425,0.003773932955465363,0.03141829035397844,0.7408485837804349,0.13136458583021918,0.022958658595516927,0.02346670597285774,0.023339098020469216,0.02287629080308593
0.0,44,fourier_gate_s1p5_p4,0,0.12079870700836182,2048,0.004809375498557595,0.32958247823667547,0.035642656333633976,0.13493313892037997,0.9556272769833751,0.004675877448696482,0.004815788107919097,0.004795239920254439,0.0049255419609830235
0.0,44,fourier_gate_s1p5_p4,1,0.17627345025539398,2048,0.0082407299900299,0.26521120833152273,0.07023879241121182,0.11732448276992985,0.9095895104781234,0.008247494773418214,0.008186863769054722,0.00821146741435818,0.008443281455752107
0.0,44,fourier_gate_s1p5_p4,2,0.25722402334213257,2048,0.015655358779681765,0.23661374594264029,0.13108431723668082,0.11942968548567903,0.8241913910299652,0.016514221347096868,0.01566653679154016,0.015495141237285674,0.015763607159088144
0.0,44,fourier_gate_s1p5_p4,3,0.37534967064857483,2048,0.02820271028099989,0.20017911633143365,0.21350734124694315,0.13209246162819555,0.6920097096511961,0.02872197697158284,0.028210908975650907,0.02822914700421951,0.02779978126357788
0.0,44,fourier_gate_s1p5_p4,4,0.547722578048706,2048,0.0440680084588295,0.14689335051031469,0.28824046229989636,0.15288626762255003,0.5234443798616467,0.04414430526978153,0.04377567531482242,0.04412600567479039,0.044326224115127634
0.0,44,fourier_gate_s1p5_p4,5,0.7992547750473022,2048,0.06540318046298137,0.10238312678244706,0.30943592454634755,0.21136259650157468,0.3688896940356057,0.06598060159205228,0.06504549621338533,0.06544180755033902,0.06557234950498374
0.0,44,fourier_gate_s1p5_p4,6,1.166298747062683,2048,0.09049733471943872,0.06652979276227992,0.25140680472756216,0.35996374409000764,0.2628025898086547,0.0906148973938587,0.08999928439871095,0.09054055588002534,0.0911541649749497
0.0,44,fourier_gate_s1p5_p4,7,1.7019013166427612,2048,0.07581900943693178,0.026176366194768545,0.13261830388966933,0.5717084837701495,0.1994256367635975,0.07781449080083902,0.07521531095438619,0.07569050348382447,0.07626911735991417
0.0,44,fourier_gate_s1p5_p4,8,2.4834699630737305,2048,0.023276191560105363,0.0037739322496112564,0.03141829035397844,0.7408484452164961,0.13136457870977147,0.02295866235379058,0.023466697506678767,0.023339093201063185,0.02287629101497575
0.0,44,scalar_gate_s1p5_p4_plateau_lo0p8_hi1,0,0.12079870700836182,2048,0.010355477097513591,0.7096521796115255,0.035642656333633976,0.2905360644442684,0.9615301361359392,0.010279194732645849,0.010606356613489286,0.010043103114468675,0.011131927652208558
0.0,44,scalar_gate_s1p5_p4_plateau_lo0p8_hi1,1,0.17627345025539398,2048,0.014894451291868262,0.4793477555180835,0.07023879241121182,0.21205448984186615,0.9169517531978654,0.0149921983304153,0.014918865500265392,0.01468095107613214,0.015603300714972587
0.0,44,scalar_gate_s1p5_p4_plateau_lo0p8_hi1,2,0.25722402334213257,2048,0.023140943449014885,0.34975022873474615,0.13108431723668082,0.17653479788304868,0.8310987779927589,0.023951707396182593,0.02310313029147293,0.022784164323583943,0.024105574676735443
0.0,44,scalar_gate_s1p5_p4_plateau_lo0p8_hi1,3,0.37534967064857483,2048,0.0372560691231894,0.2644386628361469,0.21350734124694315,0.17449549465420458,0.7008970476186407,0.036867248775571765,0.03763623956021333,0.03706176870445857,0.03753024567680647
0.0,44,scalar_gate_s1p5_p4_plateau_lo0p8_hi1,4,0.547722578048706,2048,0.059279758912672204,0.19759918155278938,0.28824046229989636,0.20566078211113636,0.5385513005054923,0.0596288393267292,0.058968417937534955,0.05961924668138789,0.05835681106773646
0.0,44,scalar_gate_s1p5_p4_plateau_lo0p8_hi1,5,0.7992547750473022,2048,0.09307816056597135,0.14570595873845377,0.30943592454634755,0.3007994650344163,0.39596482643122854,0.09187296496950981,0.09408922399290394,0.09268805381696214,0.09342400419016021
0.0,44,scalar_gate_s1p5_p4_plateau_lo0p8_hi1,6,1.166298747062683,2048,0.1834210003094462,0.13484332081899816,0.25140680472756216,0.729578503287574,0.3551972438050857,0.18377019691219132,0.18202152026061444,0.1840864099800966,0.1832011968611651
0.0,44,scalar_gate_s1p5_p4_plateau_lo0p8_hi1,7,1.7019013166427612,2048,0.10878735616499408,0.03755862406385502,0.13261830388966933,0.8203042338371239,0.2320824431879816,0.1094984240523899,0.10788640741293973,0.10901624340890675,0.10912931997642289
0.0,44,scalar_gate_s1p5_p4_plateau_lo0p8_hi1,8,2.4834699630737305,2048,0.02769811351505123,0.004490889481551082,0.03141829035397844,0.8815920027151913,0.13577594312548572,0.027477094702884286,0.02800359644098256,0.027812369410352412,0.02684618760457272
0.0,44,fourier_gate_s1p5_p4_plateau_lo0p8_hi1,0,0.12079870700836182,2048,0.010355479131750204,0.7096523190160582,0.035642656333633976,0.2905361215173606,0.9615301436756686,0.010279189292960664,0.010606367837458027,0.010043103545121038,0.011131923559307338
0.0,44,fourier_gate_s1p5_p4_plateau_lo0p8_hi1,1,0.17627345025539398,2048,0.014894453227005132,0.4793478177965453,0.07023879241121182,0.21205451739269388,0.9169517534570032,0.014992192169716168,0.0149188740004411,0.014680952711333578,0.015603296609705379
0.0,44,fourier_gate_s1p5_p4_plateau_lo0p8_hi1,2,0.25722402334213257,2048,0.023140941815887047,0.3497502040517925,0.13108431723668082,0.17653478542444287,0.8310987738708788,0.023951697115723335,0.023103136666991098,0.02278416151549885,0.024105568048815133
0.0,44,fourier_gate_s1p5_p4_plateau_lo0p8_hi1,3,0.37534967064857483,2048,0.037256062642617965,0.264438616837906,0.21350734124694315,0.1744954643012837,0.700897065152315,0.036867220065442394,0.037636242709887316,0.03706176086849947,0.03753023954590649
0.0,44,fourier_gate_s1p5_p4_plateau_lo0p8_hi1,4,0.547722578048706,2048,0.059279741585234635,0.19759912379466849,0.28824046229989636,0.20566072199661453,0.5385512909128796,0.05962878021037982,0.058968412576755946,0.059619227923360676,0.05835680108675106
0.0,44,fourier_gate_s1p5_p4_plateau_lo0p8_hi1,5,0.7992547750473022,2048,0.0930781543724977,0.14570594904309653,0.30943592454634755,0.3007994450190491,0.39596481671622413,0.09187294723697298,0.09408922701921751,0.09268804340302915,0.09342400396050195
0.0,44,fourier_gate_s1p5_p4_plateau_lo0p8_hi1,6,1.166298747062683,2048,0.1834209767137158,0.1348433034724204,0.25140680472756216,0.7295784094327938,0.3551972131448802,0.1837701624262584,0.1820214979885544,0.18408638456964596,0.1832011838179653
0.0,44,fourier_gate_s1p5_p4_plateau_lo0p8_hi1,7,1.7019013166427612,2048,0.1087873438179307,0.0375586198010553,0.13261830388966933,0.8203041407348672,0.23208242952244645,0.10949841248024465,0.107886385591772,0.10901623047288636,0.10912932626665055
0.0,44,fourier_gate_s1p5_p4_plateau_lo0p8_hi1,8,2.4834699630737305,2048,0.027698110203772382,0.004490888944670209,0.03141829035397844,0.8815918973218422,0.1357759394905252,0.027477095429356575,0.028003592408744234,0.02781236546090024,0.02684618574268155
0.0,44,scalar_gate_s1p5_p4_cap_lo1_hi2_d0p5,0,0.12079870700836182,2048,0.00516094118115554,0.35367498026076366,0.035642656333633976,0.1447967607365293,0.95557492188953,0.00502428492378411,0.005154595286553346,0.005173417816683689,0.005201008958103895
0.0,44,scalar_gate_s1p5_p4_cap_lo1_hi2_d0p5,1,0.17627345025539398,2048,0.008095890730353546,0.2605498500393468,0.07023879241121182,0.11526238496465445,0.9092563143807684,0.008095431096752871,0.007941511706298912,0.008139409678409067,0.008206192765796864
0.0,44,scalar_gate_s1p5_p4_cap_lo1_hi2_d0p5,2,0.25722402334213257,2048,0.015374154336182742,0.23236364617243419,0.13108431723668082,0.11728446743498507,0.8238803631139336,0.016089450909183903,0.015332307731003714,0.015262059502505924,0.015474630687612796
0.0,44,scalar_gate_s1p5_p4_cap_lo1_hi2_d0p5,3,0.37534967064857483,2048,0.027232759904605462,0.1932945365411436,0.21350734124694315,0.12754952474026635,0.6911257635722898,0.027108495929013997,0.027294336622495585,0.027357895478826538,0.026719591334405362
0.0,44,scalar_gate_s1p5_p4_cap_lo1_hi2_d0p5,4,0.547722578048706,2048,0.04361937937810653,0.14539792035341692,0.28824046229989636,0.1513298272909487,0.5226277855905503,0.04306421583134841,0.04375373642984223,0.043601624197559745,0.043756021716396615
0.0,44,scalar_gate_s1p5_p4_cap_lo1_hi2_d0p5,5,0.7992547750473022,2048,0.06566401414095165,0.10279143976251502,0.30943592454634755,0.21220552926173392,0.36919163624174467,0.06601667067470886,0.0655573581192237,0.06559469232356732,0.06591958697094372
0.0,44,scalar_gate_s1p5_p4_cap_lo1_hi2_d0p5,6,1.166298747062683,2048,0.09636076920181033,0.0708403404949481,0.25140680472756216,0.3832862412225954,0.2686253051091063,0.09644672563416257,0.09545334511997718,0.09676571895245921,0.09639640382686682
0.0,44,scalar_gate_s1p5_p4_cap_lo1_hi2_d0p5,7,1.7019013166427612,2048,0.08350226270134312,0.028828994506718185,0.13261830388966933,0.6296435729626894,0.20700371553196573,0.0856847976349612,0.08316891125132847,0.08322955249418207,0.08391260665418979
0.0,44,scalar_gate_s1p5_p4_cap_lo1_hi2_d0p5,8,2.4834699630737305,2048,0.023713985556295888,0.003844914861893131,0.03141829035397844,0.7547828124674846,0.13175705705739355,0.023202464536600055,0.023882476878970632,0.023799491120537798,0.023375602750902398
0.0,44,fourier_gate_s1p5_p4_cap_lo1_hi2_d0p5,0,0.12079870700836182,2048,0.005160943447691486,0.3536751355845753,0.035642656333633976,0.14479682432707444,0.9555749261280406,0.005024284850047181,0.00515459850801357,0.005173420710949147,0.005201008455725677
0.0,44,fourier_gate_s1p5_p4_cap_lo1_hi2_d0p5,1,0.17627345025539398,2048,0.008095893583260814,0.26054994185439045,0.07023879241121182,0.11526242558191409,0.9092563228499347,0.008095433946399225,0.007941512973838705,0.008139414009393798,0.008206192855098623
0.0,44,fourier_gate_s1p5_p4_cap_lo1_hi2_d0p5,2,0.25722402334213257,2048,0.015374158977458832,0.23236371632028177,0.13108431723668082,0.11728450284178418,0.8238803677548805,0.016089459141559594,0.015332311066173401,0.015262064414624736,0.015474634632616863
0.0,44,fourier_gate_s1p5_p4_cap_lo1_hi2_d0p5,3,0.37534967064857483,2048,0.02723275990082015,0.19329453651427594,0.21350734124694315,0.12754952472253714,0.6911257649875541,0.027108497747046812,0.027294333591536546,0.027357897590377864,0.026719587708869286
0.0,44,fourier_gate_s1p5_p4_cap_lo1_hi2_d0p5,4,0.547722578048706,2048,0.04361938394379636,0.14539793557238187,0.28824046229989636,0.15132984313081307,0.5226277952459402,0.04306422772809302,0.043753736155434576,0.04360163043700657,0.04375602449081398
0.0,44,fourier_gate_s1p5_p4_cap_lo1_hi2_d0p5,5,0.7992547750473022,2048,0.06566401931999002,0.10279144786985994,0.30943592454634755,0.212205545998764,0.3691916439539554,0.06601666809182033,0.06555736880355317,0.06559469733864981,0.06591958729436842
0.0,44,fourier_gate_s1p5_p4_cap_lo1_hi2_d0p5,6,1.166298747062683,2048,0.09636076663987578,0.07084033861152274,0.25140680472756216,0.3832862310322008,0.2686253037634406,0.09644672150021935,0.09545333757618513,0.09676571842593254,0.09639640330558732
0.0,44,fourier_gate_s1p5_p4_cap_lo1_hi2_d0p5,7,1.7019013166427612,2048,0.08350225601898603,0.02882899219964734,0.13261830388966933,0.629643522574795,0.20700370890144032,0.08568478581794048,0.08316890380237804,0.08322954717694366,0.08391259903014119
0.0,44,fourier_gate_s1p5_p4_cap_lo1_hi2_d0p5,8,2.4834699630737305,2048,0.023713984345670513,0.0038449146656059454,0.03141829035397844,0.7547827739349814,0.1317570565767022,0.023202457565912698,0.02388247559518046,0.02379949048763072,0.023375602687890833
0.0,44,scalar_gate_s1p5_p4_linear_sigma,0,0.12079870700836182,2048,0.004817144292255529,0.33011486716755484,0.035642656333633976,0.13515110229620736,0.9554949947424571,0.004600981050553228,0.004853535304529258,0.004817916223633053,0.004869623663955089
0.0,44,scalar_gate_s1p5_p4_linear_sigma,1,0.17627345025539398,2048,0.008166853687496149,0.26283364912429885,0.07023879241121182,0.11627269500425694,0.9092921509776181,0.008094993485373545,0.008187455993556839,0.008155968328046265,0.008211272169155922
0.0,44,scalar_gate_s1p5_p4_linear_sigma,2,0.25722402334213257,2048,0.015301570322008611,0.23126661762578826,0.13108431723668082,0.11673074738895486,0.823784443438298,0.01588984823323456,0.015415457594200321,0.015154727428496117,0.015327022818478368
0.0,44,scalar_gate_s1p5_p4_linear_sigma,3,0.37534967064857483,2048,0.027520654232126022,0.19533797249129492,0.21350734124694315,0.1288979295578205,0.6910508449062203,0.02750539529839683,0.02769371768381646,0.02757801856806414,0.02700475334542636
0.0,44,scalar_gate_s1p5_p4_linear_sigma,4,0.547722578048706,2048,0.04301998575555773,0.14339994176146476,0.28824046229989636,0.14925033568256665,0.522487334622521,0.04251787532944984,0.043229884120679636,0.04298598720639575,0.043054222306679546
0.0,44,scalar_gate_s1p5_p4_linear_sigma,5,0.7992547750473022,2048,0.06486254673778465,0.10153681058134102,0.30943592454634755,0.20961543761564597,0.3679306013795192,0.06491210033855206,0.06499015190713184,0.0647075761480326,0.06519360777535997
0.0,44,scalar_gate_s1p5_p4_linear_sigma,6,1.166298747062683,2048,0.0926038191285968,0.06807839053737172,0.25140680472756216,0.3683425324503338,0.26499837901167644,0.09300070213092741,0.09217082135798367,0.09287847270388473,0.09211552221285985
0.0,44,scalar_gate_s1p5_p4_linear_sigma,7,1.7019013166427612,2048,0.07815158218478044,0.026981682419249347,0.13261830388966933,0.5892971022295533,0.20171836170843746,0.08057746364954138,0.07778401828564768,0.07787356484650712,0.07850760491407066
0.0,44,scalar_gate_s1p5_p4_linear_sigma,8,2.4834699630737305,2048,0.027705162869166192,0.00449203244279389,0.03141829035397844,0.8818163737435172,0.13606016312967262,0.02723241156354365,0.02794104002530907,0.027827572258502985,0.02708602984609683
0.0,44,fourier_gate_s1p5_p4_linear_sigma,0,0.12079870700836182,2048,0.004817144923928794,0.3301149104555951,0.035642656333633976,0.13515112001860324,0.9554949924846388,0.004600982237067874,0.0048535346003525486,0.004817917724957525,0.004869623076878539
0.0,44,fourier_gate_s1p5_p4_linear_sigma,1,0.17627345025539398,2048,0.008166854836699305,0.2628336861090755,0.07023879241121182,0.116272711365631,0.9092921507474613,0.008094993498008646,0.008187456167587131,0.008155970278431098,0.008211272656740091
0.0,44,fourier_gate_s1p5_p4_linear_sigma,2,0.25722402334213257,2048,0.0153015708790465,0.231266626044811,0.13108431723668082,0.11673075163841735,0.8237844415267048,0.015889850622153392,0.01541545730455891,0.015154728101157134,0.015327023426213766
0.0,44,fourier_gate_s1p5_p4_linear_sigma,3,0.37534967064857483,2048,0.027520655756512996,0.19533798331119254,0.21350734124694315,0.12889793669756083,0.6910508446492541,0.027505397277047428,0.027693717183755476,0.02757802132514314,0.02700475355962671
0.0,44,fourier_gate_s1p5_p4_linear_sigma,4,0.547722578048706,2048,0.043019988822213924,0.1433999519836513,0.28824046229989636,0.14925034632179535,0.5224873346078781,0.04251787406638387,0.043229889239061646,0.04298599095697817,0.043054221547503164
0.0,44,fourier_gate_s1p5_p4_linear_sigma,5,0.7992547750473022,2048,0.0648625464094419,0.10153681006734833,0.30943592454634755,0.20961543655454504,0.36793060007861234,0.06491209132838088,0.06499015348619722,0.06470757797482835,0.06519360073767312
0.0,44,fourier_gate_s1p5_p4_linear_sigma,6,1.166298747062683,2048,0.09260382307477646,0.06807839343843523,0.25140680472756216,0.36834254814672546,0.26499838090270394,0.09300071264403664,0.09217082778544457,0.09287847556384944,0.09211552220305741
0.0,44,fourier_gate_s1p5_p4_linear_sigma,7,1.7019013166427612,2048,0.07815158459687406,0.026981683252019998,0.13261830388966933,0.5892971204177939,0.20171836481186312,0.0805774718618604,0.07778402484634624,0.07787356452040883,0.07850760707279979
0.0,44,fourier_gate_s1p5_p4_linear_sigma,8,2.4834699630737305,2048,0.02770516198421154,0.004492032299309983,0.03141829035397844,0.8818163455766551,0.13606016210112626,0.02723241261306154,0.027941039154390758,0.027827571437148563,0.02708602762121419
0.0,44,scalar_gate_s1p5_p4_tanh_sigma,0,0.12079870700836182,2048,0.0049707411418412825,0.34064073073362516,0.035642656333633976,0.13946045702409315,0.9557188179681773,0.004723619898736689,0.005023677482328473,0.004972728261020493,0.005006414776911814
0.0,44,scalar_gate_s1p5_p4_tanh_sigma,1,0.17627345025539398,2048,0.008188524804231736,0.26353109013526416,0.07023879241121182,0.11658122987496931,0.9094008388551055,0.008158274056670944,0.008198688410908612,0.008156885330968602,0.008306789040000696
0.0,44,scalar_gate_s1p5_p4_tanh_sigma,2,0.25722402334213257,2048,0.015428771279785668,0.23318912195997082,0.13108431723668082,0.11770112249147295,0.8239890904224448,0.0162338122914396,0.015497989401209186,0.015271989813468707,0.015450757374644637
0.0,44,scalar_gate_s1p5_p4_tanh_sigma,3,0.37534967064857483,2048,0.027894819255489513,0.19799374645744078,0.21350734124694315,0.13065039868219938,0.6916600831652908,0.02819158275412016,0.02811262812783791,0.02792280496012111,0.027237011099022664
0.0,44,scalar_gate_s1p5_p4_tanh_sigma,4,0.547722578048706,2048,0.04459044293321167,0.14863479862762155,0.28824046229989636,0.15469876289199838,0.5239409778839274,0.044333804556707504,0.04463081833920341,0.044594744928352165,0.044644989327864634
0.0,44,scalar_gate_s1p5_p4_tanh_sigma,5,0.7992547750473022,2048,0.06725387975142695,0.10528023940822151,0.30943592454634755,0.21734347700586268,0.37067495131106537,0.06756927548320735,0.06731690230265916,0.06704539444535121,0.06775423096564451
0.0,44,scalar_gate_s1p5_p4_tanh_sigma,6,1.166298747062683,2048,0.09121918988864082,0.06706046999117604,0.25140680472756216,0.3628350075388405,0.26355151211698,0.09164693851031687,0.09074949383070136,0.09141925638280386,0.09106076022387498
0.0,44,scalar_gate_s1p5_p4_tanh_sigma,7,1.7019013166427612,2048,0.07654047232532693,0.026425449859970956,0.13261830388966933,0.5771486294154698,0.19999236467622794,0.07844526741096354,0.0760689107579533,0.07626858028661923,0.07734773221042221
0.0,44,scalar_gate_s1p5_p4_tanh_sigma,8,2.4834699630737305,2048,0.024372166743302216,0.003951630395717315,0.03141829035397844,0.7757317940826788,0.13263450597852547,0.023801291091694935,0.024569480852484508,0.024473668046496498,0.023955089876914925
0.0,44,fourier_gate_s1p5_p4_tanh_sigma,0,0.12079870700836182,2048,0.004970739961128691,0.3406406498203793,0.035642656333633976,0.13946042389770152,0.9557188184895709,0.004723618497570963,0.005023674820845411,0.004972726205570305,0.005006419655718273
0.0,44,fourier_gate_s1p5_p4_tanh_sigma,1,0.17627345025539398,2048,0.008188521883887696,0.2635309961499046,0.07023879241121182,0.11658118829760246,0.9094008325903797,0.008158267915357816,0.00819868512022541,0.008156882563808558,0.008306787988769541
0.0,44,fourier_gate_s1p5_p4_tanh_sigma,2,0.25722402334213257,2048,0.0154287724361402,0.23318913943701375,0.13108431723668082,0.11770113131292892,0.8239890978844835,0.016233800001995,0.015497993799810282,0.015271992199663069,0.015450755590832104
0.0,44,fourier_gate_s1p5_p4_tanh_sigma,3,0.37534967064857483,2048,0.027894814912210717,0.19799371562942097,0.21350734124694315,0.13065037833967263,0.6916600666894257,0.028191571471375493,0.028112624500052488,0.027922804596561136,0.027236994304521134
0.0,44,fourier_gate_s1p5_p4_tanh_sigma,4,0.547722578048706,2048,0.044590437224746836,0.14863477959940685,0.28824046229989636,0.1546987430874755,0.5239409670177672,0.04433377290007856,0.04463080569292538,0.04459474900386097,0.044644973407258426
0.0,44,fourier_gate_s1p5_p4_tanh_sigma,5,0.7992547750473022,2048,0.06725387651639417,0.10528023434405231,0.30943592454634755,0.21734346655124986,0.37067494724517513,0.0675692682933918,0.06731690063768178,0.06704539463342268,0.06775421420477651
0.0,44,fourier_gate_s1p5_p4_tanh_sigma,6,1.166298747062683,2048,0.0912191798679336,0.06706046262437815,0.25140680472756216,0.3628349676803043,0.2635515193182069,0.09164692379187804,0.0907494749355694,0.09141924776556783,0.09106076328777157
0.0,44,fourier_gate_s1p5_p4_tanh_sigma,7,1.7019013166427612,2048,0.07654046265651882,0.026425446521833675,0.13261830388966933,0.5771485565084289,0.19999235518731767,0.07844524181119497,0.07606889147916854,0.07626858095630726,0.07734770942000951
0.0,44,fourier_gate_s1p5_p4_tanh_sigma,8,2.4834699630737305,2048,0.02437216336668857,0.003951629848243253,0.03141829035397844,0.7757316866098148,0.13263450050431883,0.02380128960174424,0.024569475525469953,0.024473666021411915,0.023955083813758115
0.5,42,scalar_gate_loglinear_lo0p1_hi3,0,0.12079870700836182,2048,0.012014317907235988,0.8233311521168772,0.04464042970195185,0.269135355269904,0.9441227177599932,0.017547647909368854,0.010538345909922872,0.011555425801924276,0.013297788299118634
0.5,42,scalar_gate_loglinear_lo0p1_hi3,1,0.17627345025539398,2048,0.015587119453903545,0.5016398777509934,0.08583171782323698,0.1816009261984465,0.8954123082071359,0.015493787728296538,0.012599197332536931,0.0160252240743749,0.01929577006211189
0.5,42,scalar_gate_loglinear_lo0p1_hi3,2,0.25722402334213257,2048,0.021750131919679068,0.3287296229161519,0.15022218698957462,0.14478641507987447,0.7920682118949574,0.020102883969310252,0.01830170803019754,0.022536021927086303,0.025826883223201567
0.5,42,scalar_gate_loglinear_lo0p1_hi3,3,0.37534967064857483,2048,0.03592156652667976,0.2549665394887935,0.2295713300705494,0.15647235443398236,0.6546120798722185,0.031101970648625642,0.03447957211073728,0.036697746580532827,0.03823042966160712
0.5,42,scalar_gate_loglinear_lo0p1_hi3,4,0.547722578048706,2048,0.056428466284326774,0.18809487350459794,0.28783873427000656,0.1960419483758366,0.4964730609312229,0.059659308962205684,0.06382824418643453,0.053833889837032,0.051280126215982755
0.5,42,scalar_gate_loglinear_lo0p1_hi3,5,0.7992547750473022,2048,0.08704846654499776,0.13626698462376036,0.2857900454762761,0.3045888683768861,0.3678602952226203,0.12499528490299627,0.10812010027040778,0.07638040406115494,0.06880778799545367
0.5,42,scalar_gate_loglinear_lo0p1_hi3,6,1.166298747062683,2048,0.10959744774794845,0.08057138377114667,0.22404342421510753,0.48917948889551993,0.2752902217023865,0.19285673264915043,0.13852036670234086,0.09213423914751052,0.07789588826334863
0.5,42,scalar_gate_loglinear_lo0p1_hi3,7,1.7019013166427612,2048,0.07615870842822903,0.026293646613732433,0.11415627384815046,0.6671443089456002,0.19895654500206586,0.15879218305107262,0.09617448535388368,0.06043814314542996,0.05405642128272646
0.5,42,scalar_gate_loglinear_lo0p1_hi3,8,2.4834699630737305,2048,0.023545475667153162,0.003817593171256071,0.027620912609599955,0.8524510395420342,0.12735914678142404,0.056828697390015295,0.028633230333481738,0.018123466103824617,0.016493046986886774
0.5,42,fourier_gate_loglinear_lo0p1_hi3,0,0.12079870700836182,2048,0.01543470579604234,1.0577274718181777,0.04464042970195185,0.34575621021335,0.9473977909747804,0.006270053014440791,0.009993190872681518,0.017646143772564248,0.021845662627157467
0.5,42,fourier_gate_loglinear_lo0p1_hi3,1,0.17627345025539398,2048,0.019831758873976743,0.6382450026478403,0.08583171782323698,0.2310539667261296,0.899724682960907,0.010899472097250125,0.013840474930298602,0.021906634984715616,0.027606891009239142
0.5,42,fourier_gate_loglinear_lo0p1_hi3,2,0.25722402334213257,2048,0.02682501304027675,0.40543093963823407,0.15022218698957462,0.17856891566981645,0.797178880107185,0.02055583662214371,0.02203611589870131,0.028039576894460363,0.034233131408457795
0.5,42,fourier_gate_loglinear_lo0p1_hi3,3,0.37534967064857483,2048,0.04140787972856312,0.29390766669706664,0.2295713300705494,0.18037043090632485,0.6604700993168692,0.03757334778735365,0.040182601694433856,0.04166731086826396,0.044736374117706215
0.5,42,fourier_gate_loglinear_lo0p1_hi3,4,0.547722578048706,2048,0.06272470966883917,0.20908234987860957,0.28783873427000656,0.21791615304283676,0.5038489368955443,0.07508696656769129,0.06935265708098408,0.059269218013421554,0.05712785113501917
0.5,42,fourier_gate_loglinear_lo0p1_hi3,5,0.7992547750473022,2048,0.09247106354193707,0.14475559988524586,0.2857900454762761,0.3235629267206693,0.3734777571648723,0.13679451872368414,0.10999615928116319,0.08230861292790898,0.07508267611311509
0.5,42,fourier_gate_loglinear_lo0p1_hi3,6,1.166298747062683,2048,0.11315508986677214,0.08318681099473824,0.22404342421510753,0.5050587414613437,0.27881829978928757,0.19813474760675137,0.13805453159098602,0.09675199942191384,0.08364572529320145
0.5,42,fourier_gate_loglinear_lo0p1_hi3,7,1.7019013166427612,2048,0.07744290190542805,0.026737011925067146,0.11415627384815046,0.6783937430231984,0.20008871187806365,0.1607996806001776,0.09740591510746438,0.06173554077403898,0.05498269898997237
0.5,42,fourier_gate_loglinear_lo0p1_hi3,8,2.4834699630737305,2048,0.02281290370868574,0.0036988161397093966,0.027620912609599955,0.8259286733616783,0.1265399451264315,0.05434079135218238,0.02880623592075229,0.01739203078475408,0.015121451020144474
0.5,42,scalar_gate_logsigmoid_lo0p1_hi1p5_s0p75_p2,0,0.12079870700836182,2048,0.011954900229275029,0.8192593083693231,0.04464042970195185,0.2678043269093423,0.944138521293228,0.009490389743530572,0.010172818946553454,0.012440693194565412,0.014656999355096638
0.5,42,scalar_gate_logsigmoid_lo0p1_hi1p5_s0p75_p2,1,0.17627345025539398,2048,0.01738449313876944,0.5594847103523872,0.08583171782323698,0.20254159627296875,0.8975309674791986,0.012115941724397986,0.014759220673544756,0.018283357589113834,0.021582907050296456
0.5,42,scalar_gate_logsigmoid_lo0p1_hi1p5_s0p75_p2,2,0.25722402334213257,2048,0.02645356791622525,0.39981694998454304,0.15022218698957462,0.1760962774297855,0.7975061391257855,0.018982178772885296,0.023268120234513606,0.027845992537329403,0.031007086972508018
0.5,42,scalar_gate_logsigmoid_lo0p1_hi1p5_s0p75_p2,3,0.37534967064857483,2048,0.04306671075918554,0.30568183047581765,0.2295713300705494,0.18759620700873555,0.6610294914272402,0.03294370677130436,0.042615962609079794,0.04402862674041602,0.04585802709021459
0.5,42,scalar_gate_logsigmoid_lo0p1_hi1p5_s0p75_p2,4,0.547722578048706,2048,0.062594736964518,0.20864910756337177,0.28783873427000656,0.21746460608668858,0.5026776240261623,0.06133560697768851,0.07018834274056478,0.06041311405076722,0.05803619658506536
0.5,42,scalar_gate_logsigmoid_lo0p1_hi1p5_s0p75_p2,5,0.7992547750473022,2048,0.09421283327838471,0.14748219254465764,0.2857900454762761,0.3296575047649988,0.37472112504907845,0.11452146915722579,0.1177861182878882,0.0847619346106856,0.07672559051788584
0.5,42,scalar_gate_logsigmoid_lo0p1_hi1p5_s0p75_p2,6,1.166298747062683,2048,0.13284604616706758,0.09766276485582329,0.22404342421510753,0.5929477583752695,0.29883531419087217,0.1854408662578535,0.1728746552830425,0.11577792469458727,0.09694429991760128
0.5,42,scalar_gate_logsigmoid_lo0p1_hi1p5_s0p75_p2,7,1.7019013166427612,2048,0.08608083392596522,0.029719241228961992,0.11415627384815046,0.7540613496238419,0.20877178312285538,0.1513739163221732,0.1137915110756684,0.07001521993342695,0.06123579274485527
0.5,42,scalar_gate_logsigmoid_lo0p1_hi1p5_s0p75_p2,8,2.4834699630737305,2048,0.024047358507914972,0.0038989669575727245,0.027620912609599955,0.8706214326733377,0.12789121435825795,0.052394377164395045,0.03082940662405582,0.01862741065889401,0.016717398921921495
0.5,42,fourier_gate_logsigmoid_lo0p1_hi1p5_s0p75_p2,0,0.12079870700836182,2048,0.01466849491282537,1.0052196811875027,0.04464042970195185,0.3285921531392429,0.9465394410737993,0.0072735290766860585,0.010676527085870772,0.016308402091028632,0.01967843606316529
0.5,42,fourier_gate_logsigmoid_lo0p1_hi1p5_s0p75_p2,1,0.17627345025539398,2048,0.019678171631685105,0.633302108248709,0.08583171782323698,0.22926456711737497,0.8991407441785428,0.011332958959984122,0.014757381126185994,0.02161037497755688,0.025763038041335166
0.5,42,fourier_gate_logsigmoid_lo0p1_hi1p5_s0p75_p2,2,0.25722402334213257,2048,0.029772976363162295,0.44998620372037995,0.15022218698957462,0.19819293647501304,0.7998403621913163,0.019564472865034533,0.024036585708642054,0.03188535280339771,0.03766230625149104
0.5,42,fourier_gate_logsigmoid_lo0p1_hi1p5_s0p75_p2,3,0.37534967064857483,2048,0.046499806146458336,0.3300494885504665,0.2295713300705494,0.2025505803889733,0.6644858812757309,0.037745321608130475,0.04390773120429824,0.047820028458785704,0.05098403538502175
0.5,42,fourier_gate_logsigmoid_lo0p1_hi1p5_s0p75_p2,4,0.547722578048706,2048,0.06851987302738001,0.22839955962467676,0.28783873427000656,0.23804952172665225,0.5090508115283099,0.07799828580511955,0.07541098898491043,0.06512949158024567,0.06381132302664477
0.5,42,fourier_gate_logsigmoid_lo0p1_hi1p5_s0p75_p2,5,0.7992547750473022,2048,0.1055065887797976,0.16516160802821478,0.2857900454762761,0.36917517054860427,0.3864263439859857,0.14834391755183698,0.12496579393384785,0.09502104663878168,0.08672597838752438
0.5,42,fourier_gate_logsigmoid_lo0p1_hi1p5_s0p75_p2,6,1.166298747062683,2048,0.1490597491357825,0.109582389911765,0.22404342421510753,0.6653163316798262,0.31512458364190343,0.23123161169441606,0.17822074626953782,0.13215976175988087,0.1154113384521607
0.5,42,fourier_gate_logsigmoid_lo0p1_hi1p5_s0p75_p2,7,1.7019013166427612,2048,0.0946413626534246,0.03267474719580282,0.11415627384815046,0.8290509094516838,0.21713493316422364,0.18070445287479187,0.117916148434058,0.07777018028339357,0.06918671565165634
0.5,42,fourier_gate_logsigmoid_lo0p1_hi1p5_s0p75_p2,8,2.4834699630737305,2048,0.02478396304667338,0.004018397819655637,0.027620912609599955,0.8972897962125783,0.1286651176393324,0.05687065559115402,0.031327385173985575,0.019124982502392862,0.016703643240688862
0.5,42,score,0,0.12079870700836182,2048,0.010521580177615404,0.721035084689143,0.04464042970195185,0.2356962118838063,0.942097142684392,0.009291480320422265,0.007663100188503054,0.01105825688063455,0.01425926586751677
0.5,42,score,1,0.17627345025539398,2048,0.019020667032891875,0.6121416540971403,0.08583171782323698,0.22160417518455472,0.8981123850811372,0.015185661209514709,0.014056389167016993,0.020285552158111262,0.025198153778827972
0.5,42,score,2,0.25722402334213257,2048,0.03217398434574498,0.48627483183757075,0.15022218698957462,0.21417598152780082,0.8027074286725518,0.02970199103975314,0.027093344911267858,0.03337882609043771,0.03802793747486052
0.5,42,score,3,0.37534967064857483,2048,0.04975358053877408,0.35314434986365095,0.2295713300705494,0.21672384144607407,0.6691153197015948,0.05155475106301989,0.04750352069180916,0.05009343772385738,0.05146913172070493
0.5,42,score,4,0.547722578048706,2048,0.06722283967384506,0.22407611543721417,0.28783873427000656,0.23354341049452643,0.5069915112464484,0.07911537002981404,0.07108607547960444,0.06494396682363592,0.06235697881108013
0.5,42,score,5,0.7992547750473022,2048,0.07631822196283462,0.11946969764649958,0.2857900454762761,0.26704296797898763,0.35708127347884344,0.12486704122973247,0.09175640538987055,0.066284163183769,0.0598074405540754
0.5,42,score,6,1.166298747062683,2048,0.08758291782973066,0.064387237378784,0.22404342421510753,0.39091938599206977,0.25322608698042326,0.16881416599774615,0.10603881626055774,0.07300385631526607,0.06472041513622909
0.5,42,score,7,1.7019013166427612,2048,0.08113567267751728,0.028011933883576156,0.11415627384815046,0.7107421251804623,0.20417466184381466,0.14918159627616023,0.09118538664278691,0.07002013735112333,0.06745824597305787
0.5,42,score,8,2.4834699630737305,2048,0.10303535740857728,0.0167058454202158,0.027620912609599955,3.730338633806263,0.20475739928326359,0.1358898829928299,0.10558653848601432,0.09813784316909051,0.09874913062883232
0.5,42,scalar_gaussian,0,0.12079870700836182,2048,0.02270579766721751,1.5560093130067443,0.04464042970195185,0.5086375247464234,0.9534564025315149,0.008668531123132118,0.015989330107155433,0.02617293670534824,0.029346585043325917
0.5,42,scalar_gaussian,1,0.17627345025539398,2048,0.04048182727449371,1.3028256404378948,0.08583171782323698,0.47164181611583894,0.9188885227812946,0.013828297706256518,0.029264436101089218,0.046859345362167765,0.05113852634502036
0.5,42,scalar_gaussian,2,0.25722402334213257,2048,0.06844609233612346,1.0344883519249009,0.15022218698957462,0.4556323783308627,0.8376375155724154,0.02286585692704485,0.05350722104027186,0.07838645873391681,0.08277394347546188
0.5,42,scalar_gaussian,3,0.37534967064857483,2048,0.10306798238647953,0.7315629395409212,0.2295713300705494,0.44895842331359836,0.7201721033245535,0.03934703658122906,0.09039435705041801,0.1153043828446577,0.11477299558927728
0.5,42,scalar_gaussian,4,0.547722578048706,2048,0.13331910335026484,0.4443969778313755,0.28783873427000656,0.46317290717796555,0.5742079791694703,0.0677546150379239,0.13228201747920146,0.1426101477194674,0.13648802634424614
0.5,42,scalar_gaussian,5,0.7992547750473022,2048,0.14283423576010018,0.2235948705426863,0.2857900454762761,0.4997873019756984,0.42387787249957554,0.11209979491099908,0.15789933359321714,0.14404827867428321,0.1285401446304792
0.5,42,scalar_gaussian,6,1.166298747062683,2048,0.13388960218291115,0.09842994286924374,0.22404342421510753,0.5976055876309125,0.29960262947506033,0.1645404683529902,0.15750905703915663,0.12512819854882307,0.10796983718387473
0.5,42,scalar_gaussian,7,1.7019013166427612,2048,0.08030500703833024,0.02772514818011931,0.11415627384815046,0.7034655593712805,0.2035783960866887,0.13887867789906333,0.09775584873159143,0.06879637514997976,0.0602174140170049
0.5,42,scalar_gaussian,8,2.4834699630737305,2048,0.024032468223473095,0.0038965526912819537,0.027620912609599955,0.8700823380875672,0.1276630874717401,0.05831602274758953,0.027982763529134237,0.018855766544657357,0.01751973039775917
0.5,42,fourier_gaussian,0,0.12079870700836182,2048,0.03571063428524145,2.447219883467895,0.04464042970195185,0.7999617056481882,0.9656867119279615,0.010006334104146012,0.024219871863963363,0.042047060113781586,0.046481214449192766
0.5,42,fourier_gaussian,1,0.17627345025539398,2048,0.06745711914518501,2.170970787867435,0.08583171782323698,0.7859229764468554,0.9455697988719006,0.019497394877680173,0.04755245906335262,0.07935848468251583,0.08452675852047337
0.5,42,fourier_gaussian,2,0.25722402334213257,2048,0.11669999088424493,1.7637936238440182,0.15022218698957462,0.7768492339440104,0.8875659542742481,0.04094237817830863,0.08743313253879637,0.135451901608951,0.13997697226389516
0.5,42,fourier_gaussian,3,0.37534967064857483,2048,0.17728025492189964,1.2583118579629995,0.2295713300705494,0.7722229725611633,0.794504649594782,0.076508199145158,0.14921898650183385,0.20019795368272744,0.19657345667041237
0.5,42,fourier_gaussian,4,0.547722578048706,2048,0.22386882515469392,0.746229361204363,0.28783873427000656,0.7777578154046988,0.6652730851133307,0.13503718846519533,0.21106597512047062,0.24222274824054615,0.2266433139409265
0.5,42,fourier_gaussian,5,0.7992547750473022,2048,0.22199891705334351,0.3475204586282031,0.2857900454762761,0.7767902366346486,0.5040938952402588,0.2006684269860135,0.23735748908773255,0.22436666758104745,0.1976002259249537
0.5,42,fourier_gaussian,6,1.166298747062683,2048,0.18302622106184394,0.13455309590120082,0.22404342421510753,0.8169229768873629,0.3487737896337438,0.24016289812255315,0.21334251987354672,0.17084528678566585,0.1434048431839845
0.5,42,fourier_gaussian,7,1.7019013166427612,2048,0.09324793496645083,0.03219366898506076,0.11415627384815046,0.8168445922690881,0.21527273125797167,0.16682311544332534,0.11567088420749536,0.078855341546042,0.06688183341676358
0.5,42,fourier_gaussian,8,2.4834699630737305,2048,0.022996012562549965,0.003728504862926985,0.027620912609599955,0.8325580290405555,0.1265269610897119,0.05026516760212513,0.02897143162553414,0.018210379305536595,0.01530257373286464
0.5,42,scalar_normalized,0,0.12079870700836182,2048,0.027373897698469124,1.8759103016939525,0.04464042970195185,0.613208651467623,0.958415377953454,0.01047053859228875,0.018965032604823497,0.031777987266005635,0.03507607455769029
0.5,42,scalar_normalized,1,0.17627345025539398,2048,0.04853721407228393,1.5620719534228429,0.08583171782323698,0.5654927491051983,0.926416440077843,0.015739551230260967,0.03384959790179548,0.05725463418635756,0.059936979523331324
0.5,42,scalar_normalized,2,0.25722402334213257,2048,0.08118421374804939,1.227011223228219,0.15022218698957462,0.5404275851321719,0.8504322170645384,0.02633446725217417,0.061183625811378595,0.09482508690495949,0.09568070842929005
0.5,42,scalar_normalized,3,0.37534967064857483,2048,0.12182699089583396,0.8647119067586663,0.2295713300705494,0.530671625496073,0.7384611190773324,0.04474533568439284,0.10347704672596503,0.1390104312095003,0.1323570366858842
0.5,42,scalar_normalized,4,0.547722578048706,2048,0.1531394627623482,0.5104648375822789,0.28783873427000656,0.5320321573492469,0.5940042003858764,0.07154064147667681,0.14348487969927404,0.16886973188145515,0.15621038336100468
0.5,42,scalar_normalized,5,0.7992547750473022,2048,0.15549943753386816,0.24342116874026254,0.2857900454762761,0.5441037572695177,0.4366002861373577,0.1071988043089535,0.16518422635001503,0.16231427312029256,0.13937078588140087
0.5,42,scalar_normalized,6,1.166298747062683,2048,0.13667997935783793,0.10048130952829518,0.22404342421510753,0.6100602141601326,0.30263947534482705,0.1496410734128829,0.15814366371244898,0.13123683721781015,0.11188469189249822
0.5,42,scalar_normalized,7,1.7019013166427612,2048,0.07677618381022408,0.026506828793708054,0.11415627384815046,0.6725533448328123,0.19973099184386797,0.12319532637664077,0.09261825068001088,0.0672898668665298,0.05866129418099448
0.5,42,scalar_normalized,8,2.4834699630737305,2048,0.020136934419824455,0.0032649424635916875,0.027620912609599955,0.7290466721517971,0.12385294281059694,0.041932201470245,0.023736603466893807,0.016609164011245185,0.014956173740544781
0.5,42,fourier_normalized,0,0.12079870700836182,2048,0.03504809981230256,2.401816950472973,0.04464042970195185,0.7851201264482927,0.9658083531096777,0.010078199719010065,0.024549941255838575,0.040891800696421246,0.04550745618006377
0.5,42,fourier_normalized,1,0.17627345025539398,2048,0.06575688280705458,2.116252124080333,0.08583171782323698,0.7661140249164674,0.9439905318132116,0.019043975802657178,0.04783659232055221,0.07663735201138515,0.08246279723580849
0.5,42,fourier_normalized,2,0.25722402334213257,2048,0.11349671023959695,1.7153795157228167,0.15022218698957462,0.7555256151840846,0.8841017798726962,0.03893027510215476,0.08762460347974574,0.13062478105036301,0.13621131871501752
0.5,42,fourier_normalized,3,0.37534967064857483,2048,0.17139263413866423,1.2165223024933378,0.2295713300705494,0.7465768224890874,0.7881577329365957,0.07317774816684272,0.14994666879610283,0.19160989660012728,0.18770629543314696
0.5,42,fourier_normalized,4,0.547722578048706,2048,0.21681898549448192,0.7227298974331213,0.28783873427000656,0.7532654909852935,0.6584633856413168,0.12980523812692465,0.20978192766637915,0.23224810887144484,0.21938248185789197
0.5,42,fourier_normalized,5,0.7992547750473022,2048,0.2127472752961015,0.33303779885122753,0.2857900454762761,0.7444180742599097,0.49504634852967777,0.19206468905576218,0.23515656461255416,0.21215514320876772,0.1866358078636352
0.5,42,fourier_normalized,6,1.166298747062683,2048,0.17542525536965276,0.12896518909861454,0.22404342421510753,0.7829966712222014,0.34208848137083747,0.22971425765235082,0.20947015081810327,0.16179883470154804,0.13621802916152642
0.5,42,fourier_normalized,7,1.7019013166427612,2048,0.09054633580873928,0.03126094710714489,0.11415627384815046,0.793178795667272,0.21232999627058152,0.16061954815838125,0.11425335868737711,0.07592936475837607,0.06469062335384303
0.5,42,fourier_normalized,8,2.4834699630737305,2048,0.022411649797276747,0.0036337580277481366,0.027620912609599955,0.8114014954555603,0.12602041873658004,0.04904543965270112,0.02885838376493659,0.01750769173796957,0.014680303270250624
0.5,42,scalar_gate_s1p5_p4,0,0.12079870700836182,2048,0.00739597293126133,0.506839835730761,0.04464042970195185,0.16567880239150004,0.9386938387343907,0.00719830217128493,0.005266637868438295,0.007630529864499492,0.010405170606256118
0.5,42,scalar_gate_s1p5_p4,1,0.17627345025539398,2048,0.012660256119148068,0.4074447078363298,0.08583171782323698,0.14750090572835525,0.8920957609327193,0.01044631046244067,0.009485844670911094,0.013213655700751212,0.01744300341701714
0.5,42,scalar_gate_s1p5_p4,2,0.25722402334213257,2048,0.02132494506478577,0.3223033853653112,0.15022218698957462,0.14195602854767195,0.7917924655617261,0.019118716162446554,0.01817696868268396,0.021863287966275853,0.0261132903953038
0.5,42,scalar_gate_s1p5_p4,3,0.37534967064857483,2048,0.03444770473875737,0.24450526298872122,0.2295713300705494,0.15005229410907395,0.6532948210867286,0.032129029577924566,0.03250706407396995,0.03498353809981795,0.03716162609039108
0.5,42,scalar_gate_s1p5_p4,4,0.547722578048706,2048,0.04897127415356071,0.1632375682667003,0.28783873427000656,0.17013441320799896,0.48903666752919994,0.059818776054167466,0.05281217617757912,0.046650196099777386,0.044885131035927915
0.5,42,scalar_gate_s1p5_p4,5,0.7992547750473022,2048,0.06959898585363912,0.10895130392957114,0.2857900454762761,0.24353187577842575,0.3505154873630277,0.11866475711122124,0.0828829873166923,0.06007687968418132,0.054696622527506254
0.5,42,scalar_gate_s1p5_p4,6,1.166298747062683,2048,0.09463989175315744,0.06957522456216289,0.22404342421510753,0.4224176276751253,0.2603920200366592,0.18327873291597113,0.11576841703798949,0.07858243206817231,0.06849578274405899
0.5,42,scalar_gate_s1p5_p4,7,1.7019013166427612,2048,0.07436329710394024,0.025673784330594706,0.11415627384815046,0.6514166466475383,0.1973203330442919,0.16781567947951231,0.0910460091519418,0.05853486379982713,0.05258345573660261
0.5,42,scalar_gate_s1p5_p4,8,2.4834699630737305,2048,0.02471915212998227,0.00400788957100182,0.027620912609599955,0.8949433525013527,0.1288427792262506,0.073093892677776,0.02820869445615752,0.018133190451792482,0.01652096514116895
0.5,42,fourier_gate_s1p5_p4,0,0.12079870700836182,2048,0.007533003304851413,0.5162304125603435,0.04464042970195185,0.168748449670995,0.9391207598711685,0.007417210840256783,0.005435332874852762,0.007763247001837246,0.010456714805455106
0.5,42,fourier_gate_s1p5_p4,1,0.17627345025539398,2048,0.01312605489524837,0.4224354982636785,0.08583171782323698,0.15292778972780607,0.8922790641786493,0.013841203890212452,0.009687885412847196,0.013480660929448912,0.01750142840422393
0.5,42,fourier_gate_s1p5_p4,2,0.25722402334213257,2048,0.021979787438509195,0.33220061667308326,0.15022218698957462,0.146315187383303,0.7924343319658124,0.025834932637931223,0.01882829423775935,0.02181859244068236,0.02604965356528698
0.5,42,fourier_gate_s1p5_p4,3,0.37534967064857483,2048,0.03474540880199134,0.24661832714860807,0.2295713300705494,0.15134907652150534,0.6534981676918197,0.039217606716495164,0.033585489026783745,0.03429831780545964,0.03601194443675583
0.5,42,fourier_gate_s1p5_p4,4,0.547722578048706,2048,0.04896214289747451,0.16320713074869622,0.28783873427000656,0.17010268969410375,0.48905668111739486,0.06482923343609066,0.05347763070853491,0.04595663952244375,0.04347368257314109
0.5,42,fourier_gate_s1p5_p4,5,0.7992547750473022,2048,0.0694847929324004,0.10877254460548201,0.2857900454762761,0.24313230650354628,0.3508305120309132,0.11810581850254709,0.08236425005436021,0.060365057945936336,0.05402863156992131
0.5,42,fourier_gate_s1p5_p4,6,1.166298747062683,2048,0.0945564349810255,0.06951387069166759,0.22404342421510753,0.42204512501219593,0.2597383292102537,0.18683437969733757,0.11488727230954843,0.07825396761173647,0.06873429828301446
0.5,42,fourier_gate_s1p5_p4,7,1.7019013166427612,2048,0.0730339099185866,0.02521481597903116,0.11415627384815046,0.6397713192332783,0.1958965637331654,0.15682800559401092,0.09001588642681638,0.05820936969481899,0.05229527270739786
0.5,42,fourier_gate_s1p5_p4,8,2.4834699630737305,2048,0.022483219398436234,0.003645362109335545,0.027620912609599955,0.8139926336330372,0.12635929301105048,0.0534495724858257,0.028092017654599448,0.01724038841364689,0.015114743392578352
0.5,42,scalar_gate_s1p5_p4_plateau_lo0p8_hi1,0,0.12079870700836182,2048,0.010433122371744846,0.7149731452778949,0.04464042970195185,0.233714649285481,0.9423849981102479,0.007812250972179228,0.008386350794145486,0.0109891996300256,0.01342713075595287
0.5,42,scalar_gate_s1p5_p4_plateau_lo0p8_hi1,1,0.17627345025539398,2048,0.015762825375526437,0.5072946170569759,0.08583171782323698,0.18364802400889396,0.8952223618205929,0.013565172932353212,0.013172547437262875,0.016291557607386663,0.01959124908050817
0.5,42,scalar_gate_s1p5_p4_plateau_lo0p8_hi1,2,0.25722402334213257,2048,0.024287226740502984,0.36707505580050903,0.15022218698957462,0.16167536385413234,0.795087974562219,0.016736455199109206,0.020147660734458887,0.025782830475149995,0.030191269721133666
0.5,42,scalar_gate_s1p5_p4_plateau_lo0p8_hi1,3,0.37534967064857483,2048,0.03926727144969483,0.2787139115789889,0.2295713300705494,0.17104605979164572,0.6571779733913424,0.030932359596369124,0.037250345606521656,0.040567021760987934,0.042573256135631836
0.5,42,scalar_gate_s1p5_p4_plateau_lo0p8_hi1,4,0.547722578048706,2048,0.05810960447314967,0.1936986670469757,0.28783873427000656,0.20188250417555015,0.49794866091184314,0.06294780158932671,0.06293445770805804,0.05612776293392136,0.05433115725029892
0.5,42,scalar_gate_s1p5_p4_plateau_lo0p8_hi1,5,0.7992547750473022,2048,0.09006509260442849,0.14098925663120107,0.2857900454762761,0.3151442607258514,0.3712929025817081,0.13324632540563996,0.11217454561204683,0.07789625926945354,0.07274097274456169
0.5,42,scalar_gate_s1p5_p4_plateau_lo0p8_hi1,6,1.166298747062683,2048,0.14828300928279115,0.10901136379690841,0.22404342421510753,0.6618494151402647,0.3142820209766314,0.2050811597700733,0.19095654204600054,0.1301947104618045,0.1091979963123229
0.5,42,scalar_gate_s1p5_p4_plateau_lo0p8_hi1,7,1.7019013166427612,2048,0.0889621847698643,0.0307140220284691,0.11415627384815046,0.7793017568898658,0.21160335071145883,0.16184538087237937,0.11599969963532208,0.07232283708480174,0.06326458509566739
0.5,42,scalar_gate_s1p5_p4_plateau_lo0p8_hi1,8,2.4834699630737305,2048,0.024593721338299436,0.003987552596690376,0.027620912609599955,0.8904021994462129,0.12850258069413178,0.05579933047548412,0.031237855983207816,0.0189379267285027,0.016811812085925144
0.5,42,fourier_gate_s1p5_p4_plateau_lo0p8_hi1,0,0.12079870700836182,2048,0.011028827955900579,0.7557963504496177,0.04464042970195185,0.24705917997510574,0.9431645399813824,0.006147546142968026,0.007829631953889145,0.012348974837569068,0.014440889191469151
0.5,42,fourier_gate_s1p5_p4_plateau_lo0p8_hi1,1,0.17627345025539398,2048,0.01579613771675279,0.5083667073062235,0.08583171782323698,0.18403613626006618,0.8949387237134157,0.010803536581582274,0.011606973046022102,0.017201545844784366,0.020707889278360578
0.5,42,fourier_gate_s1p5_p4_plateau_lo0p8_hi1,2,0.25722402334213257,2048,0.02387445216763029,0.3608364164124396,0.15022218698957462,0.15892760347901985,0.7940921291107716,0.017095106574350444,0.018935880321521048,0.02561659870907565,0.029838996067075303
0.5,42,fourier_gate_s1p5_p4_plateau_lo0p8_hi1,3,0.37534967064857483,2048,0.038759447211452115,0.2751094421414684,0.2295713300705494,0.16883400553344782,0.6567334540550291,0.03325609132961412,0.03607666610240355,0.03995753515557968,0.04206014577296656
0.5,42,fourier_gate_s1p5_p4_plateau_lo0p8_hi1,4,0.547722578048706,2048,0.05869302748113079,0.19564341026102902,0.28783873427000656,0.2039094134775965,0.4985719430968757,0.06659255485633374,0.06200762737148905,0.05671603816282105,0.05588040544788461
0.5,42,fourier_gate_s1p5_p4_plateau_lo0p8_hi1,5,0.7992547750473022,2048,0.09194665787079427,0.14393468732512293,0.2857900454762761,0.3217279934210546,0.372922747162203,0.13675590972719556,0.10712942204568937,0.08232113111798287,0.07642414937248986
0.5,42,fourier_gate_s1p5_p4_plateau_lo0p8_hi1,6,1.166298747062683,2048,0.1707165123826009,0.12550352145867125,0.22404342421510753,0.7619795715079474,0.33707696083382227,0.24643337889054862,0.19936005166155696,0.15480063292475918,0.13785639466744357
0.5,42,fourier_gate_s1p5_p4_plateau_lo0p8_hi1,7,1.7019013166427612,2048,0.09705307204932101,0.03350738519478461,0.11415627384815046,0.8501772944903584,0.2192302128200359,0.18272829144936015,0.1196200690564683,0.08041031567329918,0.07220925734600882
0.5,42,fourier_gate_s1p5_p4_plateau_lo0p8_hi1,8,2.4834699630737305,2048,0.025128113958550014,0.0040741974216528315,0.027620912609599955,0.9097495913229333,0.12917403997252136,0.057538749592040306,0.03180004181193678,0.019380691760548026,0.01697348405970868
0.5,42,scalar_gate_s1p5_p4_cap_lo1_hi2_d0p5,0,0.12079870700836182,2048,0.007854987872715621,0.5382957455463991,0.04464042970195185,0.17596129618734765,0.938962437124924,0.012164280398025086,0.00563947080227737,0.007664502048333747,0.010119246598209895
0.5,42,scalar_gate_s1p5_p4_cap_lo1_hi2_d0p5,1,0.17627345025539398,2048,0.012407125956533534,0.39929822610796634,0.08583171782323698,0.14455176094791602,0.8916346148664781,0.010085804418706651,0.009338981402693392,0.01296792878188398,0.017032639788607043
0.5,42,scalar_gate_s1p5_p4_cap_lo1_hi2_d0p5,2,0.25722402334213257,2048,0.020501141791016482,0.3098524935480415,0.15022218698957462,0.1364721297290077,0.7905854295946391,0.01658248030636699,0.01703684268413997,0.02135681655873008,0.02560438079446198
0.5,42,scalar_gate_s1p5_p4_cap_lo1_hi2_d0p5,3,0.37534967064857483,2048,0.03316573681794798,0.23540602383773243,0.2295713300705494,0.1444681128421212,0.6519404512453717,0.029452317738639024,0.0313112583215918,0.033922743350359316,0.035665795621976686
0.5,42,scalar_gate_s1p5_p4_cap_lo1_hi2_d0p5,4,0.547722578048706,2048,0.047929045712641775,0.15976347372424432,0.28783873427000656,0.1665135369435096,0.4879679242308469,0.056471152836561476,0.05137966624214467,0.046112184080695846,0.04391269364536587
0.5,42,scalar_gate_s1p5_p4_cap_lo1_hi2_d0p5,5,0.7992547750473022,2048,0.07003487020127852,0.10963364387253628,0.2857900454762761,0.24505706657684206,0.3505277531621659,0.11386292110249605,0.08385943122222825,0.06081716729894723,0.05593138884994304
0.5,42,scalar_gate_s1p5_p4_cap_lo1_hi2_d0p5,6,1.166298747062683,2048,0.09745351724567236,0.07164368239584401,0.22404342421510753,0.43497602122035833,0.2634195244648531,0.1823522614128363,0.1206589721357632,0.08133442313942083,0.0699277617495923
0.5,42,scalar_gate_s1p5_p4_cap_lo1_hi2_d0p5,7,1.7019013166427612,2048,0.07889173735267069,0.027237219557752348,0.11415627384815046,0.6910854278373846,0.20164877253618774,0.18171579858410025,0.09862055010865509,0.06105129616427229,0.05409103625852048
0.5,42,scalar_gate_s1p5_p4_cap_lo1_hi2_d0p5,8,2.4834699630737305,2048,0.024179610360957466,0.003920409878420798,0.027620912609599955,0.8754095385158843,0.12808593981190303,0.06366164095927186,0.028556553943688216,0.01826713763755541,0.01679992394766924
0.5,42,fourier_gate_s1p5_p4_cap_lo1_hi2_d0p5,0,0.12079870700836182,2048,0.00806436164915646,0.5526439552334655,0.04464042970195185,0.18065152380923105,0.9395193556401944,0.007374857434985903,0.005615140668539416,0.008471378628377678,0.011263970478845807
0.5,42,fourier_gate_s1p5_p4_cap_lo1_hi2_d0p5,1,0.17627345025539398,2048,0.012844226458277357,0.413365420685394,0.08583171782323698,0.14964428982685554,0.89218495690745,0.014059211239689012,0.009820471899918784,0.01303199946468911,0.016835433881463937
0.5,42,fourier_gate_s1p5_p4_cap_lo1_hi2_d0p5,2,0.25722402334213257,2048,0.021226577402672753,0.32081666498159267,0.15022218698957462,0.14130121407529417,0.7912633165344325,0.024608548007439487,0.01754738581368478,0.021210087981029965,0.025950783262209284
0.5,42,fourier_gate_s1p5_p4_cap_lo1_hi2_d0p5,3,0.37534967064857483,2048,0.03357783726174909,0.23833105841270633,0.2295713300705494,0.14626319955296815,0.6526951602737883,0.03711712399823172,0.03151924152085092,0.03344003178873311,0.03579189106780472
0.5,42,fourier_gate_s1p5_p4_cap_lo1_hi2_d0p5,4,0.547722578048706,2048,0.048006007748460415,0.16002001382439557,0.28783873427000656,0.16678091595354388,0.4876968730632834,0.06310678519244342,0.05143610335793894,0.045303820336801734,0.04372700275121863
0.5,42,fourier_gate_s1p5_p4_cap_lo1_hi2_d0p5,5,0.7992547750473022,2048,0.07035583271192768,0.11013608343568268,0.2857900454762761,0.24618013757154472,0.3510809877665534,0.11697173578911739,0.08319292380359031,0.06128403377587031,0.055907853931194365
0.5,42,fourier_gate_s1p5_p4_cap_lo1_hi2_d0p5,6,1.166298747062683,2048,0.09996826214874038,0.07349241592782921,0.22404342421510753,0.44620038503231996,0.26555750011283136,0.18974989200727,0.11998418760328272,0.0840884679374968,0.07449604510617992
0.5,42,fourier_gate_s1p5_p4_cap_lo1_hi2_d0p5,7,1.7019013166427612,2048,0.07929799751900829,0.027377480093512138,0.11415627384815046,0.6946442350114694,0.2018526295099016,0.16379232548876327,0.09700339665011436,0.06417375797018986,0.05801645515382557
0.5,42,fourier_gate_s1p5_p4_cap_lo1_hi2_d0p5,8,2.4834699630737305,2048,0.022686755139314757,0.0036783627870652525,0.027620912609599955,0.8213615335588051,0.1264463251444509,0.05392186024817711,0.028493525502239866,0.01733305481619983,0.015235861765403015
0.5,42,scalar_gate_s1p5_p4_linear_sigma,0,0.12079870700836182,2048,0.007334527701945695,0.5026290455856077,0.04464042970195185,0.16430235441091645,0.9389687465443733,0.00805436787869861,0.005763936085159851,0.007374265123871012,0.00957666021742882
0.5,42,scalar_gate_s1p5_p4_linear_sigma,1,0.17627345025539398,2048,0.01264227825697532,0.4068661267451133,0.08583171782323698,0.1472914509646772,0.8917753669904136,0.009675101757096193,0.009170636021157134,0.013382566123481364,0.017665875013784336
0.5,42,scalar_gate_s1p5_p4_linear_sigma,2,0.25722402334213257,2048,0.02118965304152399,0.3202585933633754,0.15022218698957462,0.1410554157555604,0.7918259973650497,0.01783814135673855,0.017755749543799874,0.021925939895972104,0.02637479318999923
0.5,42,scalar_gate_s1p5_p4_linear_sigma,3,0.37534967064857483,2048,0.03376203865469794,0.23963849559516615,0.2295713300705494,0.1470655706194783,0.6528181926320689,0.028675683695367347,0.031411398643611574,0.0348369364754683,0.036705981884458234
0.5,42,scalar_gate_s1p5_p4_linear_sigma,4,0.547722578048706,2048,0.04736698370968791,0.15788993385494057,0.28783873427000656,0.16456083935268906,0.4875927021746353,0.05426027785223962,0.05099691409412882,0.04571330911671432,0.04333138140938665
0.5,42,scalar_gate_s1p5_p4_linear_sigma,5,0.7992547750473022,2048,0.0686894907738837,0.1075275665914257,0.2857900454762761,0.24034948683888194,0.3493751109499351,0.10999629750975963,0.08152188969081271,0.06025100813824441,0.05480682335849394
0.5,42,scalar_gate_s1p5_p4_linear_sigma,6,1.166298747062683,2048,0.09524182692247926,0.07001774170584962,0.22404342421510753,0.4251043174158779,0.2606603643847217,0.1796736555945991,0.11606649894963786,0.07979564777689452,0.0696658486063398
0.5,42,scalar_gate_s1p5_p4_linear_sigma,7,1.7019013166427612,2048,0.075459511961631,0.026052250387539548,0.11415627384815046,0.6610194027706835,0.1980846641245358,0.1630924320752351,0.09253468667290242,0.06023473078682072,0.053934530183318424
0.5,42,scalar_gate_s1p5_p4_linear_sigma,8,2.4834699630737305,2048,0.02780841496500829,0.004508773429537027,0.027620912609599955,1.0067884199938841,0.13195077903501867,0.08778106978841613,0.034627027750664605,0.01878678319711734,0.01645001512286963
0.5,42,fourier_gate_s1p5_p4_linear_sigma,0,0.12079870700836182,2048,0.007529869304763205,0.5160156421569564,0.04464042970195185,0.1686782442516222,0.9388686953067357,0.007355805921702191,0.005687245877601135,0.007720973060965125,0.01018039864243353
0.5,42,fourier_gate_s1p5_p4_linear_sigma,1,0.17627345025539398,2048,0.013141980767493493,0.42294804021408494,0.08583171782323698,0.15311333736274824,0.8922720206484809,0.013359542835941176,0.009571415437401753,0.013589692652002548,0.01767742864148478
0.5,42,fourier_gate_s1p5_p4_linear_sigma,2,0.25722402334213257,2048,0.021692443822913753,0.32785772998389545,0.15022218698957462,0.1444023965941809,0.791977163086991,0.024511913790938394,0.018147029389561378,0.021794965001099655,0.026041728382379795
0.5,42,fourier_gate_s1p5_p4_linear_sigma,3,0.37534967064857483,2048,0.034608476802920445,0.24564640188687267,0.2295713300705494,0.15075260831692242,0.6535987513218564,0.0373819108230679,0.032031728116391885,0.0348974768047879,0.03655678889405671
0.5,42,fourier_gate_s1p5_p4_linear_sigma,4,0.547722578048706,2048,0.047727047371786874,0.15909014597190393,0.28783873427000656,0.16581176085570407,0.4877276141476108,0.062409200095948594,0.051161240606189706,0.045332234918203235,0.04251213271074132
0.5,42,fourier_gate_s1p5_p4_linear_sigma,5,0.7992547750473022,2048,0.06942214000123909,0.1086744667605061,0.2857900454762761,0.24291307937456458,0.35039631671043087,0.11655734590136904,0.08139759881239042,0.06068188967340023,0.05496493340873366
0.5,42,fourier_gate_s1p5_p4_linear_sigma,6,1.166298747062683,2048,0.0968428427738772,0.07119474048855245,0.22404342421510753,0.4322503242982793,0.2624683035750949,0.18940802844460553,0.11705588548380358,0.08059402151973034,0.07086787732149177
0.5,42,fourier_gate_s1p5_p4_linear_sigma,7,1.7019013166427612,2048,0.07504230333151185,0.025908209915859407,0.11415627384815046,0.6573646879131004,0.1977329583454265,0.15931482730027913,0.09214477084315849,0.06026742545857856,0.05363605307035067
0.5,42,fourier_gate_s1p5_p4_linear_sigma,8,2.4834699630737305,2048,0.02542789401230036,0.0041228028651042305,0.027620912609599955,0.9206029638377197,0.12951202785010707,0.05754946030200597,0.03182310448014444,0.019825191793313567,0.01737908029135792
0.5,42,scalar_gate_s1p5_p4_tanh_sigma,0,0.12079870700836182,2048,0.00732598720372421,0.5020437723895229,0.04464042970195185,0.16411103684792464,0.938651100408406,0.009306051156322815,0.005663689074320261,0.007250496744319024,0.009466334528973828
0.5,42,scalar_gate_s1p5_p4_tanh_sigma,1,0.17627345025539398,2048,0.0123607257515836,0.3978049294659831,0.08583171782323698,0.14401116586108004,0.8913981415390358,0.00937676974531277,0.009120475419674484,0.013057217512004785,0.017147733027981355
0.5,42,scalar_gate_s1p5_p4_tanh_sigma,2,0.25722402334213257,2048,0.020645239174678982,0.3120303690096482,0.15022218698957462,0.13743135809966445,0.7911645468462465,0.017528726767265,0.017536627516542093,0.02127798047733816,0.025512699649884365
0.5,42,scalar_gate_s1p5_p4_tanh_sigma,3,0.37534967064857483,2048,0.03378356645112186,0.2397912970536702,0.2295713300705494,0.14715934450847962,0.6530145406002027,0.02968387524226627,0.03201453053665881,0.03458704619014646,0.03617075751210535
0.5,42,scalar_gate_s1p5_p4_tanh_sigma,4,0.547722578048706,2048,0.04879435228183601,0.1626478287385236,0.28783873427000656,0.16951975697636498,0.488693402947461,0.057150743494552916,0.05305643841095321,0.046738676378254594,0.044340757458759206
0.5,42,scalar_gate_s1p5_p4_tanh_sigma,5,0.7992547750473022,2048,0.06999049548342647,0.10956417901881478,0.2857900454762761,0.24490179623571418,0.3509078555800766,0.11421567915872381,0.08373021135572851,0.060982901840751,0.05502347454094273
0.5,42,scalar_gate_s1p5_p4_tanh_sigma,6,1.166298747062683,2048,0.09403869262293052,0.06913324852312415,0.22404342421510753,0.4197342231863164,0.25932181734478865,0.17991383391142482,0.11473457813119538,0.07848282313104926,0.06830421352840316
0.5,42,scalar_gate_s1p5_p4_tanh_sigma,7,1.7019013166427612,2048,0.07407199026907378,0.025573211209933635,0.11415627384815046,0.6488648216356782,0.19689342960182704,0.16117410056978873,0.091182160715888,0.05889676973812907,0.05259245909124247
0.5,42,scalar_gate_s1p5_p4_tanh_sigma,8,2.4834699630737305,2048,0.024759711952684883,0.004014465819635134,0.027620912609599955,0.8964117986485128,0.12886102428744428,0.07177528859512061,0.0296848567564358,0.017860239176011067,0.015948809100986713
0.5,42,fourier_gate_s1p5_p4_tanh_sigma,0,0.12079870700836182,2048,0.007505684284414977,0.5143582629514932,0.04464042970195185,0.16813647033704068,0.9387950674029099,0.007129207873081153,0.005642485997378876,0.0077145216943927545,0.010238249029970796
0.5,42,fourier_gate_s1p5_p4_tanh_sigma,1,0.17627345025539398,2048,0.013064332640892606,0.4204490924867094,0.08583171782323698,0.15220868196763196,0.8921150693115778,0.012965513735797973,0.00961794680390648,0.013528401313197224,0.01749299186965863
0.5,42,fourier_gate_s1p5_p4_tanh_sigma,2,0.25722402334213257,2048,0.021592103088614364,0.3263411887568731,0.15022218698957462,0.14373444776245237,0.7918608288899363,0.024802826835113295,0.018674299818540973,0.021460929067100128,0.025491119790854763
0.5,42,fourier_gate_s1p5_p4_tanh_sigma,3,0.37534967064857483,2048,0.034645195368178665,0.24590702541819692,0.2295713300705494,0.15091255235369275,0.6535105079022803,0.03831459286312958,0.03322949366944272,0.034415941547376074,0.03598951421399074
0.5,42,fourier_gate_s1p5_p4_tanh_sigma,4,0.547722578048706,2048,0.04943935655419072,0.16479784281842394,0.28783873427000656,0.17176060991087538,0.4893376090153171,0.06452320150958347,0.05389973997203499,0.046607248889387144,0.04382894556984066
0.5,42,fourier_gate_s1p5_p4_tanh_sigma,5,0.7992547750473022,2048,0.07093303562909747,0.11103964560237642,0.2857900454762761,0.24819981224638468,0.35224013602955523,0.11754869179148672,0.08481283492593052,0.06169966830528913,0.05524186001223187
0.5,42,fourier_gate_s1p5_p4_tanh_sigma,6,1.166298747062683,2048,0.0950413141912574,0.06987033327116206,0.22404342421510753,0.42420934479204697,0.2603915905980579,0.18799495013159218,0.11516232954231194,0.07871194223200077,0.06931844989083281
0.5,42,fourier_gate_s1p5_p4_tanh_sigma,7,1.7019013166427612,2048,0.07359732428888041,0.025409333699398812,0.11415627384815046,0.6447067849006604,0.1963464095291525,0.1581384208311154,0.09063163149596476,0.05876524678904044,0.05237912839666208
0.5,42,fourier_gate_s1p5_p4_tanh_sigma,8,2.4834699630737305,2048,0.02290040670571773,0.0037130036145625704,0.027620912609599955,0.8290966714024662,0.12683526806633239,0.05404114235668196,0.028700845392752108,0.01757071057028031,0.015422514634328957
0.5,43,scalar_gate_loglinear_lo0p1_hi3,0,0.12079870700836182,2048,0.012571360309899138,0.8615048018158236,0.04464042970195185,0.2816137836000595,0.9451073953019904,0.01824552862820692,0.011633905707769145,0.011928282700713989,0.013515034838214257
0.5,43,scalar_gate_loglinear_lo0p1_hi3,1,0.17627345025539398,2048,0.01664890660677586,0.5358113472864408,0.08583171782323698,0.19397149479243614,0.8964448722008471,0.016637296645400264,0.014042133000862015,0.016889439602087906,0.020380940569096964
0.5,43,scalar_gate_loglinear_lo0p1_hi3,2,0.25722402334213257,2048,0.023457103810597152,0.35452864924400007,0.15022218698957462,0.15614939630871616,0.7945124538820942,0.02127255208880196,0.02083607762147253,0.023842549065849896,0.02787421925019458
0.5,43,scalar_gate_loglinear_lo0p1_hi3,3,0.37534967064857483,2048,0.03781684518852222,0.2684189773555557,0.2295713300705494,0.16472808332338693,0.656303815031263,0.03159577814943968,0.036668763857547845,0.03854953893762694,0.04054607285757133
0.5,43,scalar_gate_loglinear_lo0p1_hi3,4,0.547722578048706,2048,0.05903538366797585,0.1967845974649071,0.28783873427000656,0.20509881624409113,0.49951042600120965,0.06167341669270936,0.06692225395657572,0.056523823487745276,0.053036823266484096
0.5,43,scalar_gate_loglinear_lo0p1_hi3,5,0.7992547750473022,2048,0.08839980061514688,0.13838238339259892,0.2857900454762761,0.3093172838397028,0.36890174691713096,0.12790843324589982,0.10973426779539656,0.07773558974785975,0.06880963744292488
0.5,43,scalar_gate_loglinear_lo0p1_hi3,6,1.166298747062683,2048,0.10958968329264322,0.08056567567373175,0.22404342421510753,0.4891448328669735,0.27477287329750777,0.19313484298396794,0.13887249533073676,0.09178792863610832,0.07836844632109509
0.5,43,scalar_gate_loglinear_lo0p1_hi3,7,1.7019013166427612,2048,0.07636590515101084,0.02636518088106422,0.11415627384815046,0.6689593359765055,0.19874589125041636,0.15886180296907765,0.09668660329880706,0.060579310003268196,0.05404741354747493
0.5,43,scalar_gate_loglinear_lo0p1_hi3,8,2.4834699630737305,2048,0.02358098029613126,0.003823349785862242,0.027620912609599955,0.8537364651715175,0.1270979329269142,0.05710474128696783,0.02860163502765234,0.01820738585288303,0.016331305897455677
0.5,43,fourier_gate_loglinear_lo0p1_hi3,0,0.12079870700836182,2048,0.015586429450309231,1.068124966876612,0.04464042970195185,0.349155004877288,0.9484111323889332,0.006216224769208159,0.011120800744684784,0.017607493721093596,0.021095862504623482
0.5,43,fourier_gate_loglinear_lo0p1_hi3,1,0.17627345025539398,2048,0.01929287602412031,0.6209021492923161,0.08583171782323698,0.22477560176358494,0.8981675327088002,0.010299810161114368,0.014295373254997686,0.021213096138338227,0.025919308217185057
0.5,43,fourier_gate_loglinear_lo0p1_hi3,2,0.25722402334213257,2048,0.026073194665814533,0.3940680213970446,0.15022218698957462,0.17356420638200404,0.7968073677217207,0.01940716684259993,0.0220707559005251,0.027596387897573862,0.0311377046081353
0.5,43,fourier_gate_loglinear_lo0p1_hi3,3,0.37534967064857483,2048,0.04054571185110503,0.28778811286272543,0.2295713300705494,0.1766148753794516,0.6587724659219635,0.03630603518957041,0.04001174622794245,0.041204709608456784,0.041360812909806664
0.5,43,fourier_gate_loglinear_lo0p1_hi3,4,0.547722578048706,2048,0.06186191046933613,0.206206352762674,0.28783873427000656,0.21491864403248345,0.501415633629703,0.07039257835827598,0.0698426587642773,0.058998343935320344,0.053752571579644984
0.5,43,fourier_gate_loglinear_lo0p1_hi3,5,0.7992547750473022,2048,0.09191415615171386,0.1438838086430512,0.2857900454762761,0.3216142675597279,0.37287553521483385,0.13497328392580524,0.10935266660450223,0.08246256003507388,0.07269665191290163
0.5,43,fourier_gate_loglinear_lo0p1_hi3,6,1.166298747062683,2048,0.11179912304323122,0.08218996183843566,0.22404342421510753,0.4990064914196775,0.27808400861862886,0.19451086598122458,0.1362662636011679,0.0958633690866411,0.08255275314402141
0.5,43,fourier_gate_loglinear_lo0p1_hi3,7,1.7019013166427612,2048,0.07628139397452743,0.02633600356102787,0.11415627384815046,0.6682190247028927,0.19846535498467094,0.15804104099613286,0.09549393027069675,0.061181882123743064,0.05374634809451995
0.5,43,fourier_gate_loglinear_lo0p1_hi3,8,2.4834699630737305,2048,0.022622983495521054,0.003668023043018109,0.027620912609599955,0.819052716153129,0.12640510674830666,0.05364885686190114,0.028694074614280987,0.01724410623531179,0.0149135392860828
0.5,43,scalar_gate_logsigmoid_lo0p1_hi1p5_s0p75_p2,0,0.12079870700836182,2048,0.012788695999774807,0.8763986347677284,0.04464042970195185,0.28648236778096325,0.9450756245621516,0.010254576547272888,0.01126366894243172,0.013298226736796226,0.014982805457693794
0.5,43,scalar_gate_logsigmoid_lo0p1_hi1p5_s0p75_p2,1,0.17627345025539398,2048,0.018193117691622723,0.5855086542272888,0.08583171782323698,0.21196264216789742,0.8974950753586917,0.012313426313324013,0.01598403018168569,0.01911780590709903,0.021893612994321805
0.5,43,scalar_gate_logsigmoid_lo0p1_hi1p5_s0p75_p2,2,0.25722402334213257,2048,0.027967679658441512,0.4227011046144895,0.15022218698957462,0.1861754260066954,0.798183629712798,0.019693008404126428,0.02561611997753761,0.029133497639809998,0.03234106852505368
0.5,43,scalar_gate_logsigmoid_lo0p1_hi1p5_s0p75_p2,3,0.37534967064857483,2048,0.045165107618514014,0.32057597450764214,0.2295713300705494,0.19673670751759098,0.6631969972767962,0.033538528838455366,0.044897038531168165,0.04650493423931635,0.04703931808413037
0.5,43,scalar_gate_logsigmoid_lo0p1_hi1p5_s0p75_p2,4,0.547722578048706,2048,0.06530565309906901,0.21768549400068266,0.28783873427000656,0.22688278304409568,0.505679307848163,0.06124222198905466,0.07393901789234619,0.06349994515582584,0.05903647409105845
0.5,43,scalar_gate_logsigmoid_lo0p1_hi1p5_s0p75_p2,5,0.7992547750473022,2048,0.09486255603207286,0.14849927835903856,0.2857900454762761,0.33193093158294606,0.3750778048017293,0.11634576549736364,0.11822208201904738,0.08595512197131568,0.07504969991515055
0.5,43,scalar_gate_logsigmoid_lo0p1_hi1p5_s0p75_p2,6,1.166298747062683,2048,0.1305181027539363,0.09595135983690099,0.22404342421510753,0.5825571681524733,0.29678162881203585,0.18643774275924846,0.16672479129572285,0.11416955764401085,0.09684536020308294
0.5,43,scalar_gate_logsigmoid_lo0p1_hi1p5_s0p75_p2,7,1.7019013166427612,2048,0.08581039461890456,0.02962587258186871,0.11415627384815046,0.7516923225178908,0.2079495152673095,0.15314190868229555,0.1114367088748433,0.07027583639419734,0.061532214755356925
0.5,43,scalar_gate_logsigmoid_lo0p1_hi1p5_s0p75_p2,8,2.4834699630737305,2048,0.02415095468047647,0.003915763731888512,0.027620912609599955,0.8743720753123319,0.12784376805666955,0.05452536722320571,0.030390373676080225,0.018703144668527495,0.016764596209694147
0.5,43,fourier_gate_logsigmoid_lo0p1_hi1p5_s0p75_p2,0,0.12079870700836182,2048,0.015588357823209486,1.068257116657726,0.04464042970195185,0.3491982027791256,0.9484119786077951,0.007161346111702649,0.011650358127919038,0.01749395844906432,0.02007198364577805
0.5,43,fourier_gate_logsigmoid_lo0p1_hi1p5_s0p75_p2,1,0.17627345025539398,2048,0.021982124425644227,0.7074501637200022,0.08583171782323698,0.25610724080944663,0.9028926123222015,0.011775135685276194,0.01714818915257853,0.024243326398824656,0.027704017868172795
0.5,43,fourier_gate_logsigmoid_lo0p1_hi1p5_s0p75_p2,2,0.25722402334213257,2048,0.032174739672367066,0.4862862477791648,0.15022218698957462,0.21418100959081351,0.8017138740238943,0.020150424295219137,0.026563821966324164,0.03488902802290212,0.038575901479504154
0.5,43,fourier_gate_logsigmoid_lo0p1_hi1p5_s0p75_p2,3,0.37534967064857483,2048,0.05099119905233428,0.3619288027737249,0.2295713300705494,0.22211483915114405,0.668855273256616,0.040321979792436506,0.048364694292609804,0.053009338833842345,0.05396380126164605
0.5,43,fourier_gate_logsigmoid_lo0p1_hi1p5_s0p75_p2,4,0.547722578048706,2048,0.0725621289574296,0.2418737450474174,0.28783873427000656,0.25209299624477516,0.511810386199685,0.07891965927719594,0.07988033388019021,0.06998879407219706,0.0657415129279746
0.5,43,fourier_gate_logsigmoid_lo0p1_hi1p5_s0p75_p2,5,0.7992547750473022,2048,0.10709404374325915,0.16764663401066682,0.2857900454762761,0.37472979006243656,0.38787894101196274,0.15092892728211502,0.12569701745151224,0.09695244655682463,0.08798207788908646
0.5,43,fourier_gate_logsigmoid_lo0p1_hi1p5_s0p75_p2,6,1.166298747062683,2048,0.14711811420482862,0.10815498246405575,0.22404342421510753,0.6566499986340963,0.31329333102456197,0.22936048232451758,0.17547214007543038,0.13036868410820598,0.11429637740006167
0.5,43,fourier_gate_logsigmoid_lo0p1_hi1p5_s0p75_p2,7,1.7019013166427612,2048,0.0933277593184774,0.03222122818802879,0.11415627384815046,0.8175438473282779,0.21565608713198203,0.17938772927712612,0.116000951752924,0.07678429762481492,0.06770628918960346
0.5,43,fourier_gate_logsigmoid_lo0p1_hi1p5_s0p75_p2,8,2.4834699630737305,2048,0.0245645881797814,0.003982829033293832,0.027620912609599955,0.8893474494120699,0.1285645792524771,0.057039275725475715,0.031076935265676307,0.01890730843701541,0.01631753486325403
0.5,43,score,0,0.12079870700836182,2048,0.010972648124949984,0.7519463936481228,0.04464042970195185,0.24580068333146482,0.9422098714668737,0.010704577129780627,0.00785241473655631,0.011462097604832813,0.014819626666519918
0.5,43,score,1,0.17627345025539398,2048,0.01978455122728837,0.6367257201284691,0.08583171782323698,0.23050396437402018,0.8987868493628366,0.01690185874574774,0.014569998150333975,0.021067801165466218,0.025808530531835818
0.5,43,score,2,0.25722402334213257,2048,0.03316824777896869,0.501302043842075,0.15022218698957462,0.22079460060896702,0.8038358627776645,0.03137835874933205,0.027969000407559293,0.03416615666565199,0.03963585899491332
0.5,43,score,3,0.37534967064857483,2048,0.05166385220985759,0.36670320613173407,0.2295713300705494,0.22504487905341147,0.6703921359963305,0.05599389724469458,0.04957670489172877,0.05153526699196071,0.05345452213478766
0.5,43,score,4,0.547722578048706,2048,0.06831624051230512,0.227720784625345,0.28783873427000656,0.23734206824374512,0.5087018239236771,0.08043406593552399,0.07254406883375863,0.06579481621146774,0.06359335673109624
0.5,43,score,5,0.7992547750473022,2048,0.07683784412030514,0.12028312202205246,0.2857900454762761,0.2688611634189462,0.35772133985697946,0.1242185962443199,0.09208908046294617,0.06734504585514764,0.059263577332863485
0.5,43,score,6,1.166298747062683,2048,0.08808254815361352,0.0647545443498537,0.22404342421510753,0.3931494461941633,0.2542865497476705,0.16696076092632667,0.10630979911251813,0.07395685327236168,0.06522105334878285
0.5,43,score,7,1.7019013166427612,2048,0.0831329799728009,0.02870150035975541,0.11415627384815046,0.7282383803397751,0.20575313424752856,0.1503733163265989,0.09232095582171443,0.07244132686042791,0.06983374780269823
0.5,43,score,8,2.4834699630737305,2048,0.10569621685300165,0.017137269231240253,0.027620912609599955,3.8266735913811103,0.20797063890631376,0.14105613678104573,0.10550824217506632,0.1018437025797137,0.10093993690839459
0.5,43,scalar_gaussian,0,0.12079870700836182,2048,0.023570566166296738,1.6152711745754702,0.04464042970195185,0.5280093924648342,0.9553946548614058,0.008327288052818875,0.01596182752846236,0.0275216561402661,0.03063936057271688
0.5,43,scalar_gaussian,1,0.17627345025539398,2048,0.04218544798345211,1.3576532233471879,0.08583171782323698,0.4914901979514077,0.9212859947438203,0.01400747988089276,0.02978982667673518,0.04944057378496907,0.052468281779973334
0.5,43,scalar_gaussian,2,0.25722402334213257,2048,0.07120873899517573,1.0762427558905674,0.15022218698957462,0.47402278200168657,0.8420315622613566,0.023234329292855578,0.05417851832288126,0.0827189431535787,0.08465414320435477
0.5,43,scalar_gaussian,3,0.37534967064857483,2048,0.10746705022828762,0.7627869426413761,0.2295713300705494,0.4681205192097027,0.7245198177828085,0.03965339348963603,0.09167282952449993,0.12176964202509379,0.11918790510189331
0.5,43,scalar_gaussian,4,0.547722578048706,2048,0.1394465084825809,0.46482166007361697,0.28783873427000656,0.4844605394622579,0.5796813138345784,0.0704580103996689,0.13367783919493753,0.15213148248463526,0.1401078510322483
0.5,43,scalar_gaussian,5,0.7992547750473022,2048,0.14681297996142437,0.229823256824752,0.2857900454762761,0.5137092151574312,0.4277930510166621,0.11525713043185401,0.15830126003321998,0.1503522921214929,0.13054966363440135
0.5,43,scalar_gaussian,6,1.166298747062683,2048,0.13745697712690938,0.1010525252520879,0.22404342421510753,0.6135282818875988,0.3038298125830931,0.17061285032516993,0.16009862241844924,0.1291044514623729,0.11033921956449833
0.5,43,scalar_gaussian,7,1.7019013166427612,2048,0.08263572855249678,0.02852982526975602,0.11415627384815046,0.7238824969218774,0.20499988441149436,0.14381942992043445,0.0995330168707888,0.07085551675415058,0.06310818202043117
0.5,43,scalar_gaussian,8,2.4834699630737305,2048,0.024705248631124586,0.004005635299181366,0.027620912609599955,0.8944399839467289,0.12818646651347487,0.05919911957988381,0.028841869182019204,0.01948690594766392,0.01790173392885268
0.5,43,fourier_gaussian,0,0.12079870700836182,2048,0.03633728171967786,2.4901635077459634,0.04464042970195185,0.8139993714730988,0.9670019324152197,0.009531252497585931,0.023785092518757926,0.042351690240066006,0.05082342434545361
0.5,43,fourier_gaussian,1,0.17627345025539398,2048,0.06832379983186676,2.198863150853548,0.08583171782323698,0.7960204172142253,0.9462720430962968,0.019041507654850458,0.04724426037721678,0.0794751803672895,0.0910501502713233
0.5,43,fourier_gaussian,2,0.25722402334213257,2048,0.11924560016813363,1.8022677435907335,0.15022218698957462,0.7937948618495964,0.8905708614633336,0.0387526426115002,0.08718497552286117,0.1373694383096618,0.15249274297875226
0.5,43,fourier_gaussian,3,0.37534967064857483,2048,0.18020637426863248,1.2790810669955055,0.2295713300705494,0.7849689863854228,0.7970304067781666,0.07625679342543404,0.1484577716740561,0.20163269402444262,0.21345422693881796
0.5,43,fourier_gaussian,4,0.547722578048706,2048,0.2274598382201315,0.758199403857896,0.28783873427000656,0.7902335965901074,0.668233344507308,0.13285240337105558,0.2105402045650768,0.24447428683607064,0.2458220670850564
0.5,43,fourier_gaussian,5,0.7992547750473022,2048,0.22638579130091135,0.35438773785052785,0.2857900454762761,0.7921402263106606,0.5075316328595967,0.19792404036655417,0.23864786581292313,0.22800127332365755,0.21429569949049226
0.5,43,fourier_gaussian,6,1.166298747062683,2048,0.18079964745734972,0.13291621365559428,0.22404342421510753,0.8069848427408484,0.34645772961355636,0.23087764899562466,0.2093011227026461,0.16802424315633793,0.1505718846371592
0.5,43,fourier_gaussian,7,1.7019013166427612,2048,0.09487241366857227,0.03275451711138328,0.11415627384815046,0.8310748982116446,0.21644127479732536,0.16761268117904876,0.11657138321763619,0.08003570628252633,0.07193499153392316
0.5,43,fourier_gaussian,8,2.4834699630737305,2048,0.02277057640845767,0.003691953317543786,0.027620912609599955,0.8243962366595919,0.12672736716436633,0.048937552207485746,0.028594533959312593,0.01800343680121766,0.015888859390384466
0.5,43,scalar_normalized,0,0.12079870700836182,2048,0.027957833535457645,1.9159269359417055,0.04464042970195185,0.626289525484456,0.959597842261461,0.010925602001410356,0.019118287953830877,0.03260168916312497,0.03559147749496608
0.5,43,scalar_normalized,1,0.17627345025539398,2048,0.04955989368794819,1.5949848260608834,0.08583171782323698,0.5774076873308364,0.9277304058895375,0.016755117631083276,0.03467995891169752,0.05819863145822858,0.06160275507848172
0.5,43,scalar_normalized,2,0.25722402334213257,2048,0.08285714386918575,1.2522957451758148,0.15022218698957462,0.5515639568936379,0.8535706113224533,0.028688085620209608,0.0626069299881157,0.09649131416323214,0.097444579796344
0.5,43,scalar_normalized,3,0.37534967064857483,2048,0.12430694400256664,0.8823142866896331,0.2295713300705494,0.5414741638878251,0.7417693616640642,0.046822025191956065,0.10668086186553988,0.14144199327581722,0.13395696988645125
0.5,43,scalar_normalized,4,0.547722578048706,2048,0.1576649040802599,0.5255496408437405,0.28783873427000656,0.5477542988789086,0.5980661615299703,0.0749777187700266,0.14990996855618605,0.17354085244688577,0.15741297635482296
0.5,43,scalar_normalized,5,0.7992547750473022,2048,0.15866822409717296,0.24838163509924915,0.2857900454762761,0.5551915702058428,0.43942647543040386,0.11261755820036654,0.17028948957643442,0.16541402655378146,0.13810775724063523
0.5,43,scalar_normalized,6,1.166298747062683,2048,0.13957091821188802,0.10260660485820351,0.22404342421510753,0.6229636897438411,0.30587406297645625,0.15702701535761218,0.1636760678999636,0.13312812136069416,0.11135894178997265
0.5,43,scalar_normalized,7,1.7019013166427612,2048,0.07842484996483512,0.027076027591166858,0.11415627384815046,0.6869955309609621,0.2009419785910494,0.12752021109750156,0.09545590059314957,0.06831600802215526,0.05906118444647427
0.5,43,scalar_normalized,8,2.4834699630737305,2048,0.02105155185777801,0.0034132358060071128,0.027620912609599955,0.7621598951245843,0.12501009903227797,0.044206925469033244,0.025149799043420837,0.017214435405206202,0.01539745589787581
0.5,43,fourier_normalized,0,0.12079870700836182,2048,0.032871294044545696,2.2526422728474964,0.04464042970195185,0.7363570257727253,0.9633335182256568,0.009111490523153765,0.02262656515870013,0.0381872413467395,0.044201568656312334
0.5,43,fourier_normalized,1,0.17627345025539398,2048,0.06151714535789848,1.9798047591916044,0.08583171782323698,0.7167180958044872,0.9391028126701143,0.017598347370666255,0.04419539991263743,0.07122364303747573,0.08004170046397754
0.5,43,fourier_normalized,2,0.25722402334213257,2048,0.10640372171984282,1.6081766973648408,0.15022218698957462,0.7083089645554634,0.8767213003148022,0.03617735733818659,0.08129983360911319,0.12144637905094893,0.13321968643343696
0.5,43,fourier_normalized,3,0.37534967064857483,2048,0.16099847168642198,1.1427459088785374,0.2295713300705494,0.7013004264815892,0.7779373539379932,0.06904056337194076,0.1389216027911372,0.17847999060573425,0.18529267175757155
0.5,43,fourier_normalized,4,0.547722578048706,2048,0.201120424561594,0.6704013649155552,0.28783873427000656,0.6987260594779207,0.6419706542221242,0.11853267409089356,0.1949453810322236,0.21391023412979077,0.20966330495100988
0.5,43,fourier_normalized,5,0.7992547750473022,2048,0.20059370059214587,0.31401240939819747,0.2857900454762761,0.7018918390171762,0.4805207236934471,0.18016631166772118,0.21934445226708088,0.1999089795561803,0.18119430426392302
0.5,43,fourier_normalized,6,1.166298747062683,2048,0.16389919201790526,0.1204917173821933,0.22404342421510753,0.7315510044184252,0.32965280733722524,0.21375597620943995,0.19445621070387112,0.1507951724435608,0.13138146375063686
0.5,43,fourier_normalized,7,1.7019013166427612,2048,0.08657876747683654,0.029891151823218852,0.11415627384815046,0.7584232084519749,0.20919314089898372,0.15367626338625054,0.10859710129362807,0.0723587425305868,0.06387877053869852
0.5,43,fourier_normalized,8,2.4834699630737305,2048,0.021236985885819272,0.0034433015260280676,0.027620912609599955,0.7688734324599442,0.12526196263974917,0.04657453863884974,0.027075001906221564,0.016550202816929132,0.014487497469227712
0.5,43,scalar_gate_s1p5_p4,0,0.12079870700836182,2048,0.007378436176100446,0.50563805657505,0.04464042970195185,0.16528595771509413,0.9389044769578586,0.009748029294540052,0.005582423809448222,0.007289733640565619,0.009590004896369526
0.5,43,scalar_gate_s1p5_p4,1,0.17627345025539398,2048,0.012636534724608206,0.40668128278577764,0.08583171782323698,0.14722453476501612,0.8920539769917637,0.010752666713069561,0.00949365979272622,0.01311291852567747,0.017470789139213766
0.5,43,scalar_gate_s1p5_p4,2,0.25722402334213257,2048,0.021360872822565255,0.3228463944059317,0.15022218698957462,0.14219519267182346,0.7921334018613246,0.018467354621816128,0.018400203496977935,0.021764456440781996,0.026707145844095663
0.5,43,scalar_gate_s1p5_p4,3,0.37534967064857483,2048,0.03442201967621402,0.24432295380383734,0.2295713300705494,0.1499404113990881,0.6526936963660643,0.030110237690698954,0.03230322916987814,0.035156199548153744,0.03781062438543613
0.5,43,scalar_gate_s1p5_p4,4,0.547722578048706,2048,0.0487572809992182,0.16252425780573385,0.28783873427000656,0.16939096512799953,0.4890849803947459,0.057050657177667344,0.05274110359051959,0.04673514460680983,0.04470668044242007
0.5,43,scalar_gate_s1p5_p4,5,0.7992547750473022,2048,0.06866819640736417,0.10749423206836907,0.2857900454762761,0.2402749763132125,0.34953525296288274,0.1142096884012915,0.08169879468287707,0.05955308130290954,0.05463673875998809
0.5,43,scalar_gate_s1p5_p4,6,1.166298747062683,2048,0.09387557650153916,0.06901333248597237,0.22404342421510753,0.4190061673553417,0.25978495254055517,0.1811134659298626,0.11557918475864666,0.07768661488880003,0.06798418934351624
0.5,43,scalar_gate_s1p5_p4,7,1.7019013166427612,2048,0.0735315243825243,0.02538661640914205,0.11415627384815046,0.6441303828849145,0.19613809019908413,0.16256286103577913,0.09080710348471663,0.05793727988441935,0.052269120386326216
0.5,43,scalar_gate_s1p5_p4,8,2.4834699630737305,2048,0.024156899282015813,0.003916727571844997,0.027620912609599955,0.8745872963523955,0.1281632781707537,0.06576676771555881,0.02823157048199797,0.018154026837670714,0.016473963919827365
0.5,43,fourier_gate_s1p5_p4,0,0.12079870700836182,2048,0.007612102774046682,0.5216510329906678,0.04464042970195185,0.17052037412878782,0.9389631555451237,0.008240230693238777,0.005631871693032933,0.007760373538538048,0.010223419630441478
0.5,43,fourier_gate_s1p5_p4,1,0.17627345025539398,2048,0.013306836115392188,0.4282535757757431,0.08583171782323698,0.15503401834268854,0.8925501956310142,0.014971710128961202,0.00984399897009908,0.013503217364738557,0.01779617631306644
0.5,43,fourier_gate_s1p5_p4,2,0.25722402334213257,2048,0.02216417963785198,0.3349875045127745,0.15022218698957462,0.14754265053663587,0.792685907224469,0.026340379779436585,0.01917122741522059,0.02185198431819258,0.02634427694036293
0.5,43,fourier_gate_s1p5_p4,3,0.37534967064857483,2048,0.03507158039971368,0.24893345011210768,0.2295713300705494,0.15276986193762024,0.6529147572454812,0.03946033334312187,0.033232876091170566,0.03496453184985968,0.03630659761245641
0.5,43,fourier_gate_s1p5_p4,4,0.547722578048706,2048,0.049224185528802845,0.1640806061209341,0.28783873427000656,0.17101306970947208,0.4896037476207759,0.06317893809926917,0.0533712173433763,0.04671021165296508,0.04359627885024482
0.5,43,fourier_gate_s1p5_p4,5,0.7992547750473022,2048,0.0690670408461094,0.1081185891783668,0.2857900454762761,0.24167056179653662,0.34984667182417833,0.1160191073751395,0.0824371334563529,0.059894139805717395,0.0538666876199186
0.5,43,fourier_gate_s1p5_p4,6,1.166298747062683,2048,0.09411375986031163,0.06918843476437297,0.22404342421510753,0.42006927982832276,0.2598813682384255,0.18605548205832484,0.11466562386681682,0.07792201763222037,0.06766718215597317
0.5,43,fourier_gate_s1p5_p4,7,1.7019013166427612,2048,0.07284435735045883,0.025149373321928143,0.11415627384815046,0.6381108536124407,0.19526326253663961,0.1555293394407923,0.09009914011130712,0.0581328289945626,0.05180997173659566
0.5,43,fourier_gate_s1p5_p4,8,2.4834699630737305,2048,0.022349086739808156,0.0036236142402816477,0.027620912609599955,0.8091364342552709,0.12617368436734763,0.052871536960715074,0.027807846737625617,0.017228325163523704,0.015032807020259005
0.5,43,scalar_gate_s1p5_p4_plateau_lo0p8_hi1,0,0.12079870700836182,2048,0.011208561906079788,0.7681133676467771,0.04464042970195185,0.25108543938567207,0.9428596579319881,0.009192117124753272,0.009501866861849693,0.011585817881588654,0.013937744289081181
0.5,43,scalar_gate_s1p5_p4_plateau_lo0p8_hi1,1,0.17627345025539398,2048,0.016511639941339428,0.5313936976063663,0.08583171782323698,0.1923722414054875,0.895756166463477,0.013177608000881608,0.014156615461024346,0.01708882307521719,0.02037012047861571
0.5,43,scalar_gate_s1p5_p4_plateau_lo0p8_hi1,2,0.25722402334213257,2048,0.02588767432515817,0.3912640829265812,0.15022218698957462,0.1723292334104733,0.796723678847594,0.018084019021942545,0.02234503244271507,0.027152889162122273,0.03174136790053468
0.5,43,scalar_gate_s1p5_p4_plateau_lo0p8_hi1,3,0.37534967064857483,2048,0.04162272966074152,0.2954326431670166,0.2295713300705494,0.18130630531238578,0.6596372555548422,0.03159140917357126,0.04038673603544056,0.04288210749597261,0.04463535788772037
0.5,43,scalar_gate_s1p5_p4_plateau_lo0p8_hi1,4,0.547722578048706,2048,0.061359559624917376,0.20453185007355662,0.28783873427000656,0.21317339301304444,0.5016608309646989,0.06506462731191669,0.06696670225600956,0.05916042512882043,0.057640776551009
0.5,43,scalar_gate_s1p5_p4_plateau_lo0p8_hi1,5,0.7992547750473022,2048,0.09207724007983034,0.144139102687933,0.2857900454762761,0.32218490999706223,0.373926597474101,0.13316703322989593,0.11432562041742463,0.07996108897471278,0.07546902746007045
0.5,43,scalar_gate_s1p5_p4_plateau_lo0p8_hi1,6,1.166298747062683,2048,0.14682093714937713,0.1079365105281232,0.22404342421510753,0.6553235724892872,0.3129447565980614,0.2082907879409734,0.18777145873503592,0.1284378134993678,0.1093174487906877
0.5,43,scalar_gate_s1p5_p4_plateau_lo0p8_hi1,7,1.7019013166427612,2048,0.08827902897863268,0.030478163814385853,0.11415627384815046,0.7733173657722971,0.21038009512531194,0.1616620052873143,0.11409825977881383,0.07212646468166879,0.0626306525064623
0.5,43,scalar_gate_s1p5_p4_plateau_lo0p8_hi1,8,2.4834699630737305,2048,0.02456264028212974,0.0039825132069805985,0.027620912609599955,0.889276926845376,0.12847245022904588,0.05640893547591909,0.03082194439120378,0.018950800439458737,0.016942886163983352
0.5,43,fourier_gate_s1p5_p4_plateau_lo0p8_hi1,0,0.12079870700836182,2048,0.01157079659231688,0.7929370075620032,0.04464042970195185,0.2591999375805955,0.9433379319370149,0.006236238488225527,0.008454054679895559,0.012693323425044005,0.01583465757081419
0.5,43,fourier_gate_s1p5_p4_plateau_lo0p8_hi1,1,0.17627345025539398,2048,0.016351972911139732,0.5262551375441875,0.08583171782323698,0.19051200798305365,0.8963426526926674,0.011376358272158224,0.012542805994799504,0.017461910261640817,0.021694958904396884
0.5,43,fourier_gate_s1p5_p4_plateau_lo0p8_hi1,2,0.25722402334213257,2048,0.025155771972043297,0.3802021737188854,0.15022218698957462,0.16745710121893712,0.795234204809788,0.018260457846765672,0.020010649557903108,0.026872467120623612,0.031648093549921104
0.5,43,fourier_gate_s1p5_p4_plateau_lo0p8_hi1,3,0.37534967064857483,2048,0.04057327159148645,0.2879837282635471,0.2295713300705494,0.1767349240822794,0.6582326777251923,0.034422154520054336,0.038072877031445435,0.04161391445239668,0.044504387263360826
0.5,43,fourier_gate_s1p5_p4_plateau_lo0p8_hi1,4,0.547722578048706,2048,0.0601972219026749,0.20065739129005525,0.28783873427000656,0.20913523697685182,0.4996256617849244,0.06800285681499856,0.06435544085745241,0.05781021310041617,0.05748595761809034
0.5,43,fourier_gate_s1p5_p4_plateau_lo0p8_hi1,5,0.7992547750473022,2048,0.09449810916251528,0.1479287677235122,0.2857900454762761,0.3306557056773334,0.37577913196218954,0.13952743630538342,0.11093951858741175,0.0837419854901268,0.08088688897901783
0.5,43,fourier_gate_s1p5_p4_plateau_lo0p8_hi1,6,1.166298747062683,2048,0.17088665001939196,0.12562859941540738,0.22404342421510753,0.7627389673143053,0.337474627623506,0.24757267709866496,0.19912202642591656,0.1552222479207015,0.1372637070699162
0.5,43,fourier_gate_s1p5_p4_plateau_lo0p8_hi1,7,1.7019013166427612,2048,0.09684836728541316,0.033436711271428714,0.11415627384815046,0.8483840968236217,0.21921293041456172,0.18367274173777773,0.1196221627794434,0.08012091844506798,0.07131844066379428
0.5,43,fourier_gate_s1p5_p4_plateau_lo0p8_hi1,8,2.4834699630737305,2048,0.025215011503815048,0.004088286730363018,0.027620912609599955,0.9128956693143908,0.12933173525508673,0.05787519230331269,0.03178199575216743,0.01951836637207596,0.01691648733803757
0.5,43,scalar_gate_s1p5_p4_cap_lo1_hi2_d0p5,0,0.12079870700836182,2048,0.0074221097357643935,0.5086309690710233,0.04464042970195185,0.1662642986485381,0.9389581691246522,0.009476228750607359,0.0054222627499393335,0.007442862381339804,0.009757817152366862
0.5,43,scalar_gate_s1p5_p4_cap_lo1_hi2_d0p5,1,0.17627345025539398,2048,0.012022154578914812,0.3869087018358646,0.08583171782323698,0.14006657310148915,0.8913915896106619,0.010094994188020272,0.009238117773716425,0.012405031860335489,0.016595772719953026
0.5,43,scalar_gate_s1p5_p4_cap_lo1_hi2_d0p5,2,0.25722402334213257,2048,0.020368652101374778,0.3078500557753865,0.15022218698957462,0.13559017152897898,0.7910514194856713,0.016165739372272885,0.017083901033671797,0.02111117675460841,0.025738067936798552
0.5,43,scalar_gate_s1p5_p4_cap_lo1_hi2_d0p5,3,0.37534967064857483,2048,0.03275423555447506,0.23248524216566835,0.2295713300705494,0.14267563612760087,0.6507945704837698,0.02694008683961723,0.030716479720212117,0.03360542191865755,0.03639140228117417
0.5,43,scalar_gate_s1p5_p4_cap_lo1_hi2_d0p5,4,0.547722578048706,2048,0.04751951640993797,0.15839837615096694,0.28783873427000656,0.16509076351538698,0.48785743918302055,0.053801040517355535,0.05162374889408965,0.04577585757553221,0.043320523086191484
0.5,43,scalar_gate_s1p5_p4_cap_lo1_hi2_d0p5,5,0.7992547750473022,2048,0.06886074744049799,0.10779565436462252,0.2857900454762761,0.2409487262782014,0.3502719016325925,0.11262954463354172,0.082526503058751,0.059563333956034,0.05537363439766564
0.5,43,scalar_gate_s1p5_p4_cap_lo1_hi2_d0p5,6,1.166298747062683,2048,0.09688789395167036,0.07122786019900103,0.22404342421510753,0.4324514066462705,0.2631952986841529,0.18281185633826075,0.12050343636690972,0.08018305996851202,0.07027632337951503
0.5,43,scalar_gate_s1p5_p4_cap_lo1_hi2_d0p5,7,1.7019013166427612,2048,0.07800713110931617,0.026931810965155425,0.11415627384815046,0.6833363465689191,0.2003095303249699,0.17953489092970767,0.09821190610536054,0.060146699721110995,0.05315596090490614
0.5,43,scalar_gate_s1p5_p4_cap_lo1_hi2_d0p5,8,2.4834699630737305,2048,0.023936766779431986,0.0038810359446926988,0.027620912609599955,0.8666175197669789,0.12782361823658844,0.06299294659530155,0.0285662414557262,0.018045553881805974,0.016264405070457483
0.5,43,fourier_gate_s1p5_p4_cap_lo1_hi2_d0p5,0,0.12079870700836182,2048,0.008114639834228285,0.5560894771816237,0.04464042970195185,0.18177781639663476,0.9399737035359813,0.007745170909028569,0.005719660091674043,0.00844395971345168,0.011333544791258397
0.5,43,fourier_gate_s1p5_p4_cap_lo1_hi2_d0p5,1,0.17627345025539398,2048,0.012981655598775364,0.4177882992963345,0.08583171782323698,0.15124543616277103,0.8927221063381855,0.013865938814427178,0.009951033715160191,0.013136397003580436,0.01729358074279884
0.5,43,fourier_gate_s1p5_p4_cap_lo1_hi2_d0p5,2,0.25722402334213257,2048,0.021451584816629243,0.3242174076812878,0.15022218698957462,0.1427990448449401,0.7918121456952245,0.023479260915644312,0.018045968248760258,0.021479853819842906,0.02627273353680302
0.5,43,fourier_gate_s1p5_p4_cap_lo1_hi2_d0p5,3,0.37534967064857483,2048,0.03391615598455872,0.24073240006730745,0.2295713300705494,0.14773689717324884,0.6519653873856786,0.035684314563114126,0.0317527467514465,0.03413412928867171,0.0359564518175784
0.5,43,fourier_gate_s1p5_p4_cap_lo1_hi2_d0p5,4,0.547722578048706,2048,0.048568146912572455,0.16189381089754062,0.28783873427000656,0.16873388161515884,0.48916691980170246,0.0602510590320086,0.05216839964482575,0.04627737156412227,0.04433123108302496
0.5,43,fourier_gate_s1p5_p4_cap_lo1_hi2_d0p5,5,0.7992547750473022,2048,0.06957501893226806,0.108913785748774,0.2857900454762761,0.2434480137904019,0.3504127779959198,0.11382275019003822,0.0824668211722004,0.06062679764512544,0.05587857800283258
0.5,43,fourier_gate_s1p5_p4_cap_lo1_hi2_d0p5,6,1.166298747062683,2048,0.09916080234117484,0.07289880580850637,0.22404342421510753,0.4425963524194713,0.2653606093233547,0.18739023289171114,0.11976866692551687,0.08335778230942159,0.07320854622755901
0.5,43,fourier_gate_s1p5_p4_cap_lo1_hi2_d0p5,7,1.7019013166427612,2048,0.07834012891399685,0.027046777812415886,0.11415627384815046,0.6862533812044715,0.2007813045129101,0.1608659172383134,0.09606671699826534,0.06356772714753958,0.05678538547951554
0.5,43,fourier_gate_s1p5_p4_cap_lo1_hi2_d0p5,8,2.4834699630737305,2048,0.022458781313143654,0.003641399791102931,0.027620912609599955,0.8131078661513108,0.1262786214188171,0.05321793919901078,0.027935891391432183,0.017322514125470517,0.015036951724136386
0.5,43,scalar_gate_s1p5_p4_linear_sigma,0,0.12079870700836182,2048,0.00719982902490877,0.49339825796955533,0.04464042970195185,0.16128493997435614,0.9390073312743467,0.008581621149549731,0.005459697385779741,0.007227688970915724,0.009420485406978017
0.5,43,scalar_gate_s1p5_p4_linear_sigma,1,0.17627345025539398,2048,0.01237175916870314,0.3981600176547527,0.08583171782323698,0.14413971294599637,0.8917132791419399,0.009265053570060347,0.008788726425352965,0.013193136240597137,0.017364562662305457
0.5,43,scalar_gate_s1p5_p4_linear_sigma,2,0.25722402334213257,2048,0.020697126752314728,0.3128145933947334,0.15022218698957462,0.13777676365310207,0.7919082990679237,0.017067745186133174,0.017435674535618423,0.02135212021231181,0.026037167380997858
0.5,43,scalar_gate_s1p5_p4_linear_sigma,3,0.37534967064857483,2048,0.03343362899607963,0.23730748717073075,0.2295713300705494,0.14563503633404556,0.6517043434798572,0.026917013989883713,0.03090044651227817,0.03458463831098126,0.037209148781096046
0.5,43,scalar_gate_s1p5_p4_linear_sigma,4,0.547722578048706,2048,0.04684710485907995,0.1561570044829087,0.28783873427000656,0.16275469310233664,0.48750121767286714,0.05038207886960662,0.05027917483941305,0.0456098848729632,0.04345571483574739
0.5,43,scalar_gate_s1p5_p4_linear_sigma,5,0.7992547750473022,2048,0.06743806596756784,0.10556856729358184,0.2857900454762761,0.23597066110256096,0.3485074845418626,0.10617269778347235,0.08002462528185239,0.059231430463740166,0.054545565858908414
0.5,43,scalar_gate_s1p5_p4_linear_sigma,6,1.166298747062683,2048,0.0946524215343654,0.06958443592457159,0.22404342421510753,0.42247355335672854,0.2609448908659688,0.17643594750671987,0.11620100229900678,0.07890125749134341,0.07041293879733358
0.5,43,scalar_gate_s1p5_p4_linear_sigma,7,1.7019013166427612,2048,0.07447093948302488,0.025710947653538662,0.11415627384815046,0.6523595854406161,0.19681670045765715,0.1595648311439299,0.09136447652533154,0.0594677729590736,0.05384222957557067
0.5,43,scalar_gate_s1p5_p4_linear_sigma,8,2.4834699630737305,2048,0.027351577232353146,0.0044347031226462065,0.027620912609599955,0.9902488603090834,0.13141619011289873,0.08394435855012569,0.03442489552278361,0.01861272818948242,0.01634978481255919
0.5,43,fourier_gate_s1p5_p4_linear_sigma,0,0.12079870700836182,2048,0.007532276345970205,0.5161805946765629,0.04464042970195185,0.16873216490657716,0.9393862714709793,0.007933461179861384,0.005540216760971298,0.007674940021344561,0.010311883482392257
0.5,43,fourier_gate_s1p5_p4_linear_sigma,1,0.17627345025539398,2048,0.013023014586306982,0.41911935456351346,0.08583171782323698,0.15172729751403505,0.8923896969364472,0.013194231874453738,0.009348183201110711,0.01346349936064022,0.01779687385242659
0.5,43,fourier_gate_s1p5_p4_linear_sigma,2,0.25722402334213257,2048,0.021150325506478274,0.3196642003815976,0.15022218698957462,0.1407936199727015,0.7920561535853357,0.02320655376498454,0.01813755304499667,0.021093610771753483,0.0255782720700135
0.5,43,fourier_gate_s1p5_p4_linear_sigma,3,0.37534967064857483,2048,0.03436285083272144,0.24390298115983663,0.2295713300705494,0.14968267519363773,0.6524735120346219,0.035434356025842294,0.03200801814955569,0.03458933119092581,0.0370983469200658
0.5,43,fourier_gate_s1p5_p4_linear_sigma,4,0.547722578048706,2048,0.04759450476845152,0.1586483373272614,0.28783873427000656,0.1653512856397068,0.48818738026888003,0.05868620838196718,0.051113148262001126,0.0454305258499233,0.04335211246462796
0.5,43,fourier_gate_s1p5_p4_linear_sigma,5,0.7992547750473022,2048,0.06854068599681765,0.10729462534532208,0.2857900454762761,0.23982880818186972,0.3497221249804917,0.11308563091869366,0.08078353255923656,0.059864202146251655,0.054806261698057794
0.5,43,fourier_gate_s1p5_p4_linear_sigma,6,1.166298747062683,2048,0.09571885816690988,0.07036843479456314,0.22404342421510753,0.42723350842472724,0.261734148232996,0.18380648349883097,0.11600697847629038,0.07982296783460871,0.07076466035452618
0.5,43,fourier_gate_s1p5_p4_linear_sigma,7,1.7019013166427612,2048,0.0742961430876443,0.02565059953650327,0.11415627384815046,0.6508283827349892,0.19660069503168712,0.1545572576196448,0.09175033150338921,0.05984592872752497,0.05326666541343724
0.5,43,fourier_gate_s1p5_p4_linear_sigma,8,2.4834699630737305,2048,0.025229775236204628,0.004090680477881627,0.027620912609599955,0.9134301821524804,0.1293058654924276,0.057190890241754486,0.03162349800341661,0.019636950800005524,0.017235429850385595
0.5,43,scalar_gate_s1p5_p4_tanh_sigma,0,0.12079870700836182,2048,0.0071402053568223505,0.48931229789108427,0.04464042970195185,0.159949297184076,0.9386688821292164,0.00910765671977881,0.005515185520052868,0.007065496241438262,0.009218335411998848
0.5,43,scalar_gate_s1p5_p4_tanh_sigma,1,0.17627345025539398,2048,0.012191236028107396,0.39235024591036566,0.08583171782323698,0.14203649113972291,0.8916102767055583,0.009494045661620232,0.008863756698130248,0.012874985689176761,0.017022139654297604
0.5,43,scalar_gate_s1p5_p4_tanh_sigma,2,0.25722402334213257,2048,0.020481937101126883,0.3095622355170124,0.15022218698957462,0.13634428782845723,0.7915921088765376,0.016889811887549844,0.017329136589995225,0.02111668969398791,0.025684586666539905
0.5,43,scalar_gate_s1p5_p4_tanh_sigma,3,0.37534967064857483,2048,0.033537345376481224,0.23804365235382924,0.2295713300705494,0.14608681914320437,0.6519484982299846,0.02767414728359576,0.031352709459098016,0.03450533929539422,0.03702160892087198
0.5,43,scalar_gate_s1p5_p4_tanh_sigma,4,0.547722578048706,2048,0.048427449374416204,0.16142481913886758,0.28783873427000656,0.1682450747889578,0.48885066594085824,0.05467916437881905,0.05217092075982545,0.046886015374330514,0.04412240924267752
0.5,43,scalar_gate_s1p5_p4_tanh_sigma,5,0.7992547750473022,2048,0.06914635501875058,0.10824274878246683,0.2857900454762761,0.2419480878122136,0.35001764383478773,0.11094845573216758,0.0827555434554285,0.06035607979288742,0.05493655936601897
0.5,43,scalar_gate_s1p5_p4_tanh_sigma,6,1.166298747062683,2048,0.09363348394571763,0.0688353563321107,0.22404342421510753,0.41792560649233196,0.2597441889630273,0.17663395398181825,0.11560503511998166,0.0776041543637554,0.06901682136993863
0.5,43,scalar_gate_s1p5_p4_tanh_sigma,7,1.7019013166427612,2048,0.07327227525386322,0.02529711114947294,0.11415627384815046,0.6418593808635457,0.19576202640631857,0.1580507127284431,0.09044903539055008,0.05824847635896404,0.0523932544612725
0.5,43,scalar_gate_s1p5_p4_tanh_sigma,8,2.4834699630737305,2048,0.024585659906205308,0.003986245540143796,0.027620912609599955,0.890110339716302,0.12859827756905967,0.07065366377998408,0.029656509608378033,0.017757253519417895,0.01577368241144028
0.5,43,fourier_gate_s1p5_p4_tanh_sigma,0,0.12079870700836182,2048,0.007570985395782205,0.5188332934668844,0.04464042970195185,0.1695992947722717,0.9392597162755503,0.0077220099823184,0.005517451393625418,0.0077532157749894675,0.010449384085646734
0.5,43,fourier_gate_s1p5_p4_tanh_sigma,1,0.17627345025539398,2048,0.012844832584035895,0.41338492761560736,0.08583171782323698,0.14965135161909168,0.8921721321276581,0.013399786081038456,0.009225631895228507,0.013184773400089812,0.017686438782932818
0.5,43,fourier_gate_s1p5_p4_tanh_sigma,2,0.25722402334213257,2048,0.021050054208255085,0.31814870860545813,0.15022218698957462,0.14012613336348215,0.7915453000887591,0.0243682011271928,0.018328336095799504,0.02074728759643999,0.025189034208956636
0.5,43,fourier_gate_s1p5_p4_tanh_sigma,3,0.37534967064857483,2048,0.03436798983781963,0.24393945713995088,0.2295713300705494,0.14970506041524448,0.6522110904102709,0.03645766968688091,0.03230031115428053,0.03445579820127881,0.03655120931934268
0.5,43,fourier_gate_s1p5_p4_tanh_sigma,4,0.547722578048706,2048,0.04919577114487098,0.16398589151493287,0.28783873427000656,0.1709143533778987,0.4895553575857271,0.06236355516046199,0.05321131912538589,0.04671894672455128,0.044098475869835035
0.5,43,fourier_gate_s1p5_p4_tanh_sigma,5,0.7992547750473022,2048,0.06984099684751305,0.10933015159558893,0.2857900454762761,0.2443786897165061,0.3505213070116382,0.1159812867023697,0.0831237448790343,0.06079423664356455,0.05477037786480484
0.5,43,fourier_gate_s1p5_p4_tanh_sigma,6,1.166298747062683,2048,0.094182133929554,0.0692387004729832,0.22404342421510753,0.42037446204682305,0.25996923982584313,0.18530066143559662,0.11462873074859367,0.07797996176368945,0.06841943026339267
0.5,43,fourier_gate_s1p5_p4_tanh_sigma,7,1.7019013166427612,2048,0.07281731042994571,0.025140035424993722,0.11415627384815046,0.6378739247113705,0.1951905225848983,0.1549034044083436,0.09005278339828732,0.058230405045259906,0.051679171062597035
0.5,43,fourier_gate_s1p5_p4_tanh_sigma,8,2.4834699630737305,2048,0.022645543778055284,0.0036716808999143462,0.027620912609599955,0.8198694988153495,0.12656109750315184,0.05316315394654327,0.028420028338588758,0.017419412334970803,0.01516872880626605
0.5,44,scalar_gate_loglinear_lo0p1_hi3,0,0.12079870700836182,2048,0.011930243064710636,0.8175695735158355,0.04464042970195185,0.2672519763892192,0.9443464544934717,0.018099394894133904,0.01053009540906234,0.011287561198708647,0.013419997152191101
0.5,44,scalar_gate_loglinear_lo0p1_hi3,1,0.17627345025539398,2048,0.015348923277675725,0.4939740161351222,0.08583171782323698,0.17882577288369678,0.8948707782012397,0.016019002178495147,0.012449146475440067,0.01565254113902014,0.018984815171671658
0.5,44,scalar_gate_loglinear_lo0p1_hi3,2,0.25722402334213257,2048,0.022042543551715595,0.3331491071698861,0.15022218698957462,0.14673294267274475,0.7930532853705292,0.020536184156530267,0.01917409887482373,0.022636264436646965,0.025735921520441147
0.5,44,scalar_gate_loglinear_lo0p1_hi3,3,0.37534967064857483,2048,0.03679166780381525,0.26114240354726226,0.2295713300705494,0.1602624674104943,0.6556569357145225,0.030556226539745202,0.03595903695090594,0.03753116361002718,0.03894238364333678
0.5,44,scalar_gate_loglinear_lo0p1_hi3,4,0.547722578048706,2048,0.05904741075354124,0.19682468774711767,0.28783873427000656,0.20514060035489154,0.4988267040310868,0.060549732198739756,0.06755270450484388,0.05654043453191765,0.05256306456335983
0.5,44,scalar_gate_loglinear_lo0p1_hi3,5,0.7992547750473022,2048,0.08909129471439949,0.13946485870239164,0.2857900454762761,0.31173687161120905,0.36929800599817486,0.12364874573942781,0.11172880910216672,0.07852481659322277,0.06956604702446519
0.5,44,scalar_gate_loglinear_lo0p1_hi3,6,1.166298747062683,2048,0.11001720683171887,0.08087997280241381,0.22404342421510753,0.4910530501716027,0.2757693879555632,0.19052467696660996,0.14020443764449525,0.09213050722858764,0.07919662270145049
0.5,44,scalar_gate_loglinear_lo0p1_hi3,7,1.7019013166427612,2048,0.0768884564973412,0.026545590721534257,0.11415627384815046,0.6735368447608711,0.19905410729924747,0.1573775947572456,0.098414009497585,0.06104482585248531,0.053758334566416585
0.5,44,scalar_gate_loglinear_lo0p1_hi3,8,2.4834699630737305,2048,0.023600447829384672,0.0038265061936180256,0.027620912609599955,0.8544412765413868,0.1272767253775401,0.05667564209236851,0.028757173338123335,0.018221816326092655,0.016377102457961437
0.5,44,fourier_gate_loglinear_lo0p1_hi3,0,0.12079870700836182,2048,0.014946388974070402,1.0242635286516613,0.04464042970195185,0.3348173186024884,0.9475569523546914,0.0061811956417395465,0.00971910288104094,0.017020803151997693,0.021272218096359027
0.5,44,fourier_gate_loglinear_lo0p1_hi3,1,0.17627345025539398,2048,0.018630842406661862,0.5995959378456761,0.08583171782323698,0.2170624435716232,0.8983779592966552,0.01060180719898999,0.012737974876967477,0.020680454785666463,0.025824646365252207
0.5,44,fourier_gate_loglinear_lo0p1_hi3,2,0.25722402334213257,2048,0.02493282985772029,0.3768326457801963,0.15022218698957462,0.16597301874889242,0.7941553022789364,0.020396259341473814,0.0208464061414736,0.026042243420427203,0.03052678218095857
0.5,44,fourier_gate_loglinear_lo0p1_hi3,3,0.37534967064857483,2048,0.03861855257738606,0.2741093906193924,0.2295713300705494,0.16822027631027892,0.6566458906896293,0.03697827127574252,0.03738395023562307,0.039141525614158845,0.039748992658069505
0.5,44,fourier_gate_loglinear_lo0p1_hi3,4,0.547722578048706,2048,0.0608197746567775,0.20273256698139586,0.28783873427000656,0.21129808957444077,0.5011320871334541,0.07208846123488584,0.0676374361954636,0.05774933879707442,0.054038530403486995
0.5,44,fourier_gate_loglinear_lo0p1_hi3,5,0.7992547750473022,2048,0.09056945865959876,0.1417787988737299,0.2857900454762761,0.31690907396253964,0.3707215279290865,0.1336289025154102,0.10736850290386786,0.08131577471958501,0.071740939412166
0.5,44,fourier_gate_loglinear_lo0p1_hi3,6,1.166298747062683,2048,0.11203557011657252,0.08236378767360984,0.22404342421510753,0.5000618541207683,0.27741878425647487,0.1959981139853511,0.137000946434541,0.09575406076032417,0.08251474541446754
0.5,44,fourier_gate_loglinear_lo0p1_hi3,7,1.7019013166427612,2048,0.07685937213923286,0.026535549403215303,0.11415627384815046,0.6732820680663634,0.1994767421578615,0.1589476438130717,0.09633526332629348,0.06176554045908114,0.05365211211289879
0.5,44,fourier_gate_loglinear_lo0p1_hi3,8,2.4834699630737305,2048,0.022875821944170576,0.0037090175146796828,0.027620912609599955,0.8282065935873469,0.12673466286077595,0.0541746582780656,0.028761520503592784,0.017537917970271162,0.015189530443320526
0.5,44,scalar_gate_logsigmoid_lo0p1_hi1p5_s0p75_p2,0,0.12079870700836182,2048,0.012130326469639813,0.8312811218177654,0.04464042970195185,0.27173408837302093,0.9439085142958628,0.009876280157743219,0.010107928417592916,0.01269439848341232,0.014847010016747372
0.5,44,scalar_gate_logsigmoid_lo0p1_hi1p5_s0p75_p2,1,0.17627345025539398,2048,0.017857148385081793,0.5746961623900577,0.08583171782323698,0.20804836298228413,0.8977131299294144,0.012464347519058963,0.014825174575205885,0.018946659075548437,0.022127395253111005
0.5,44,scalar_gate_logsigmoid_lo0p1_hi1p5_s0p75_p2,2,0.25722402334213257,2048,0.02746424256933026,0.41509219975466144,0.15022218698957462,0.18282414282276604,0.797252911588023,0.019834978684024302,0.023629004569628232,0.02924517276222327,0.03179296488748579
0.5,44,scalar_gate_logsigmoid_lo0p1_hi1p5_s0p75_p2,3,0.37534967064857483,2048,0.04475401075588651,0.31765806321941964,0.2295713300705494,0.19494599235075735,0.6628746754217765,0.03453998729498079,0.04314851972926115,0.046520676609714935,0.046608603500371854
0.5,44,scalar_gate_logsigmoid_lo0p1_hi1p5_s0p75_p2,4,0.547722578048706,2048,0.06599559258182217,0.21998529210400852,0.28783873427000656,0.22927974842994941,0.5058077478041935,0.06284206592782511,0.0730783394452568,0.0645579466487407,0.06058710871291121
0.5,44,scalar_gate_logsigmoid_lo0p1_hi1p5_s0p75_p2,5,0.7992547750473022,2048,0.09677534991015128,0.15149359479352506,0.2857900454762761,0.33862393544489205,0.3772827355239998,0.11659838654589338,0.11856707432778751,0.08857090827911478,0.07801626564285694
0.5,44,scalar_gate_logsigmoid_lo0p1_hi1p5_s0p75_p2,6,1.166298747062683,2048,0.13229830630209277,0.09726008979564182,0.22404342421510753,0.5905029650639116,0.2978128404391805,0.18652266941640244,0.16993736284815075,0.11600721032897149,0.09680392216627574
0.5,44,scalar_gate_logsigmoid_lo0p1_hi1p5_s0p75_p2,7,1.7019013166427612,2048,0.08641077498692845,0.029833152741372986,0.11415627384815046,0.7569516074243209,0.20872279727692616,0.15424845886220068,0.1132915004566998,0.07049476021697366,0.06106238335201308
0.5,44,scalar_gate_logsigmoid_lo0p1_hi1p5_s0p75_p2,8,2.4834699630737305,2048,0.023933167446583088,0.0038804523596040275,0.027620912609599955,0.8664872078942406,0.12761769339631662,0.05275035756537614,0.030316607757220143,0.018673057133792526,0.016446806898885447
0.5,44,fourier_gate_logsigmoid_lo0p1_hi1p5_s0p75_p2,0,0.12079870700836182,2048,0.01498501018018502,1.0269102075869123,0.04464042970195185,0.33568248066236284,0.9473984573513785,0.0075966028677294725,0.011274328662669118,0.016634383393238684,0.019455482580041414
0.5,44,fourier_gate_logsigmoid_lo0p1_hi1p5_s0p75_p2,1,0.17627345025539398,2048,0.02057478163097174,0.662157685558077,0.08583171782323698,0.2397107054683879,0.9000487303134874,0.011545632999052816,0.015975630530233778,0.022629226078464664,0.02600600935948759
0.5,44,fourier_gate_logsigmoid_lo0p1_hi1p5_s0p75_p2,2,0.25722402334213257,2048,0.031531723052940226,0.4765677499045955,0.15022218698957462,0.20990057251082703,0.8019386592297193,0.020311276877743582,0.02624156664115003,0.034033621164434036,0.03771841168336651
0.5,44,fourier_gate_logsigmoid_lo0p1_hi1p5_s0p75_p2,3,0.37534967064857483,2048,0.048974754247670615,0.3476163436126414,0.2295713300705494,0.2133313172538584,0.6671049978588391,0.03914496097880173,0.04677233515473461,0.05105123114898595,0.05050669393507055
0.5,44,fourier_gate_logsigmoid_lo0p1_hi1p5_s0p75_p2,4,0.547722578048706,2048,0.0728049413989438,0.24268311979175,0.28783873427000656,0.2529365673580585,0.5119433592052405,0.07828665886679796,0.08102754661704831,0.06974830130579884,0.06668888499205325
0.5,44,fourier_gate_logsigmoid_lo0p1_hi1p5_s0p75_p2,5,0.7992547750473022,2048,0.10825517325568822,0.16946428369131428,0.2857900454762761,0.3787926660471267,0.38877582065534544,0.15084608616982115,0.1284246384975612,0.09807952314528655,0.08717807273491326
0.5,44,fourier_gate_logsigmoid_lo0p1_hi1p5_s0p75_p2,6,1.166298747062683,2048,0.14827103763381871,0.10900256274958886,0.22404342421510753,0.661795980637492,0.31417179772508796,0.22693171362762596,0.17603125813154183,0.1322610547668713,0.1157013164719971
0.5,44,fourier_gate_logsigmoid_lo0p1_hi1p5_s0p75_p2,7,1.7019013166427612,2048,0.09390061117259126,0.032419004181410895,0.11415627384815046,0.822561984613276,0.21631494081199915,0.18077994542566117,0.116556103611558,0.07725895762899672,0.068226352305191
0.5,44,fourier_gate_logsigmoid_lo0p1_hi1p5_s0p75_p2,8,2.4834699630737305,2048,0.024594223233352454,0.003987633972456751,0.027620912609599955,0.8904203702814822,0.12874835464742362,0.05658408049573858,0.03099446574439719,0.01903638025723974,0.016440167088817553
0.5,44,score,0,0.12079870700836182,2048,0.010475431176531122,0.7178725322641833,0.04464042970195185,0.23466241804731316,0.9421607456590917,0.010968312406635903,0.007841646878198244,0.010727754321440545,0.013930670698295764
0.5,44,score,1,0.17627345025539398,2048,0.018925878449637147,0.6090910754795379,0.08583171782323698,0.2204998213901924,0.8980025914698793,0.017235255139543073,0.013931180005946122,0.02015893680359103,0.02408635707353658
0.5,44,score,2,0.25722402334213257,2048,0.03239657555053402,0.4896390561597483,0.15022218698957462,0.21565772806105088,0.8038628067369366,0.032782961334217396,0.0273674543075555,0.033381694749749,0.03740101535008183
0.5,44,score,3,0.37534967064857483,2048,0.0498231179367638,0.35363791713938,0.2295713300705494,0.2170267425006977,0.6681852445127139,0.05533119866661664,0.047821654182032124,0.04971832298205736,0.050717122924148456
0.5,44,score,4,0.547722578048706,2048,0.06691033353805258,0.22303442839604742,0.28783873427000656,0.2324577118077773,0.5065335279526169,0.07865226700308427,0.07138650846525509,0.06446673059921268,0.06166078173362572
0.5,44,score,5,0.7992547750473022,2048,0.07549923450835884,0.11818764231232072,0.2857900454762761,0.2641772717539462,0.35562976492508747,0.12195992635964552,0.09084199471673204,0.06600266609282439,0.05828764601255524
0.5,44,score,6,1.166298747062683,2048,0.08780293330592898,0.06454898340236964,0.22404342421510753,0.391901407566544,0.2534975559020553,0.16632125744588003,0.10622211537681253,0.0736894445214232,0.06475405384362944
0.5,44,score,7,1.7019013166427612,2048,0.08349315595897933,0.028825850421551072,0.11415627384815046,0.7313934937123219,0.20617989029280076,0.15114078978117385,0.09357348280807831,0.07241116509178946,0.06985585493541262
0.5,44,score,8,2.4834699630737305,2048,0.10804214641134574,0.017517631250202385,0.027620912609599955,3.91160668506639,0.2112896602581949,0.14893402652004079,0.10721381418533217,0.10372281180166981,0.10311451216709298
0.5,44,scalar_gaussian,0,0.12079870700836182,2048,0.024666975913198035,1.6904072170106994,0.04464042970195185,0.5525703062871614,0.9562985178544372,0.008319385551277864,0.018070507379392652,0.028126480856089695,0.03240678483455032
0.5,44,scalar_gaussian,1,0.17627345025539398,2048,0.04417121797136855,1.421561209484455,0.08583171782323698,0.5146258177231797,0.9222000988786476,0.014196244511403494,0.03337490540185191,0.05055252766110659,0.05591025563370168
0.5,44,scalar_gaussian,2,0.25722402334213257,2048,0.07497210372353703,1.1331219266753123,0.15022218698957462,0.49907477201580136,0.845103196342432,0.023866523181636658,0.06076509320376411,0.0847421218837167,0.09171204301017706
0.5,44,scalar_gaussian,3,0.37534967064857483,2048,0.11432136040245061,0.8114379318567593,0.2295713300705494,0.49797751473286583,0.731502605798585,0.041472553088645656,0.10518467948559351,0.1257040010377531,0.12803482147339
0.5,44,scalar_gaussian,4,0.547722578048706,2048,0.14705122058020306,0.49017069849748124,0.28783873427000656,0.5108805837169293,0.5889955002062177,0.07101610374719264,0.1503796932252991,0.155871491919891,0.15005464239066144
0.5,44,scalar_gaussian,5,0.7992547750473022,2048,0.15408198256787714,0.2412022633221444,0.2857900454762761,0.5391439800189533,0.4354436190660534,0.11454862812076386,0.1749504893119186,0.15411870390862648,0.1388066646507023
0.5,44,scalar_gaussian,6,1.166298747062683,2048,0.14152625269822375,0.10404408363655822,0.22404342421510753,0.6316911696651369,0.30679088094143875,0.1691603552012406,0.170663968749159,0.13070870063644957,0.1152398972282542
0.5,44,scalar_gaussian,7,1.7019013166427612,2048,0.08322195869614224,0.028732220091693655,0.11415627384815046,0.729017826973253,0.2053639921041554,0.13961254024909014,0.10325496586496571,0.07095924487356481,0.06260543064077757
0.5,44,scalar_gaussian,8,2.4834699630737305,2048,0.02473255268296673,0.004010062296679046,0.027620912609599955,0.8954285121763376,0.12841383678162455,0.0595996077874146,0.029447343182514997,0.019334262381083468,0.017373657877302242
0.5,44,fourier_gaussian,0,0.12079870700836182,2048,0.03720749035770236,2.549798177484081,0.04464042970195185,0.8334931049302937,0.9682861457673118,0.009634101661841015,0.025793143947512764,0.04334498999038752,0.049632101305596234
0.5,44,fourier_gaussian,1,0.17627345025539398,2048,0.07012666408092047,2.256884686145654,0.08583171782323698,0.817025056230848,0.9492140929488511,0.019494986060929486,0.051324507822532645,0.0809219184553875,0.09089935758117382
0.5,44,fourier_gaussian,2,0.25722402334213257,2048,0.1226581317542437,1.853844452441701,0.15022218698957462,0.8165114235938805,0.8934503527581708,0.04047853889944474,0.09426055109712952,0.13989194436032523,0.15369253466324917
0.5,44,fourier_gaussian,3,0.37534967064857483,2048,0.18579703136319387,1.3187628133862175,0.2295713300705494,0.8093215790756482,0.8024391560556108,0.07772533054880919,0.1628534770662052,0.20528365620256017,0.21300926783933685
0.5,44,fourier_gaussian,4,0.547722578048706,2048,0.2347476503316237,0.7824921090739007,0.28783873427000656,0.8155526771856185,0.6751231583537647,0.13790215716428472,0.2281199686216274,0.24903619128863472,0.2463543148492086
0.5,44,fourier_gaussian,5,0.7992547750473022,2048,0.23293110014714502,0.3646338632023907,0.2857900454762761,0.8150427344624954,0.5135070533467156,0.20451924006462577,0.2583479975525211,0.23066059742748593,0.21210732619103265
0.5,44,fourier_gaussian,6,1.166298747062683,2048,0.18751582566075406,0.13785366231540608,0.22404342421510753,0.8369619698399058,0.3537539333314408,0.23946870680491172,0.2240786511551562,0.1723800228361617,0.15083223481685598
0.5,44,fourier_gaussian,7,1.7019013166427612,2048,0.09695481882165957,0.03347346345818868,0.11415627384815046,0.8493166039268933,0.21906920482545456,0.16887366158055192,0.12287085983076307,0.08100654402890657,0.07117598248982457
0.5,44,fourier_gaussian,8,2.4834699630737305,2048,0.024225499776352126,0.003927850251311118,0.027620912609599955,0.8770709396449227,0.1279565953438589,0.05219781420472651,0.031064598707770355,0.018946659122321213,0.016469213908850734
0.5,44,scalar_normalized,0,0.12079870700836182,2048,0.028362282066121736,1.9436434552892656,0.04464042970195185,0.6353496652134966,0.9595880899915183,0.01070348315048215,0.019817947982453774,0.03261295631945784,0.03730455043317263
0.5,44,scalar_normalized,1,0.17627345025539398,2048,0.05039447726507158,1.6218442085682985,0.08583171782323698,0.5871311741523648,0.9280440180035416,0.016256981584829928,0.03615665438349043,0.05846132890970334,0.06419666488607462
0.5,44,scalar_normalized,2,0.25722402334213257,2048,0.08500709484318655,1.2847899192608945,0.15022218698957462,0.5658757640712954,0.8544790010493406,0.028814635295738567,0.06599372422470935,0.0974419228438406,0.10305065879992416
0.5,44,scalar_normalized,3,0.37534967064857483,2048,0.12794408594301987,0.9081302402755701,0.2295713300705494,0.5573173527535057,0.743772205420909,0.04738648808530585,0.11189744378915568,0.143339733411642,0.14306433592271375
0.5,44,scalar_normalized,4,0.547722578048706,2048,0.16135574920613185,0.5378524570070919,0.28783873427000656,0.560576913372515,0.6030627012907963,0.07576674901243352,0.15632272903494288,0.17443956377089034,0.16842504126232372
0.5,44,scalar_normalized,5,0.7992547750473022,2048,0.16283018346867578,0.2548968291766557,0.2857900454762761,0.5697545664941384,0.4443465737568554,0.11452087640137673,0.17764461367863538,0.16690561910402485,0.1479358323992618
0.5,44,scalar_normalized,6,1.166298747062683,2048,0.14115198868786902,0.10376894064892797,0.22404342421510753,0.630020672029842,0.30608571936241286,0.1583978309863848,0.16679665027325372,0.13330730880827707,0.1156159130264682
0.5,44,scalar_normalized,7,1.7019013166427612,2048,0.0781067472046676,0.02696620322918231,0.11415627384815046,0.6842089757463915,0.20015428043369127,0.12256140665384341,0.09698600182012865,0.06780961422130277,0.058746875020350885
0.5,44,scalar_normalized,8,2.4834699630737305,2048,0.020478111477353435,0.0033202598937181415,0.027620912609599955,0.741398800495681,0.12399557291015863,0.04349102222137192,0.024796711831051334,0.01654352689174013,0.014879635536419402
0.5,44,fourier_normalized,0,0.12079870700836182,2048,0.035725918993862044,2.4482673317588035,0.04464042970195185,0.8003041017389662,0.9665031328322151,0.00948351082364721,0.024488040934599394,0.04160042476940394,0.04809090715284564
0.5,44,fourier_normalized,1,0.17627345025539398,2048,0.06581022941225839,2.1179689765489376,0.08583171782323698,0.7667355504615309,0.9442076417382687,0.018691707797741156,0.04696851458202621,0.07623763593451993,0.08609114314552607
0.5,44,fourier_normalized,2,0.25722402334213257,2048,0.11460059002057792,1.7320634597782691,0.15022218698957462,0.7628739290590355,0.8838790157587008,0.03750794197349687,0.08593235971093435,0.1316140803975001,0.14412239583995007
0.5,44,fourier_normalized,3,0.37534967064857483,2048,0.17313957452399834,1.2289218548461294,0.2295713300705494,0.7541863980610773,0.7897190350850705,0.07296998737364016,0.1491733721866949,0.19248551901091798,0.1983112479232626
0.5,44,fourier_normalized,4,0.547722578048706,2048,0.21970885926188516,0.7323628092685249,0.28783873427000656,0.7633053967496525,0.6598216557083768,0.12947857555346987,0.21079365638472625,0.2340160157857861,0.23163678623566147
0.5,44,fourier_normalized,5,0.7992547750473022,2048,0.21372516633826605,0.33456860426222773,0.2857900454762761,0.7478397856093546,0.4951164505347518,0.18753268717546306,0.2330976952220448,0.2137080016082626,0.19390133683756297
0.5,44,fourier_normalized,6,1.166298747062683,2048,0.17496584063980677,0.1286274469224129,0.22404342421510753,0.7809461101247024,0.34100867022149567,0.22411708203837583,0.20619474406514168,0.1620141433747344,0.14107017899694654
0.5,44,fourier_normalized,7,1.7019013166427612,2048,0.08952561205719645,0.03090854420841923,0.11415627384815046,0.7842373357094901,0.21180703641353166,0.15703336476528024,0.11167041847626975,0.07529087104444135,0.06642844852253889
0.5,44,fourier_normalized,8,2.4834699630737305,2048,0.02222021833499044,0.003602719901633434,0.027620912609599955,0.8044708243009885,0.12583205782287693,0.048203482968849166,0.028102955027641333,0.01748821553366613,0.015203327778692552
0.5,44,scalar_gate_s1p5_p4,0,0.12079870700836182,2048,0.0070205267534108814,0.4811108233511807,0.04464042970195185,0.15726835069206146,0.939010559128536,0.007786816433044681,0.005437082453629734,0.007024366019249064,0.00939531846005879
0.5,44,scalar_gate_s1p5_p4,1,0.17627345025539398,2048,0.012013956324747728,0.38664485762588663,0.08583171782323698,0.13997105766296597,0.8913539299319517,0.01017225253324341,0.009207030055651997,0.012531785176503251,0.01607097391401059
0.5,44,scalar_gate_s1p5_p4,2,0.25722402334213257,2048,0.020921847481277806,0.3162110031620984,0.15022218698957462,0.13927268601627918,0.7920487923635792,0.018041357649955098,0.017804948000844284,0.021427170444599845,0.02615427638023343
0.5,44,scalar_gate_s1p5_p4,3,0.37534967064857483,2048,0.03385634799478438,0.24030789084733178,0.2295713300705494,0.1474763768819914,0.652964338375184,0.030447070422697002,0.032122569143897314,0.034450034587798536,0.036589848585023156
0.5,44,scalar_gate_s1p5_p4,4,0.547722578048706,2048,0.048412159067901195,0.16137385145430752,0.28783873427000656,0.16819195370171502,0.488804646210609,0.057730495348556655,0.052686799745865556,0.046144984323512564,0.04420082674106858
0.5,44,scalar_gate_s1p5_p4,5,0.7992547750473022,2048,0.06776111354667982,0.10607427085440035,0.2857900454762761,0.23710102790233392,0.3484429542410471,0.11463135132320405,0.0808383128752616,0.05861573944541707,0.05302292924701357
0.5,44,scalar_gate_s1p5_p4,6,1.166298747062683,2048,0.09302788899470987,0.06839014867253336,0.22404342421510753,0.4152225816071815,0.2589485339571609,0.1813667977003179,0.11477810952809916,0.07665866272893375,0.06712295799183438
0.5,44,scalar_gate_s1p5_p4,7,1.7019013166427612,2048,0.07316667919454516,0.02526065431446597,0.11415627384815046,0.6409343676710292,0.19571934498761628,0.16485970700089364,0.09026410221443561,0.05749153535381892,0.0510478995539566
0.5,44,scalar_gate_s1p5_p4,8,2.4834699630737305,2048,0.024299871625240502,0.003939908680984128,0.027620912609599955,0.8797635316653083,0.12836439110358422,0.06817829172397147,0.028199508364753264,0.018095823366778608,0.016427799676556675
0.5,44,fourier_gate_s1p5_p4,0,0.12079870700836182,2048,0.007183885613241253,0.4923056693100706,0.04464042970195185,0.16092778813298803,0.9389639989766421,0.008240361798378969,0.005600147568322096,0.0071408761574117754,0.009574968867821275
0.5,44,fourier_gate_s1p5_p4,1,0.17627345025539398,2048,0.01243149198884893,0.4000823975200171,0.08583171782323698,0.1448356423956295,0.8915027075756483,0.013601659288519308,0.009642611131870529,0.012588923357890483,0.01614466872950336
0.5,44,fourier_gate_s1p5_p4,2,0.25722402334213257,2048,0.02151839730530099,0.3252272058879498,0.15022218698957462,0.1432438026401144,0.7921621169118505,0.025086572298864518,0.01875060273294232,0.021246822469194567,0.025482550929472034
0.5,44,fourier_gate_s1p5_p4,3,0.37534967064857483,2048,0.03451727931444277,0.24499909414682877,0.2295713300705494,0.15035535710768105,0.6535308219855309,0.03774463491889822,0.033256202428964064,0.0342201067877516,0.03608887020920745
0.5,44,fourier_gate_s1p5_p4,4,0.547722578048706,2048,0.048688360845434216,0.16229452397702057,0.28783873427000656,0.1691515249638438,0.48898591982179085,0.06333869923421703,0.053386751846748265,0.04582191744966758,0.04302537501111497
0.5,44,fourier_gate_s1p5_p4,5,0.7992547750473022,2048,0.0676507261421409,0.10590146874364535,0.2857900454762761,0.23671477440510327,0.3484601329926589,0.11505999939371814,0.08072315138230562,0.05855325210070841,0.05244060917638354
0.5,44,fourier_gate_s1p5_p4,6,1.166298747062683,2048,0.09310942510082859,0.06845009055103772,0.22404342421510753,0.41558651153016124,0.2586313262509562,0.1837709923732326,0.11374495289535493,0.07701628401197182,0.06685281576157175
0.5,44,fourier_gate_s1p5_p4,7,1.7019013166427612,2048,0.07223475193523579,0.02493890823274143,0.11415627384815046,0.6327707580165216,0.19466449845280728,0.15512093177921166,0.08987528313657878,0.057411975284168,0.05082308612356226
0.5,44,fourier_gate_s1p5_p4,8,2.4834699630737305,2048,0.0221023249129766,0.0035836050139506207,0.027620912609599955,0.8002025575829341,0.1259860522507876,0.052469042522257724,0.027472250776023888,0.017016504640808876,0.014898490179481087
0.5,44,scalar_gate_s1p5_p4_plateau_lo0p8_hi1,0,0.12079870700836182,2048,0.010931698848153041,0.7491401739772354,0.04464042970195185,0.24488336965257895,0.9433843075660753,0.00958313671973501,0.00872138909910005,0.011424968174902584,0.013746877683425666
0.5,44,scalar_gate_s1p5_p4_plateau_lo0p8_hi1,1,0.17627345025539398,2048,0.016327800291503623,0.5254771907275843,0.08583171782323698,0.1902303799293557,0.8957345187137264,0.013884713649872066,0.01340698632355406,0.01703942998992353,0.02018924995251183
0.5,44,scalar_gate_s1p5_p4_plateau_lo0p8_hi1,2,0.25722402334213257,2048,0.02577760121167464,0.38960044735773625,0.15022218698957462,0.17159649801572652,0.7969996408646065,0.017759799982666056,0.02164899573536479,0.027505547879520597,0.03104387977381224
0.5,44,scalar_gate_s1p5_p4_plateau_lo0p8_hi1,3,0.37534967064857483,2048,0.041570375762879655,0.29506104210789585,0.2295713300705494,0.18107825463268734,0.6596127345974079,0.03013508655630298,0.03937097227427646,0.043553229141984444,0.04434258542520983
0.5,44,scalar_gate_s1p5_p4_plateau_lo0p8_hi1,4,0.547722578048706,2048,0.06307669066544859,0.2102556197792955,0.28783873427000656,0.2191389940114162,0.5029227721008139,0.0634220896484744,0.06867645947726873,0.0613813515608756,0.05933427218225191
0.5,44,scalar_gate_s1p5_p4_plateau_lo0p8_hi1,5,0.7992547750473022,2048,0.09451759064063286,0.14795926432367604,0.2857900454762761,0.33072387277561394,0.3747427422096983,0.13373215857644474,0.11559897500919747,0.0833654932616501,0.07738384856389084
0.5,44,scalar_gate_s1p5_p4_plateau_lo0p8_hi1,6,1.166298747062683,2048,0.14959594732098414,0.10997658001970101,0.22404342421510753,0.6677096096217257,0.3154934686683298,0.20652534681564863,0.19342508193542715,0.13101984993639149,0.11022640951784399
0.5,44,scalar_gate_s1p5_p4_plateau_lo0p8_hi1,7,1.7019013166427612,2048,0.08944728377297648,0.03088150151996449,0.11415627384815046,0.7835511860868757,0.21174717918247213,0.164340381893238,0.11644979167515893,0.07252986788212568,0.06374578635660992
0.5,44,scalar_gate_s1p5_p4_plateau_lo0p8_hi1,8,2.4834699630737305,2048,0.02453136330279533,0.003977442050873478,0.027620912609599955,0.8881445609537602,0.12816592287063738,0.054592566596794886,0.031481580010863375,0.018891977788209738,0.01677909926910908
0.5,44,fourier_gate_s1p5_p4_plateau_lo0p8_hi1,0,0.12079870700836182,2048,0.011502594356948549,0.788263165446594,0.04464042970195185,0.25767212443399956,0.9443579296396352,0.006429569934413149,0.008343378758285785,0.012629444999397658,0.015680333228949836
0.5,44,fourier_gate_s1p5_p4_plateau_lo0p8_hi1,1,0.17627345025539398,2048,0.016308651944800173,0.5248609399618247,0.08583171782323698,0.1900072881960307,0.896350348156903,0.010910097384957018,0.012124964800056294,0.017603852326406405,0.021852535738189724
0.5,44,fourier_gate_s1p5_p4_plateau_lo0p8_hi1,2,0.25722402334213257,2048,0.025417564154458037,0.3841588782448809,0.15022218698957462,0.16919980106681584,0.7961969190375373,0.017500289954148818,0.020436687054361823,0.02723129671665654,0.03181906387538434
0.5,44,fourier_gate_s1p5_p4_plateau_lo0p8_hi1,3,0.37534967064857483,2048,0.04027029365023821,0.28583323081338363,0.2295713300705494,0.17541516894928813,0.657791303706459,0.03401726226830332,0.037603947042249966,0.04179487965670091,0.04272482458554429
0.5,44,fourier_gate_s1p5_p4_plateau_lo0p8_hi1,4,0.547722578048706,2048,0.061827728428291893,0.20609241263440703,0.28783873427000656,0.21479988989353502,0.5018026654606815,0.06865944975000966,0.0663816243399739,0.05968607938053435,0.05802718692032029
0.5,44,fourier_gate_s1p5_p4_plateau_lo0p8_hi1,5,0.7992547750473022,2048,0.09478621536512813,0.14837977352567833,0.2857900454762761,0.33166381007835516,0.37531304913306085,0.1395681043785475,0.11100160820288511,0.08498506297200069,0.07810659879791981
0.5,44,fourier_gate_s1p5_p4_plateau_lo0p8_hi1,6,1.166298747062683,2048,0.17003326497848464,0.1250012270171593,0.22404342421510753,0.7589299510760605,0.3359047448215764,0.2439184730359601,0.19839785074300006,0.15477413793208036,0.13620558798494264
0.5,44,fourier_gate_s1p5_p4_plateau_lo0p8_hi1,7,1.7019013166427612,2048,0.09669753113151854,0.033384635381370556,0.11415627384815046,0.8470627839530277,0.21914397532168262,0.18214691231711116,0.11951758335244289,0.08025399518018089,0.07077669567404378
0.5,44,fourier_gate_s1p5_p4_plateau_lo0p8_hi1,8,2.4834699630737305,2048,0.025140914563553118,0.0040762728735544455,0.027620912609599955,0.9102130302101283,0.12934879852111197,0.057450104470780375,0.03173892633341877,0.01950676908571914,0.016746115496038508
0.5,44,scalar_gate_s1p5_p4_cap_lo1_hi2_d0p5,0,0.12079870700836182,2048,0.007443077154995177,0.5100678487645264,0.04464042970195185,0.16673399437886094,0.939479058702301,0.011232744926245103,0.005457227220172237,0.00719301548788864,0.009812783464166249
0.5,44,scalar_gate_s1p5_p4_cap_lo1_hi2_d0p5,1,0.17627345025539398,2048,0.011658793793207927,0.3752146707058306,0.08583171782323698,0.13583316388025937,0.8910687390029066,0.009873444605780093,0.009100835897246898,0.012070064855841748,0.015644444475759668
0.5,44,scalar_gate_s1p5_p4_cap_lo1_hi2_d0p5,2,0.25722402334213257,2048,0.020199912480373738,0.30529973965833807,0.15022218698957462,0.1344669045576843,0.7911324911231278,0.016281224769289605,0.016661723315509604,0.020945291450449783,0.02585119917044721
0.5,44,scalar_gate_s1p5_p4_cap_lo1_hi2_d0p5,3,0.37534967064857483,2048,0.03252484660461097,0.23085706966655484,0.2295713300705494,0.14167643056567988,0.6512371659116699,0.028433857387859796,0.030653828669348952,0.03317724559980979,0.03565925407252078
0.5,44,scalar_gate_s1p5_p4_cap_lo1_hi2_d0p5,4,0.547722578048706,2048,0.047837624709949546,0.15945873707146319,0.28783873427000656,0.16619592505946595,0.4884534610994816,0.05510036781412756,0.05197657259625516,0.04579616957507982,0.04415680169703743
0.5,44,scalar_gate_s1p5_p4_cap_lo1_hi2_d0p5,5,0.7992547750473022,2048,0.06820851075260195,0.10677463319965302,0.2857900454762761,0.23866650302298248,0.3487424456277441,0.11255439938734202,0.08136985457527503,0.05898653524931968,0.05501253550539383
0.5,44,scalar_gate_s1p5_p4_cap_lo1_hi2_d0p5,6,1.166298747062683,2048,0.09661943296522277,0.07103049909606372,0.22404342421510753,0.43125315239092654,0.2625579700914932,0.18463818915649188,0.12008943428612923,0.07973214070456501,0.06979211460650236
0.5,44,scalar_gate_s1p5_p4_cap_lo1_hi2_d0p5,7,1.7019013166427612,2048,0.07823204107065186,0.027009460693798625,0.11415627384815046,0.6853065401794328,0.20046128674543073,0.18178651662979547,0.0983012814512387,0.06021798698741674,0.053076220508972635
0.5,44,scalar_gate_s1p5_p4_cap_lo1_hi2_d0p5,8,2.4834699630737305,2048,0.024009390350354154,0.0038928109137926635,0.027620912609599955,0.8692468163419562,0.12789058123060412,0.06316920245055904,0.028498516818538946,0.018106182094837275,0.01657427887208668
0.5,44,fourier_gate_s1p5_p4_cap_lo1_hi2_d0p5,0,0.12079870700836182,2048,0.007710648567113266,0.5284042937224248,0.04464042970195185,0.1727279199280675,0.9396084645633417,0.007461137144998948,0.0055185103232667,0.007949353530082845,0.010844626375018922
0.5,44,fourier_gate_s1p5_p4_cap_lo1_hi2_d0p5,1,0.17627345025539398,2048,0.01236954898385851,0.39808888733086273,0.08583171782323698,0.1441139627349942,0.8918797665297793,0.013784370648552364,0.009833177975321915,0.012377445200816947,0.01606281081013955
0.5,44,fourier_gate_s1p5_p4_cap_lo1_hi2_d0p5,2,0.25722402334213257,2048,0.020959712752833884,0.3167832956192759,0.15022218698957462,0.13952474779433535,0.7916636004051238,0.024160755387162444,0.017962999928076408,0.020725454517830973,0.025393820754453414
0.5,44,fourier_gate_s1p5_p4_cap_lo1_hi2_d0p5,3,0.37534967064857483,2048,0.03331604232781869,0.23647287251453972,0.2295713300705494,0.1451228353191157,0.6520613480994237,0.03472470890972633,0.031426440234523206,0.03335179235521133,0.035757686733578695
0.5,44,fourier_gate_s1p5_p4_cap_lo1_hi2_d0p5,4,0.547722578048706,2048,0.04787476147540533,0.15958252628036315,0.28783873427000656,0.16632494440618442,0.48800137828830387,0.0600068465533302,0.051895126757669136,0.045414843566348936,0.043280421364524466
0.5,44,fourier_gate_s1p5_p4_cap_lo1_hi2_d0p5,5,0.7992547750473022,2048,0.06759936255631482,0.10582106341041221,0.2857900454762761,0.23653504951041535,0.3477921028160902,0.11197300087290567,0.0793743375985125,0.059069900518834165,0.054236464447006444
0.5,44,fourier_gate_s1p5_p4_cap_lo1_hi2_d0p5,6,1.166298747062683,2048,0.09866609081181617,0.07253511492603584,0.22404342421510753,0.4403882468654172,0.2643454581746476,0.1880677334597348,0.11914827664815657,0.0827786839934789,0.07260482916764148
0.5,44,fourier_gate_s1p5_p4_cap_lo1_hi2_d0p5,7,1.7019013166427612,2048,0.07813266897467472,0.026975152670083238,0.11415627384815046,0.6844360484173303,0.20040264152984288,0.1599527750145461,0.09646655394607645,0.06317164706881002,0.05660289731440978
0.5,44,fourier_gate_s1p5_p4_cap_lo1_hi2_d0p5,8,2.4834699630737305,2048,0.022359266167455462,0.003625264702307686,0.027620912609599955,0.8095049748531571,0.12631714053274035,0.052613986088205535,0.02779781444102939,0.017296949350160785,0.015006866146020596
0.5,44,scalar_gate_s1p5_p4_linear_sigma,0,0.12079870700836182,2048,0.007237713818705473,0.4959944711849193,0.04464042970195185,0.1621336055013156,0.939157027403774,0.00871199800954785,0.005754331203395437,0.0070957527857584265,0.009592088931033076
0.5,44,scalar_gate_s1p5_p4_linear_sigma,1,0.17627345025539398,2048,0.012238014631224238,0.39385572053114415,0.08583171782323698,0.14258149483186824,0.8915317215763436,0.009784204078398449,0.008998528404088097,0.012888258221506995,0.01690385355663462
0.5,44,scalar_gate_s1p5_p4_linear_sigma,2,0.25722402334213257,2048,0.02087400054115691,0.31548784862484236,0.15022218698957462,0.1389541782040862,0.7916022487811017,0.01754500718263798,0.017258050462009445,0.021566980717147216,0.026533871882855116
0.5,44,scalar_gate_s1p5_p4_linear_sigma,3,0.37534967064857483,2048,0.03355406119632377,0.23816229903748118,0.2295713300705494,0.14615963232870716,0.6524836163259939,0.02791961223565257,0.030904029928204423,0.034653194794185126,0.03724319483698815
0.5,44,scalar_gate_s1p5_p4_linear_sigma,4,0.547722578048706,2048,0.047480313948569025,0.15826770128953963,0.28783873427000656,0.16495456759488877,0.48784276487050915,0.05256271440853109,0.050702025782093,0.04605640397195089,0.04430848590066044
0.5,44,scalar_gate_s1p5_p4_linear_sigma,5,0.7992547750473022,2048,0.06777562541559133,0.10609698795323406,0.2857900454762761,0.23715180597925162,0.3477824545591902,0.10910647734184062,0.07989925199335642,0.05949752175142925,0.054533763160705045
0.5,44,scalar_gate_s1p5_p4_linear_sigma,6,1.166298747062683,2048,0.0948191944702725,0.06970704029627661,0.22404342421510753,0.42321793108837297,0.26022533256589836,0.17828405951844511,0.11603528538266941,0.0790402322813698,0.07034174275732558
0.5,44,scalar_gate_s1p5_p4_linear_sigma,7,1.7019013166427612,2048,0.07478951432567182,0.025820935001085107,0.11415627384815046,0.6551502760606578,0.19720877019761351,0.16206281095573338,0.09201284475535056,0.059379183848531296,0.053901899458739716
0.5,44,scalar_gate_s1p5_p4_linear_sigma,8,2.4834699630737305,2048,0.027801770487937964,0.004507696113850191,0.027620912609599955,1.006547860343874,0.13184370143475538,0.08890532259901252,0.03456989827552505,0.018674018994750036,0.01630574222256281
0.5,44,fourier_gate_s1p5_p4_linear_sigma,0,0.12079870700836182,2048,0.007192059349416838,0.49286580861007123,0.04464042970195185,0.16111088977941387,0.9395123403295199,0.00742382610778141,0.005559627735155108,0.007247983733071098,0.009754130792985732
0.5,44,fourier_gate_s1p5_p4_linear_sigma,1,0.17627345025539398,2048,0.012374381175354039,0.39824440162959224,0.08583171782323698,0.14417026117126083,0.8917710685580416,0.012150316108719299,0.009244009868278615,0.01279841728952621,0.016462052104745897
0.5,44,fourier_gate_s1p5_p4_linear_sigma,2,0.25722402334213257,2048,0.020663843885623263,0.3123115590105072,0.15022218698957462,0.13755520605659488,0.7911546806342119,0.02255722515961821,0.017670332726609225,0.020737889242545687,0.024654036112166315
0.5,44,fourier_gate_s1p5_p4_linear_sigma,3,0.37534967064857483,2048,0.033357965991090206,0.23677044114476892,0.2295713300705494,0.14530545247457075,0.6523568004084984,0.03316829792563562,0.03122260896095411,0.03382251788057582,0.03550455360963913
0.5,44,fourier_gate_s1p5_p4_linear_sigma,4,0.547722578048706,2048,0.04732388606521273,0.15774627505079977,0.28783873427000656,0.1644111109133097,0.48749064094729294,0.0577929780519715,0.051038557317034036,0.04527192925207554,0.042655700696738214
0.5,44,fourier_gate_s1p5_p4_linear_sigma,5,0.7992547750473022,2048,0.06651886639094179,0.10412963838942337,0.2857900454762761,0.23275431542790956,0.3472123686221266,0.10911943768227439,0.0785051023501114,0.05808322472942162,0.05341099802297614
0.5,44,fourier_gate_s1p5_p4_linear_sigma,6,1.166298747062683,2048,0.09506139966900926,0.06988509926042025,0.22404342421510753,0.4242989947240734,0.2605073908126053,0.18326655718019186,0.1156378733765864,0.0792313181802193,0.06928066675142161
0.5,44,fourier_gate_s1p5_p4_linear_sigma,7,1.7019013166427612,2048,0.07372584318991365,0.025453704601120945,0.11415627384815046,0.6458326003876321,0.1959493492401162,0.15479787835472408,0.09131755246188783,0.059080983632114656,0.05273669883319452
0.5,44,fourier_gate_s1p5_p4_linear_sigma,8,2.4834699630737305,2048,0.025182964650316653,0.004083090749156047,0.027620912609599955,0.9117354305506921,0.12930310480819956,0.05716177339800654,0.0313691540534879,0.019681481031783826,0.017202672299308535
0.5,44,scalar_gate_s1p5_p4_tanh_sigma,0,0.12079870700836182,2048,0.007061297389702174,0.4839048009377095,0.04464042970195185,0.1581816626060261,0.938780183631254,0.007834429956673652,0.005705607146764645,0.006971594490502165,0.009380772903584769
0.5,44,scalar_gate_s1p5_p4_tanh_sigma,1,0.17627345025539398,2048,0.01193325016795813,0.3840474933889976,0.08583171782323698,0.1390307740610951,0.8913126820371661,0.00926894069247205,0.008952261839113556,0.01256569195415587,0.01632373237998263
0.5,44,scalar_gate_s1p5_p4_tanh_sigma,2,0.25722402334213257,2048,0.02062174392811859,0.31167526387416483,0.15022218698957462,0.13727495479445878,0.7913530054211604,0.01712047531627398,0.017534304954459984,0.021199206481796146,0.025874148351754573
0.5,44,scalar_gate_s1p5_p4_tanh_sigma,3,0.37534967064857483,2048,0.03377941449656576,0.239761827028066,0.2295713300705494,0.14714125882437076,0.6525679450343597,0.029599671041098195,0.031994451831722615,0.03446461886879348,0.036686211303130864
0.5,44,scalar_gate_s1p5_p4_tanh_sigma,4,0.547722578048706,2048,0.04922932863829634,0.16409774981795974,0.28783873427000656,0.171030937733755,0.4898228488669172,0.05787075507963414,0.05342940767772292,0.047115807743251886,0.04494614125985161
0.5,44,scalar_gate_s1p5_p4_tanh_sigma,5,0.7992547750473022,2048,0.06910345966872453,0.10817559975348985,0.2857900454762761,0.2417979938859029,0.34975967491147975,0.1140355251234672,0.08246753875925224,0.06011628953224871,0.05433436988183803
0.5,44,scalar_gate_s1p5_p4_tanh_sigma,6,1.166298747062683,2048,0.09373335710829606,0.06890877883487784,0.22404342421510753,0.4183713824079979,0.25929036841186887,0.18030520120602783,0.11567875321137526,0.07729617873981584,0.06871985781834068
0.5,44,scalar_gate_s1p5_p4_tanh_sigma,7,1.7019013166427612,2048,0.07347355710436608,0.025366603318603777,0.11415627384815046,0.6436225940774826,0.19575607614635238,0.1608770390223377,0.09102652752479354,0.058092692556727006,0.051816274693591874
0.5,44,scalar_gate_s1p5_p4_tanh_sigma,8,2.4834699630737305,2048,0.02476195382714493,0.004014829310470931,0.027620912609599955,0.8964929644844044,0.12875690721269215,0.07300040382757922,0.029593449871484066,0.017755761704290007,0.015841325545530457
0.5,44,fourier_gate_s1p5_p4_tanh_sigma,0,0.12079870700836182,2048,0.007224885035150945,0.4951153253835712,0.04464042970195185,0.16184622512347915,0.9391492977089467,0.0078112394207392995,0.0056079615046665645,0.00725295581272689,0.009667618159842743
0.5,44,fourier_gate_s1p5_p4_tanh_sigma,1,0.17627345025539398,2048,0.012285745502269706,0.3953918419669878,0.08583171782323698,0.1431375931164647,0.8916869244128063,0.012345426249142807,0.009232423906365323,0.012662375634314075,0.016257891870113717
0.5,44,fourier_gate_s1p5_p4_tanh_sigma,2,0.25722402334213257,2048,0.020892976107048697,0.3157746436954775,0.15022218698957462,0.1390804948705657,0.7915746451555181,0.023354557134541223,0.018098229813162087,0.020777360551043785,0.024930638825814273
0.5,44,fourier_gate_s1p5_p4_tanh_sigma,3,0.37534967064857483,2048,0.03403316109531142,0.24156288690503933,0.2295713300705494,0.1482465649558798,0.6530820706689511,0.035596580875267694,0.03239564608086283,0.03407772129511409,0.03590739382176752
0.5,44,fourier_gate_s1p5_p4_tanh_sigma,4,0.547722578048706,2048,0.04917880452174568,0.16392933610875765,0.28783873427000656,0.17085540848582803,0.48949172506191385,0.06191588945773417,0.053579695478172096,0.04673520893779254,0.043510201174150255
0.5,44,fourier_gate_s1p5_p4_tanh_sigma,5,0.7992547750473022,2048,0.06866095764595467,0.10748290040189826,0.2857900454762761,0.2402496473644822,0.3488617365637389,0.11407627203539614,0.08144307085715659,0.05989524489835253,0.05382138543395857
0.5,44,fourier_gate_s1p5_p4_tanh_sigma,6,1.166298747062683,2048,0.09334040127433434,0.06861989441326198,0.22404342421510753,0.41661745530507865,0.2586761120965148,0.18290047675276644,0.1133253752741234,0.07756426417482659,0.06765470127372078
0.5,44,fourier_gate_s1p5_p4_tanh_sigma,7,1.7019013166427612,2048,0.07227331369501491,0.0249522216056355,0.11415627384815046,0.633108556005885,0.19452217224271162,0.1542525937920744,0.08967659212695009,0.05755647368209353,0.05138705869980012
0.5,44,fourier_gate_s1p5_p4_tanh_sigma,8,2.4834699630737305,2048,0.022584531832242554,0.003661788605063635,0.027620912609599955,0.8176605947622835,0.12666416141386616,0.05331502321042756,0.02813004521123931,0.01740257787979307,0.015229616657621379
1.0,42,scalar_gate_loglinear_lo0p1_hi3,0,0.12079870700836182,2048,0.022401636354636947,1.5351653927900577,0.08482716349280273,0.264085647005486,0.8960391070523754,0.008489535456510105,0.011502158910267625,0.020928535746128223,0.05507247683128583
1.0,42,scalar_gate_loglinear_lo0p1_hi3,1,0.17627345025539398,2048,0.03231445907064419,1.0399754326465906,0.14257041418243382,0.22665613518730782,0.8163098214839828,0.012661462228100957,0.02009389033023132,0.03245587635962243,0.06442400309665107
1.0,42,scalar_gate_loglinear_lo0p1_hi3,2,0.25722402334213257,2048,0.043107337445025616,0.6515205901073762,0.20286754551251057,0.2124900625978503,0.6910437769699552,0.02276111671017846,0.0393143946040166,0.04475875533094665,0.05491511311269946
1.0,42,scalar_gate_loglinear_lo0p1_hi3,3,0.37534967064857483,2048,0.058023051064679566,0.41183996053053845,0.24583362846555235,0.2360256870748263,0.5503683721237372,0.040716669034117026,0.07297739776437212,0.057294220375820604,0.043805562884561416
1.0,42,scalar_gate_loglinear_lo0p1_hi3,4,0.547722578048706,2048,0.08187905601923984,0.272930166257106,0.2518958045539704,0.32505128921945453,0.4287902889954249,0.08211584349237044,0.1314377620912946,0.0693708672078045,0.040896298804825655
1.0,42,scalar_gate_loglinear_lo0p1_hi3,5,0.7992547750473022,2048,0.10809379949247049,0.16921166676440147,0.22008349720955672,0.49114904508059004,0.3338586807760605,0.15644704693890188,0.18881162020758394,0.08013448713473581,0.043356605213471254
1.0,42,scalar_gate_loglinear_lo0p1_hi3,6,1.166298747062683,2048,0.11022965921086555,0.08103615875861134,0.15846687412340676,0.6956006409580827,0.25649978892028985,0.21168388659196688,0.19604339232005522,0.07359884718397745,0.039691519462160596
1.0,42,scalar_gate_loglinear_lo0p1_hi3,7,1.7019013166427612,2048,0.06597156191045953,0.022776554004513998,0.0741333667239539,0.8899037616369696,0.1850633915912157,0.16442141291988865,0.10956465912133945,0.041685744171129656,0.02552478332334746
1.0,42,scalar_gate_loglinear_lo0p1_hi3,8,2.4834699630737305,2048,0.021098546319316545,0.0034208553477820384,0.017888779707379513,1.1794290423629585,0.11880802945084096,0.06316996993663637,0.03114670817321994,0.013143626428640101,0.009914053934199422
1.0,42,fourier_gate_loglinear_lo0p1_hi3,0,0.12079870700836182,2048,0.025116451427403895,1.7212093978599803,0.08482716349280273,0.29608972401316863,0.8978266643431574,0.006152950547684927,0.010389510003045391,0.025215835652616817,0.061457507375302964
1.0,42,fourier_gate_loglinear_lo0p1_hi3,1,0.17627345025539398,2048,0.03138960700277824,1.010210941546483,0.14257041418243382,0.22016915068095363,0.8158019032960947,0.01239438988442595,0.01831251496488697,0.032515566910069064,0.06093704270834869
1.0,42,fourier_gate_loglinear_lo0p1_hi3,2,0.25722402334213257,2048,0.03831392302072054,0.5790733368216636,0.20286754551251057,0.18886176654785708,0.6869767113712668,0.02538683171441074,0.03372180390337258,0.04049111692004402,0.045434453002067034
1.0,42,fourier_gate_loglinear_lo0p1_hi3,3,0.37534967064857483,2048,0.05096822312002711,0.36176572263779777,0.24583362846555235,0.20732811632875964,0.5428644802585028,0.04876985424481635,0.06175225641861311,0.05045131856923441,0.03497067493398601
1.0,42,fourier_gate_loglinear_lo0p1_hi3,4,0.547722578048706,2048,0.0746706306958897,0.24890208364839111,0.2518958045539704,0.2964345945662267,0.42148043643671085,0.09612626854247419,0.11327820652940507,0.06415629179781834,0.03383597735869616
1.0,42,fourier_gate_loglinear_lo0p1_hi3,5,0.7992547750473022,2048,0.09991426277303425,0.15640729641055115,0.22008349720955672,0.4539834382852385,0.3251883720261415,0.16976627159413787,0.16526669245291006,0.0760469877429502,0.03509075522184835
1.0,42,fourier_gate_loglinear_lo0p1_hi3,6,1.166298747062683,2048,0.10235881966404149,0.07524985217246959,0.15846687412340676,0.6459319667297099,0.24882469393652185,0.22090301099881193,0.1785088505550026,0.06820633957845808,0.0301435832174421
1.0,42,fourier_gate_loglinear_lo0p1_hi3,7,1.7019013166427612,2048,0.05951171203513059,0.020546303343688652,0.0741333667239539,0.802765538178387,0.17893082469260052,0.16910606003030842,0.10203875484515212,0.03503023653002174,0.015507905617071398
1.0,42,fourier_gate_loglinear_lo0p1_hi3,8,2.4834699630737305,2048,0.016797838237872786,0.0027235513716219934,0.017888779707379513,0.9390153220425265,0.11429412759346949,0.05790573690256533,0.028360754526560367,0.008743468151960528,0.0038314414577119574
1.0,42,scalar_gate_logsigmoid_lo0p1_hi1p5_s0p75_p2,0,0.12079870700836182,2048,0.028760584366747267,1.9709387786356964,0.08482716349280273,0.3390492288379712,0.9020741875618111,0.008921385816408679,0.01413662626494637,0.027309128743910848,0.07126378587307457
1.0,42,scalar_gate_logsigmoid_lo0p1_hi1p5_s0p75_p2,1,0.17627345025539398,2048,0.04170597508391439,1.3422223589453126,0.14257041418243382,0.2925289606758609,0.8259344972001018,0.013426581106213382,0.024677553020569752,0.04229832045912113,0.08545175065557992
1.0,42,scalar_gate_logsigmoid_lo0p1_hi1p5_s0p75_p2,2,0.25722402334213257,2048,0.05384135662288106,0.8137536326352041,0.20286754551251057,0.2654015283068564,0.7021649236436485,0.022784746930990394,0.042682389246065405,0.05838246347783181,0.07377790033623421
1.0,42,scalar_gate_logsigmoid_lo0p1_hi1p5_s0p75_p2,3,0.37534967064857483,2048,0.06886043887088263,0.48876230922580965,0.24583362846555235,0.28010992353119724,0.5603059354445444,0.04170135856334377,0.07797441679126609,0.0715970691529375,0.05740780833995965
1.0,42,scalar_gate_logsigmoid_lo0p1_hi1p5_s0p75_p2,4,0.547722578048706,2048,0.09276323346288141,0.30921075501434453,0.2518958045539704,0.368260335368175,0.4395812991493621,0.08002234046395544,0.13528148086056538,0.08445449942140709,0.05564206280086067
1.0,42,scalar_gate_logsigmoid_lo0p1_hi1p5_s0p75_p2,5,0.7992547750473022,2048,0.11694444173697766,0.1830665958459979,0.22008349720955672,0.5313639742175978,0.3425215829075408,0.1476182955534503,0.19004622414683675,0.09414779047454058,0.056065370101727866
1.0,42,scalar_gate_logsigmoid_lo0p1_hi1p5_s0p75_p2,6,1.166298747062683,2048,0.11917231428422945,0.08761041854891272,0.15846687412340676,0.7520329718337442,0.2658339686994388,0.20205159645278728,0.2077904507529374,0.08500871384939163,0.044647405444492784
1.0,42,scalar_gate_logsigmoid_lo0p1_hi1p5_s0p75_p2,7,1.7019013166427612,2048,0.06659605162453976,0.022992157869059712,0.0741333667239539,0.8983276298851985,0.18612842358983,0.1592471600264631,0.11429144400450741,0.042006605833883215,0.02322486682378683
1.0,42,scalar_gate_logsigmoid_lo0p1_hi1p5_s0p75_p2,8,2.4834699630737305,2048,0.01965624954795592,0.0031870056527023073,0.017888779707379513,1.0988032649229442,0.11736036558312593,0.05893993879641381,0.02961764422241933,0.012031222745528179,0.008928488464493619
1.0,42,fourier_gate_logsigmoid_lo0p1_hi1p5_s0p75_p2,0,0.12079870700836182,2048,0.02137212753301291,1.4646140147786852,0.08482716349280273,0.2519491004178898,0.8938595250899404,0.00673722727492416,0.011003802837574576,0.020780701265339627,0.05016948192394056
1.0,42,fourier_gate_logsigmoid_lo0p1_hi1p5_s0p75_p2,1,0.17627345025539398,2048,0.02887599420143696,0.9293154032716163,0.14257041418243382,0.20253847452871315,0.812441418853434,0.0107074385504279,0.017699897518346473,0.029986606553741427,0.05464260589100823
1.0,42,fourier_gate_logsigmoid_lo0p1_hi1p5_s0p75_p2,2,0.25722402334213257,2048,0.03864890783693076,0.5841362685189094,0.20286754551251057,0.19051301547170013,0.6868323548610245,0.02066265856543955,0.029954119911851856,0.04256685439013439,0.049297537875796896
1.0,42,fourier_gate_logsigmoid_lo0p1_hi1p5_s0p75_p2,3,0.37534967064857483,2048,0.05284170255218852,0.3750634324486114,0.24583362846555235,0.21494904046292027,0.5455776833720903,0.04176794904258295,0.057863058544759365,0.05443242557961993,0.04405753463376931
1.0,42,fourier_gate_logsigmoid_lo0p1_hi1p5_s0p75_p2,4,0.547722578048706,2048,0.07741840125529927,0.2580613181593485,0.2518958045539704,0.30734295631633607,0.42474555558381544,0.08734065359796411,0.11028108853819495,0.06915244649015291,0.044710423897001556
1.0,42,fourier_gate_logsigmoid_lo0p1_hi1p5_s0p75_p2,5,0.7992547750473022,2048,0.10896789510499069,0.1705799892417356,0.22008349720955672,0.49512069958264443,0.3344881830819806,0.16585884329623238,0.17376990049038613,0.08715647897624275,0.044556930799979126
1.0,42,fourier_gate_logsigmoid_lo0p1_hi1p5_s0p75_p2,6,1.166298747062683,2048,0.12458531988768476,0.09158983012092653,0.15846687412340676,0.7861915657569127,0.27127605666799826,0.2285646807353344,0.20932115927919598,0.09129133203711756,0.041954803489557886
1.0,42,fourier_gate_logsigmoid_lo0p1_hi1p5_s0p75_p2,7,1.7019013166427612,2048,0.06790002033896346,0.02344235054275415,0.0741333667239539,0.9159171280025472,0.1873664939279185,0.17404931894118922,0.11667830303727457,0.04235080450622292,0.018730500575527022
1.0,42,fourier_gate_logsigmoid_lo0p1_hi1p5_s0p75_p2,8,2.4834699630737305,2048,0.01727117642570982,0.002800297013083051,0.017888779707379513,0.965475382235552,0.1147443041113545,0.05853127759217499,0.029373894111033912,0.009072819049483689,0.003804527758396185
1.0,42,score,0,0.12079870700836182,2048,0.03506117392752458,2.402712908648191,0.08482716349280273,0.41332484175896544,0.9086203581002261,0.008506467097180375,0.016788206806244044,0.03480274350452732,0.08327535642464862
1.0,42,score,1,0.17627345025539398,2048,0.04941308333555004,1.5902600321406608,0.14257041418243382,0.34658721880628623,0.8337076233432459,0.012751235167636977,0.026800163696543575,0.05413944697682541,0.09212637125336184
1.0,42,score,2,0.25722402334213257,2048,0.06392838654832009,0.9662081352551789,0.20286754551251057,0.3151237739226145,0.7113136626409933,0.02541907950199406,0.048327871571905615,0.07326217710581073,0.07779570831493998
1.0,42,score,3,0.37534967064857483,2048,0.07542383030519047,0.5353483956113506,0.24583362846555235,0.3068084329063194,0.5684838996791299,0.04997214239463201,0.08277547610917471,0.08103546665894008,0.05529454926758577
1.0,42,score,4,0.547722578048706,2048,0.09084540023359959,0.30281797806295546,0.2518958045539704,0.36064673802113817,0.4385966339224294,0.09278500611862972,0.1276797159081529,0.08517828128710576,0.04569372956279802
1.0,42,score,5,0.7992547750473022,2048,0.0999908894183172,0.1565272489187225,0.22008349720955672,0.45433160907611786,0.3257439271885584,0.16213257849413104,0.1602182044341664,0.07668441763216934,0.04644361776235853
1.0,42,score,6,1.166298747062683,2048,0.09991187972267568,0.07345096596542812,0.15846687412340676,0.6304906326660351,0.24634253975159465,0.20489134623430413,0.15945846220005783,0.06979315421926036,0.049511214713771796
1.0,42,score,7,1.7019013166427612,2048,0.08136458044427974,0.028090963846801736,0.0741333667239539,1.0975433066091858,0.1999590974958348,0.15585732733327723,0.0994317923584066,0.06669586625307618,0.06327537571426908
1.0,42,score,8,2.4834699630737305,2048,0.09980333873531874,0.0161818155560149,0.017888779707379513,5.579102675972228,0.19741549346742437,0.1222803992744343,0.09266552212865045,0.10036977429342861,0.09786566696147203
1.0,42,scalar_gaussian,0,0.12079870700836182,2048,0.029151725080706944,1.997743324441021,0.08482716349280273,0.3436602602323295,0.9028356424638155,0.009500055669020714,0.015810198226155658,0.030767346786033028,0.05768412938628084
1.0,42,scalar_gaussian,1,0.17627345025539398,2048,0.04424425233130119,1.4239116724738856,0.14257041418243382,0.3103326351755282,0.8281478081322909,0.014127868447541308,0.028070056143668833,0.04914076042323123,0.0712317838085563
1.0,42,scalar_gaussian,2,0.25722402334213257,2048,0.062144871805071826,0.9392522468413284,0.20286754551251057,0.30633225067160597,0.7110870285115282,0.02161548005856735,0.050051293619505006,0.07160727385027481,0.0704140429344819
1.0,42,scalar_gaussian,3,0.37534967064857483,2048,0.08220598103199306,0.5834872065905413,0.24583362846555235,0.33439680952157547,0.574400570338199,0.03627141839556014,0.09050834589117106,0.0902815012006601,0.062457902109841715
1.0,42,scalar_gaussian,4,0.547722578048706,2048,0.1076606321657742,0.35886874696558924,0.2518958045539704,0.42740145020044257,0.45461123561549815,0.07064550369039452,0.14860848698474655,0.10642181393395844,0.0601083860718939
1.0,42,scalar_gaussian,5,0.7992547750473022,2048,0.12777687643004726,0.20002385276671994,0.22008349720955672,0.5805836332579815,0.3531503157193431,0.1355594341362421,0.19954691124393387,0.11050523635488417,0.06111047831920122
1.0,42,scalar_gaussian,6,1.166298747062683,2048,0.12156873935421475,0.08937216837028296,0.15846687412340676,0.7671555334621075,0.26789006067414906,0.19986197763274197,0.2012013073499266,0.0912169511950412,0.05116579691953418
1.0,42,scalar_gaussian,7,1.7019013166427612,2048,0.07055672177508883,0.0243595715692308,0.0741333667239539,0.9517539118089265,0.18954651329295516,0.1672723279367007,0.11108271304330228,0.048047502698860975,0.029814450385341404
1.0,42,scalar_gaussian,8,2.4834699630737305,2048,0.02446981596109487,0.003967462948531008,0.017888779707379513,1.3678862595082735,0.12201709555780232,0.07376895070900846,0.03251174287190098,0.01634749238106161,0.01346898233983545
1.0,42,fourier_gaussian,0,0.12079870700836182,2048,0.0723033667124602,4.954889214430176,0.08482716349280273,0.8523610095555638,0.945829628382969,0.006869892232749085,0.024929888575053974,0.08410803047912252,0.14827941721585317
1.0,42,fourier_gaussian,1,0.17627345025539398,2048,0.12190312118725304,3.9232051175769835,0.14257041418243382,0.8550379956900819,0.907564223268586,0.01370146783902477,0.05045516095920771,0.14602819661228647,0.2178945729582231
1.0,42,fourier_gaussian,2,0.25722402334213257,2048,0.17301084795069893,2.614871073760188,0.20286754551251057,0.8528266436783482,0.8197391465430484,0.028506933018530013,0.09510501887166016,0.2123594966223925,0.2431396018493526
1.0,42,fourier_gaussian,3,0.37534967064857483,2048,0.21071463644726768,1.495624686487326,0.24583362846555235,0.8571432548203805,0.7054765367406524,0.05641067219677283,0.16223569780715416,0.25436310095406567,0.2177296415876188
1.0,42,fourier_gaussian,4,0.547722578048706,2048,0.21569201124726955,0.7189733168908777,0.2518958045539704,0.8562747268823846,0.5641971037756779,0.10479394149326451,0.23014732981691577,0.24108772331849807,0.15566434916214913
1.0,42,fourier_gaussian,5,0.7992547750473022,2048,0.19301964706857078,0.3021558715865517,0.22008349720955672,0.8770291708186708,0.4172826934580439,0.1756966883030305,0.26728466486600355,0.18606701302793946,0.096882321118598
1.0,42,fourier_gaussian,6,1.166298747062683,2048,0.14154643295444708,0.10405891930291888,0.15846687412340676,0.8932241122155106,0.2879255011341759,0.2205013372424613,0.23264288367458896,0.11107666862562547,0.05084135008973507
1.0,42,fourier_gaussian,7,1.7019013166427612,2048,0.06703556647296258,0.023143899519416197,0.0741333667239539,0.9042563347025504,0.18620330151593725,0.16366604801981194,0.11616926608839456,0.04257692512649176,0.018402478050612583
1.0,42,fourier_gaussian,8,2.4834699630737305,2048,0.016476542819581677,0.0026714574911600613,0.017888779707379513,0.921054598977746,0.1139163221969576,0.053816870008052534,0.02849754744356406,0.008723471152979148,0.0036506235682943013
1.0,42,scalar_normalized,0,0.12079870700836182,2048,0.039413665840324026,2.7009855370914804,0.08482716349280273,0.4646349614609963,0.913018349808793,0.011768106468960081,0.019872115227692708,0.041848973390360276,0.08031279361340052
1.0,42,scalar_normalized,1,0.17627345025539398,2048,0.05851469659943388,1.883177025465434,0.14257041418243382,0.4104266438095507,0.8424178181315579,0.016494698523248665,0.03448630661277628,0.06560601407884581,0.09778685614026084
1.0,42,scalar_normalized,2,0.25722402334213257,2048,0.0796125032200753,1.2032565255049013,0.20286754551251057,0.39243587740438113,0.7289024923979635,0.026146351968292698,0.06071707741536624,0.09305244933064176,0.0921346589284085
1.0,42,scalar_normalized,3,0.37534967064857483,2048,0.09934856592610009,0.7051630122683659,0.24583362846555235,0.40412927452690384,0.5910723839034226,0.03808910615219279,0.1028131200568274,0.11280723297441153,0.07637853849669009
1.0,42,scalar_normalized,4,0.547722578048706,2048,0.11835080480195735,0.3945026530798102,0.2518958045539704,0.4698403175532043,0.46547635385629027,0.06550868764324232,0.15796642888966952,0.12170014944254073,0.06462668064755131
1.0,42,scalar_normalized,5,0.7992547750473022,2048,0.12731942264440546,0.1993077476996432,0.22008349720955672,0.5785050867452176,0.3526629143429664,0.12052007201084056,0.19886480213702096,0.1128154240027099,0.058697937655919526
1.0,42,scalar_normalized,6,1.166298747062683,2048,0.11446466574052225,0.08414955549718336,0.15846687412340676,0.7223255104494735,0.2609301980809303,0.17436353983694203,0.1916891150089487,0.08730368076868776,0.04650776910335007
1.0,42,scalar_normalized,7,1.7019013166427612,2048,0.0622128039116903,0.021478850083769128,0.0741333667239539,0.8392011136273966,0.18156966137618194,0.13957735945444724,0.10068319501398074,0.04238826567904896,0.02573338886273186
1.0,42,scalar_normalized,8,2.4834699630737305,2048,0.018721757807189505,0.0030354899501284205,0.017888779707379513,1.0465642773534949,0.11621692608876888,0.05233007921971722,0.026404534363835823,0.012404423100679577,0.010257685368562627
1.0,42,fourier_normalized,0,0.12079870700836182,2048,0.04786749835832339,3.280319605041812,0.08482716349280273,0.5642944593141415,0.9212904879116948,0.006486889692423876,0.01773541476554024,0.05510080021143248,0.0970990670036922
1.0,42,fourier_normalized,1,0.17627345025539398,2048,0.07530669868147437,2.423593610873694,0.14257041418243382,0.5282070555333559,0.859996792717092,0.011816111232726113,0.03461955986128883,0.09073669713467948,0.12462083323233392
1.0,42,fourier_normalized,2,0.25722402334213257,2048,0.10147869695499737,1.5337402967131502,0.20286754551251057,0.5002214459618397,0.7488479412562731,0.020783759973044526,0.061623532776077704,0.12641061757945704,0.12297558701509186
1.0,42,fourier_normalized,3,0.37534967064857483,2048,0.12021003944163158,0.8532349986874899,0.24583362846555235,0.4889894038987271,0.6138172163227481,0.040036638137688194,0.10375899294272262,0.1448993423381602,0.10072642299944133
1.0,42,fourier_normalized,4,0.547722578048706,2048,0.12238238866157178,0.40794126493710214,0.2518958045539704,0.4858452838397731,0.4706799083318709,0.07003503080503982,0.14504670652763502,0.1334446413209785,0.06938140121777402
1.0,42,fourier_normalized,5,0.7992547750473022,2048,0.11196607015608173,0.17527337776197074,0.22008349720955672,0.508743597660442,0.3375974507773016,0.12112266217739767,0.16451607328550027,0.10341274824823943,0.04576939623267758
1.0,42,fourier_normalized,6,1.166298747062683,2048,0.08771611919516795,0.06448516135926,0.15846687412340676,0.5535296867587521,0.23406840304731147,0.15719441699210385,0.14866292182879384,0.06503463373535921,0.026452805251923943
1.0,42,fourier_normalized,7,1.7019013166427612,2048,0.04333710563263656,0.01496205180318125,0.0741333667239539,0.5845829961292385,0.1633673078929547,0.12031953885652133,0.07523617315570855,0.025810432368444568,0.01007151057640905
1.0,42,fourier_normalized,8,2.4834699630737305,2048,0.01134861606028021,0.001840030746771954,0.017888779707379513,0.6343985585332385,0.10905669743701768,0.040449586697798426,0.019216761240450745,0.0057561535981126835,0.002320676909544237
1.0,42,scalar_gate_s1p5_p4,0,0.12079870700836182,2048,0.024864382378925153,1.703935316909283,0.08482716349280273,0.2931181635117954,0.897567742522859,0.009625563783496395,0.013259971867882997,0.022890258914288503,0.061418255595754506
1.0,42,scalar_gate_s1p5_p4,1,0.17627345025539398,2048,0.03602317211611467,1.1593328523574797,0.14257041418243382,0.2526693376230165,0.8207415377860204,0.013721948620796082,0.02208856070374841,0.036538193375627546,0.07123974736622751
1.0,42,scalar_gate_s1p5_p4,2,0.25722402334213257,2048,0.0448946639126101,0.6785340885949648,0.20286754551251057,0.221300375075724,0.6927088956970078,0.025782602440265638,0.0391201025051478,0.04776959410639211,0.05491751538955799
1.0,42,scalar_gate_s1p5_p4,3,0.37534967064857483,2048,0.053746158495808494,0.3814831413968161,0.24583362846555235,0.21862817886748037,0.5456005420422192,0.04500976178534679,0.06320417212127262,0.054624391173330566,0.038467697885712075
1.0,42,scalar_gate_s1p5_p4,4,0.547722578048706,2048,0.06970529453305667,0.2323509643471867,0.2518958045539704,0.2767227292907208,0.41630713924009477,0.09262787301740033,0.10293168307786235,0.059747373560042186,0.03552020608237711
1.0,42,scalar_gate_s1p5_p4,5,0.7992547750473022,2048,0.09414539770264854,0.1473766278756099,0.22008349720955672,0.42777127270476895,0.31946303060769987,0.1731705140005474,0.15197799473552212,0.06848753084082132,0.0443587687344991
1.0,42,scalar_gate_s1p5_p4,6,1.166298747062683,2048,0.10620677672188952,0.07807870659575673,0.15846687412340676,0.6702143732524221,0.2527199644386688,0.22489409896103235,0.17310971433639938,0.07285055984904677,0.04734319457175423
1.0,42,scalar_gate_s1p5_p4,7,1.7019013166427612,2048,0.06906530052990095,0.023844661272266685,0.0741333667239539,0.9316358285342063,0.1883112407985657,0.19219680768204944,0.10415792487477209,0.04478852543888256,0.029984281398339283
1.0,42,scalar_gate_s1p5_p4,8,2.4834699630737305,2048,0.025419526023685586,0.004121446104398076,0.017888779707379513,1.4209759659122794,0.12265863130133657,0.1073732408965006,0.031321401201535655,0.014411519950913703,0.010983262608637539
1.0,42,fourier_gate_s1p5_p4,0,0.12079870700836182,2048,0.024719556372036752,1.6940105118534672,0.08482716349280273,0.2914108565487294,0.8976346826758105,0.009537594477618278,0.012129182563552787,0.02298082010974512,0.0621054256304536
1.0,42,fourier_gate_s1p5_p4,1,0.17627345025539398,2048,0.03575337576867603,1.150650003217391,0.14257041418243382,0.25077696500850327,0.8208275339518718,0.017048384135603323,0.022147664282436284,0.03602564055760239,0.0693044134488653
1.0,42,fourier_gate_s1p5_p4,2,0.25722402334213257,2048,0.045372072867758205,0.6857496064769799,0.20286754551251057,0.2236536788234576,0.6930770716190795,0.03145642531677344,0.04007525281042678,0.04753301777387945,0.05435598751932536
1.0,42,fourier_gate_s1p5_p4,3,0.37534967064857483,2048,0.05467793845158953,0.38809679257803786,0.24583362846555235,0.22241846566264764,0.5466482237755074,0.049542191736121954,0.06456294325336207,0.055111777649004684,0.03831884112235199
1.0,42,fourier_gate_s1p5_p4,4,0.547722578048706,2048,0.06962299262660666,0.23207662467959944,0.2518958045539704,0.27639599932951425,0.4168470440066586,0.08851936076889821,0.10410667119887967,0.05956816432734744,0.03580559977182762
1.0,42,fourier_gate_s1p5_p4,5,0.7992547750473022,2048,0.09098794980662475,0.14243391123768515,0.22008349720955672,0.4134246818151423,0.31670827580479,0.15756738945336438,0.14729035805074564,0.06737111800283685,0.04312534438319771
1.0,42,fourier_gate_s1p5_p4,6,1.166298747062683,2048,0.10127097591694151,0.07445011570203453,0.15846687412340676,0.6390671645234594,0.2485177721985516,0.21895227120109267,0.1684125879197352,0.06820877845006053,0.04143124762899698
1.0,42,fourier_gate_s1p5_p4,7,1.7019013166427612,2048,0.062193043392690654,0.02147202780284809,0.0741333667239539,0.8389345599839714,0.18144160245747393,0.1703583075864743,0.1020506588462153,0.03846634092610489,0.020877456241424393
1.0,42,fourier_gate_s1p5_p4,8,2.4834699630737305,2048,0.017749755480756746,0.0028778923931161706,0.017888779707379513,0.9922284119488923,0.11527359209051061,0.05801553043767851,0.029129888283706867,0.009884810603441273,0.004860547280414009
1.0,42,scalar_gate_s1p5_p4_plateau_lo0p8_hi1,0,0.12079870700836182,2048,0.03054613277694218,2.093300916967397,0.08482716349280273,0.360098481655984,0.903892157899581,0.009321688143840844,0.015330937133175578,0.02815105014244342,0.07843481755902336
1.0,42,scalar_gate_s1p5_p4_plateau_lo0p8_hi1,1,0.17627345025539398,2048,0.04364420992162549,1.4046005225256666,0.14257041418243382,0.30612389093418874,0.8279126762426379,0.01684660710139007,0.026210055763641826,0.04292367367955968,0.09224784468375369
1.0,42,scalar_gate_s1p5_p4_plateau_lo0p8_hi1,2,0.25722402334213257,2048,0.05693589406730335,0.8605242053821422,0.20286754551251057,0.2806555081221318,0.7047216212345208,0.024692678130480324,0.0430191723295429,0.06135901893460799,0.08288004762285056
1.0,42,scalar_gate_s1p5_p4_plateau_lo0p8_hi1,3,0.37534967064857483,2048,0.06767066959889145,0.48031748391886253,0.24583362846555235,0.2752701899299911,0.5595352111100104,0.04276197067644482,0.07392861772734566,0.07090143243232261,0.05817849051225889
1.0,42,scalar_gate_s1p5_p4_plateau_lo0p8_hi1,4,0.547722578048706,2048,0.09232863119835047,0.3077620809079128,0.2518958045539704,0.3665350098300999,0.43891575409711414,0.0875414558319513,0.13064833671058876,0.08380477515704697,0.05906548609173959
1.0,42,scalar_gate_s1p5_p4_plateau_lo0p8_hi1,5,0.7992547750473022,2048,0.1330461600276584,0.20827246891669818,0.22008349720955672,0.6045258354876829,0.35906847198236047,0.17918784166237192,0.21306131051442495,0.10308172881741837,0.07836169838169502
1.0,42,scalar_gate_s1p5_p4_plateau_lo0p8_hi1,6,1.166298747062683,2048,0.1244566610160307,0.09149524558874433,0.15846687412340676,0.7853796681766407,0.27087561934358134,0.20714856921284777,0.22000203982589983,0.08843251873736442,0.04474946496410432
1.0,42,scalar_gate_s1p5_p4_plateau_lo0p8_hi1,7,1.7019013166427612,2048,0.06715389278996857,0.02318475145123949,0.0741333667239539,0.9058524623605131,0.1863754985192732,0.16230080112277695,0.11467761638166782,0.04234708991269221,0.02352246820065372
1.0,42,scalar_gate_s1p5_p4_plateau_lo0p8_hi1,8,2.4834699630737305,2048,0.0197436338629776,0.003201173884808445,0.017888779707379513,1.103688132222508,0.11752074721590083,0.05890567508858706,0.029706177398938924,0.012139209921633871,0.009003579563228515
1.0,42,fourier_gate_s1p5_p4_plateau_lo0p8_hi1,0,0.12079870700836182,2048,0.020442885275065138,1.400933820468941,0.08482716349280273,0.2409945639264437,0.8936386480757271,0.007423431683208123,0.01047840113072397,0.019151999228060892,0.05026723414916383
1.0,42,fourier_gate_s1p5_p4_plateau_lo0p8_hi1,1,0.17627345025539398,2048,0.02835005169936327,0.9123890088069724,0.14257041418243382,0.19884947281619314,0.8116631640650271,0.012402575423748223,0.01735991978262246,0.028752680625872516,0.05522673042654261
1.0,42,fourier_gate_s1p5_p4_plateau_lo0p8_hi1,2,0.25722402334213257,2048,0.03798115155439388,0.5740438575041684,0.20286754551251057,0.18722142794423288,0.68607976484377,0.020738683353297736,0.02884634556460032,0.04153939078983137,0.050357718536316445
1.0,42,fourier_gate_s1p5_p4_plateau_lo0p8_hi1,3,0.37534967064857483,2048,0.05060032301009521,0.3591544162005572,0.24583362846555235,0.2058315753053518,0.5423414957248707,0.0390568778149037,0.05439028726646793,0.052548717512157415,0.042915032432748496
1.0,42,fourier_gate_s1p5_p4_plateau_lo0p8_hi1,4,0.547722578048706,2048,0.07586928660266194,0.2528976030379104,0.2518958045539704,0.3011931331567947,0.4222846678520661,0.08243673310121771,0.1006538136859664,0.06822756224503422,0.057028060195294494
1.0,42,fourier_gate_s1p5_p4_plateau_lo0p8_hi1,5,0.7992547750473022,2048,0.1189231699018519,0.18616412680914401,0.22008349720955672,0.5403547808430949,0.34399306299200727,0.16873179069136185,0.17137471424142459,0.0975903568188297,0.07859515117319003
1.0,42,fourier_gate_s1p5_p4_plateau_lo0p8_hi1,6,1.166298747062683,2048,0.13885265076460068,0.10207856516991805,0.15846687412340676,0.8762250882570485,0.28549232217545945,0.23511076856114968,0.2263789221982564,0.1068417050852627,0.05070389756196254
1.0,42,fourier_gate_s1p5_p4_plateau_lo0p8_hi1,7,1.7019013166427612,2048,0.06929413202940524,0.023923664904369063,0.0741333667239539,0.9347225829825287,0.18877753596011185,0.17532934966401298,0.11867960152377352,0.04372534505166706,0.01918248282497932
1.0,42,fourier_gate_s1p5_p4_plateau_lo0p8_hi1,8,2.4834699630737305,2048,0.01754965014639994,0.0028454479112644767,0.017888779707379513,0.981042331197154,0.11502424213345683,0.05905680832934283,0.029918026463954393,0.009244727544035486,0.0038760453113783483
1.0,42,scalar_gate_s1p5_p4_cap_lo1_hi2_d0p5,0,0.12079870700836182,2048,0.024212012151326748,1.659228931141694,0.08482716349280273,0.28542758185449696,0.8968040476522432,0.007180043797506838,0.012470650122189704,0.022349613748835227,0.06158347658688276
1.0,42,scalar_gate_s1p5_p4_cap_lo1_hi2_d0p5,1,0.17627345025539398,2048,0.03485042589002591,1.1215903897281339,0.14257041418243382,0.24444360416482433,0.8199023995831066,0.013058224820233482,0.022399448283498047,0.034675691176089214,0.06975238448194324
1.0,42,scalar_gate_s1p5_p4_cap_lo1_hi2_d0p5,2,0.25722402334213257,2048,0.04304874810081612,0.6506350757987724,0.20286754551251057,0.21220125669712586,0.690746649037747,0.024214451322164862,0.03749428206358859,0.045584422003625294,0.053807640077858876
1.0,42,scalar_gate_s1p5_p4_cap_lo1_hi2_d0p5,3,0.37534967064857483,2048,0.05190719645889353,0.36843043150301935,0.24583362846555235,0.2111476643081281,0.5434263465711564,0.04432422583850616,0.059709431059773416,0.052797329873352325,0.038886592391811324
1.0,42,scalar_gate_s1p5_p4_cap_lo1_hi2_d0p5,4,0.547722578048706,2048,0.0690150487736787,0.2300501453218547,0.2518958045539704,0.27398252581412785,0.4157217204280906,0.09269979331012726,0.10133706259262792,0.058659304422510494,0.03751720034637741
1.0,42,scalar_gate_s1p5_p4_cap_lo1_hi2_d0p5,5,0.7992547750473022,2048,0.09705125936945605,0.15192550762945306,0.22008349720955672,0.44097472368428803,0.32246539818834585,0.18057125148766978,0.15602438570236662,0.07045907703303728,0.04626950576063409
1.0,42,scalar_gate_s1p5_p4_cap_lo1_hi2_d0p5,6,1.166298747062683,2048,0.10682380728924588,0.07853232123425938,0.15846687412340676,0.6741081243645684,0.2532202219804913,0.22507519306132978,0.17717035222263328,0.07271352049877852,0.04492915207605394
1.0,42,scalar_gate_s1p5_p4_cap_lo1_hi2_d0p5,7,1.7019013166427612,2048,0.07092270120667372,0.024485925259315453,0.0741333667239539,0.9566906824934102,0.19038485710698688,0.23117572448259738,0.10953676562496606,0.04140637722057803,0.024752131035002383
1.0,42,scalar_gate_s1p5_p4_cap_lo1_hi2_d0p5,8,2.4834699630737305,2048,0.024957145372648048,0.004046477085259323,0.017888779707379513,1.3951284425707742,0.1222092375619257,0.10393410952838741,0.03149967442833997,0.014162403899039337,0.010230025865195669
1.0,42,fourier_gate_s1p5_p4_cap_lo1_hi2_d0p5,0,0.12079870700836182,2048,0.02164687018487902,1.4834418987953328,0.08482716349280273,0.25518795269767186,0.8945061930180644,0.007582379061266256,0.010141888028308994,0.020597244295604274,0.05387903133582631
1.0,42,fourier_gate_s1p5_p4_cap_lo1_hi2_d0p5,1,0.17627345025539398,2048,0.030486753173114497,0.9811544191993656,0.14257041418243382,0.21383646353235317,0.8150703313872394,0.013505604957638546,0.018475323906463594,0.031573325003651675,0.05716954951817342
1.0,42,fourier_gate_s1p5_p4_cap_lo1_hi2_d0p5,2,0.25722402334213257,2048,0.039776981548160506,0.6011858775550117,0.20286754551251057,0.19607365706363078,0.6882227513616157,0.02697019646734562,0.034061808466340424,0.042484599759135176,0.04682338994150019
1.0,42,fourier_gate_s1p5_p4_cap_lo1_hi2_d0p5,3,0.37534967064857483,2048,0.05039103402825233,0.357668910622342,0.24583362846555235,0.20498023131653617,0.5423225755755624,0.04599238828042111,0.058256352873611805,0.050922982808261436,0.03684235277192952
1.0,42,fourier_gate_s1p5_p4_cap_lo1_hi2_d0p5,4,0.547722578048706,2048,0.0677557925295974,0.22585262482312488,0.2518958045539704,0.2689834102222225,0.4144718896043539,0.08535586290270315,0.09767539920908519,0.05829907659455966,0.04051293509114741
1.0,42,fourier_gate_s1p5_p4_cap_lo1_hi2_d0p5,5,0.7992547750473022,2048,0.09109578338533882,0.1426027155509117,0.22008349720955672,0.4139146484872522,0.31688080217303455,0.15441897583467465,0.14075957538810896,0.06913227297712464,0.05059830778403678
1.0,42,fourier_gate_s1p5_p4_cap_lo1_hi2_d0p5,6,1.166298747062683,2048,0.0986822349024638,0.07254698337507307,0.15846687412340676,0.6227309994492262,0.24525574130507016,0.2149647360319676,0.16658239485120924,0.06706274395509215,0.03282086016726276
1.0,42,fourier_gate_s1p5_p4_cap_lo1_hi2_d0p5,7,1.7019013166427612,2048,0.06077714817370852,0.020983192720185503,0.0741333667239539,0.8198352625750945,0.18000240201959763,0.17011207978154103,0.10242154631124271,0.0367970802322241,0.016592401703793086
1.0,42,fourier_gate_s1p5_p4_cap_lo1_hi2_d0p5,8,2.4834699630737305,2048,0.017154883776708804,0.002781441669960257,0.017888779707379513,0.958974511248078,0.11461072851832428,0.057824671062605824,0.028734159065483097,0.009199017037974037,0.004030675784165306
1.0,42,scalar_gate_s1p5_p4_linear_sigma,0,0.12079870700836182,2048,0.022899006920735956,1.5692497814650639,0.08482716349280273,0.26994898777534687,0.8956784458961761,0.007858461339753441,0.01176243434820124,0.021496464128104957,0.05635171181128281
1.0,42,scalar_gate_s1p5_p4_linear_sigma,1,0.17627345025539398,2048,0.03337160289973082,1.0739974662081175,0.14257041418243382,0.23407102442045477,0.8177028879272656,0.013012405401233296,0.02016630043458952,0.03434168830339299,0.06449359436753463
1.0,42,scalar_gate_s1p5_p4_linear_sigma,2,0.25722402334213257,2048,0.042284985021713004,0.6390916263191083,0.20286754551251057,0.20843642049736016,0.6903092564174915,0.024024004090764377,0.03629097576279288,0.0452630665530533,0.051835460658590224
1.0,42,scalar_gate_s1p5_p4_linear_sigma,3,0.37534967064857483,2048,0.05135698495279576,0.36452510283110656,0.24583362846555235,0.2089095184957261,0.5429151249923594,0.042296626907759136,0.05863746784834936,0.05282691898701547,0.03789435236755748
1.0,42,scalar_gate_s1p5_p4_linear_sigma,4,0.547722578048706,2048,0.0667349418907454,0.2224497896155465,0.2518958045539704,0.2649307399498469,0.41337098882627527,0.08370168804096546,0.09686241591911415,0.0580320737514049,0.03662651983880952
1.0,42,scalar_gate_s1p5_p4_linear_sigma,5,0.7992547750473022,2048,0.09280366498239162,0.14527625920494602,0.22008349720955672,0.421674801423329,0.31834781358538383,0.16370898381959265,0.14531914798691936,0.06985455720840807,0.046747591877612855
1.0,42,scalar_gate_s1p5_p4_linear_sigma,6,1.166298747062683,2048,0.10629850661481102,0.07814614251290383,0.15846687412340676,0.6707932317263392,0.25260299995144875,0.216810189792415,0.17116761933307337,0.07451481580473818,0.04965198085506209
1.0,42,scalar_gate_s1p5_p4_linear_sigma,7,1.7019013166427612,2048,0.07059022777658448,0.0243711394513673,0.0741333667239539,0.9522058810499893,0.18998447151971648,0.18774562320104274,0.10531063726258656,0.04708560286105414,0.03257397424655191
1.0,42,scalar_gate_s1p5_p4_linear_sigma,8,2.4834699630737305,2048,0.027783289093656245,0.004504699595724902,0.017888779707379513,1.5531125961708294,0.12485802729475756,0.14405108848888665,0.03883201298636156,0.010971101190293646,0.007060601255310874
1.0,42,fourier_gate_s1p5_p4_linear_sigma,0,0.12079870700836182,2048,0.021806214047958287,1.4943616003867808,0.08482716349280273,0.2570664059727574,0.8951042760897768,0.00911390243160982,0.010838748096381825,0.020472174637420917,0.05339491996631791
1.0,42,fourier_gate_s1p5_p4_linear_sigma,1,0.17627345025539398,2048,0.03199776731120388,1.0297833496282882,0.14257041418243382,0.22443483449700422,0.816900557121108,0.01568518791205058,0.019617242370605838,0.032603974660910195,0.06078001688401729
1.0,42,fourier_gate_s1p5_p4_linear_sigma,2,0.25722402334213257,2048,0.04148245335381032,0.6269622317231507,0.20286754551251057,0.2044804813357992,0.6890023596931413,0.028456718695682625,0.03527225429920836,0.04408234314328528,0.049937520611823785
1.0,42,fourier_gate_s1p5_p4_linear_sigma,3,0.37534967064857483,2048,0.050657794828288166,0.3595623435828974,0.24583362846555235,0.20606535869191156,0.5429097684794456,0.04597589374725358,0.05845720127169278,0.05148459528807663,0.03626977112583171
1.0,42,fourier_gate_s1p5_p4_linear_sigma,4,0.547722578048706,2048,0.06609022489645139,0.22030073312911,0.2518958045539704,0.2623712809090915,0.4132779170425587,0.0851269419232101,0.09683958676434953,0.056355079047850386,0.03762595643337033
1.0,42,fourier_gate_s1p5_p4_linear_sigma,5,0.7992547750473022,2048,0.09073050086403402,0.14203089677351557,0.22008349720955672,0.4122549033180949,0.3163526243468302,0.15559342358103204,0.14189305694101284,0.06858429970973129,0.04740331513399413
1.0,42,fourier_gate_s1p5_p4_linear_sigma,6,1.166298747062683,2048,0.10191757330470705,0.07492546660979373,0.15846687412340676,0.6431474960838711,0.24907361428848934,0.21742732582754618,0.1669790091573584,0.0696912520112674,0.043824594162521616
1.0,42,fourier_gate_s1p5_p4_linear_sigma,7,1.7019013166427612,2048,0.06320929483961228,0.021822886647063302,0.0741333667239539,0.8526429816007285,0.18230738773991417,0.16931294344762407,0.10230052048224964,0.040141913808632905,0.021910750587505877
1.0,42,fourier_gate_s1p5_p4_linear_sigma,8,2.4834699630737305,2048,0.0174860814805112,0.0028351410774492118,0.017888779707379513,0.9774887816019004,0.1149390903877884,0.05891392525876619,0.02978328064045145,0.00920225123161163,0.0039033951485408216
1.0,42,scalar_gate_s1p5_p4_tanh_sigma,0,0.12079870700836182,2048,0.02336473971513356,1.601166060121137,0.08482716349280273,0.2754393610852728,0.8962204266650515,0.007667230174117673,0.012292532556741214,0.021774516049549785,0.05777701381171195
1.0,42,scalar_gate_s1p5_p4_tanh_sigma,1,0.17627345025539398,2048,0.03409910091096201,1.0974105166115202,0.14257041418243382,0.23917375218766374,0.8185379300148368,0.012375398138400339,0.02133634047368795,0.03476491484471908,0.06634187947890126
1.0,42,scalar_gate_s1p5_p4_tanh_sigma,2,0.25722402334213257,2048,0.04304820156419623,0.6506268154913118,0.20286754551251057,0.21219856264067388,0.6908524371692493,0.024293764122032928,0.038531002713577955,0.04567184282121648,0.05158637557330963
1.0,42,scalar_gate_s1p5_p4_tanh_sigma,3,0.37534967064857483,2048,0.052734042106347224,0.3742992728094267,0.24583362846555235,0.2145111001920416,0.5445584230326665,0.04513536541391605,0.06240115180184738,0.053314080473626194,0.03757830031153256
1.0,42,scalar_gate_s1p5_p4_tanh_sigma,4,0.547722578048706,2048,0.06957106612175852,0.23190353634308974,0.2518958045539704,0.2761898565359092,0.41631258795293485,0.09126558946167648,0.10339553745384876,0.05937667836277127,0.03589829120981775
1.0,42,scalar_gate_s1p5_p4_tanh_sigma,5,0.7992547750473022,2048,0.09399149649647559,0.14713570860238748,0.22008349720955672,0.42707198716939593,0.31933411255668176,0.16868573397715805,0.1526610579701085,0.06887812891127852,0.04306597726482691
1.0,42,scalar_gate_s1p5_p4_tanh_sigma,6,1.166298747062683,2048,0.106274948522659,0.07812882360518564,0.15846687412340676,0.6706445691602203,0.252519706491479,0.22162366566471342,0.17361470771886206,0.07307082349879254,0.047915006073985605
1.0,42,scalar_gate_s1p5_p4_tanh_sigma,7,1.7019013166427612,2048,0.06923660522022373,0.02390380388489209,0.0741333667239539,0.9339465922009996,0.18857019872060166,0.18693697590420424,0.10481522703368741,0.04531277286762222,0.030975549392793764
1.0,42,scalar_gate_s1p5_p4_tanh_sigma,8,2.4834699630737305,2048,0.025596678468914214,0.0041501690732918236,0.017888779707379513,1.430878958074207,0.12270042169682094,0.1211392741778611,0.03312401404051585,0.012421827885444083,0.008907186485316907
1.0,42,fourier_gate_s1p5_p4_tanh_sigma,0,0.12079870700836182,2048,0.022390173621384433,1.5343798612727406,0.08482716349280273,0.2639505165498568,0.8952520712420409,0.009322095409702882,0.011634690045217212,0.02093207704817456,0.054279441595408796
1.0,42,fourier_gate_s1p5_p4_tanh_sigma,1,0.17627345025539398,2048,0.03278982479909906,1.0552741160636472,0.14257041418243382,0.22999038746665232,0.8172643923589178,0.015918113384730714,0.02068102758024826,0.033472733051290976,0.061109872798980135
1.0,42,fourier_gate_s1p5_p4_tanh_sigma,2,0.25722402334213257,2048,0.042373465856675535,0.6404289180477264,0.20286754551251057,0.20887257126134265,0.6900852881075916,0.030221009172350422,0.037975458285578405,0.04466636977094209,0.04828142935379958
1.0,42,fourier_gate_s1p5_p4_tanh_sigma,3,0.37534967064857483,2048,0.05244924080489589,0.3722777907502014,0.24583362846555235,0.21335258781426392,0.5441821732047452,0.04837243129533107,0.06227657354354818,0.05273777359862226,0.036153308442972674
1.0,42,fourier_gate_s1p5_p4_tanh_sigma,4,0.547722578048706,2048,0.06831971382004538,0.22773236231694408,0.2518958045539704,0.27122211876858554,0.4157938942924962,0.08819789778543877,0.1027674039174728,0.05792030029504016,0.03532261364942007
1.0,42,fourier_gate_s1p5_p4_tanh_sigma,5,0.7992547750473022,2048,0.09001577100656455,0.14091204785677344,0.22008349720955672,0.4090073637863647,0.3154356852629932,0.1581391986196438,0.14620276560905843,0.06670428538238146,0.04034704428622311
1.0,42,fourier_gate_s1p5_p4_tanh_sigma,6,1.166298747062683,2048,0.10071434263352846,0.07404090257874348,0.15846687412340676,0.6355545484862454,0.24773453231011322,0.2188345163716753,0.16711037554285102,0.06780612793521539,0.0413745542449452
1.0,42,fourier_gate_s1p5_p4_tanh_sigma,7,1.7019013166427612,2048,0.06225613427547566,0.021493809807962592,0.0741333667239539,0.8397856056813823,0.1814477993989646,0.16994147341710006,0.10150540150366741,0.038843887788813855,0.02110073529628807
1.0,42,fourier_gate_s1p5_p4_tanh_sigma,8,2.4834699630737305,2048,0.016918885423860962,0.0027431776011856155,0.017888779707379513,0.9457819762228695,0.11439437496235633,0.05746672330860496,0.028422648951524083,0.008956122312082303,0.00402272319432146
1.0,43,scalar_gate_loglinear_lo0p1_hi3,0,0.12079870700836182,2048,0.022076323796808496,1.5128719954367487,0.08482716349280273,0.260250642457019,0.8949456573369696,0.01053486180505551,0.011198400487610883,0.020395013203216433,0.05417839525103704
1.0,43,scalar_gate_loglinear_lo0p1_hi3,1,0.17627345025539398,2048,0.031934234381352615,1.0277386709268768,0.14257041418243382,0.2239892095739401,0.8160266405732324,0.01386046565334273,0.02048360238827971,0.03176138248307464,0.0629848921669823
1.0,43,scalar_gate_loglinear_lo0p1_hi3,2,0.25722402334213257,2048,0.04209564467102983,0.636229952545692,0.20286754551251057,0.2075031004327592,0.6909547177908593,0.023405155777463986,0.03885237021825036,0.043669351249644925,0.052299957119850755
1.0,43,scalar_gate_loglinear_lo0p1_hi3,3,0.37534967064857483,2048,0.05787860971114882,0.4108147348616785,0.24583362846555235,0.23543812973195044,0.5502114306713752,0.03971390043534405,0.07406289791744948,0.057276826719710135,0.04147144935416315
1.0,43,scalar_gate_loglinear_lo0p1_hi3,4,0.547722578048706,2048,0.08143302956903248,0.2714434115346095,0.2518958045539704,0.32328061085902243,0.42820441301696244,0.07879165350098533,0.13088439591601117,0.06971726934269,0.03924645917839041
1.0,43,scalar_gate_loglinear_lo0p1_hi3,5,0.7992547750473022,2048,0.10654858170158801,0.1667927594900074,0.22008349720955672,0.48412799256881917,0.33170255336985355,0.14909657639611074,0.18736105485705593,0.07915321540207314,0.042737793948633314
1.0,43,scalar_gate_loglinear_lo0p1_hi3,6,1.166298747062683,2048,0.10997981257978676,0.08085248213830468,0.15846687412340676,0.6940239920056699,0.2565480899465372,0.20761997898839907,0.19677684828885705,0.07319251715112858,0.04040366160047478
1.0,43,scalar_gate_loglinear_lo0p1_hi3,7,1.7019013166427612,2048,0.06566022439800907,0.02266906533120377,0.0741333667239539,0.8857040668678143,0.18482828173039728,0.1608298945721404,0.10940729260480352,0.04169864017348558,0.0255371601151681
1.0,43,scalar_gate_loglinear_lo0p1_hi3,8,2.4834699630737305,2048,0.021009973503235052,0.0034064944156602323,0.017888779707379513,1.1744777367104575,0.1187468051473619,0.06137816702588086,0.030856196370496435,0.013351874155545966,0.010009400651237028
1.0,43,fourier_gate_loglinear_lo0p1_hi3,0,0.12079870700836182,2048,0.026191654927571677,1.7948921939528049,0.08482716349280273,0.308764950389906,0.8990826812266866,0.006343006083626539,0.010861990082089469,0.025764278214926287,0.06608595381394772
1.0,43,fourier_gate_loglinear_lo0p1_hi3,1,0.17627345025539398,2048,0.03190077093061271,1.0266617175239123,0.14257041418243382,0.22375449432160813,0.8155987250535395,0.012690779138816933,0.01924932411613369,0.03251328119184802,0.06275052194268406
1.0,43,fourier_gate_loglinear_lo0p1_hi3,2,0.25722402334213257,2048,0.037636900294433034,0.5688408735731629,0.20286754551251057,0.1855245017104622,0.6861515233605422,0.024439860963219824,0.03367422412589098,0.0395267045989627,0.04487408573873637
1.0,43,fourier_gate_loglinear_lo0p1_hi3,3,0.37534967064857483,2048,0.05016512295268031,0.35606542361606097,0.24583362846555235,0.20406127211236985,0.5414307077309704,0.046792611365142345,0.06119316047641456,0.04981219817899413,0.03376661182637727
1.0,43,fourier_gate_loglinear_lo0p1_hi3,4,0.547722578048706,2048,0.07374643279552483,0.24582142421160205,0.2518958045539704,0.2927656255573885,0.4205985334568916,0.09225856835649675,0.1108155464421137,0.06439205244739714,0.03290003676064267
1.0,43,fourier_gate_loglinear_lo0p1_hi3,5,0.7992547750473022,2048,0.09910480369170249,0.1551401569356429,0.22008349720955672,0.4503054747323374,0.32419182569563654,0.16526657007499174,0.16323990988749246,0.076208482337514,0.034827514246516277
1.0,43,fourier_gate_loglinear_lo0p1_hi3,6,1.166298747062683,2048,0.10151424720964766,0.07462895841313678,0.15846687412340676,0.6406023200192174,0.2481419304551033,0.21714837624883962,0.17631758929765984,0.06819719173360203,0.03015377694091406
1.0,43,fourier_gate_loglinear_lo0p1_hi3,7,1.7019013166427612,2048,0.0588231853669159,0.02030859084472698,0.0741333667239539,0.7934778624846807,0.1781955293850153,0.16669846173856004,0.09990407826498524,0.03505323116332499,0.015657382555222657
1.0,43,fourier_gate_loglinear_lo0p1_hi3,8,2.4834699630737305,2048,0.016643202297952547,0.0026984791617157052,0.017888779707379513,0.9303710241949518,0.11406839794178715,0.05761692751693283,0.028045832812984,0.00864769650638887,0.0038139225843703936
1.0,43,scalar_gate_logsigmoid_lo0p1_hi1p5_s0p75_p2,0,0.12079870700836182,2048,0.028024576881165456,1.9205008015695368,0.08482716349280273,0.3303726745919453,0.9019540756254583,0.009287153785175424,0.013335638035913828,0.0262524877004889,0.07124248456416311
1.0,43,scalar_gate_logsigmoid_lo0p1_hi1p5_s0p75_p2,1,0.17627345025539398,2048,0.039817763748488416,1.281454100494973,0.14257041418243382,0.27928489916244054,0.8234634300701966,0.013919359643387353,0.023123573411232945,0.040360141344181956,0.0818353446004898
1.0,43,scalar_gate_logsigmoid_lo0p1_hi1p5_s0p75_p2,2,0.25722402334213257,2048,0.05100907186068249,0.7709467243687628,0.20286754551251057,0.2514402771119288,0.6991385553742852,0.02332228401361331,0.040915587882637994,0.05511811427463573,0.06881154306175444
1.0,43,scalar_gate_logsigmoid_lo0p1_hi1p5_s0p75_p2,3,0.37534967064857483,2048,0.06593160281899411,0.4679738173785679,0.24583362846555235,0.2681960284706648,0.5587098685773215,0.04256698024833646,0.07451126785009092,0.06842351538722193,0.054245318934104586
1.0,43,scalar_gate_logsigmoid_lo0p1_hi1p5_s0p75_p2,4,0.547722578048706,2048,0.09076771514917135,0.302559027800953,0.2518958045539704,0.3603383363605158,0.4378499629311292,0.08145929593139016,0.13273865459255993,0.08253397390468986,0.05242930040551141
1.0,43,scalar_gate_logsigmoid_lo0p1_hi1p5_s0p75_p2,5,0.7992547750473022,2048,0.11662054661860057,0.1825595655344095,0.22008349720955672,0.529892282234856,0.341752134225327,0.14602075734334963,0.19006299280343394,0.09349947352253354,0.057069023583622674
1.0,43,scalar_gate_logsigmoid_lo0p1_hi1p5_s0p75_p2,6,1.166298747062683,2048,0.11837880876851573,0.08702706703165725,0.15846687412340676,0.7470255813611096,0.2656187131191329,0.20008133846587026,0.20681344024770476,0.08442081244349005,0.04405715575707976
1.0,43,scalar_gate_logsigmoid_lo0p1_hi1p5_s0p75_p2,7,1.7019013166427612,2048,0.06613313032705229,0.0228323351874871,0.0741333667239539,0.8920831907352645,0.18537014854353726,0.15587106445803586,0.11309225832840916,0.04200927276842775,0.023930401251119646
1.0,43,scalar_gate_logsigmoid_lo0p1_hi1p5_s0p75_p2,8,2.4834699630737305,2048,0.019568509364628752,0.0031727797211709334,0.017888779707379513,1.093898504242652,0.11689250194316084,0.05859993209508937,0.02932837135937237,0.012020603683698824,0.00904783020723061
1.0,43,fourier_gate_logsigmoid_lo0p1_hi1p5_s0p75_p2,0,0.12079870700836182,2048,0.021993395329163636,1.5071889769469344,0.08482716349280273,0.2592730255683923,0.8953336438199865,0.006587346625691844,0.011367377440876916,0.021426928099547153,0.051582997055486614
1.0,43,fourier_gate_logsigmoid_lo0p1_hi1p5_s0p75_p2,1,0.17627345025539398,2048,0.03025677906336726,0.9737531681445656,0.14257041418243382,0.2122234071975868,0.8148418013410177,0.011687271573862039,0.019145407283663374,0.03097908570666782,0.05759800795787499
1.0,43,fourier_gate_logsigmoid_lo0p1_hi1p5_s0p75_p2,2,0.25722402334213257,2048,0.03898704587539952,0.5892468577461348,0.20286754551251057,0.1921798076518614,0.6868430646911081,0.02158392152294349,0.031575962112674015,0.04195502244952592,0.05061835236935408
1.0,43,fourier_gate_logsigmoid_lo0p1_hi1p5_s0p75_p2,3,0.37534967064857483,2048,0.05415060570602449,0.3843538543296187,0.24583362846555235,0.22027338588305626,0.5460186058444921,0.04230558286028209,0.06052823397588702,0.05513909894977435,0.04565886033084862
1.0,43,fourier_gate_logsigmoid_lo0p1_hi1p5_s0p75_p2,4,0.547722578048706,2048,0.07879599105645954,0.2626532838187525,0.2518958045539704,0.31281184375413823,0.4253857436188246,0.08894460583424256,0.11345016097821253,0.06989673081754594,0.04516988611047059
1.0,43,fourier_gate_logsigmoid_lo0p1_hi1p5_s0p75_p2,5,0.7992547750473022,2048,0.11065284730302372,0.17321763886813596,0.22008349720955672,0.5027766675193437,0.3362492897615028,0.16744625006886776,0.17625081456956423,0.08877385893184858,0.045136304472588734
1.0,43,fourier_gate_logsigmoid_lo0p1_hi1p5_s0p75_p2,6,1.166298747062683,2048,0.1254615703714536,0.09223401222058418,0.15846687412340676,0.7917211156304494,0.2718591756640588,0.22890483112924928,0.20919925156622815,0.09272041768307528,0.04281490242695278
1.0,43,fourier_gate_logsigmoid_lo0p1_hi1p5_s0p75_p2,7,1.7019013166427612,2048,0.06813681418576378,0.023524103159842474,0.0741333667239539,0.9191112881663781,0.18780576709823518,0.17524402932924682,0.11687454194305144,0.04254624599672091,0.018663436251701606
1.0,43,fourier_gate_logsigmoid_lo0p1_hi1p5_s0p75_p2,8,2.4834699630737305,2048,0.017441818087011736,0.0028279643428973625,0.017888779707379513,0.9750144153106545,0.1148286988163209,0.058731007818908644,0.029706048369678884,0.009198850882286653,0.0038404016179555116
1.0,43,score,0,0.12079870700836182,2048,0.03543684089852719,2.42845705179772,0.08482716349280273,0.41775345820132104,0.9091357549055674,0.009475330137122883,0.01709240682554171,0.034855512789810444,0.08466835808421146
1.0,43,score,1,0.17627345025539398,2048,0.0508328029223144,1.635950832294682,0.14257041418243382,0.35654524267053395,0.834838726936945,0.013296653533118508,0.02794483496119593,0.0553867858675167,0.09517200449864749
1.0,43,score,2,0.25722402334213257,2048,0.06482251096158055,0.9797218547257859,0.20286754551251057,0.31953120346488856,0.7123748503325389,0.0255563214023898,0.04942705811961657,0.0739694722779619,0.07945156746273745
1.0,43,score,3,0.37534967064857483,2048,0.07651491851819404,0.5430927957822038,0.24583362846555235,0.31124675251220063,0.5695601059675963,0.05080667404602725,0.08399385027672744,0.08217074585577198,0.05613493904559969
1.0,43,score,4,0.547722578048706,2048,0.09201701834595159,0.30672337147783474,0.2518958045539704,0.36529793939555794,0.43882530899804173,0.09378169708102581,0.12952621238807027,0.08643028818270469,0.0454590547016322
1.0,43,score,5,0.7992547750473022,2048,0.1011526373282258,0.15834586664812692,0.22008349720955672,0.45961027796605475,0.3265080636112868,0.16186903546213624,0.16133515369448773,0.07848758802361176,0.046053684420129595
1.0,43,score,6,1.166298747062683,2048,0.1004386242381708,0.07383820613734261,0.15846687412340676,0.6338146366158128,0.2469277757787486,0.20477750454145288,0.15917065076206327,0.07079449120966863,0.05004903502376915
1.0,43,score,7,1.7019013166427612,2048,0.08318397185832051,0.028719105209492113,0.0741333667239539,1.1220854459243408,0.20223442887288162,0.16188667952651054,0.10139636512487718,0.06764834541265878,0.0657728016968363
1.0,43,score,8,2.4834699630737305,2048,0.10340416598137439,0.016765642941782764,0.017888779707379513,5.780392384099733,0.2011774651475526,0.12449613671429101,0.0981010463934319,0.10270533174145884,0.10375421308133292
1.0,43,scalar_gaussian,0,0.12079870700836182,2048,0.028058978369640154,1.9228583067861542,0.08482716349280273,0.3307782226152223,0.900941595255005,0.009486334765055176,0.015389646904415277,0.02971487259437776,0.054644769239133986
1.0,43,scalar_gaussian,1,0.17627345025539398,2048,0.04206821364529557,1.3538802735577808,0.14257041418243382,0.29506973018584953,0.8261336746302831,0.01381627973784443,0.027008916905477996,0.046799521299318074,0.06666198666058132
1.0,43,scalar_gaussian,2,0.25722402334213257,2048,0.059390609733108154,0.8976245668036876,0.20286754551251057,0.2927555986496895,0.7077933219034669,0.02131790731133667,0.04954605216343117,0.06843848460997176,0.0638626861120334
1.0,43,scalar_gaussian,3,0.37534967064857483,2048,0.08157002132334287,0.578973248491069,0.24583362846555235,0.3318098578802572,0.5740995517362966,0.03721853458362384,0.09083449588920961,0.08984525744393489,0.058477556050520595
1.0,43,scalar_gaussian,4,0.547722578048706,2048,0.10823159713057406,0.36077196337215345,0.2518958045539704,0.42966812139733235,0.45468686511336087,0.07267352405500052,0.15172425442863155,0.10643519726784341,0.0574522020129952
1.0,43,scalar_gaussian,5,0.7992547750473022,2048,0.12826061059588173,0.20078109753798398,0.22008349720955672,0.5827815907239784,0.35385025124114444,0.13616335063427226,0.20032043906858185,0.11142302058816365,0.059372511096688584
1.0,43,scalar_gaussian,6,1.166298747062683,2048,0.12234247871746988,0.08994098865265891,0.15846687412340676,0.7720381902794091,0.269442407171739,0.19959316156439338,0.20199290091934116,0.0924510345374529,0.050747915679249855
1.0,43,scalar_gaussian,7,1.7019013166427612,2048,0.06992270428425143,0.024140678258208936,0.0741333667239539,0.9432015214500986,0.18904488246768364,0.16454400754451284,0.10978641598080743,0.04773721149788733,0.030298354427604424
1.0,43,scalar_gaussian,8,2.4834699630737305,2048,0.0245103111998389,0.003974028725713979,0.017888779707379513,1.3701499823225984,0.12208169515480073,0.0739170103896805,0.032416154379339215,0.016439073154279622,0.013498656391816929
1.0,43,fourier_gaussian,0,0.12079870700836182,2048,0.06815328730830522,4.670487745817337,0.08482716349280273,0.8034370654641514,0.941519265245695,0.006429516537427689,0.022203174580272295,0.07813066356390912,0.1464410500652367
1.0,43,fourier_gaussian,1,0.17627345025539398,2048,0.11189998386786293,3.6012743979937327,0.14257041418243382,0.7848752106778278,0.8973615313017612,0.012561496813295488,0.04333942833261037,0.1342266212135222,0.2046283898772477
1.0,43,fourier_gaussian,2,0.25722402334213257,2048,0.15571546042204074,2.3534700743786443,0.20286754551251057,0.767572062986477,0.8040877779655945,0.025890205671927784,0.08041842507982017,0.19187642167572744,0.22509392226656827
1.0,43,fourier_gaussian,3,0.37534967064857483,2048,0.18828110719831131,1.3363944558992804,0.24583362846555235,0.7658883301423278,0.6840201014157317,0.051948051397371145,0.13804933114044146,0.22852310693205036,0.20129729664092144
1.0,43,fourier_gaussian,4,0.547722578048706,2048,0.19113361092284764,0.6371119886169166,0.2518958045539704,0.7587804459914931,0.5389496659534045,0.09621012995320263,0.19946771435928398,0.21372428777490612,0.14371013724454293
1.0,43,fourier_gaussian,5,0.7992547750473022,2048,0.16876989167859274,0.26419493814325057,0.22008349720955672,0.7668448285238545,0.3938348689787837,0.162343441584691,0.22760996795665733,0.16310096306449967,0.08915151422299719
1.0,43,fourier_gaussian,6,1.166298747062683,2048,0.12742393755081982,0.09367666113584212,0.15846687412340676,0.8041045692085015,0.2740938918134507,0.20601827852394883,0.205044683088536,0.10029852271390212,0.04824176766038619
1.0,43,fourier_gaussian,7,1.7019013166427612,2048,0.06143487515194093,0.021210271685820254,0.0741333667239539,0.8287074750119254,0.18063426516889014,0.1553310183271708,0.10396740856546684,0.03925853054350196,0.01743426028464775
1.0,43,fourier_gaussian,8,2.4834699630737305,2048,0.015144666910537716,0.002455511105229967,0.017888779707379513,0.846601453999135,0.11290426377603877,0.05123881867668782,0.025445651218920756,0.008050273328879615,0.003580541800703978
1.0,43,scalar_normalized,0,0.12079870700836182,2048,0.0377705689255607,2.5883854805325477,0.08482716349280273,0.4452650232583269,0.9116697434917143,0.013811149670136687,0.018919238276978202,0.03979243852381113,0.0769566600715525
1.0,43,scalar_normalized,1,0.17627345025539398,2048,0.05460820929928417,1.757454641834625,0.14257041418243382,0.38302623733285385,0.8387948378176195,0.01647651017368385,0.03250127131617342,0.06077407385538842,0.09180044357153186
1.0,43,scalar_normalized,2,0.25722402334213257,2048,0.07384432331192388,1.1160767505443858,0.20286754551251057,0.3640026457922024,0.7224430293394359,0.02499224362812036,0.057750470936950855,0.08520166396656108,0.08669015155202629
1.0,43,scalar_normalized,3,0.37534967064857483,2048,0.09296484050587381,0.6598521715445111,0.24583362846555235,0.3781616090774196,0.5850032106469749,0.038654425795135595,0.0990406218993728,0.10360595692342131,0.0721361308459953
1.0,43,scalar_normalized,4,0.547722578048706,2048,0.11318958349791725,0.3772985833568962,0.2518958045539704,0.44935080875340894,0.46041473148201184,0.06582997740437393,0.15424703642481905,0.11444822945899018,0.06175456360467383
1.0,43,scalar_normalized,5,0.7992547750473022,2048,0.12377533955126693,0.19375978648302153,0.22008349720955672,0.5624017298916868,0.3487582387372566,0.1193770221134618,0.19277879825554362,0.10978266035043051,0.05640726630115995
1.0,43,scalar_normalized,6,1.166298747062683,2048,0.1127422176986497,0.08288328493104082,0.15846687412340676,0.7114560587019039,0.25943623426607265,0.17307829829983148,0.18943817422497325,0.08551429025302039,0.04573486500135085
1.0,43,scalar_normalized,7,1.7019013166427612,2048,0.06113620979620021,0.02110715805007613,0.0741333667239539,0.8246787175314666,0.1805008002788658,0.13546944345261663,0.09956286547979423,0.04165281295552236,0.025129857947695806
1.0,43,scalar_normalized,8,2.4834699630737305,2048,0.018540841655492732,0.003006156745097824,0.017888779707379513,1.0364508903781866,0.11620498474910898,0.052702069515744535,0.02581966913390466,0.012372494716764302,0.009924887984483509
1.0,43,fourier_normalized,0,0.12079870700836182,2048,0.05039407481385793,3.4534637751984683,0.08482716349280273,0.5940794521336751,0.923563613192574,0.005685502363839391,0.019181603931618985,0.05802912642492258,0.10187747943493777
1.0,43,fourier_normalized,1,0.17627345025539398,2048,0.07947932591318024,2.557881169303177,0.14257041418243382,0.5574741882385086,0.8643480952449304,0.010905887864838072,0.037113784293851565,0.095166382393992,0.1336299854468881
1.0,43,fourier_normalized,2,0.25722402334213257,2048,0.10878479563153112,1.6441640436492366,0.20286754551251057,0.5362355785234386,0.7574792436002491,0.019469321399370403,0.0671457657219532,0.1344804874354779,0.13535683211818228
1.0,43,fourier_normalized,3,0.37534967064857483,2048,0.1294886434553874,0.9190933056997151,0.24583362846555235,0.5267328325405738,0.6230536139647331,0.03772687978801257,0.11363950172711314,0.15436480737202854,0.11466703376910564
1.0,43,fourier_normalized,4,0.547722578048706,2048,0.13238124492597741,0.44127078331826036,0.2518958045539704,0.5255396974966838,0.4790438255214893,0.06642855356723949,0.15983721727886313,0.14306757560665412,0.0798404289264785
1.0,43,fourier_normalized,5,0.7992547750473022,2048,0.11966035342172018,0.18731812502822642,0.22008349720955672,0.5437043437554215,0.34496097517576896,0.11825075314034109,0.18173726599896595,0.10879758910212384,0.05112161864808014
1.0,43,fourier_normalized,6,1.166298747062683,2048,0.09521463156055132,0.06999774883203991,0.15846687412340676,0.6008488025478594,0.2420724339815864,0.15609958799434795,0.16573279893652323,0.07041841943978057,0.029698603996292792
1.0,43,fourier_normalized,7,1.7019013166427612,2048,0.04549257798444623,0.01570622445886073,0.0741333667239539,0.6136585992896328,0.16531477044054285,0.11667038274261447,0.0812084151208896,0.027362831006252725,0.010944686793851145
1.0,43,fourier_normalized,8,2.4834699630737305,2048,0.0118489508340789,0.001921153534130226,0.017888779707379513,0.6623677538603121,0.10932376834737995,0.04012566899622352,0.020702714391704333,0.006014342963061159,0.002441490820953706
1.0,43,scalar_gate_s1p5_p4,0,0.12079870700836182,2048,0.024944681684988805,1.7094381611561256,0.08482716349280273,0.2940647860647288,0.8978723386288959,0.010144009214557867,0.014043079811249855,0.022632416920806614,0.061283125497674645
1.0,43,scalar_gate_s1p5_p4,1,0.17627345025539398,2048,0.03661395904683834,1.1783461334567584,0.14257041418243382,0.2568131632134205,0.8206637151363682,0.014035248723447715,0.023652695922658055,0.036528009363921546,0.07252463136050603
1.0,43,scalar_gate_s1p5_p4,2,0.25722402334213257,2048,0.04560561351270016,0.689279319695772,0.20286754551251057,0.22480487648965874,0.6932774007597554,0.02551183664980381,0.041279178496277394,0.04758647938431219,0.056976991839637656
1.0,43,scalar_gate_s1p5_p4,3,0.37534967064857483,2048,0.05482165636994921,0.3891168833995081,0.24583362846555235,0.22300308022191984,0.5470094125566622,0.04571842824062507,0.06469897631196839,0.05535554660244005,0.04030240677768537
1.0,43,scalar_gate_s1p5_p4,4,0.547722578048706,2048,0.07062722726263876,0.23542407321526623,0.2518958045539704,0.2803827058084502,0.4176563158737628,0.0930965182864613,0.10417768177140171,0.06094397323876022,0.03508021721292219
1.0,43,scalar_gate_s1p5_p4,5,0.7992547750473022,2048,0.0946258402425719,0.1481287198859441,0.22008349720955672,0.42995427391119695,0.3202391241453417,0.17369390746094462,0.15241857957783247,0.06880416372971138,0.04550504424048577
1.0,43,scalar_gate_s1p5_p4,6,1.166298747062683,2048,0.10708018579630327,0.07872079981206623,0.15846687412340676,0.6757259925056268,0.25372922254936814,0.2241185078936247,0.1751426118944235,0.07317329875825347,0.049151711489321355
1.0,43,scalar_gate_s1p5_p4,7,1.7019013166427612,2048,0.06946409186759987,0.023982343209401354,0.0741333667239539,0.9370152056665558,0.18881871652041118,0.1914735457088209,0.1042848741116833,0.04546302410718955,0.0304481495056567
1.0,43,scalar_gate_s1p5_p4,8,2.4834699630737305,2048,0.025452802037699153,0.004126841378023489,0.017888779707379513,1.4228361271171177,0.1229520106544634,0.10512371489632395,0.031364614237463825,0.014719473510386135,0.011229425419841867
1.0,43,fourier_gate_s1p5_p4,0,0.12079870700836182,2048,0.024235484242386716,1.6608374538996407,0.08482716349280273,0.2857042867458725,0.8977975983060291,0.010168346178797012,0.012558734377339965,0.022371263797815826,0.05985183793950969
1.0,43,fourier_gate_s1p5_p4,1,0.17627345025539398,2048,0.03507268042204047,1.12874320180474,0.14257041418243382,0.24600251477954807,0.8192478399352507,0.01789836591163236,0.023018865215043257,0.03477116645040305,0.06718202385533699
1.0,43,fourier_gate_s1p5_p4,2,0.25722402334213257,2048,0.043961040706892246,0.6644233877727913,0.20286754551251057,0.2166982431607387,0.6916294745495986,0.03166939330576278,0.040595464705466426,0.04523940666226853,0.051943597434188624
1.0,43,fourier_gate_s1p5_p4,3,0.37534967064857483,2048,0.05390120640842749,0.3825836510225883,0.24583362846555235,0.21925888148366343,0.5462571082665394,0.05076108663786294,0.06427017092890287,0.05379932015485439,0.037596906313616674
1.0,43,fourier_gate_s1p5_p4,4,0.547722578048706,2048,0.06898839483429119,0.2299612988638944,0.2518958045539704,0.2738767124623147,0.4161022542643053,0.08885137330659768,0.10222969681795702,0.05922600303976056,0.03573790560249744
1.0,43,fourier_gate_s1p5_p4,5,0.7992547750473022,2048,0.09078851153208527,0.1421217075496855,0.22008349720955672,0.4125184881337979,0.3163231121838385,0.15946524326401593,0.14649868843543457,0.06700902855715737,0.04342805953589714
1.0,43,fourier_gate_s1p5_p4,6,1.166298747062683,2048,0.10124208394898511,0.0744288755556082,0.15846687412340676,0.6388848427094131,0.24738161568420838,0.22159782350151574,0.16899496533241362,0.06757904140882207,0.041099711334322345
1.0,43,fourier_gate_s1p5_p4,7,1.7019013166427612,2048,0.062144438849472794,0.021455247178418298,0.0741333667239539,0.8382789234552968,0.18131738409650672,0.1719099295765886,0.10161939853265062,0.03838388327303856,0.020748003408621665
1.0,43,fourier_gate_s1p5_p4,8,2.4834699630737305,2048,0.017676647622335707,0.0028660389030861237,0.017888779707379513,0.9881416123115264,0.11525458708485001,0.058567473797568645,0.029045235057712317,0.009702451242983598,0.004873441739644776
1.0,43,scalar_gate_s1p5_p4_plateau_lo0p8_hi1,0,0.12079870700836182,2048,0.0292792476258983,2.006482337746973,0.08482716349280273,0.3451635822808402,0.9027485097656818,0.008715456491929759,0.013453016913354265,0.02679738298991207,0.07821503036968488
1.0,43,scalar_gate_s1p5_p4_plateau_lo0p8_hi1,1,0.17627345025539398,2048,0.040521427401212964,1.3041000903312903,0.14257041418243382,0.2842204508809348,0.82448394084421,0.019125251673384844,0.023642699443284773,0.03949154442855728,0.0863054881830224
1.0,43,scalar_gate_s1p5_p4_plateau_lo0p8_hi1,2,0.25722402334213257,2048,0.051701951222955,0.7814188434495737,0.20286754551251057,0.254855704456515,0.6998280304476738,0.024212070679595143,0.03952019608826775,0.05516945534071942,0.07553110065271114
1.0,43,scalar_gate_s1p5_p4_plateau_lo0p8_hi1,3,0.37534967064857483,2048,0.06333776617288557,0.4495631071116223,0.24583362846555235,0.25764484122139064,0.5560227989206666,0.04439623324954188,0.06980103835140766,0.06563152141255835,0.05370528079638465
1.0,43,scalar_gate_s1p5_p4_plateau_lo0p8_hi1,4,0.547722578048706,2048,0.08813171211495387,0.29377235167935534,0.2518958045539704,0.3498736799964091,0.4345428543871276,0.08850550374594168,0.12443217009965739,0.07973751626220468,0.05510130912420686
1.0,43,scalar_gate_s1p5_p4_plateau_lo0p8_hi1,5,0.7992547750473022,2048,0.12984725732751118,0.2032648583021156,0.22008349720955672,0.5899908851588024,0.3550344706932834,0.17290057547700582,0.21037014119844807,0.09957858514425987,0.07712527083285359
1.0,43,scalar_gate_s1p5_p4_plateau_lo0p8_hi1,6,1.166298747062683,2048,0.12351490948606954,0.09080290990486901,0.15846687412340676,0.7794367761042713,0.2707449221730259,0.20930745256992994,0.21830422758776544,0.08725547320135488,0.044318134889832
1.0,43,scalar_gate_s1p5_p4_plateau_lo0p8_hi1,7,1.7019013166427612,2048,0.06685161381693233,0.023080390221121374,0.0741333667239539,0.9017749600643903,0.18612487424352311,0.1593883872413406,0.11379472105349993,0.04257045947034672,0.02371668769213102
1.0,43,scalar_gate_s1p5_p4_plateau_lo0p8_hi1,8,2.4834699630737305,2048,0.019694501532398163,0.003193207715326059,0.017888779707379513,1.1009415876631177,0.11688712839327342,0.05899488119788197,0.02910601896177201,0.012314776013921636,0.009008333802487195
1.0,43,fourier_gate_s1p5_p4_plateau_lo0p8_hi1,0,0.12079870700836182,2048,0.02035540182152671,1.3949386526076364,0.08482716349280273,0.23996324978205585,0.893875935766054,0.00749279771477108,0.010693948846460112,0.01941275460003915,0.048238321117684585
1.0,43,fourier_gate_s1p5_p4_plateau_lo0p8_hi1,1,0.17627345025539398,2048,0.029034993058930134,0.9344324595481979,0.14257041418243382,0.20365370491087167,0.8134869832794811,0.01341527545529253,0.018857210281064362,0.029419591422003493,0.05435352284999086
1.0,43,fourier_gate_s1p5_p4_plateau_lo0p8_hi1,2,0.25722402334213257,2048,0.038697814531536784,0.584875440094295,0.20286754551251057,0.19075409244871225,0.6858847485404829,0.02199476438847602,0.030750018585425275,0.041884576831410364,0.050067822049024165
1.0,43,fourier_gate_s1p5_p4_plateau_lo0p8_hi1,3,0.37534967064857483,2048,0.05139743778876171,0.3648122317231911,0.24583362846555235,0.20907407220718716,0.5428547826590693,0.04023864106777155,0.05623196643223171,0.05279246295244869,0.04373195664921444
1.0,43,fourier_gate_s1p5_p4_plateau_lo0p8_hi1,4,0.547722578048706,2048,0.07640628324321633,0.25468759170548344,0.2518958045539704,0.3033249536589473,0.4226654059106594,0.0839869625632734,0.10177533803053988,0.06871213362042204,0.05616104035183231
1.0,43,fourier_gate_s1p5_p4_plateau_lo0p8_hi1,5,0.7992547750473022,2048,0.11906868053542972,0.18639191135326455,0.22008349720955672,0.5410159418816223,0.3445179771879254,0.16970039518336258,0.1755414153728795,0.09658695349965656,0.07547494593292176
1.0,43,fourier_gate_s1p5_p4_plateau_lo0p8_hi1,6,1.166298747062683,2048,0.13983003155519264,0.10279709397134083,0.15846687412340676,0.8823928176074162,0.28646053198314786,0.234231362259669,0.22721058453352463,0.10821998395868287,0.051457377900263564
1.0,43,fourier_gate_s1p5_p4_plateau_lo0p8_hi1,7,1.7019013166427612,2048,0.06938557139617849,0.023955234168687473,0.0741333667239539,0.9359560271226517,0.1889234695604179,0.17533629881445395,0.11841381869604184,0.04401679543852895,0.01920032569294437
1.0,43,fourier_gate_s1p5_p4_plateau_lo0p8_hi1,8,2.4834699630737305,2048,0.017615495426561302,0.002856123868525095,0.017888779707379513,0.9847231457210311,0.11494099716633502,0.059289701260931915,0.029982212954998262,0.009298682687369705,0.0038969535938579575
1.0,43,scalar_gate_s1p5_p4_cap_lo1_hi2_d0p5,0,0.12079870700836182,2048,0.024328215863620883,1.6671922743012557,0.08482716349280273,0.2867974698421343,0.8974345243602385,0.007042222002343626,0.012318855110626508,0.022338696530293307,0.06279748238444686
1.0,43,scalar_gate_s1p5_p4_cap_lo1_hi2_d0p5,1,0.17627345025539398,2048,0.0349987081057624,1.1263625525895706,0.14257041418243382,0.24548366718622194,0.8187439872170752,0.014628441272755371,0.023998152847209343,0.033948918277739486,0.0698379383785028
1.0,43,scalar_gate_s1p5_p4_cap_lo1_hi2_d0p5,2,0.25722402334213257,2048,0.04315808550201172,0.6522875918753828,0.20286754551251057,0.21274021624789768,0.6907037959260802,0.02487189234412965,0.0389430572731744,0.04478975971339244,0.05464636264244099
1.0,43,scalar_gate_s1p5_p4_cap_lo1_hi2_d0p5,3,0.37534967064857483,2048,0.05268291716789778,0.37393639474205875,0.24583362846555235,0.21430313459039238,0.5447385778519475,0.044242450387347476,0.06206701030619252,0.05285784806840824,0.0400283830648622
1.0,43,scalar_gate_s1p5_p4_cap_lo1_hi2_d0p5,4,0.547722578048706,2048,0.06983261548493368,0.2327753674882737,0.2518958045539704,0.2772281801540349,0.4169948580862306,0.09105916446944515,0.1043707928259382,0.05910076558128781,0.03718142818997044
1.0,43,scalar_gate_s1p5_p4_cap_lo1_hi2_d0p5,5,0.7992547750473022,2048,0.09651472037652646,0.1510856013840996,0.22008349720955672,0.4385368353385812,0.32194711501380846,0.1761206860985132,0.1560440322724179,0.06960021577543565,0.04813631343129218
1.0,43,scalar_gate_s1p5_p4_cap_lo1_hi2_d0p5,6,1.166298747062683,2048,0.10703919331394371,0.07869066388193473,0.15846687412340676,0.6754673107932102,0.2539942837680239,0.2223710589375631,0.1793810514754814,0.07214997692476759,0.04616189315053131
1.0,43,scalar_gate_s1p5_p4_cap_lo1_hi2_d0p5,7,1.7019013166427612,2048,0.06992566600845215,0.024141700787754253,0.0741333667239539,0.9432414727477612,0.18933486436550095,0.2172368059839092,0.1092584888275491,0.041588009358739464,0.025214495020384975
1.0,43,scalar_gate_s1p5_p4_cap_lo1_hi2_d0p5,8,2.4834699630737305,2048,0.02448607792371129,0.0039700996146282775,0.017888779707379513,1.3687953188674042,0.12185687330073794,0.09667482889325267,0.03159075912989692,0.014238581567252455,0.010463435920702787
1.0,43,fourier_gate_s1p5_p4_cap_lo1_hi2_d0p5,0,0.12079870700836182,2048,0.022543294946749566,1.5448731375619096,0.08482716349280273,0.26575561434000183,0.8966487996988399,0.007758647038130123,0.010611366384751547,0.02123458100466314,0.056913336120750016
1.0,43,fourier_gate_s1p5_p4_cap_lo1_hi2_d0p5,1,0.17627345025539398,2048,0.031297755439404454,1.0072548849666687,0.14257041418243382,0.21952489665461508,0.8156983883722398,0.014207515565895524,0.019943752873985667,0.031912712057569584,0.05865405715014124
1.0,43,fourier_gate_s1p5_p4_cap_lo1_hi2_d0p5,2,0.25722402334213257,2048,0.04005115974837892,0.6053297832886629,0.20286754551251057,0.1974251704342182,0.6880510618989718,0.026876068135518332,0.035515755629623856,0.042200681120878325,0.04731318167053497
1.0,43,fourier_gate_s1p5_p4_cap_lo1_hi2_d0p5,3,0.37534967064857483,2048,0.050822641962372524,0.36073240678965973,0.24583362846555235,0.20673592250009884,0.5425713531043399,0.04668101791379094,0.058966986321696155,0.05100707362583566,0.03794796795525959
1.0,43,fourier_gate_s1p5_p4_cap_lo1_hi2_d0p5,4,0.547722578048706,2048,0.0687160831914394,0.22905359345581278,0.2518958045539704,0.27279566371942693,0.41564732457916787,0.08572740949020678,0.09808811349839304,0.06011664242997841,0.039535179800837046
1.0,43,fourier_gate_s1p5_p4_cap_lo1_hi2_d0p5,5,0.7992547750473022,2048,0.0917866168232713,0.14368415665149287,0.22008349720955672,0.4170536091394209,0.3176346720683051,0.15348382884499778,0.1406769389435446,0.07020089270036493,0.0521403286172503
1.0,43,fourier_gate_s1p5_p4_cap_lo1_hi2_d0p5,6,1.166298747062683,2048,0.09930947758121914,0.07300810552368245,0.15846687412340676,0.626689193754661,0.24560395772587154,0.21554276478115267,0.16844460883703297,0.06728434130207758,0.032812377292121754
1.0,43,fourier_gate_s1p5_p4_cap_lo1_hi2_d0p5,7,1.7019013166427612,2048,0.06076147340701887,0.02097778103733798,0.0741333667239539,0.8196238224721781,0.18015354919021784,0.17076901016598814,0.10253384660691672,0.0366846932892788,0.016340903297013386
1.0,43,fourier_gate_s1p5_p4_cap_lo1_hi2_d0p5,8,2.4834699630737305,2048,0.017085793516179504,0.0027702395812649367,0.017888779707379513,0.9551122991989912,0.114614033231415,0.05726308310509713,0.028620092346868693,0.0091897773789108,0.004089051230792936
1.0,43,scalar_gate_s1p5_p4_linear_sigma,0,0.12079870700836182,2048,0.023670053880558817,1.6220889843785167,0.08482716349280273,0.2790386110525449,0.8965483990307193,0.008295064742182732,0.012629583962638427,0.021873308426146792,0.05862692163929389
1.0,43,scalar_gate_s1p5_p4_linear_sigma,1,0.17627345025539398,2048,0.03462241529135185,1.1142523303013714,0.14257041418243382,0.24284432004980241,0.8180089130103336,0.014873497664809731,0.02190164491188505,0.034913188976310974,0.06711026072641511
1.0,43,scalar_gate_s1p5_p4_linear_sigma,2,0.25722402334213257,2048,0.04358339003876311,0.6587156080597036,0.20286754551251057,0.21483668039979997,0.6910814658290381,0.028171664103232918,0.03882405045294379,0.045521604638759594,0.053284364111083136
1.0,43,scalar_gate_s1p5_p4_linear_sigma,3,0.37534967064857483,2048,0.05345113203896459,0.37938908253378567,0.24583362846555235,0.2174280726871933,0.5454878922859199,0.044959532430367044,0.061393224246307915,0.054708676751355455,0.03929868787276518
1.0,43,scalar_gate_s1p5_p4_linear_sigma,4,0.547722578048706,2048,0.06934102929492247,0.23113674697782316,0.2518958045539704,0.2752766343913667,0.4160538599297341,0.08520805697850022,0.10137945203573356,0.060440885357959204,0.03719158391557645
1.0,43,scalar_gate_s1p5_p4_linear_sigma,5,0.7992547750473022,2048,0.09502733007994921,0.14875721814292614,0.22008349720955672,0.4317785353504589,0.32043896936012195,0.16569725764197618,0.15044652782530765,0.07060540771170011,0.049503836611571476
1.0,43,scalar_gate_s1p5_p4_linear_sigma,6,1.166298747062683,2048,0.1080875606563442,0.07946137897807407,0.15846687412340676,0.682082998445281,0.2545704942454806,0.21788271659928732,0.17519095703101809,0.07515398988435461,0.05221103671613859
1.0,43,scalar_gate_s1p5_p4_linear_sigma,7,1.7019013166427612,2048,0.07077465247203905,0.024434811720359332,0.0741333667239539,0.9546936231235592,0.1900117630825734,0.18262663311712887,0.10603423193074846,0.04769551135886402,0.033138832836833707
1.0,43,scalar_gate_s1p5_p4_linear_sigma,8,2.4834699630737305,2048,0.02686694554456574,0.004356126386799986,0.017888779707379513,1.5018881099800527,0.12425429745681037,0.1295980140477825,0.03955335699723292,0.010983096897180715,0.007246159794824899
1.0,43,fourier_gate_s1p5_p4_linear_sigma,0,0.12079870700836182,2048,0.022013765319750207,1.508584915355402,0.08482716349280273,0.2595131608004079,0.8949826660003581,0.00900974003202296,0.011418796296234534,0.020528455038779893,0.053684896471736625
1.0,43,fourier_gate_s1p5_p4_linear_sigma,1,0.17627345025539398,2048,0.032348510988250395,1.0410713246640786,0.14257041418243382,0.22689497799211747,0.8159632157129242,0.015794585306414165,0.02048335415030314,0.032996910543420445,0.060189239092756606
1.0,43,fourier_gate_s1p5_p4_linear_sigma,2,0.25722402334213257,2048,0.04181235771937866,0.631948377926409,0.20286754551251057,0.20610668706887939,0.6895728363939775,0.02893319615172561,0.03646789320757058,0.04406291472018239,0.049966613497141786
1.0,43,fourier_gate_s1p5_p4_linear_sigma,3,0.37534967064857483,2048,0.051933153332298164,0.36861466996553216,0.24583362846555235,0.2112532514630127,0.5443081760750343,0.046757749106858884,0.05964784063493838,0.052899710791534695,0.03744193896239942
1.0,43,fourier_gate_s1p5_p4_linear_sigma,4,0.547722578048706,2048,0.06779406039941668,0.22598018437962034,0.2518958045539704,0.26913532966322723,0.4148611166803377,0.08523117121221531,0.09810667576093429,0.0589674149799489,0.03756278755648667
1.0,43,fourier_gate_s1p5_p4_linear_sigma,5,0.7992547750473022,2048,0.09162461280645244,0.14343055311607125,0.22008349720955672,0.41631750661981853,0.31698054590587665,0.1546110069983336,0.14194087241593883,0.07008628939454964,0.048548042950175535
1.0,43,fourier_gate_s1p5_p4_linear_sigma,6,1.166298747062683,2048,0.10306104887176303,0.07576610122893267,0.15846687412340676,0.6503633610612133,0.24940967217925494,0.21669468429849953,0.16907265393344253,0.0710265414837329,0.04359653699092629
1.0,43,fourier_gate_s1p5_p4_linear_sigma,7,1.7019013166427612,2048,0.06391976815643904,0.022068176183961553,0.0741333667239539,0.8622267000830187,0.1834035431577963,0.17023404096968622,0.10352836849898353,0.04060516130805123,0.022518397411798785
1.0,43,fourier_gate_s1p5_p4_linear_sigma,8,2.4834699630737305,2048,0.017464293451227648,0.0028316084313908412,0.017888779707379513,0.9762708097983478,0.11491746281316073,0.05891558253527237,0.029696225798038607,0.009200370319034833,0.003909407176267282
1.0,43,scalar_gate_s1p5_p4_tanh_sigma,0,0.12079870700836182,2048,0.0238805226884802,1.6365122356565782,0.08482716349280273,0.281519759770187,0.8966729589097613,0.007364178431056645,0.012904540380125916,0.02200950704193951,0.0596374082666102
1.0,43,scalar_gate_s1p5_p4_tanh_sigma,1,0.17627345025539398,2048,0.03495871254939606,1.1250753765936767,0.14257041418243382,0.245203135235777,0.8191427289366292,0.013243095349001055,0.022755323195403205,0.03498518563026621,0.06861784931787113
1.0,43,scalar_gate_s1p5_p4_tanh_sigma,2,0.25722402334213257,2048,0.044167503198670105,0.6675438441138886,0.20286754551251057,0.21771596381810787,0.6919294489217148,0.0254488236115068,0.04043600880577696,0.04598805343423033,0.05432290322234342
1.0,43,scalar_gate_s1p5_p4_tanh_sigma,3,0.37534967064857483,2048,0.05457410077164401,0.3873597664267816,0.24583362846555235,0.22199607560725265,0.5465855773856476,0.04587240492878305,0.06419957274945932,0.0551679775088843,0.0400528917164318
1.0,43,scalar_gate_s1p5_p4_tanh_sigma,4,0.547722578048706,2048,0.07136007509122247,0.23786689912729814,0.2518958045539704,0.28329203504432754,0.41844655640425765,0.09104715488408457,0.10588635125953524,0.06140828594612837,0.0366384098996541
1.0,43,scalar_gate_s1p5_p4_tanh_sigma,5,0.7992547750473022,2048,0.09522744553401068,0.14907048189798006,0.22008349720955672,0.4326878059527473,0.32103752172101785,0.1688503994417546,0.15423679940464868,0.0697161816246888,0.04579617236156803
1.0,43,scalar_gate_s1p5_p4_tanh_sigma,6,1.166298747062683,2048,0.1077274128499934,0.07919661362344135,0.15846687412340676,0.6798102975521573,0.2545632335683282,0.22135771158926723,0.176633637910727,0.07383351521031474,0.05014312674787868
1.0,43,scalar_gate_s1p5_p4_tanh_sigma,7,1.7019013166427612,2048,0.07002648617003548,0.02417650875331619,0.0741333667239539,0.9446014563292267,0.18920485150384417,0.18542894680810587,0.10499557805566759,0.046566717506473156,0.032372526303441514
1.0,43,scalar_gate_s1p5_p4_tanh_sigma,8,2.4834699630737305,2048,0.0258027852395215,0.004183586610110486,0.017888779707379513,1.4424005248875242,0.12309443259213529,0.11969953801212654,0.033461635234251774,0.01279659798329524,0.009156674454297475
1.0,43,fourier_gate_s1p5_p4_tanh_sigma,0,0.12079870700836182,2048,0.022612409428578333,1.5496094951638477,0.08482716349280273,0.2665703826168479,0.8959516528069833,0.009451850497024867,0.011821610401133172,0.02084706668504599,0.05577654635935498
1.0,43,fourier_gate_s1p5_p4_tanh_sigma,1,0.17627345025539398,2048,0.03284824972573036,1.0571544040244607,0.14257041418243382,0.23040018445690685,0.8167430677079738,0.016392031853037732,0.02123612567623441,0.03282246578372139,0.06273177507947517
1.0,43,fourier_gate_s1p5_p4_tanh_sigma,2,0.25722402334213257,2048,0.04167042571032811,0.6298032297504246,0.20286754551251057,0.20540705811299104,0.6893371539631634,0.030099913358754487,0.038421603158916684,0.04290536777880389,0.04920883596058087
1.0,43,fourier_gate_s1p5_p4_tanh_sigma,3,0.37534967064857483,2048,0.052043699944932464,0.3693993152357946,0.24583362846555235,0.21170293205929364,0.5441102716026843,0.049077985439996794,0.06174356568251986,0.052004421665654256,0.03659549796923684
1.0,43,fourier_gate_s1p5_p4_tanh_sigma,4,0.547722578048706,2048,0.06834700373066974,0.22782332867886815,0.2518958045539704,0.271330456859697,0.4156527801358831,0.08823433980051978,0.10118754972996599,0.058840115022100827,0.034830203703264444
1.0,43,fourier_gate_s1p5_p4_tanh_sigma,5,0.7992547750473022,2048,0.09022068652735042,0.14123282570879525,0.22008349720955672,0.4099384445960756,0.3154613333374306,0.15903833927467978,0.1453382754191882,0.06704364030535068,0.04155956269867705
1.0,43,fourier_gate_s1p5_p4_tanh_sigma,6,1.166298747062683,2048,0.10104030310700271,0.07428053485980643,0.15846687412340676,0.6376115113390647,0.247350906013742,0.21872103978402418,0.16796942145251623,0.06801264536715683,0.04144816824494016
1.0,43,fourier_gate_s1p5_p4_tanh_sigma,7,1.7019013166427612,2048,0.06231420881224008,0.021513859929326962,0.0741333667239539,0.8405689848712236,0.1814413900210149,0.170731087089877,0.10150481999585298,0.03873735861128065,0.02147851286853226
1.0,43,fourier_gate_s1p5_p4_tanh_sigma,8,2.4834699630737305,2048,0.016908145069565703,0.002741436192186533,0.017888779707379513,0.9451815800823308,0.11441297850619664,0.0576901965770221,0.028374391897012553,0.008910165635730608,0.004081599955561447
1.0,44,scalar_gate_loglinear_lo0p1_hi3,0,0.12079870700836182,2048,0.020711111573019494,1.419315144205164,0.08482716349280273,0.24415659701714246,0.8938554052904886,0.008603378366614303,0.010814256007355427,0.018983771308812656,0.05155754758031766
1.0,44,scalar_gate_loglinear_lo0p1_hi3,1,0.17627345025539398,2048,0.029997239108109874,0.9654004002189814,0.14257041418243382,0.210402973717431,0.8144840771118484,0.011870621911919172,0.020215210408896928,0.029606299163740992,0.0589347394722102
1.0,44,scalar_gate_loglinear_lo0p1_hi3,2,0.25722402334213257,2048,0.041235166130322576,0.6232247538986803,0.20286754551251057,0.20326152232062994,0.6899369216028666,0.022381797382980934,0.03940226650613646,0.0423629372936965,0.050707279260208474
1.0,44,scalar_gate_loglinear_lo0p1_hi3,3,0.37534967064857483,2048,0.055293294366206114,0.3924645076660539,0.24583362846555235,0.2249216053610588,0.5466710714963844,0.037939731733020364,0.07229000866249136,0.05386373432518782,0.04011834167953806
1.0,44,scalar_gate_loglinear_lo0p1_hi3,4,0.547722578048706,2048,0.07862557574301773,0.2620852328165585,0.2518958045539704,0.3121353127823598,0.4257916742246686,0.07674766722512073,0.12855481362899976,0.0665024911775699,0.036704088147351106
1.0,44,scalar_gate_loglinear_lo0p1_hi3,5,0.7992547750473022,2048,0.1044476607281489,0.16350394605829263,0.22008349720955672,0.47458197480702996,0.3300395524841576,0.15093594172765834,0.18429077881147557,0.07675306099549738,0.04130156034807996
1.0,44,scalar_gate_loglinear_lo0p1_hi3,6,1.166298747062683,2048,0.10770129678137493,0.07917741420018386,0.15846687412340676,0.6796454929596332,0.2541750332677738,0.2049506392341708,0.19336412203248377,0.07143103218304012,0.03840541678822647
1.0,44,scalar_gate_loglinear_lo0p1_hi3,7,1.7019013166427612,2048,0.06454254186528366,0.022283187601022485,0.0741333667239539,0.870627420789035,0.18424647561802343,0.15903031132950327,0.10794516833168669,0.04076573652923169,0.02471259860330816
1.0,44,scalar_gate_loglinear_lo0p1_hi3,8,2.4834699630737305,2048,0.020494707441844895,0.0033229507138828576,0.017888779707379513,1.1456738680386556,0.11812522476393844,0.06025738442293203,0.030735701650538766,0.012768110327089863,0.009387486292637534
1.0,44,fourier_gate_loglinear_lo0p1_hi3,0,0.12079870700836182,2048,0.024745619797297325,1.6957966165756484,0.08482716349280273,0.29171810984104046,0.8982204575021094,0.006590671141007527,0.01004588796822183,0.02380356936822703,0.06452341614563589
1.0,44,fourier_gate_loglinear_lo0p1_hi3,1,0.17627345025539398,2048,0.029789871822904337,0.958726704036201,0.14257041418243382,0.20894848341244956,0.8135239923173022,0.012658947946470872,0.018333132981403155,0.029751549817455675,0.05981935949306443
1.0,44,fourier_gate_loglinear_lo0p1_hi3,2,0.25722402334213257,2048,0.03680628608185637,0.5562870418126266,0.20286754551251057,0.18143013456820561,0.6843778466341921,0.025055084414539363,0.032816542334989734,0.03829913510715266,0.044787957351453876
1.0,44,fourier_gate_loglinear_lo0p1_hi3,3,0.37534967064857483,2048,0.04920084545434552,0.34922110916572296,0.24583362846555235,0.20013879208246657,0.5414347086342749,0.04730921194153569,0.0620116742850742,0.04779156878094232,0.03280088025080105
1.0,44,fourier_gate_loglinear_lo0p1_hi3,4,0.547722578048706,2048,0.07404806977387493,0.24682688073067868,0.2518958045539704,0.29396309281526606,0.42110095711337014,0.09301742804566358,0.11319791021248424,0.06388822199224557,0.03229146824039773
1.0,44,fourier_gate_loglinear_lo0p1_hi3,5,0.7992547750473022,2048,0.09914463589668919,0.15520251087109846,0.22008349720955672,0.450486461519133,0.3251162069183536,0.16747894344868622,0.1648113643583317,0.07534474858878648,0.03435096648807002
1.0,44,fourier_gate_loglinear_lo0p1_hi3,6,1.166298747062683,2048,0.10117003091309242,0.07437590522713725,0.15846687412340676,0.6384301543949545,0.24767097134205057,0.21787264494650485,0.17612233943968397,0.06758657711645803,0.029957522301208184
1.0,44,fourier_gate_loglinear_lo0p1_hi3,7,1.7019013166427612,2048,0.05895497275586962,0.02035409018557467,0.0741333667239539,0.7952555692687857,0.1781646954769331,0.1681172460442821,0.10082685131472702,0.034736195642229364,0.015363528142534996
1.0,44,fourier_gate_loglinear_lo0p1_hi3,8,2.4834699630737305,2048,0.016627369301614733,0.002695912046930928,0.017888779707379513,0.929485944463589,0.11402029545409506,0.05735312414585366,0.028060120220680964,0.008662730610149775,0.003765694477565194
1.0,44,scalar_gate_logsigmoid_lo0p1_hi1p5_s0p75_p2,0,0.12079870700836182,2048,0.026874991755983027,1.8417206949600038,0.08482716349280273,0.3168205872905708,0.9009756193117984,0.00849670257513335,0.012928393932624573,0.025136451700673596,0.06844692208470576
1.0,44,scalar_gate_logsigmoid_lo0p1_hi1p5_s0p75_p2,1,0.17627345025539398,2048,0.03834463189906258,1.2340443348200199,0.14257041418243382,0.2689522375238147,0.8229151623976562,0.012479595332793341,0.023753642359701507,0.03863524611901755,0.07755575767491309
1.0,44,scalar_gate_logsigmoid_lo0p1_hi1p5_s0p75_p2,2,0.25722402334213257,2048,0.04959210759579072,0.7495308483545998,0.20286754551251057,0.24445560018239804,0.6975570418499892,0.021921442355504132,0.04008046679531079,0.05273220103907557,0.07001170781106038
1.0,44,scalar_gate_logsigmoid_lo0p1_hi1p5_s0p75_p2,3,0.37534967064857483,2048,0.06347000970201107,0.4505017542323115,0.24583362846555235,0.2581827803550679,0.5562259628187883,0.039545585758615644,0.07244449911617448,0.06557810365059835,0.052842798017388316
1.0,44,scalar_gate_logsigmoid_lo0p1_hi1p5_s0p75_p2,4,0.547722578048706,2048,0.08724066422395468,0.2908021922654961,0.2518958045539704,0.34633631305781737,0.43397209573078943,0.07830730278963324,0.12794069129307883,0.07927036596863718,0.04995805475133434
1.0,44,scalar_gate_logsigmoid_lo0p1_hi1p5_s0p75_p2,5,0.7992547750473022,2048,0.11262401906384349,0.176303340922216,0.22008349720955672,0.511733139884661,0.33841542063465313,0.14186369037280575,0.18492149396277108,0.0898801808405455,0.053772079582118985
1.0,44,scalar_gate_logsigmoid_lo0p1_hi1p5_s0p75_p2,6,1.166298747062683,2048,0.117100637847926,0.08608741011551449,0.15846687412340676,0.7389597257830263,0.26403821618949597,0.19293532345506995,0.20597435437593672,0.0836969264620657,0.04316433725185475
1.0,44,scalar_gate_logsigmoid_lo0p1_hi1p5_s0p75_p2,7,1.7019013166427612,2048,0.06560709113549838,0.022650721175207382,0.0741333667239539,0.8849873415272732,0.18506412856897508,0.15161633981990327,0.11408422791095613,0.04134266155750861,0.023308221560198912
1.0,44,scalar_gate_logsigmoid_lo0p1_hi1p5_s0p75_p2,8,2.4834699630737305,2048,0.019417374630828287,0.0031482751863782404,0.017888779707379513,1.08544992718638,0.11660669163454905,0.05817701825018713,0.029472142034491063,0.011846424663163116,0.008610463780296866
1.0,44,fourier_gate_logsigmoid_lo0p1_hi1p5_s0p75_p2,0,0.12079870700836182,2048,0.021236580028085296,1.4553250576976173,0.08482716349280273,0.250351174714066,0.8948350546471946,0.00625361896832982,0.010751721616269465,0.020515089485587366,0.05092582650950309
1.0,44,fourier_gate_logsigmoid_lo0p1_hi1p5_s0p75_p2,1,0.17627345025539398,2048,0.028368444605793734,0.9129809472572133,0.14257041418243382,0.1989784820958248,0.8129520049536059,0.010803849699992426,0.017783611736649618,0.029316031445628325,0.05336426103700888
1.0,44,fourier_gate_logsigmoid_lo0p1_hi1p5_s0p75_p2,2,0.25722402334213257,2048,0.037886348851402976,0.5726110176059683,0.20286754551251057,0.1867541146401191,0.6858573705252173,0.01970443953859949,0.029459573075957663,0.04145825792132454,0.04947446558404843
1.0,44,fourier_gate_logsigmoid_lo0p1_hi1p5_s0p75_p2,3,0.37534967064857483,2048,0.05212167461440353,0.36995276915123154,0.24583362846555235,0.21202011677465488,0.5442069021344662,0.04021830265314853,0.057746723703476756,0.05342179629252612,0.04382300098384078
1.0,44,fourier_gate_logsigmoid_lo0p1_hi1p5_s0p75_p2,4,0.547722578048706,2048,0.07704898000159402,0.25682991407270406,0.2518958045539704,0.30587639257439775,0.42437057408967604,0.0868114938818309,0.10941234136669309,0.069178951232984,0.04382171632270193
1.0,44,fourier_gate_logsigmoid_lo0p1_hi1p5_s0p75_p2,5,0.7992547750473022,2048,0.10847526017625231,0.1698088110817525,0.22008349720955672,0.49288229945276407,0.33401116905040606,0.16451160942845755,0.17246927336354828,0.08726773793271843,0.04369412673429567
1.0,44,fourier_gate_logsigmoid_lo0p1_hi1p5_s0p75_p2,6,1.166298747062683,2048,0.12485589748319272,0.09178874726485202,0.15846687412340676,0.7878990367788832,0.2718902443893056,0.22806529069356385,0.2085633007488018,0.0921637879919246,0.04220770908336116
1.0,44,fourier_gate_logsigmoid_lo0p1_hi1p5_s0p75_p2,7,1.7019013166427612,2048,0.06772836882994596,0.02338308819164596,0.0741333667239539,0.9136016860281301,0.18718469735895982,0.17368986278495316,0.11614924988562786,0.04239545528697198,0.01848142369607589
1.0,44,fourier_gate_logsigmoid_lo0p1_hi1p5_s0p75_p2,8,2.4834699630737305,2048,0.0172616820524163,0.0027987576237259158,0.017888779707379513,0.9649446376320169,0.11464267312540924,0.05841791353505958,0.029373708719988068,0.009073590190673494,0.003797408630737517
1.0,44,score,0,0.12079870700836182,2048,0.033344472180608334,2.285068774537312,0.08482716349280273,0.3930871999915156,0.907504912927677,0.008732369264696104,0.016762557642799557,0.03268005336191507,0.079006848516172
1.0,44,score,1,0.17627345025539398,2048,0.04738358554939065,1.5249447553600015,0.14257041418243382,0.33235216311259624,0.8324753983118534,0.013155778908265687,0.027076076341230618,0.05168209447280908,0.08626246078716387
1.0,44,score,2,0.25722402334213257,2048,0.06087694888999497,0.9200889689679262,0.20286754551251057,0.3000822469468916,0.7085258086278042,0.025804480229067173,0.04845773193195163,0.06945049954569299,0.07005129248328373
1.0,44,score,3,0.37534967064857483,2048,0.073513885301213,0.5217918579832836,0.24583362846555235,0.2990391744208185,0.5661072364723845,0.04977530277468315,0.08282144393474082,0.07844093622827839,0.051541912298544386
1.0,44,score,4,0.547722578048706,2048,0.0896350605510767,0.29878351275718884,0.2518958045539704,0.3558418160627672,0.4368055028852288,0.09566148412338955,0.12807087062705277,0.08305186966777442,0.0428265506571986
1.0,44,score,5,0.7992547750473022,2048,0.09997339734989993,0.15649986657055878,0.22008349720955672,0.4542521298391962,0.324803716742073,0.16378124566880126,0.1594035809291285,0.07689256175321108,0.04606520084159525
1.0,44,score,6,1.166298747062683,2048,0.09890765040299193,0.07271269926695027,0.15846687412340676,0.6241534765554041,0.24532895605292443,0.20562645433044774,0.15701343078232471,0.0690494208143839,0.049118017103666506
1.0,44,score,7,1.7019013166427612,2048,0.08184316779832917,0.02825619520406715,0.0741333667239539,1.1039990683693595,0.20068650012464723,0.162727933156045,0.09888361651655542,0.06685217318699159,0.06324570229891566
1.0,44,score,8,2.4834699630737305,2048,0.10010365391368438,0.016230507762974754,0.017888779707379513,5.595890583435908,0.19802669387195238,0.1262926800235031,0.0901083659019666,0.10101543706352703,0.09987908175187792
1.0,44,scalar_gaussian,0,0.12079870700836182,2048,0.029211995029324856,2.001873573583482,0.08482716349280273,0.3443707631671945,0.9039091517710245,0.010090984076289722,0.015580709063330762,0.030732823960559475,0.05832282242478085
1.0,44,scalar_gaussian,1,0.17627345025539398,2048,0.04408123575338486,1.4186653140008416,0.14257041418243382,0.3091892241890964,0.8291841117876135,0.013735435633401441,0.027750473925605812,0.049624705561946966,0.06903048201485934
1.0,44,scalar_gaussian,2,0.25722402334213257,2048,0.0625699461201254,0.9456767834747118,0.20286754551251057,0.3084275799860101,0.7103114710683167,0.02183918306381491,0.0508179029853515,0.07208645477606535,0.07013941402412287
1.0,44,scalar_gaussian,3,0.37534967064857483,2048,0.08507247806460377,0.6038332243043518,0.24583362846555235,0.34605712243524334,0.5767037323944959,0.035676258958068516,0.0932104438350946,0.09418405175227507,0.0636258267117147
1.0,44,scalar_gaussian,4,0.547722578048706,2048,0.11006200313079509,0.3668733162485342,0.2518958045539704,0.4369346417884207,0.45668432734610753,0.07091692564936498,0.15255905310772525,0.1089195722414092,0.06057480735472706
1.0,44,scalar_gaussian,5,0.7992547750473022,2048,0.12925159153154706,0.20233239406602727,0.22008349720955672,0.587284340581328,0.35504432100715067,0.13545530825027988,0.2024642296599733,0.11220061108863887,0.06006409613270199
1.0,44,scalar_gaussian,6,1.166298747062683,2048,0.12350290615611514,0.09079408556703852,0.15846687412340676,0.77936102948517,0.2699598279378741,0.1967980768003529,0.20514182804796605,0.09329586957316305,0.051762977303844965
1.0,44,scalar_gaussian,7,1.7019013166427612,2048,0.0708527037061263,0.024461758757792218,0.0741333667239539,0.9557464720300156,0.19006109204434848,0.16493336394915054,0.11263925925462435,0.048071073622900064,0.03036239624374882
1.0,44,scalar_gaussian,8,2.4834699630737305,2048,0.02414296346099116,0.00391446805940483,0.017888779707379513,1.3496148902225935,0.12105003331726814,0.07373923095480883,0.032404005359963475,0.01593995497267001,0.012892327988799336
1.0,44,fourier_gaussian,0,0.12079870700836182,2048,0.07113210729567912,4.8746237867553095,0.08482716349280273,0.8385534110393119,0.9450635902548735,0.00693025810917078,0.02409928275031508,0.08118663458929475,0.15242994181517194
1.0,44,fourier_gaussian,1,0.17627345025539398,2048,0.11696141984254851,3.764166466094866,0.14257041418243382,0.8203765171986109,0.9016538476998903,0.013455216982842822,0.04662105310286863,0.13933606463993126,0.21498797084503654
1.0,44,fourier_gaussian,2,0.25722402334213257,2048,0.16510241152441935,2.4953436458867477,0.20286754551251057,0.813843392777864,0.8108599678613808,0.027347031673734923,0.08825855764991336,0.20207781302859665,0.23855962375814047
1.0,44,fourier_gaussian,3,0.37534967064857483,2048,0.19840725100735887,1.4082684885487515,0.24583362846555235,0.8070793741514533,0.69290929926815,0.053769467904238845,0.14904395045995222,0.23915289446145097,0.21259056732235607
1.0,44,fourier_gaussian,4,0.547722578048706,2048,0.20336139764208408,0.6778712746235046,0.2518958045539704,0.8073234804453144,0.550460225145548,0.09965961285641639,0.2159645127825627,0.22672524846430409,0.15030452583377307
1.0,44,fourier_gaussian,5,0.7992547750473022,2048,0.1802295694492035,0.2821340908536989,0.22008349720955672,0.818914510784943,0.40475604781257957,0.16902447082366268,0.24816964854465656,0.17294046657871415,0.09320887224888083
1.0,44,fourier_gaussian,6,1.166298747062683,2048,0.13582060642259686,0.09984953508472341,0.15846687412340676,0.8570914721068201,0.2820480877678276,0.2137513444923249,0.22221023559516334,0.10651755860579883,0.049644591829422144
1.0,44,fourier_gaussian,7,1.7019013166427612,2048,0.06373198765071715,0.022003345327972806,0.0741333667239539,0.8596936908050088,0.1832738583048201,0.157031347768827,0.10930102888615689,0.04067361693980231,0.017996781407774942
1.0,44,fourier_gaussian,8,2.4834699630737305,2048,0.015699934515157447,0.0025455405378726546,0.017888779707379513,0.8776414474309212,0.11328450088136177,0.05154841692957372,0.026818397236902783,0.008391444215529129,0.0036278072448636817
1.0,44,scalar_normalized,0,0.12079870700836182,2048,0.039291889561744925,2.6926403106277585,0.08482716349280273,0.4631993802914169,0.9135893369010756,0.010894404270175437,0.019616956539887508,0.04190395717285255,0.08017811800951237
1.0,44,scalar_normalized,1,0.17627345025539398,2048,0.057299831057665715,1.8440790379470375,0.14257041418243382,0.4019054821875215,0.8417361281508333,0.015800149059159878,0.03461498346211194,0.06453118228718042,0.09336538991520903
1.0,44,scalar_normalized,2,0.25722402334213257,2048,0.07811422106158766,1.180611617841789,0.20286754551251057,0.38505035817456795,0.7258008941386902,0.023999750616314246,0.060025428776589874,0.09112365784735386,0.09118890751384112
1.0,44,scalar_normalized,3,0.37534967064857483,2048,0.09866564352670856,0.7003157191865647,0.24583362846555235,0.4013512884407276,0.5917707513616437,0.03720656361859855,0.10188396735039723,0.11193155793855392,0.07697243556657411
1.0,44,scalar_normalized,4,0.547722578048706,2048,0.11608531280317656,0.38695101365035595,0.2518958045539704,0.4608465512505369,0.4629742204130096,0.06301930253172824,0.15597990230217565,0.11921775812964613,0.06280903261132004
1.0,44,scalar_normalized,5,0.7992547750473022,2048,0.1264237872669407,0.19790570654885054,0.22008349720955672,0.5744355613658931,0.35152275307626374,0.11935816502559123,0.19636063733620013,0.11279602197874565,0.05749962392218836
1.0,44,scalar_normalized,6,1.166298747062683,2048,0.11366433658347547,0.08356118752894423,0.15846687412340676,0.7172750596125148,0.2604694734705395,0.17278132494570006,0.18992152230590426,0.08712919782650926,0.04549709262423854
1.0,44,scalar_normalized,7,1.7019013166427612,2048,0.06080468932519768,0.020992701249407393,0.0741333667239539,0.8202067707461953,0.17996619086115376,0.1334583947094264,0.09934295462372489,0.04144793267155696,0.025054573161442797
1.0,44,scalar_normalized,8,2.4834699630737305,2048,0.01829003135961256,0.0029654911120748054,0.017888779707379513,1.0224303534839507,0.1155785816801389,0.05178777349870152,0.025626710265849256,0.012223550181567181,0.009555007677202661
1.0,44,fourier_normalized,0,0.12079870700836182,2048,0.05113043231655551,3.5039257386446625,0.08482716349280273,0.6027601326182943,0.9248135825032584,0.0060449804603161265,0.018976357630073874,0.059352138886742,0.10228092463639585
1.0,44,fourier_normalized,1,0.17627345025539398,2048,0.0811102417314633,2.610368892523954,0.14257041418243382,0.5689135589356865,0.8661731450985319,0.011230871680685163,0.03627390036900952,0.0981105381624876,0.1354178232201662
1.0,44,fourier_normalized,2,0.25722402334213257,2048,0.11129660193090316,1.6821272679956556,0.20286754551251057,0.5486170873203553,0.758788542843787,0.0209381324376146,0.06729819975707399,0.13863698772060595,0.1364292314195493
1.0,44,fourier_normalized,3,0.37534967064857483,2048,0.13194381005116035,0.9365197542463779,0.24583362846555235,0.5367199389063612,0.6250975460981099,0.039448549046150416,0.11170766678115437,0.15961101251939075,0.1147848893206394
1.0,44,fourier_normalized,4,0.547722578048706,2048,0.13636678971916147,0.4545559316322964,0.2518958045539704,0.5413618935044388,0.48384910875728526,0.06948971303399884,0.16040448048097214,0.1494547518495502,0.08134363625289777
1.0,44,fourier_normalized,5,0.7992547750473022,2048,0.12316583629724341,0.1928056608810361,0.22008349720955672,0.5596323116401986,0.3488645598663005,0.12142528827295043,0.18152905197056204,0.1147884767374738,0.052023782339524934
1.0,44,fourier_normalized,6,1.166298747062683,2048,0.0971303293018562,0.07140608836070456,0.15846687412340676,0.6129377501711527,0.24353643472110897,0.16145497362386166,0.16543646191620787,0.07321289452129237,0.030316044757358038
1.0,44,fourier_normalized,7,1.7019013166427612,2048,0.04676118469646928,0.016144208469700112,0.0741333667239539,0.6307710921937645,0.16696152027330816,0.1218802981276049,0.08157832425539908,0.02870344292528505,0.011349342487770368
1.0,44,fourier_normalized,8,2.4834699630737305,2048,0.01207097543607841,0.0019571519406362627,0.017888779707379513,0.6747791427661703,0.10960136697806698,0.04165687773660743,0.020675948666469688,0.006208468594320324,0.002483880928397237
1.0,44,scalar_gate_s1p5_p4,0,0.12079870700836182,2048,0.02373694835812478,1.6266732069461143,0.08482716349280273,0.2798272084170158,0.8972709843579869,0.00963034179850136,0.0138921044845119,0.021362552247438493,0.05804583752915335
1.0,44,scalar_gate_s1p5_p4,1,0.17627345025539398,2048,0.03488520401654207,1.1227096533089107,0.14257041418243382,0.24468754065554432,0.8197983087744846,0.014338503914326482,0.02293334398384609,0.034700338982691266,0.06824616759266883
1.0,44,scalar_gate_s1p5_p4,2,0.25722402334213257,2048,0.04441509996905212,0.6712860004034923,0.20286754551251057,0.21893644869042447,0.6926408495611243,0.02556039242737601,0.04071011740975927,0.04642607936150636,0.05387953989278792
1.0,44,scalar_gate_s1p5_p4,3,0.37534967064857483,2048,0.05302682788895291,0.37637742766236293,0.24583362846555235,0.21570209177620034,0.5454760955940454,0.0440830440496435,0.06399490902331939,0.053191070875122155,0.03787631227972285
1.0,44,scalar_gate_s1p5_p4,4,0.547722578048706,2048,0.06937228763147354,0.23124094142517732,0.2518958045539704,0.27540072671837634,0.416329561899427,0.09236317570794021,0.1037569912042774,0.058967747838297134,0.0347772493448962
1.0,44,scalar_gate_s1p5_p4,5,0.7992547750473022,2048,0.09360052405832438,0.14652367444104675,0.22008349720955672,0.4252955139530559,0.31911308413194883,0.17153396686576683,0.1502923520757828,0.06841611043951674,0.04465981302753688
1.0,44,scalar_gate_s1p5_p4,6,1.166298747062683,2048,0.10505000316646683,0.07722829586096826,0.15846687412340676,0.6629145917566259,0.2514658920702706,0.223114839650087,0.17219750776137588,0.07135555595077525,0.04737521976611884
1.0,44,scalar_gate_s1p5_p4,7,1.7019013166427612,2048,0.06909376643924225,0.023854489072346358,0.0741333667239539,0.9320198109512912,0.18848405761024367,0.1925956297482146,0.10404993991381681,0.044665222538515736,0.030622922048869763
1.0,44,scalar_gate_s1p5_p4,8,2.4834699630737305,2048,0.025347018769551255,0.004109689994555033,0.017888779707379513,1.4169227406325013,0.1227614648904018,0.10551391931589324,0.03134680124099855,0.014565588348118167,0.01087342010886886
1.0,44,fourier_gate_s1p5_p4,0,0.12079870700836182,2048,0.023347210324002353,1.5999647856162171,0.08482716349280273,0.2752327127616766,0.8966449790197358,0.010440208373477675,0.01244418840467246,0.021234479410722835,0.05788234493660292
1.0,44,fourier_gate_s1p5_p4,1,0.17627345025539398,2048,0.033841099324752565,1.0891072579787486,0.14257041418243382,0.23736410894794288,0.8186822170507035,0.016771356084450528,0.0220348173458585,0.03394557474677013,0.06391855082644346
1.0,44,fourier_gate_s1p5_p4,2,0.25722402334213257,2048,0.04320391574499767,0.6529802662256148,0.20286754551251057,0.21296612839599494,0.6912513270622566,0.03000207394976557,0.03955053973776829,0.0451127069778936,0.04982217387537205
1.0,44,fourier_gate_s1p5_p4,3,0.37534967064857483,2048,0.052840459556609286,0.37505460982999866,0.24583362846555235,0.21494398421578684,0.5445041423656144,0.049516534548946715,0.06428322387322798,0.05240811074106976,0.03597771019002686
1.0,44,fourier_gate_s1p5_p4,4,0.547722578048706,2048,0.06890990949408635,0.22969968108283673,0.2518958045539704,0.2735651338699526,0.4160397766164456,0.08811250306246624,0.10415448846333364,0.0585925403959517,0.03456150038149988
1.0,44,fourier_gate_s1p5_p4,5,0.7992547750473022,2048,0.08939205410300177,0.13993567199306498,0.22008349720955672,0.40617336254833053,0.3149252763937117,0.15639488935537482,0.14501542414586444,0.06581018890331577,0.04236931186318585
1.0,44,fourier_gate_s1p5_p4,6,1.166298747062683,2048,0.09948095224033464,0.07313416640238461,0.15846687412340676,0.627771278954259,0.24620509509287977,0.21753699053131226,0.16588449558511045,0.06655592463111148,0.04022695821169976
1.0,44,fourier_gate_s1p5_p4,7,1.7019013166427612,2048,0.061677355086185,0.02129398741358818,0.0741333667239539,0.831978335961044,0.18088386202085524,0.1708638331984828,0.10079433125762613,0.03804794221892315,0.02074358043978005
1.0,44,fourier_gate_s1p5_p4,8,2.4834699630737305,2048,0.017524991991132395,0.0028414499115427517,0.017888779707379513,0.9796639165891764,0.11501462376307282,0.0574307012739612,0.028821894155060868,0.009716456735511397,0.004770682841589556
1.0,44,scalar_gate_s1p5_p4_plateau_lo0p8_hi1,0,0.12079870700836182,2048,0.02918475407097089,2.0000067735038174,0.08482716349280273,0.3440496283180223,0.9030114968611349,0.00848951127971997,0.014305178219072649,0.026054569433631204,0.07895983243276823
1.0,44,scalar_gate_s1p5_p4_plateau_lo0p8_hi1,1,0.17627345025539398,2048,0.04086716940434548,1.3152270966198925,0.14257041418243382,0.28664551224528007,0.8254019952587353,0.017151179507565006,0.025971167155640636,0.039143967457621186,0.0870343751434351
1.0,44,scalar_gate_s1p5_p4_plateau_lo0p8_hi1,2,0.25722402334213257,2048,0.0527658226758473,0.7974981050757581,0.20286754551251057,0.2600998722715522,0.7009339538933564,0.025008199431057605,0.041195168989614915,0.054929416533209,0.08058319868177719
1.0,44,scalar_gate_s1p5_p4_plateau_lo0p8_hi1,3,0.37534967064857483,2048,0.06349941417568047,0.4507104633066056,0.24583362846555235,0.25830239162978624,0.5564776947517815,0.0444755228086666,0.07131396091217594,0.0649839050709219,0.05456763846600643
1.0,44,scalar_gate_s1p5_p4_plateau_lo0p8_hi1,4,0.547722578048706,2048,0.08698165328837996,0.2899388225450122,0.2518958045539704,0.3453080667317885,0.43397496038534145,0.09110777435173678,0.12342708696644394,0.0775158720246298,0.055657099821902034
1.0,44,scalar_gate_s1p5_p4_plateau_lo0p8_hi1,5,0.7992547750473022,2048,0.13035727196371935,0.20406324291873773,0.22008349720955672,0.5923082539877907,0.3563503487698242,0.18497803864618706,0.21211796551191117,0.0982709090960667,0.07587520611002871
1.0,44,scalar_gate_s1p5_p4_plateau_lo0p8_hi1,6,1.166298747062683,2048,0.12237352104271507,0.08996380965033607,0.15846687412340676,0.7722340818524391,0.2692875206178788,0.2037705037223625,0.21747170859149428,0.08653754234067138,0.04346989456391302
1.0,44,scalar_gate_s1p5_p4_plateau_lo0p8_hi1,7,1.7019013166427612,2048,0.06616674466677899,0.022843940473188093,0.0741333667239539,0.8925366213726708,0.18591355078627392,0.15648585867304915,0.11375527926475679,0.04176255438675308,0.0235812275469885
1.0,44,scalar_gate_s1p5_p4_plateau_lo0p8_hi1,8,2.4834699630737305,2048,0.019512806082889148,0.003163748157273402,0.017888779707379513,1.0907846371901873,0.11694055540240277,0.05841694102273304,0.029452096459657677,0.011984547680658826,0.008669635521590809
1.0,44,fourier_gate_s1p5_p4_plateau_lo0p8_hi1,0,0.12079870700836182,2048,0.019964300310381523,1.3681367933383823,0.08482716349280273,0.23535268053700065,0.8933514045513078,0.00779883775969552,0.010743229424333936,0.0184046326770719,0.049007983250683625
1.0,44,fourier_gate_s1p5_p4_plateau_lo0p8_hi1,1,0.17627345025539398,2048,0.028266678646452985,0.909705815918554,0.14257041418243382,0.1982646877232383,0.8124904751800582,0.013334279108682384,0.018271664853899597,0.028417081711738106,0.05376318021867665
1.0,44,fourier_gate_s1p5_p4_plateau_lo0p8_hi1,2,0.25722402334213257,2048,0.037952153065339334,0.57360557683501,0.20286754551251057,0.18707848497629145,0.6859897893991096,0.02076423922696391,0.02884372130903072,0.041433032766559685,0.05054377167104193
1.0,44,fourier_gate_s1p5_p4_plateau_lo0p8_hi1,3,0.37534967064857483,2048,0.05069565956268185,0.3598311024715124,0.24583362846555235,0.2062193845452093,0.5425891988522349,0.03887343173111907,0.05475194153882309,0.05234276181585816,0.04383000966618852
1.0,44,fourier_gate_s1p5_p4_plateau_lo0p8_hi1,4,0.547722578048706,2048,0.07646347523377087,0.25487823165969786,0.2518958045539704,0.30355199988012516,0.42279546579943494,0.08350318913677124,0.1016557178641363,0.06881091459751731,0.056675987459523416
1.0,44,fourier_gate_s1p5_p4_plateau_lo0p8_hi1,5,0.7992547750473022,2048,0.11920193360224327,0.18660050771718972,0.22008349720955672,0.5416214078456908,0.3451116847981782,0.1723603070322869,0.17487953848362472,0.09657700059625306,0.07615906437461503
1.0,44,fourier_gate_s1p5_p4_plateau_lo0p8_hi1,6,1.166298747062683,2048,0.1402770702578724,0.10312573781856803,0.15846687412340676,0.8852138406455283,0.2869600582399211,0.23505992659143296,0.22848548802812696,0.10829759055577433,0.05161633068892334
1.0,44,fourier_gate_s1p5_p4_plateau_lo0p8_hi1,7,1.7019013166427612,2048,0.06957894863596964,0.024021997286276305,0.0741333667239539,0.9385645318801817,0.18904885821299688,0.17602827654532632,0.11903582234089216,0.04396732013458433,0.01927214310503151
1.0,44,fourier_gate_s1p5_p4_plateau_lo0p8_hi1,8,2.4834699630737305,2048,0.017625144583163145,0.0028576883539860095,0.017888779707379513,0.9852625428604495,0.11507175578077952,0.05936596082546217,0.029997371975484185,0.009295128043853698,0.003909682677373096
1.0,44,scalar_gate_s1p5_p4_cap_lo1_hi2_d0p5,0,0.12079870700836182,2048,0.02261613222798913,1.549864615492081,0.08482716349280273,0.2666142694952664,0.8961995353946978,0.007176257410585839,0.012576156177838527,0.020235583156446652,0.058035872152641374
1.0,44,scalar_gate_s1p5_p4_cap_lo1_hi2_d0p5,1,0.17627345025539398,2048,0.03294972911739032,1.0604203127625758,0.14257041418243382,0.2311119688214392,0.8173555563821963,0.014378971159622495,0.022749808723348593,0.031747046323309824,0.06594347701652849
1.0,44,scalar_gate_s1p5_p4_cap_lo1_hi2_d0p5,2,0.25722402334213257,2048,0.04198562986834048,0.6345671982811745,0.20286754551251057,0.20696080175008222,0.690226906909914,0.024267337771381913,0.037951296331268695,0.04375847082201042,0.05230387482980306
1.0,44,scalar_gate_s1p5_p4_cap_lo1_hi2_d0p5,3,0.37534967064857483,2048,0.05046975279350949,0.35822764603148793,0.24583362846555235,0.20530044285857987,0.541949472078386,0.043605870519816264,0.05972822212945857,0.05047364228552182,0.037808826045160795
1.0,44,scalar_gate_s1p5_p4_cap_lo1_hi2_d0p5,4,0.547722578048706,2048,0.06788104087241409,0.2262701192678624,0.2518958045539704,0.2694806330443273,0.41444231835261097,0.09225586045188834,0.10156255659772596,0.057148560629896025,0.0350061496216645
1.0,44,scalar_gate_s1p5_p4_cap_lo1_hi2_d0p5,5,0.7992547750473022,2048,0.09553747016902735,0.1495557991453662,0.22008349720955672,0.4340964742034225,0.3212849206839219,0.17967007638177843,0.1530893444328135,0.06892400941418053,0.047022430877967286
1.0,44,scalar_gate_s1p5_p4_cap_lo1_hi2_d0p5,6,1.166298747062683,2048,0.10518385105160899,0.07732669513524285,0.15846687412340676,0.6637592344359403,0.2515418320392976,0.2227281028073227,0.1758436108786196,0.07077159597149049,0.044265990686419135
1.0,44,scalar_gate_s1p5_p4_cap_lo1_hi2_d0p5,7,1.7019013166427612,2048,0.06977653656027366,0.02409021413453978,0.0741333667239539,0.9412298354140112,0.1893947323486895,0.21983665581034537,0.10955549119485768,0.04092836425206394,0.024673646346432286
1.0,44,scalar_gate_s1p5_p4_cap_lo1_hi2_d0p5,8,2.4834699630737305,2048,0.024377924755307555,0.003952563982603489,0.017888779707379513,1.3627494526779336,0.12174539306108978,0.09771971490235788,0.031693673820291514,0.013961283709438587,0.009978464731368614
1.0,44,fourier_gate_s1p5_p4_cap_lo1_hi2_d0p5,0,0.12079870700836182,2048,0.021390231615771266,1.4658546724198884,0.08482716349280273,0.2521625235952414,0.8948530444184007,0.00825288199453531,0.010247496827670392,0.01980790084223872,0.05447575950642688
1.0,44,fourier_gate_s1p5_p4_cap_lo1_hi2_d0p5,1,0.17627345025539398,2048,0.029318809977663063,0.9435665323855749,0.14257041418243382,0.20564441890550003,0.814188554247719,0.013797676258613703,0.01973745006285057,0.029898033312987765,0.052787013736686025
1.0,44,fourier_gate_s1p5_p4_cap_lo1_hi2_d0p5,2,0.25722402334213257,2048,0.03906506714779799,0.5904260645458775,0.20286754551251057,0.19256439983589638,0.6872164145621833,0.025867047288252586,0.03460522127544049,0.041313277520597096,0.04583267610116215
1.0,44,fourier_gate_s1p5_p4_cap_lo1_hi2_d0p5,3,0.37534967064857483,2048,0.04928734112762573,0.34983504404188237,0.24583362846555235,0.20049063846662524,0.5407961193735273,0.045185877790284226,0.05834258472515985,0.04917445685318577,0.0358941727339724
1.0,44,fourier_gate_s1p5_p4_cap_lo1_hi2_d0p5,4,0.547722578048706,2048,0.06709152204959039,0.22363839005586764,0.2518958045539704,0.2663463258881533,0.4143749242949337,0.08471804517820955,0.09804301855473806,0.057735818000939715,0.03761789737499748
1.0,44,fourier_gate_s1p5_p4_cap_lo1_hi2_d0p5,5,0.7992547750473022,2048,0.09041185097563145,0.14153207742417218,0.22008349720955672,0.4108070442444127,0.31620126848922425,0.15327239775814275,0.13926431787163226,0.06854760512313654,0.051238757057437835
1.0,44,fourier_gate_s1p5_p4_cap_lo1_hi2_d0p5,6,1.166298747062683,2048,0.09815615718695528,0.07216023340615804,0.15846687412340676,0.6194112033188447,0.24463831720277393,0.2149581393045587,0.16610590793156207,0.06642919936499118,0.03232400645862796
1.0,44,fourier_gate_s1p5_p4_cap_lo1_hi2_d0p5,7,1.7019013166427612,2048,0.06073236819855593,0.02096773252047448,0.0741333667239539,0.8192312164197467,0.179980349289791,0.17084919967354276,0.10277414024913863,0.03649306840651184,0.016386110725805113
1.0,44,fourier_gate_s1p5_p4_cap_lo1_hi2_d0p5,8,2.4834699630737305,2048,0.017029482848692615,0.0027611095376546173,0.017888779707379513,0.9519644786987668,0.11448976310913617,0.05748440991453224,0.02840571433839035,0.00918045995730014,0.003981976086801772
1.0,44,scalar_gate_s1p5_p4_linear_sigma,0,0.12079870700836182,2048,0.022687688687663337,1.5547683197922215,0.08482716349280273,0.26745782545927405,0.8961000617862154,0.008410681401746303,0.01318691552562191,0.020536764303570324,0.055635337141153415
1.0,44,scalar_gate_s1p5_p4_linear_sigma,1,0.17627345025539398,2048,0.03349140449757091,1.0778530380520752,0.14257041418243382,0.23491132216755112,0.8179586242177623,0.013705953025456652,0.021568449107732184,0.03361473260723115,0.06521378092752017
1.0,44,scalar_gate_s1p5_p4_linear_sigma,2,0.25722402334213257,2048,0.04309856296099414,0.651387973310494,0.20286754551251057,0.21244681031711063,0.6911816275525609,0.025715757296937945,0.03918615330273,0.045079147498167424,0.05222886391528476
1.0,44,scalar_gate_s1p5_p4_linear_sigma,3,0.37534967064857483,2048,0.05235280566149625,0.37159330682661057,0.24583362846555235,0.21296030973578634,0.543877749454628,0.042786543583037594,0.061050296890563564,0.05330764391589981,0.038598022336773466
1.0,44,scalar_gate_s1p5_p4_linear_sigma,4,0.547722578048706,2048,0.06784979331184371,0.22616596074044118,0.2518958045539704,0.269356583496834,0.4140397609105795,0.08482038575087933,0.10029933970465577,0.058508865112787634,0.03602155489936988
1.0,44,scalar_gate_s1p5_p4_linear_sigma,5,0.7992547750473022,2048,0.09394306020621651,0.14705988570185938,0.22008349720955672,0.42685190574178683,0.31920413639174927,0.16462637897339358,0.14738227299657264,0.07033210219969543,0.048868457288453584
1.0,44,scalar_gate_s1p5_p4_linear_sigma,6,1.166298747062683,2048,0.1065142379076969,0.07830473898707109,0.15846687412340676,0.672154596958532,0.2532031836654576,0.21549198620116092,0.17245767026046446,0.07432047283685936,0.05035916605179416
1.0,44,scalar_gate_s1p5_p4_linear_sigma,7,1.7019013166427612,2048,0.07017814612391977,0.024228869058725604,0.0741333667239539,0.9466472281670149,0.1897825932710142,0.18139451115275373,0.10525743109109795,0.04725841305567364,0.03261376164629183
1.0,44,scalar_gate_s1p5_p4_linear_sigma,8,2.4834699630737305,2048,0.026813389509195654,0.004347442971021998,0.017888779707379513,1.4988942760659378,0.12410926536797459,0.13077332171061767,0.039469649919998843,0.010861335421947978,0.006821168552135672
1.0,44,fourier_gate_s1p5_p4_linear_sigma,0,0.12079870700836182,2048,0.020858752426016147,1.4294328483092014,0.08482716349280273,0.24589708729074664,0.8940125537052098,0.009291859984745276,0.011310418073826174,0.0191394051088863,0.05075493249532824
1.0,44,fourier_gate_s1p5_p4_linear_sigma,1,0.17627345025539398,2048,0.030811679760375237,0.9916115234766223,0.14257041418243382,0.21611552394698422,0.8156075824129188,0.01566037543647545,0.020254561181969295,0.03129762284120913,0.05616149688544647
1.0,44,fourier_gate_s1p5_p4_linear_sigma,2,0.25722402334213257,2048,0.04043773932658973,0.6111725137806718,0.20286754551251057,0.19933074669203796,0.688143625806227,0.02837417590496578,0.035704585827469534,0.042660012851560195,0.04715895857603937
1.0,44,fourier_gate_s1p5_p4_linear_sigma,3,0.37534967064857483,2048,0.050482616092507974,0.35831894803051456,0.24583362846555235,0.2053527680798231,0.5425133750287658,0.04607157049569886,0.05939213449056971,0.050896344969348556,0.03553107740389448
1.0,44,fourier_gate_s1p5_p4_linear_sigma,4,0.547722578048706,2048,0.0663274256904896,0.22109140238325914,0.2518958045539704,0.2633129432541958,0.41368941223193456,0.08438020197893516,0.09758596711703521,0.057018077886487106,0.03589601247594818
1.0,44,fourier_gate_s1p5_p4_linear_sigma,5,0.7992547750473022,2048,0.08982716276138143,0.1406167976603441,0.22008349720955672,0.40815037883486,0.31539116978541315,0.15249604551189022,0.14030899806292035,0.06787473741738774,0.0481970164412279
1.0,44,fourier_gate_s1p5_p4_linear_sigma,6,1.166298747062683,2048,0.10162200323019487,0.07470817605792289,0.15846687412340676,0.6412823108447024,0.24823272640595617,0.21706794345296482,0.16678132015189634,0.06940452567462772,0.04335705489999602
1.0,44,fourier_gate_s1p5_p4_linear_sigma,7,1.7019013166427612,2048,0.06338136202640518,0.021882292510118546,0.0741333667239539,0.8549640307368566,0.1825045486961288,0.17057553108853224,0.10279180960345406,0.0400009698428853,0.022091953992656132
1.0,44,fourier_gate_s1p5_p4_linear_sigma,8,2.4834699630737305,2048,0.01744598966340089,0.002828640709846229,0.017888779707379513,0.9752476104451124,0.11492067500021055,0.05879095923079349,0.029708445672459546,0.009180995522771494,0.003899951530011773
1.0,44,scalar_gate_s1p5_p4_tanh_sigma,0,0.12079870700836182,2048,0.022481626437991717,1.5406470462634307,0.08482716349280273,0.26502862423189716,0.8960372034099902,0.006979712388914372,0.01290063344527577,0.020372550026280717,0.0560942993409935
1.0,44,scalar_gate_s1p5_p4_tanh_sigma,1,0.17627345025539398,2048,0.03347252476501462,1.0772454320887337,0.14257041418243382,0.23477889825151946,0.8181083065268333,0.01297449469046325,0.022471161519560856,0.033227205719311904,0.06534505919322676
1.0,44,scalar_gate_s1p5_p4_tanh_sigma,2,0.25722402334213257,2048,0.043231990662636124,0.6534045881158348,0.20286754551251057,0.21310451878055608,0.6917994409244749,0.024957763363088033,0.04066474853149073,0.044923990940254774,0.05155632412452871
1.0,44,scalar_gate_s1p5_p4_tanh_sigma,3,0.37534967064857483,2048,0.05301427496111106,0.3762883286368538,0.24583362846555235,0.21565102908018027,0.5447798211318742,0.045038118867010014,0.06385571527839566,0.052969753016758665,0.03833999512799248
1.0,44,scalar_gate_s1p5_p4_tanh_sigma,4,0.547722578048706,2048,0.07016202865569396,0.23387341130843886,0.2518958045539704,0.2785359159908567,0.41678132389235506,0.09183180850315376,0.10569935209183365,0.05947814997748308,0.035307117638320125
1.0,44,scalar_gate_s1p5_p4_tanh_sigma,5,0.7992547750473022,2048,0.09458704277457856,0.14806798574341035,0.22008349720955672,0.42977798868997297,0.320178080005212,0.17081637456958565,0.15206552957656838,0.06960084703123699,0.04444573249310532
1.0,44,scalar_gate_s1p5_p4_tanh_sigma,6,1.166298747062683,2048,0.10623084692350215,0.07809640198457675,0.15846687412340676,0.670366267468458,0.25294260283354464,0.22126411976443494,0.17377453378335264,0.07276709851551957,0.04866441269118395
1.0,44,scalar_gate_s1p5_p4_tanh_sigma,7,1.7019013166427612,2048,0.06941221288064804,0.02396443208961293,0.0741333667239539,0.9363153995030908,0.18909487131554356,0.18481244485383796,0.10482395829425481,0.04582374441288653,0.03145875081622959
1.0,44,scalar_gate_s1p5_p4_tanh_sigma,8,2.4834699630737305,2048,0.02561761564257986,0.004153563764159032,0.017888779707379513,1.432049366229941,0.12296288831167418,0.12026105792245163,0.03329223338788086,0.012568261608191342,0.008691720292028185
1.0,44,fourier_gate_s1p5_p4_tanh_sigma,0,0.12079870700836182,2048,0.021437895112667287,1.4691210119754352,0.08482716349280273,0.25272441314728405,0.8943302566509124,0.00989795445137283,0.011914171518258443,0.019522202422021608,0.05201709870144141
1.0,44,fourier_gate_s1p5_p4_tanh_sigma,1,0.17627345025539398,2048,0.03129161961362904,1.0070574158383296,0.14257041418243382,0.21948185949427157,0.8159834000053398,0.01575175438050953,0.020651605238907734,0.03149085218057029,0.05808780282308865
1.0,44,fourier_gate_s1p5_p4_tanh_sigma,2,0.25722402334213257,2048,0.040560383278409114,0.6130261439187978,0.20286754551251057,0.19993529855127964,0.6886343812939928,0.029416847682401808,0.037856006795173286,0.04211886512429663,0.04567141871747959
1.0,44,fourier_gate_s1p5_p4_tanh_sigma,3,0.37534967064857483,2048,0.05120615923091354,0.3634545617580816,0.24583362846555235,0.20829599087209033,0.5427943591136273,0.04830383140834697,0.06268791517079245,0.05063228807589146,0.03457451071374921
1.0,44,fourier_gate_s1p5_p4_tanh_sigma,4,0.547722578048706,2048,0.06795017242521226,0.2265005577599034,0.2518958045539704,0.2697550780789343,0.41484920177763035,0.08789924631664389,0.10329443586322576,0.057545986194151875,0.033337811024176635
1.0,44,fourier_gate_s1p5_p4_tanh_sigma,5,0.7992547750473022,2048,0.08879590903721594,0.13900245750075713,0.22008349720955672,0.40346464029816476,0.3142568239127791,0.15594427825285195,0.14521225718296638,0.06508673225302951,0.0407635306207884
1.0,44,fourier_gate_s1p5_p4_tanh_sigma,6,1.166298747062683,2048,0.09929506525511923,0.07299751019431035,0.15846687412340676,0.6265982452445725,0.24592710707847326,0.21629908959487482,0.1653711940667515,0.06661363437856406,0.040287339379339454
1.0,44,fourier_gate_s1p5_p4_tanh_sigma,7,1.7019013166427612,2048,0.06204884694342592,0.021422244257956507,0.0741333667239539,0.8369894648717843,0.18119665747506458,0.17017009349671652,0.10119547992763793,0.03857023026011895,0.02108446991215836
1.0,44,fourier_gate_s1p5_p4_tanh_sigma,8,2.4834699630737305,2048,0.01684227576847109,0.0027307563402434692,0.017888779707379513,0.9414994227651695,0.11429073098152845,0.05712724585197115,0.028403766635808902,0.008886798699215707,0.003961999775113023
