spectrum_lambda,seed,method,noise_bin,sigma,n,score_error,unweighted_score_error,reference_error,relative_to_gaussian,dsm_pixel_mean,frequency_band_0,frequency_band_1,frequency_band_2,frequency_band_3
1.0,42,scalar_gate_loglinear_lo0p1_hi3,0,0.10000000149011612,1024,0.022089783473180337,2.2089782814853502,0.06312809649804497,0.3499199991538544,0.9366716184206887,0.015715124133249315,0.009535843168510668,0.01948213932246888,0.057800477106353575
1.0,42,scalar_gate_loglinear_lo0p1_hi3,1,0.20000000298023224,1024,0.03553330341928099,0.8883325590076512,0.1625465845341267,0.21860381453798408,0.7646887155046922,0.015434422395058434,0.024467783466693697,0.03656353701339867,0.062479390326226375
1.0,42,scalar_gate_loglinear_lo0p1_hi3,2,0.30000001192092896,1024,0.048459043985482494,0.5384337792700435,0.22512681356151482,0.21525220927200348,0.6355762226262809,0.028128608596926903,0.04907923165123386,0.050396141083639746,0.051333252091416905
1.0,42,scalar_gate_loglinear_lo0p1_hi3,3,0.4000000059604645,1024,0.06425072080523028,0.40156699306506016,0.2528622117332959,0.25409380217316985,0.5304934998470721,0.05050850122862758,0.08280622028365596,0.06299437834968544,0.04364391521820013
1.0,42,scalar_gate_loglinear_lo0p1_hi3,4,0.5,1024,0.07714960764533377,0.30859843058133507,0.254802851762606,0.3027815705815267,0.46049049195424807,0.07251231468174124,0.11555403011962907,0.06930382130887885,0.04109098994185664
1.0,42,scalar_gate_loglinear_lo0p1_hi3,5,0.6000000238418579,1024,0.08853596532350762,0.2459332174647269,0.24635118997637317,0.3593892334435196,0.4046304686610077,0.10183851206104688,0.14512830170574692,0.07237026064271253,0.0416075034727862
1.0,42,scalar_gate_loglinear_lo0p1_hi3,6,0.699999988079071,1024,0.10167847580786787,0.2075071005530943,0.23643271873308322,0.4300524747704487,0.36873857265189497,0.1283912923292559,0.1732793302272173,0.0794276339016936,0.04360635041824496
1.0,42,scalar_gate_loglinear_lo0p1_hi3,7,0.75,1024,0.10557501437737216,0.18768891444866162,0.22897076280115233,0.4610851319434956,0.3477889335371556,0.1408622359132759,0.18145983484861133,0.08094301304513897,0.04411888216365913
1.0,42,scalar_gate_loglinear_lo0p1_hi3,8,0.800000011920929,1024,0.10753669662312498,0.16802608346606523,0.22010892135027638,0.48856128122128,0.33406463530123764,0.15032694330691104,0.18856234410339806,0.08011323615357555,0.04331848138550073
1.0,42,scalar_gate_loglinear_lo0p1_hi3,9,0.8999999761581421,1024,0.11540474727748277,0.14247500418746487,0.20678769389574736,0.5580832452034812,0.3141303761236896,0.18182238515794044,0.20391206899642644,0.08285745856751627,0.04411613385897993
1.0,42,scalar_gate_loglinear_lo0p1_hi3,10,1.0,1024,0.11711226424921534,0.11711226424921534,0.18959512909337595,0.6176965875085184,0.2913948981781304,0.20298645475540394,0.20816332985747177,0.08110308638641629,0.04357049147945123
1.0,42,scalar_gate_loglinear_lo0p1_hi3,11,1.100000023841858,1024,0.11249182702115258,0.09296844805352344,0.17054459826174287,0.6596035768222107,0.271339533146026,0.20951633515252022,0.200625618600178,0.07557132665442148,0.041384472193109575
1.0,42,scalar_gate_loglinear_lo0p1_hi3,12,1.2000000476837158,1024,0.10975480445320701,0.07621860814630511,0.15426053929454214,0.7114898272437857,0.25243474335636484,0.2130058821132367,0.19616331730195227,0.07263094784090089,0.03902364122413335
1.0,42,scalar_gate_loglinear_lo0p1_hi3,13,1.2999999523162842,1024,0.10014190981971142,0.05925557228762045,0.13417892684246985,0.7463311279667714,0.23789133296276033,0.21689663324388161,0.1739811787966708,0.0652091575492655,0.03597653831337374
1.0,42,scalar_gate_loglinear_lo0p1_hi3,14,1.399999976158142,1024,0.09147869775164941,0.046672806564997636,0.11606782093640233,0.7881486618222446,0.22447205818136134,0.20476477348292269,0.15897530702798518,0.058482798239275824,0.03319919290086746
1.0,42,scalar_gate_loglinear_lo0p1_hi3,15,1.5,1024,0.08536954594379939,0.0379420204194664,0.10375389320927209,0.8228081212490853,0.2103869319039583,0.20138626352977865,0.14676534848463374,0.05383703638691391,0.030890534427228476
1.0,42,scalar_gate_loglinear_lo0p1_hi3,16,1.600000023841858,1024,0.07349225851675475,0.02870791262754485,0.08690350622242646,0.8456765637125608,0.19872652485887535,0.1805079297122677,0.12439325972847898,0.045836608932957885,0.028025337459415028
1.0,42,scalar_gate_loglinear_lo0p1_hi3,17,1.7999999523162842,1024,0.058081791032489546,0.017926479663510398,0.06286463389449673,0.9239183851760906,0.17439938971716612,0.1494941993530332,0.09595256900187604,0.03612195507233878,0.022930672536070052
1.0,42,scalar_gate_loglinear_lo0p1_hi3,18,2.0,1024,0.04413216971177969,0.011033042427944922,0.04445967713251618,0.9926336077574219,0.15571084920528763,0.12566099394996114,0.06914812486708835,0.027200657095815713,0.01832906140810525
1.0,42,scalar_gate_loglinear_lo0p1_hi3,19,2.5,1024,0.02048787675956194,0.0032780602815299102,0.01722458989730198,1.1894551267528937,0.11793288727660162,0.061479011248215,0.03020465506812857,0.012711498180971932,0.009818181903087378
1.0,42,scalar_gate_loglinear_lo0p1_hi3,20,3.0,1024,0.010886403509788865,0.0012096003899765406,0.007202696554818482,1.511434422779625,0.08945055156570363,0.035172706443835015,0.016115013908012312,0.00633054732804957,0.005309717858381109
1.0,42,fourier_gate_loglinear_lo0p1_hi3,0,0.10000000149011612,1024,0.0240805270683163,2.4080526350660687,0.06312809649804497,0.3814549844546961,0.9382958346001804,0.00435294939398279,0.008316677003165098,0.023873909507686766,0.06384547001003756
1.0,42,fourier_gate_loglinear_lo0p1_hi3,1,0.20000000298023224,1024,0.033553800590358146,0.8388449897594247,0.1625465845341267,0.2064257498029035,0.7635127785344722,0.016308642724603695,0.022304172577924483,0.03552157615395034,0.055699963742088826
1.0,42,fourier_gate_loglinear_lo0p1_hi3,2,0.30000001192092896,1024,0.04249022555080165,0.4721135797109124,0.22512681356151482,0.18873907056473926,0.6287825573325535,0.03247673419498567,0.042598881734609934,0.04436503514827986,0.0407774957201226
1.0,42,fourier_gate_loglinear_lo0p1_hi3,3,0.4000000059604645,1024,0.05651841270427374,0.3532400688743364,0.2528622117332959,0.22351466562305486,0.5220450101606713,0.05812452300790092,0.07200270544182871,0.054810810607717704,0.03454943892248377
1.0,42,fourier_gate_loglinear_lo0p1_hi3,4,0.5,1024,0.06893662565502451,0.27574650262009803,0.254802851762606,0.27054887799784594,0.4517023528735743,0.0826710246065138,0.09915420586037228,0.062048839799752106,0.03360678577016357
1.0,42,fourier_gate_loglinear_lo0p1_hi3,5,0.6000000238418579,1024,0.08074342863825602,0.2242872839481812,0.24635118997637317,0.32775741268390013,0.3970677690907919,0.11380590930261751,0.12465505110460968,0.06719420545188426,0.03549623147749766
1.0,42,fourier_gate_loglinear_lo0p1_hi3,6,0.699999988079071,1024,0.09465782742330267,0.19317924621903906,0.23643271873308322,0.4003584103356061,0.3613757729945179,0.1399954775078488,0.15248045767891538,0.07613204400681202,0.03666074982865247
1.0,42,fourier_gate_loglinear_lo0p1_hi3,7,0.75,1024,0.09878882866643385,0.1756245842958824,0.22897076280115233,0.431447349250551,0.3412630239216297,0.16041448398004174,0.15987902586191624,0.07742836793838714,0.036642632339526075
1.0,42,fourier_gate_loglinear_lo0p1_hi3,8,0.800000011920929,1024,0.10022801245154761,0.15660626478831272,0.22010892135027638,0.4553564291564857,0.3259718598359015,0.16457759034409783,0.16561804958724197,0.07724444059638529,0.03505611905617631
1.0,42,fourier_gate_loglinear_lo0p1_hi3,9,0.8999999761581421,1024,0.10868707328489638,0.13418157906585798,0.20678769389574736,0.5255973952671057,0.3081797174241217,0.19621839098680705,0.18255680347032727,0.08026307252064306,0.03611415711913704
1.0,42,fourier_gate_loglinear_lo0p1_hi3,10,1.0,1024,0.1089195417832137,0.1089195417832137,0.18959512909337595,0.5744849158522982,0.28270846484089557,0.21467840975898617,0.18531014645309019,0.07710332873012915,0.03455367836187908
1.0,42,fourier_gate_loglinear_lo0p1_hi3,11,1.100000023841858,1024,0.10502529542018178,0.08679776104748593,0.17054459826174287,0.6158230544423019,0.2646501222241488,0.22520942628288818,0.1818067946891662,0.07058236846788789,0.031873614726927346
1.0,42,fourier_gate_loglinear_lo0p1_hi3,12,1.2000000476837158,1024,0.10145384183165462,0.0704540512283529,0.15426053929454214,0.6576785112746208,0.2440896974732289,0.22759411967419774,0.17621964487469627,0.06681663537085857,0.029310595361175213
1.0,42,fourier_gate_loglinear_lo0p1_hi3,13,1.2999999523162842,1024,0.09367394975743437,0.055428376703736536,0.13417892684246985,0.6981271348772259,0.23174436919205849,0.2317707985698541,0.16023574541832467,0.0599588700700816,0.02598947583895113
1.0,42,fourier_gate_loglinear_lo0p1_hi3,14,1.399999976158142,1024,0.0841386115382298,0.04292786449182342,0.11606782093640233,0.7249090304222419,0.2176746783208523,0.2125233835050187,0.14509672522839073,0.05264540932808089,0.023418077790290266
1.0,42,fourier_gate_loglinear_lo0p1_hi3,15,1.5,1024,0.07808059220988273,0.03470248542661455,0.10375389320927209,0.7525557817131142,0.20299891097198344,0.20873984597235978,0.1356006539224201,0.046918190026346715,0.020958860879576324
1.0,42,fourier_gate_loglinear_lo0p1_hi3,16,1.600000023841858,1024,0.06701537292362127,0.026177879268127955,0.08690350622242646,0.7711469402868255,0.19092459627995523,0.18608263655120155,0.11575177008051526,0.03961381780080836,0.017741395315558312
1.0,42,fourier_gate_loglinear_lo0p1_hi3,17,1.7999999523162842,1024,0.05186183467819888,0.016006739946277118,0.06286463389449673,0.8249763255638549,0.1680848819852699,0.15329650812746182,0.08931485824758431,0.029548529086022197,0.01322079532014618
1.0,42,fourier_gate_loglinear_lo0p1_hi3,18,2.0,1024,0.03854450089650923,0.009636125224127308,0.04445967713251618,0.8669541342287255,0.1497840093381187,0.1227844917511139,0.06492023892295185,0.021386233678173393,0.00967442564398848
1.0,42,fourier_gate_loglinear_lo0p1_hi3,19,2.5,1024,0.016194621445153427,0.0025911394312245484,0.01722458989730198,0.9402036008816741,0.11338576315006064,0.05577877969646781,0.02760451948648014,0.008325647515145434,0.0036463940787614946
1.0,42,fourier_gate_loglinear_lo0p1_hi3,20,3.0,1024,0.007285905392496089,0.0008095450436106765,0.007202696554818482,1.0115524563674618,0.0851482428940724,0.026407928999719145,0.012121763986884257,0.003668424189687141,0.0017315170979603398
1.0,42,scalar_gate_logsigmoid_lo0p1_hi1p5_s0p75_p2,0,0.10000000149011612,1024,0.02812944641628479,2.812944557796198,0.06312809649804497,0.44559313485962526,0.9418238664777123,0.018080305466496964,0.01195121602175725,0.025310993531467915,0.0731210896546352
1.0,42,scalar_gate_logsigmoid_lo0p1_hi1p5_s0p75_p2,1,0.20000000298023224,1024,0.04584111585412428,1.146027862198815,0.1625465845341267,0.2820183271491621,0.7745453628429396,0.01627511897359407,0.029303981685248243,0.04828055758344463,0.08245035055498834
1.0,42,scalar_gate_logsigmoid_lo0p1_hi1p5_s0p75_p2,2,0.30000001192092896,1024,0.05906605091999456,0.6562894025094096,0.22512681356151482,0.26236790716115677,0.6454597307735226,0.02964898274834717,0.05358183359578987,0.0641854021075837,0.06581881510527028
1.0,42,scalar_gate_logsigmoid_lo0p1_hi1p5_s0p75_p2,3,0.4000000059604645,1024,0.07388083769509012,0.46175522183293516,0.2528622117332959,0.29217824675604454,0.5390993468085289,0.050164837900945315,0.08703705299862638,0.07598035515464362,0.05573605552723737
1.0,42,scalar_gate_logsigmoid_lo0p1_hi1p5_s0p75_p2,4,0.5,1024,0.08747765254991177,0.3499106101996471,0.254802851762606,0.3433150451212874,0.4698163882694041,0.07126964001526682,0.12003810554108313,0.08296863722703784,0.05563091208237809
1.0,42,scalar_gate_logsigmoid_lo0p1_hi1p5_s0p75_p2,5,0.6000000238418579,1024,0.09931263169064569,0.27586839943885366,0.24635118997637317,0.4031343696783867,0.41431348510868266,0.09766725225435248,0.14933084264449567,0.08705108255776572,0.05762687529484405
1.0,42,scalar_gate_logsigmoid_lo0p1_hi1p5_s0p75_p2,6,0.699999988079071,1024,0.11277927870714513,0.2301618011191522,0.23643271873308322,0.4770036876091816,0.38003522179026417,0.1251044266693234,0.1778807690682399,0.09426377368312705,0.060143454843612644
1.0,42,scalar_gate_logsigmoid_lo0p1_hi1p5_s0p75_p2,7,0.75,1024,0.11616601795184782,0.20651736524772946,0.22897076280115233,0.5073399613588709,0.3576193274538187,0.14106491689179995,0.18553346142620208,0.09509655659035601,0.058609139729769194
1.0,42,scalar_gate_logsigmoid_lo0p1_hi1p5_s0p75_p2,8,0.800000011920929,1024,0.11796208605781991,0.18431575397230604,0.22010892135027638,0.53592596490034,0.34422176138486493,0.14168105343453205,0.19296497298108672,0.09580616865333504,0.055146548735226036
1.0,42,scalar_gate_logsigmoid_lo0p1_hi1p5_s0p75_p2,9,0.8999999761581421,1024,0.12454883662455882,0.15376400397949863,0.20678769389574736,0.6023029430723789,0.3231211776357661,0.1698928171570165,0.20873597481161138,0.09713724480935512,0.053246615298091764
1.0,42,scalar_gate_logsigmoid_lo0p1_hi1p5_s0p75_p2,10,1.0,1024,0.12601996900435516,0.12601996900435516,0.18959512909337595,0.6646793596806493,0.3003793470767041,0.19006667491901658,0.2152338369498597,0.09419689409514691,0.05205653902787774
1.0,42,scalar_gate_logsigmoid_lo0p1_hi1p5_s0p75_p2,11,1.100000023841858,1024,0.1211969234135766,0.10016274228085259,0.17054459826174287,0.710646509176268,0.28042756563513005,0.19932610575823667,0.210566901891523,0.08733380263665726,0.046839205529667284
1.0,42,scalar_gate_logsigmoid_lo0p1_hi1p5_s0p75_p2,12,1.2000000476837158,1024,0.11779007239687352,0.08179865488594457,0.15426053929454214,0.7635787670362502,0.26032136034788256,0.20591315184341932,0.20670823466124688,0.08249554432153973,0.044090956963389764
1.0,42,scalar_gate_logsigmoid_lo0p1_hi1p5_s0p75_p2,13,1.2999999523162842,1024,0.10737533096445404,0.06353570345648628,0.13417892684246985,0.8002398997460752,0.2453738534161795,0.20873109226549297,0.18780219856782315,0.07295649394956846,0.038112194336344024
1.0,42,scalar_gate_logsigmoid_lo0p1_hi1p5_s0p75_p2,14,1.399999976158142,1024,0.09634607086733314,0.049156160280031044,0.11606782093640233,0.8300842566875152,0.22999652752758504,0.19804568775107598,0.16794891224921255,0.06422750823729395,0.03388913563317196
1.0,42,scalar_gate_logsigmoid_lo0p1_hi1p5_s0p75_p2,15,1.5,1024,0.08855686266693641,0.039358605629749514,0.10375389320927209,0.8535280935272164,0.21369283284655327,0.19410917647333525,0.15684206548947818,0.05624289663500065,0.030595754988397856
1.0,42,scalar_gate_logsigmoid_lo0p1_hi1p5_s0p75_p2,16,1.600000023841858,1024,0.07532705397087458,0.02942462958045058,0.08690350622242646,0.8667895835880044,0.19977303663840934,0.17350492855411886,0.13029187774588571,0.04804614679579498,0.02612975293046433
1.0,42,scalar_gate_logsigmoid_lo0p1_hi1p5_s0p75_p2,17,1.7999999523162842,1024,0.05771635014232558,0.017813689259335793,0.06286463389449673,0.9181052456169344,0.17329581803353877,0.1433496867059144,0.09893576644047045,0.03555058969699357,0.020600629203773004
1.0,42,scalar_gate_logsigmoid_lo0p1_hi1p5_s0p75_p2,18,2.0,1024,0.04273183993076797,0.010682959982691993,0.04445967713251618,0.9611369826956181,0.15390115721756878,0.11811571833927956,0.07007622129876293,0.025794312253374776,0.01622588960864479
1.0,42,scalar_gate_logsigmoid_lo0p1_hi1p5_s0p75_p2,19,2.5,1024,0.01913954104862181,0.00306232656777949,0.01722458989730198,1.1111754278468937,0.11604389745151908,0.05726836077868971,0.028751170376199477,0.011708792511778691,0.008941239088742246
1.0,42,scalar_gate_logsigmoid_lo0p1_hi1p5_s0p75_p2,20,3.0,1024,0.010560223005456434,0.0011733581117173817,0.007202696554818482,1.4661485354942274,0.08866995845324682,0.033687462684949,0.013560435088194128,0.006885594372669973,0.006259976538064631
1.0,42,fourier_gate_logsigmoid_lo0p1_hi1p5_s0p75_p2,0,0.10000000149011612,1024,0.02057710533687275,2.0577104723627238,0.06312809649804497,0.32595795657342536,0.9343474156540681,0.00569326373110064,0.009361530850395447,0.019839682717621286,0.05157052409987801
1.0,42,fourier_gate_logsigmoid_lo0p1_hi1p5_s0p75_p2,1,0.20000000298023224,1024,0.03198295495482847,0.7995738500415539,0.1625465845341267,0.19676177784045432,0.760813985814248,0.013380591379084466,0.021116237662176927,0.034407155696179206,0.052478118216519515
1.0,42,fourier_gate_logsigmoid_lo0p1_hi1p5_s0p75_p2,2,0.30000001192092896,1024,0.04345350257577684,0.48281665691558817,0.22512681356151482,0.19301789017638887,0.6291691854090053,0.027104209322564198,0.03971900944762875,0.047300505085348235,0.04464242157477741
1.0,42,fourier_gate_logsigmoid_lo0p1_hi1p5_s0p75_p2,3,0.4000000059604645,1024,0.056990511494149444,0.3561906862231243,0.2528622117332959,0.22538168555711147,0.5230553716828743,0.0500694201000821,0.06671932840448115,0.05704394806717339,0.04333801626328447
1.0,42,fourier_gate_logsigmoid_lo0p1_hi1p5_s0p75_p2,4,0.5,1024,0.07081053868498116,0.28324215473992465,0.254802851762606,0.27790324242898873,0.45241528178450874,0.07509683280542405,0.09458135443237832,0.06597872579520987,0.044423551539609564
1.0,42,fourier_gate_logsigmoid_lo0p1_hi1p5_s0p75_p2,5,0.6000000238418579,1024,0.08414461128792683,0.23373501277976205,0.24635118997637317,0.34156364861073696,0.40052894126595495,0.10565132629139717,0.1232078416586028,0.07319173055609272,0.04412824283617038
1.0,42,fourier_gate_logsigmoid_lo0p1_hi1p5_s0p75_p2,6,0.699999988079071,1024,0.09836373353803488,0.20074232018017094,0.23643271873308322,0.4160326627596791,0.3651253794510534,0.13323785847101452,0.15267063182203872,0.08192624729912211,0.04454079297293221
1.0,42,fourier_gate_logsigmoid_lo0p1_hi1p5_s0p75_p2,7,0.75,1024,0.10583115964992656,0.18814428382209167,0.22897076280115233,0.4622038130773697,0.3480151889188123,0.153897014536246,0.16546413805594962,0.08686321501161813,0.04477040284709547
1.0,42,fourier_gate_logsigmoid_lo0p1_hi1p5_s0p75_p2,8,0.800000011920929,1024,0.10811228848921142,0.16892544573002222,0.22010892135027638,0.49117631319070415,0.334105969040594,0.16070521030259605,0.17261284414148348,0.08750734671664545,0.04206723524076336
1.0,42,fourier_gate_logsigmoid_lo0p1_hi1p5_s0p75_p2,9,0.8999999761581421,1024,0.12203003097106031,0.15065436720548675,0.20678769389574736,0.5901223069520865,0.32118323694256207,0.1928375103637259,0.19808979776079388,0.09630168128977423,0.04467116692268938
1.0,42,fourier_gate_logsigmoid_lo0p1_hi1p5_s0p75_p2,10,1.0,1024,0.12695563043194139,0.12695563043194139,0.18959512909337595,0.66961440960551,0.3010235221068887,0.21665055104851438,0.20917329079445032,0.09688528180326221,0.044559484264395405
1.0,42,fourier_gate_logsigmoid_lo0p1_hi1p5_s0p75_p2,11,1.100000023841858,1024,0.1256603911889316,0.1038515584642153,0.17054459826174287,0.7368183599463798,0.28433136963636274,0.23150265669258568,0.2095169532810776,0.09256742324685353,0.042798678859825814
1.0,42,fourier_gate_logsigmoid_lo0p1_hi1p5_s0p75_p2,12,1.2000000476837158,1024,0.12313697748076735,0.08551178312133347,0.15426053929454214,0.7982402890842483,0.2657628446348516,0.23236897582871788,0.20645851373715518,0.08956369670287996,0.041157752437013466
1.0,42,fourier_gate_logsigmoid_lo0p1_hi1p5_s0p75_p2,13,1.2999999523162842,1024,0.113461427212347,0.06713694410404034,0.13417892684246985,0.8455979629763635,0.25120500851447763,0.2394929632379678,0.18829046970151594,0.08029739671754858,0.03570083575327355
1.0,42,fourier_gate_logsigmoid_lo0p1_hi1p5_s0p75_p2,14,1.399999976158142,1024,0.10172184448863461,0.05189890201696942,0.11606782093640233,0.8764000535891133,0.23470921852011237,0.22251487838508338,0.1711306509016904,0.06968990549415821,0.032230717124308084
1.0,42,fourier_gate_logsigmoid_lo0p1_hi1p5_s0p75_p2,15,1.5,1024,0.09328014529934683,0.041457842355265256,0.10375389320927209,0.8990520009808244,0.21870612951657564,0.21819227076169573,0.16024065117843023,0.060747423834608565,0.02774501290201608
1.0,42,fourier_gate_logsigmoid_lo0p1_hi1p5_s0p75_p2,16,1.600000023841858,1024,0.07812437789594286,0.03051733420611524,0.08690350622242646,0.898978433574202,0.20239582673358492,0.19227301505442349,0.13415677764227454,0.0498453884233233,0.021927051266537892
1.0,42,fourier_gate_logsigmoid_lo0p1_hi1p5_s0p75_p2,17,1.7999999523162842,1024,0.05792051620983482,0.017876703481041454,0.06286463389449673,0.9213529550977831,0.1739808635839482,0.15617222049958773,0.09998274735625737,0.03503495131413847,0.015015514727851627
1.0,42,fourier_gate_logsigmoid_lo0p1_hi1p5_s0p75_p2,18,2.0,1024,0.041737028528298,0.0104342571320745,0.04445967713251618,0.9387613950478525,0.15278259021227295,0.1254692364080005,0.07140338400772434,0.02377032197198578,0.010353172511107085
1.0,42,fourier_gate_logsigmoid_lo0p1_hi1p5_s0p75_p2,19,2.5,1024,0.016607433620132943,0.002657189379221271,0.01722458989730198,0.964170045217407,0.11385394732360393,0.05686615403094453,0.028545947887246962,0.008517922017281486,0.003577829638918213
1.0,42,fourier_gate_logsigmoid_lo0p1_hi1p5_s0p75_p2,20,3.0,1024,0.007355931836484887,0.0008173257596094319,0.007202696554818482,1.0212747101728024,0.08522553580730828,0.026284645897127323,0.01233188540536937,0.003748910935836667,0.001620363305004397
1.0,42,score,0,0.10000000149011612,1024,0.02990547611369159,2.990547522243897,0.06312809649804497,0.4737268787221826,0.9445820492607756,0.011114244299311607,0.016843193078345545,0.026885689034712616,0.07497497037177185
1.0,42,score,1,0.20000000298023224,1024,0.0543437465479345,1.3585936232091171,0.1625465845341267,0.33432721274143423,0.7839154933940577,0.016158777354490554,0.03259360588867859,0.060946353767538854,0.08928135222001964
1.0,42,score,2,0.30000001192092896,1024,0.06908700026138272,0.767633275231573,0.22512681356151482,0.30688037185985856,0.6562973476709959,0.03315889868806878,0.06003810026124024,0.0790499381054287,0.06749622483597012
1.0,42,score,3,0.4000000059604645,1024,0.08135612015081539,0.5084757357888383,0.2528622117332959,0.3217409180800214,0.5467908693754248,0.059667180978255366,0.09141343522565142,0.08665381945405291,0.05551232885696528
1.0,42,score,4,0.5,1024,0.08964420841519921,0.35857683366079685,0.254802851762606,0.3518179164600508,0.47223573879262737,0.08115028572212778,0.11529663500938339,0.0895218292386857,0.049221061744073674
1.0,42,score,5,0.6000000238418579,1024,0.09284672288221676,0.25790754306506286,0.24635118997637317,0.3768876573769399,0.4085774933443579,0.10910911595609178,0.13779726264716613,0.08175815025566563,0.045790152626013776
1.0,42,score,6,0.699999988079071,1024,0.09888550380751568,0.2018071575010938,0.23643271873308322,0.4182395073634069,0.36517712794351714,0.13601228877830857,0.1539989348664229,0.08088227381040546,0.04829228137476773
1.0,42,score,7,0.75,1024,0.10000530011960851,0.17778720021263736,0.22897076280115233,0.43676012996671215,0.34226474464877804,0.15061371045516098,0.15756564551228153,0.07934819826873664,0.0475979540050656
1.0,42,score,8,0.800000011920929,1024,0.09943673066757373,0.15536988703770047,0.22010892135027638,0.45176147362665214,0.32573349366623594,0.15627001350664282,0.16000758159561715,0.0768578252098733,0.04547925916954862
1.0,42,score,9,0.8999999761581421,1024,0.10383117015380038,0.12818663661107893,0.20678769389574736,0.5021148415444256,0.3026063545143555,0.18728007243881753,0.16827958470987775,0.07624371571201098,0.04711498200919108
1.0,42,score,10,1.0,1024,0.10406086049562022,0.10406086049562022,0.18959512909337595,0.5488583013352102,0.27816925885472515,0.2012914307941908,0.170251900738044,0.07386844842937752,0.046431139926800064
1.0,42,score,11,1.100000023841858,1024,0.10090114500448827,0.08338937242193518,0.17054459826174287,0.5916408143846955,0.2598953270353073,0.21075054287949263,0.16187607311947744,0.06986123068997574,0.04873572805766364
1.0,42,score,12,1.2000000476837158,1024,0.0991673744666047,0.0688662267954794,0.15426053929454214,0.6428563968472611,0.2424222152683362,0.20957040957830012,0.15722765722716522,0.0686034314493546,0.05007785922872234
1.0,42,score,13,1.2999999523162842,1024,0.09459655422502683,0.05597429654709413,0.13417892684246985,0.7050030615916766,0.232289771548567,0.21225508437408527,0.14327987662821912,0.06606428218172312,0.05047115870013319
1.0,42,score,14,1.399999976158142,1024,0.08895418648512994,0.04538479056882222,0.11606782093640233,0.7663983502703224,0.22304875075588337,0.19440510160438762,0.13011533960802235,0.06345848085024672,0.05351207159884814
1.0,42,score,15,1.5,1024,0.08638953956566361,0.03839535091807272,0.10375389320927209,0.8326390161708488,0.21208652712347653,0.18606385713472617,0.120515915291486,0.063863602700821,0.055443790004127864
1.0,42,score,16,1.600000023841858,1024,0.08307532331693712,0.03245129720355454,0.08690350622242646,0.9559490396660034,0.2079972443961523,0.17078136839317024,0.10999986882837379,0.0636911336519204,0.059713044988761205
1.0,42,score,17,1.7999999523162842,1024,0.08129374933268156,0.025090664703635666,0.06286463389449673,1.2931555358950104,0.19683063613173288,0.1475081718836358,0.09479381490375924,0.06885262857393505,0.06750763198883353
1.0,42,score,18,2.0,1024,0.08304637911447285,0.020761594778618213,0.04445967713251618,1.8679033333270827,0.19633563247308655,0.13265226776018296,0.0863589587189817,0.07601888068422351,0.07614684908422695
1.0,42,score,19,2.5,1024,0.10161524815496747,0.016258439704794795,0.01722458989730198,5.8994291742692955,0.19777435775642938,0.12211515147607428,0.09462735841545843,0.10230525092731906,0.10004265092904056
1.0,42,score,20,3.0,1024,0.1482050097687701,0.016467223307641124,0.007202696554818482,20.576322859196875,0.2271673523046031,0.15647331642979698,0.12468164390548059,0.15410693659204125,0.1631346551594678
1.0,42,scalar_gaussian,0,0.10000000149011612,1024,0.024934577094826823,2.4934576351718536,0.06312809649804497,0.3949838261890096,0.938604932189824,0.01784771334742829,0.01449386566321927,0.02422957365754114,0.05009633470709648
1.0,42,scalar_gaussian,1,0.20000000298023224,1024,0.04932472909289082,1.2331181905724844,0.1625465845341267,0.3034498032318549,0.7782585777182958,0.015922450092551894,0.03396925854449781,0.05598622076085844,0.07001452987790013
1.0,42,scalar_gaussian,2,0.30000001192092896,1024,0.06990695762302018,0.776743911859052,0.22512681356151482,0.3105225739976924,0.6558980185837724,0.026171368049754083,0.06331323271533017,0.07978681449978489,0.06860278124295038
1.0,42,scalar_gaussian,3,0.4000000059604645,1024,0.08907364297806977,0.5567102520216776,0.2528622117332959,0.3522615829684325,0.5535648077311257,0.042968357899837425,0.10201620934690747,0.09685575304003413,0.06227960090951116
1.0,42,scalar_gaussian,4,0.5,1024,0.10265454614513966,0.41061818458055865,0.254802851762606,0.4028783250855472,0.4838326710792328,0.06261876332375882,0.13137779106874292,0.10581005903997653,0.0619122746901173
1.0,42,scalar_gaussian,5,0.6000000238418579,1024,0.11282332499120545,0.313398100068927,0.24635118997637317,0.45797759289097006,0.4293255762538906,0.0874702348458197,0.1598665952150093,0.10845696596577648,0.05977102877016701
1.0,42,scalar_gaussian,6,0.699999988079071,1024,0.1245113503935829,0.25410480537635577,0.23643271873308322,0.5266248726520288,0.3914429373745866,0.11069607271908832,0.18821197942569878,0.11307892548240055,0.062130102709007096
1.0,42,scalar_gaussian,7,0.75,1024,0.12895444311315254,0.22925234331227118,0.22897076280115233,0.563191743502824,0.37091428903546364,0.12516769421062918,0.2003994460575096,0.1132650130721645,0.06331603409054132
1.0,42,scalar_gaussian,8,0.800000011920929,1024,0.12618130275275896,0.19715827967541122,0.22010892135027638,0.5732675530764011,0.3518610147856489,0.13033715181297426,0.1990271617191316,0.10984738443684675,0.056074662083645296
1.0,42,scalar_gaussian,9,0.8999999761581421,1024,0.13256726113729095,0.1636632940258734,0.20678769389574736,0.6410790634578338,0.3327956407039155,0.16288422196094246,0.21309350749918687,0.10968798943742651,0.05899953801360209
1.0,42,scalar_gaussian,10,1.0,1024,0.13182092745789342,0.13182092745789342,0.18959512909337595,0.6952759181538434,0.30516835104548395,0.18538089434920318,0.21535695627276943,0.10447830209831874,0.056851257094668574
1.0,42,scalar_gaussian,11,1.100000023841858,1024,0.1245280540745036,0.10291574270773389,0.17054459826174287,0.7301788232740417,0.2830352996413423,0.19616944082151483,0.20577325772692537,0.09449192328522818,0.053761193481343617
1.0,42,scalar_gaussian,12,1.2000000476837158,1024,0.11930822390171587,0.08285292668052131,0.15426053929454214,0.7734202437469184,0.26201665146544606,0.20090617234965555,0.19827895402906998,0.08831751614986494,0.050659628266778965
1.0,42,scalar_gaussian,13,1.2999999523162842,1024,0.10907752670574128,0.0645429199453381,0.13417892684246985,0.812925913722664,0.24763996878744904,0.20889305333952457,0.1775952475469726,0.07916063238419152,0.04483455340619413
1.0,42,scalar_gaussian,14,1.399999976158142,1024,0.0979270217515906,0.04996276790151284,0.11606782093640233,0.8437051799675663,0.23174178982346041,0.19440937749870818,0.1598530526393968,0.06972439020215697,0.040778266167174754
1.0,42,scalar_gaussian,15,1.5,1024,0.09025498572258438,0.04011332698781528,0.10375389320927209,0.8698949305019297,0.21528333188762858,0.19653553492704975,0.14776743589652602,0.061584579533998964,0.0372763036788635
1.0,42,scalar_gaussian,16,1.600000023841858,1024,0.07862578256042789,0.030713195397342588,0.08690350622242646,0.9047481048599808,0.20256607274378424,0.17896341397342072,0.12629124028020425,0.05353827428086572,0.03291909377417544
1.0,42,scalar_gaussian,17,1.7999999523162842,1024,0.06170359435190245,0.019044320253418717,0.06286463389449673,0.9815311174078767,0.17788962690210464,0.15243784011302475,0.09676747700107557,0.04121891470078284,0.02634645623475644
1.0,42,scalar_gaussian,18,2.0,1024,0.047321374973496394,0.011830343743374098,0.04445967713251618,1.0643661408617668,0.15956343145573532,0.12973952732626884,0.07050479706935707,0.031153445126732533,0.02139738602820063
1.0,42,scalar_gaussian,19,2.5,1024,0.023918947280682907,0.003827031564909265,0.01722458989730198,1.3886511913081607,0.12134142085509486,0.07299271508417468,0.0309583837857792,0.016141441864841625,0.013522876285083363
1.0,42,scalar_gaussian,20,3.0,1024,0.015474279352074204,0.0017193643724526893,0.007202696554818482,2.1484008432539303,0.09331257479142942,0.04801465851197917,0.017178624114231242,0.011177281983043397,0.010599445857964206
1.0,42,fourier_gaussian,0,0.10000000149011612,1024,0.05494059706361327,5.494059542625592,0.06312809649804497,0.8703034007260892,0.9694451023802081,0.004968779483531628,0.018446184816363894,0.06254275354389764,0.1188624152332499
1.0,42,fourier_gaussian,1,0.20000000298023224,1024,0.137819543847733,3.4454884935097656,0.1625465845341267,0.8478772054345919,0.8680197387720852,0.0175082033492159,0.06263523949478303,0.16773925604744927,0.22529013910878126
1.0,42,fourier_gaussian,2,0.30000001192092896,1024,0.18985549408782548,2.109505322216304,0.22512681356151482,0.8433268835653306,0.7746675015247646,0.03632105730871186,0.11582050890913931,0.2358193449527177,0.23312894045984914
1.0,42,fourier_gaussian,3,0.4000000059604645,1024,0.2141505096665795,1.338440645527482,0.2528622117332959,0.846905942167637,0.6778048953931058,0.06534791064538902,0.17136390246151545,0.2585842515509643,0.2050228970352346
1.0,42,fourier_gaussian,4,0.5,1024,0.21819641410375984,0.8727856564150394,0.254802851762606,0.8563342701793953,0.6033080789728414,0.0888031757405714,0.21339455702516597,0.25134226856740693,0.17340050891592032
1.0,42,fourier_gaussian,5,0.6000000238418579,1024,0.2095137211613195,0.5819825125296275,0.24635118997637317,0.850467664399808,0.5265204307023577,0.11993203705239683,0.24128396896837762,0.2263388815697395,0.13923916579969775
1.0,42,fourier_gaussian,6,0.699999988079071,1024,0.2057822296938167,0.4199637483728936,0.23643271873308322,0.8703627433482721,0.4712694506500635,0.14737613161093205,0.261178956725516,0.2112869725999011,0.11895129626052414
1.0,42,fourier_gaussian,7,0.75,1024,0.2013661098601537,0.3579841953069399,0.22897076280115233,0.8794402717478317,0.4431357823462632,0.16944671880264886,0.26699688709401687,0.19989534907418924,0.10797837500109896
1.0,42,fourier_gaussian,8,0.800000011920929,1024,0.19027353362801075,0.29730238743346515,0.22010892135027638,0.8644517108200886,0.4161367241567202,0.16626727408284195,0.2636855039850377,0.18471922183789108,0.09408313061439749
1.0,42,fourier_gaussian,9,0.8999999761581421,1024,0.1824486360723065,0.22524524165281906,0.20678769389574736,0.8822992927436413,0.38170389816350275,0.19691003107563193,0.27140937103521257,0.16521244093637236,0.08137662498326606
1.0,42,fourier_gaussian,10,1.0,1024,0.16900523566226272,0.16900523566226272,0.18959512909337595,0.8914007256960031,0.3426354269653925,0.21826048197564582,0.26523527646252865,0.14316041490719342,0.0682015713623945
1.0,42,fourier_gaussian,11,1.100000023841858,1024,0.15088176774739318,0.12469567041888008,0.17054459826174287,0.8847056387903168,0.3095708733698931,0.2216957043229205,0.24670676736960567,0.12058137541275638,0.055653285807905885
1.0,42,fourier_gaussian,12,1.2000000476837158,1024,0.13784584081507026,0.09572627073615815,0.15426053929454214,0.8935910729047176,0.28087578570532845,0.22561538632035769,0.22912623767787832,0.10561969070852745,0.04855195484741362
1.0,42,fourier_gaussian,13,1.2999999523162842,1024,0.12032729284744069,0.07119958678970341,0.13417892684246985,0.8967674409015702,0.258778541001907,0.22615255046133037,0.19921762640885837,0.0890227354059886,0.03954766262046743
1.0,42,fourier_gaussian,14,1.399999976158142,1024,0.1044797991262381,0.053306021777958644,0.11606782093640233,0.9001616320813525,0.23774568592311585,0.20934309613086172,0.17717744731950844,0.07383323943205855,0.03275804062475597
1.0,42,fourier_gaussian,15,1.5,1024,0.09425206179410195,0.04188980524182309,0.10375389320927209,0.9084195192945204,0.22017571901663274,0.20545565533494753,0.1626627631036927,0.06325289028431863,0.027961244313541214
1.0,42,fourier_gaussian,16,1.600000023841858,1024,0.07811767817861337,0.030514717129111402,0.08690350622242646,0.8989013398225145,0.20263784961380632,0.1794329372233169,0.13636750755150817,0.05064622787157531,0.02205720542855337
1.0,42,fourier_gaussian,17,1.7999999523162842,1024,0.05713718211097119,0.017634933684632145,0.06286463389449673,0.9088923067119472,0.1726667154450341,0.14482404123051212,0.09956058427203238,0.03541452182019194,0.015066262078950168
1.0,42,fourier_gaussian,18,2.0,1024,0.03983698450430731,0.009959246126076828,0.04445967713251618,0.8960250517692581,0.15129743057432052,0.11558368703141408,0.06907983575831192,0.022929774485415378,0.00963987427572047
1.0,42,fourier_gaussian,19,2.5,1024,0.01581406031294008,0.002530249650070413,0.01722458989730198,0.9181095403274105,0.11321855334300138,0.05191658358405769,0.027332422324387616,0.008332104903497917,0.003545179799860623
1.0,42,fourier_gaussian,20,3.0,1024,0.006902597420471509,0.0007669552689412788,0.007202696554818482,0.9583351690491235,0.08457171626588135,0.02481313708996214,0.01163145401478275,0.0034493768230038128,0.0015909414713013543
1.0,42,scalar_normalized,0,0.10000000149011612,1024,0.035873452961747904,3.587345189263572,0.06312809649804497,0.5682644488236529,0.9495363862689896,0.030167427075599672,0.018691876612591665,0.03428081839469746,0.07560511143918752
1.0,42,scalar_normalized,1,0.20000000298023224,1024,0.06463697222778131,1.6159242575362367,0.1625465845341267,0.3976519864323003,0.7955101914995759,0.01973800302490273,0.04135095689256248,0.07406420237161877,0.09536422405971703
1.0,42,scalar_normalized,2,0.30000001192092896,1024,0.08727777654826444,0.9697529956894484,0.22512681356151482,0.3876827249829848,0.673056788855586,0.03145149035823538,0.07417836574074611,0.10156619731269316,0.0876017429793603
1.0,42,scalar_normalized,3,0.4000000059604645,1024,0.10527626597546727,0.6579766427374383,0.2528622117332959,0.41633846850357553,0.5700436611604207,0.04386906957715586,0.11258970916257814,0.11903576731812894,0.0744093599029435
1.0,42,scalar_normalized,4,0.5,1024,0.11574153900685581,0.46296615602742325,0.254802851762606,0.4542395746602145,0.49724241854834506,0.05944782164093169,0.14287500587985033,0.1236792507696133,0.06879164088773955
1.0,42,scalar_normalized,5,0.6000000238418579,1024,0.12147899752473808,0.337441632973487,0.24635118997637317,0.49311309410110327,0.4379380673589014,0.07785717068871005,0.17037361105070756,0.12014279014925308,0.06383748291708462
1.0,42,scalar_normalized,6,0.699999988079071,1024,0.12840565074630184,0.2620523573872905,0.23643271873308322,0.5430959447337035,0.39475329702882017,0.10094274443775109,0.19208336583994534,0.12000587443191513,0.06219048238336934
1.0,42,scalar_normalized,7,0.75,1024,0.13121703385919808,0.2332747268607966,0.22897076280115233,0.5730733140508091,0.37307943632540796,0.11711783979567554,0.20121047775665582,0.1191050308809749,0.06037358599451776
1.0,42,scalar_normalized,8,0.800000011920929,1024,0.12803850351794743,0.20006015578453556,0.22010892135027638,0.5817051972836205,0.3544780577873174,0.11795999237293416,0.1998875959636883,0.11467266801695375,0.05639911280983609
1.0,42,scalar_normalized,9,0.8999999761581421,1024,0.12938269294713606,0.15973172815071365,0.20678769389574736,0.625678881125125,0.3295741621194693,0.14069866493640132,0.20811352792169902,0.11036509834076297,0.05497435928906405
1.0,42,scalar_normalized,10,1.0,1024,0.1270368386477811,0.1270368386477811,0.18959512909337595,0.6700427339840319,0.30019710693000606,0.16335203970270934,0.20965882560685956,0.1019806514900334,0.05463490161928407
1.0,42,scalar_normalized,11,1.100000023841858,1024,0.11799987926676948,0.0975205571500931,0.17054459826174287,0.6919004205906861,0.2768037295224457,0.17026921838970255,0.19846617854351797,0.0910756167556268,0.047624039415237386
1.0,42,scalar_normalized,12,1.2000000476837158,1024,0.112414546566768,0.07806565113393267,0.15426053929454214,0.7287317098777011,0.2548217090119896,0.17736844179211456,0.18910095141977212,0.08444734356032389,0.04565154083835707
1.0,42,scalar_normalized,13,1.2999999523162842,1024,0.1015481531557868,0.060087668997228005,0.13417892684246985,0.7568114870601658,0.23984418627590331,0.17969744403451482,0.16980136448799493,0.07430331763737338,0.039717772257685434
1.0,42,scalar_normalized,14,1.399999976158142,1024,0.08890944854002397,0.04536196508584787,0.11606782093640233,0.7660129036862043,0.22235217624881745,0.16757741220906913,0.14843973560241233,0.06360968693416143,0.03495028001290031
1.0,42,scalar_normalized,15,1.5,1024,0.08169909578152362,0.036310709236232724,0.10375389320927209,0.7874316158598132,0.2070439539556474,0.16713971764230373,0.13684302721776948,0.056234143947101876,0.03239935690224639
1.0,42,scalar_normalized,16,1.600000023841858,1024,0.07014529165594596,0.02740050373650524,0.08690350622242646,0.8071629639017276,0.1949935127862798,0.14978223032497906,0.1155459250530898,0.04808401095917036,0.02853292676604635
1.0,42,scalar_normalized,17,1.7999999523162842,1024,0.05384465285736475,0.016618720898196673,0.06286463389449673,0.8565174013059574,0.1692695161074836,0.12710629815709626,0.08702391425028683,0.03578545035019499,0.022382039130516
1.0,42,scalar_normalized,18,2.0,1024,0.039445933246221955,0.009861483311555489,0.04445967713251618,0.8872294130398136,0.15119993453863706,0.10146210428797961,0.061333527368823054,0.02590009538314962,0.017254391710005663
1.0,42,scalar_normalized,19,2.5,1024,0.018460925133755766,0.0029537480214009227,0.01722458989730198,1.0717773394794985,0.115260244913432,0.053046820141140524,0.025596269581024237,0.012226105206427626,0.010115246393304389
1.0,42,scalar_normalized,20,3.0,1024,0.010272889616334099,0.0011414321795926777,0.007202696554818482,1.4262560609278632,0.08807204159799017,0.029830843986398736,0.012206195709183009,0.007377697639733134,0.006907762712837117
1.0,42,fourier_normalized,0,0.10000000149011612,1024,0.04175562029956019,4.175561905514576,0.06312809649804497,0.6614427270249361,0.9526635143137074,0.008276850313360408,0.016693542394515582,0.046614287931232935,0.08655477551454238
1.0,42,fourier_normalized,1,0.20000000298023224,1024,0.0834784210219871,2.0869604633534085,0.1625465845341267,0.5135661340485489,0.8130075015935843,0.01497179144159338,0.042926474731289785,0.1021970976994837,0.12291500785734726
1.0,42,fourier_normalized,2,0.30000001192092896,1024,0.11101350103374882,1.2334832467909884,0.22512681356151482,0.4931154102770389,0.6953431269201813,0.028479673354522138,0.07800372658595184,0.13757829707915586,0.11519377481342057
1.0,42,fourier_normalized,3,0.4000000059604645,1024,0.12167890238753797,0.760493117257651,0.2528622117332959,0.4812063516864183,0.5852920230158369,0.04533383115908962,0.10929803418499266,0.14628720753838856,0.09313855486020979
1.0,42,fourier_normalized,4,0.5,1024,0.12403990009477704,0.49615960037910817,0.254802851762606,0.4868073462943115,0.5066160896399116,0.06082451347862559,0.13466398327278284,0.14086063729786602,0.07672729313118143
1.0,42,fourier_normalized,5,0.6000000238418579,1024,0.11723016543530207,0.3256393225519059,0.24635118997637317,0.47586604086038825,0.4332778322309833,0.08120789401651374,0.1493172430528405,0.12218042409263088,0.061497867753540686
1.0,42,fourier_normalized,6,0.699999988079071,1024,0.11886849658501998,0.24258877680338153,0.23643271873308322,0.502758235924253,0.3846173475690785,0.10294745092983293,0.16492418971844722,0.11621923214764042,0.05584506647524274
1.0,42,fourier_normalized,7,0.75,1024,0.11663217261521985,0.20734608464927973,0.22897076280115233,0.5093758311689255,0.3592982443931533,0.11941967497322592,0.1657866877055133,0.11061304841822178,0.05043666922224329
1.0,42,fourier_normalized,8,0.800000011920929,1024,0.11114268818198306,0.17366044510886391,0.22010892135027638,0.5049440408874345,0.3376679299784246,0.11445961308156345,0.16417280901903925,0.10317067662047162,0.04514066987093725
1.0,42,fourier_normalized,9,0.8999999761581421,1024,0.10868159172487733,0.1341748117074512,0.20678769389574736,0.5255708871131832,0.30823503392773044,0.13685963181152,0.16973733532118895,0.09401491467557503,0.03989102746955278
1.0,42,fourier_normalized,10,1.0,1024,0.10292594867751284,0.10292594867751284,0.18959512909337595,0.5428723257274274,0.2759205995778874,0.1532085564910977,0.1670368322819836,0.08335426251158895,0.03495374344439685
1.0,42,fourier_normalized,11,1.100000023841858,1024,0.09182075782678353,0.0758849205342653,0.17054459826174287,0.5383973386589581,0.25077401046317815,0.15547888855631348,0.15495744976698628,0.06954074240377274,0.02838106890361393
1.0,42,fourier_normalized,12,1.2000000476837158,1024,0.08640471001634228,0.0600032660760509,0.15426053929454214,0.5601219236720207,0.22997578398975255,0.16247815567816642,0.14837078336538434,0.06232778556338099,0.02493704662821899
1.0,42,fourier_normalized,13,1.2999999523162842,1024,0.07620429377848327,0.04509130140165518,0.13417892684246985,0.5679304162862283,0.21453548580092419,0.16187150093456756,0.12886072038583493,0.05353037784263322,0.020656991591911446
1.0,42,fourier_normalized,14,1.399999976158142,1024,0.06590836572118342,0.03362671835000461,0.11606782093640233,0.5678435692981343,0.19940592517759725,0.1500884217348492,0.11283881831158646,0.04424166200368795,0.017561744041191096
1.0,42,fourier_normalized,15,1.5,1024,0.0596831174676673,0.026525829985629912,0.10375389320927209,0.5752373778137286,0.18435187916105128,0.14768639492599447,0.10482428617101303,0.03742492319816738,0.014627952869648452
1.0,42,fourier_normalized,16,1.600000023841858,1024,0.051181009489109724,0.01999258123585813,0.08690350622242646,0.5889406735571029,0.17577411051344494,0.1324276185617135,0.08990648212554755,0.03128383434967609,0.01236582584407857
1.0,42,fourier_normalized,17,1.7999999523162842,1024,0.03823065513935438,0.01179958554471835,0.06286463389449673,0.6081424923831641,0.15435674496629573,0.1087952223648518,0.06615146373053361,0.022522935834554062,0.008731397670116128
1.0,42,fourier_normalized,18,2.0,1024,0.026640028103389272,0.006660007025847318,0.04445967713251618,0.5991952668478946,0.13925014553506726,0.08470314632495413,0.04593374831855261,0.014581437055737648,0.005637470444469054
1.0,42,fourier_normalized,19,2.5,1024,0.010873768562381658,0.0017398029699810652,0.01722458989730198,0.6312933211887326,0.1082969919698295,0.03832889112864287,0.018464582325944476,0.005564203492699075,0.0021844995980368456
1.0,42,fourier_normalized,20,3.0,1024,0.005007546057406686,0.0005563940063785206,0.007202696554818482,0.6952321285917179,0.08277973818120665,0.019527721180211503,0.008187414873618659,0.002432168846640223,0.0010168847788115877
1.0,42,scalar_gate_s1p5_p4,0,0.10000000149011612,1024,0.02244785191764443,2.2447851248646327,0.06312809649804497,0.3555920923156557,0.9370557635719692,0.018164603140269735,0.009423933217941528,0.019390459552964416,0.059531216748893376
1.0,42,scalar_gate_s1p5_p4,1,0.20000000298023224,1024,0.038820429303095275,0.9705107036539088,0.1625465845341267,0.23882648420056413,0.7676220803336731,0.01755555796215243,0.026395932774290018,0.04034865650587423,0.06694893777766348
1.0,42,scalar_gate_s1p5_p4,2,0.30000001192092896,1024,0.04902564704064358,0.5447293682715049,0.22512681356151482,0.2177690265546603,0.6365367005216961,0.03185591248609106,0.04745262550708687,0.052586582999702695,0.04790844645193915
1.0,42,scalar_gate_s1p5_p4,3,0.4000000059604645,1024,0.059006785424336336,0.3687923979112321,0.2528622117332959,0.23335549040666145,0.5252529678497933,0.05428119491224921,0.07144357791319089,0.059170159162697133,0.03890507049483582
1.0,42,scalar_gate_s1p5_p4,4,0.5,1024,0.06596667006139349,0.26386668024557397,0.254802851762606,0.25889298178991005,0.44793268521384716,0.0779468069514222,0.09197631376579729,0.06013372168124267,0.035107254639673964
1.0,42,scalar_gate_s1p5_p4,5,0.6000000238418579,1024,0.07399516153550777,0.20554209904139173,0.24635118997637317,0.30036453870023694,0.38952269155856567,0.11047593305210701,0.11316546531392851,0.06018148880285123,0.03627695652135165
1.0,42,scalar_gate_s1p5_p4,6,0.699999988079071,1024,0.08661178122770409,0.17675874321976295,0.23643271873308322,0.3663273919608522,0.3534135239995448,0.14210795338843574,0.13669128242672918,0.06701221390966433,0.04079315998606989
1.0,42,scalar_gate_s1p5_p4,7,0.75,1024,0.09132176626514252,0.1623498066935867,0.22897076280115233,0.3988359262464008,0.3337061454591436,0.16434376620514618,0.1435252984847868,0.06867398591937307,0.04350599032534626
1.0,42,scalar_gate_s1p5_p4,8,0.800000011920929,1024,0.09364694475720944,0.14632334682236417,0.22010892135027638,0.42545728806776445,0.3206967724868658,0.1672488667658181,0.15102636469192693,0.06918090764047335,0.04317638175393213
1.0,42,scalar_gate_s1p5_p4,9,0.8999999761581421,1024,0.10306154878817567,0.1272364867266336,0.20678769389574736,0.4983930467358201,0.3026896919255425,0.2001628484510259,0.16669127150614638,0.07360928546483476,0.04726098114282115
1.0,42,scalar_gate_s1p5_p4,10,1.0,1024,0.10797207312464996,0.10797207312464996,0.18959512909337595,0.5694875899025523,0.28236789814508323,0.21895698637136535,0.1747943758460012,0.0760068041708555,0.048276265863962796
1.0,42,scalar_gate_s1p5_p4,11,1.100000023841858,1024,0.10656511694165571,0.08807034076213426,0.17054459826174287,0.6248519040052221,0.2660174225858486,0.2293386316398185,0.17208830555285562,0.07283327092168251,0.04930335843155301
1.0,42,scalar_gate_s1p5_p4,12,1.2000000476837158,1024,0.10591626021112538,0.07355295263448458,0.15426053929454214,0.686606313549124,0.2492876125177514,0.23124577331982188,0.1744882825188172,0.07079499292444165,0.04706327857564712
1.0,42,scalar_gate_s1p5_p4,13,1.2999999523162842,1024,0.09894430887934705,0.058546932625951884,0.13417892684246985,0.7374057253827249,0.23686327900599335,0.23372357097780122,0.1577224398023125,0.066086103470433,0.043703484284164734
1.0,42,scalar_gate_s1p5_p4,14,1.399999976158142,1024,0.09177236520227819,0.046822636902054286,0.11606782093640233,0.7906787984980223,0.2249610236469748,0.21718270619300303,0.14603074347548473,0.06117528087388006,0.04122959962901254
1.0,42,scalar_gate_s1p5_p4,15,1.5,1024,0.08683622317507805,0.03859387696670136,0.10375389320927209,0.8369442388048898,0.21216237119369383,0.22100570330313746,0.13709357913568848,0.05660352239281706,0.03716363768472357
1.0,42,scalar_gate_s1p5_p4,16,1.600000023841858,1024,0.07589187866109126,0.029645264218491046,0.08690350622242646,0.8732890300979189,0.2002597978704158,0.20263172532613552,0.11804165715211239,0.04857711227473159,0.033737030656054524
1.0,42,scalar_gate_s1p5_p4,17,1.7999999523162842,1024,0.061220237658664606,0.018895136080935074,0.06286463389449673,0.973842268156817,0.17703595611127154,0.1803299605954088,0.09203874957128469,0.03849085582150211,0.026126257345096035
1.0,42,scalar_gate_s1p5_p4,18,2.0,1024,0.04861079395202133,0.012152698488005332,0.04445967713251618,1.0933681278685934,0.16012080730188782,0.17048512321885267,0.06806913814903735,0.02902163362448192,0.020313715913124315
1.0,42,scalar_gate_s1p5_p4,19,2.5,1024,0.024947715593890037,0.003991634495022406,0.01722458989730198,1.4483779145184634,0.12251226168862062,0.105312903741445,0.030651829645779397,0.014125867542146172,0.011042278726255258
1.0,42,scalar_gate_s1p5_p4,20,3.0,1024,0.014422724694743372,0.0016025249660825969,0.007202696554818482,2.002406263400728,0.09301583979964193,0.06777353666490617,0.015189027434160292,0.008072332166445833,0.007411440503702444
1.0,42,fourier_gate_s1p5_p4,0,0.10000000149011612,1024,0.022150903976100367,2.2150903315952,0.06312809649804497,0.35088819725122494,0.9370491914739105,0.006660832343233243,0.00844915802253501,0.020322580262345024,0.06202215949710735
1.0,42,fourier_gate_s1p5_p4,1,0.20000000298023224,1024,0.03871979281799689,0.9679947916014291,0.1625465845341267,0.2382073602405817,0.7684309788514923,0.021633896775865226,0.02691110687271934,0.03991046953020603,0.06470706472021782
1.0,42,fourier_gate_s1p5_p4,2,0.30000001192092896,1024,0.04961529079684082,0.5512809650419113,0.22512681356151482,0.22038818926952777,0.6365726914560026,0.03787908685536352,0.04791557734481201,0.05257993041506552,0.047957367232419494
1.0,42,fourier_gate_s1p5_p4,3,0.4000000059604645,1024,0.05937186097318217,0.3710741200235179,0.2528622117332959,0.23479926306981802,0.5248047115743175,0.058581006637158504,0.07261868696059466,0.05888062836494581,0.03811707925779936
1.0,42,fourier_gate_s1p5_p4,4,0.5,1024,0.06676926857789482,0.2670770743115793,0.254802851762606,0.2620428622207974,0.4493941475015207,0.07770542869492984,0.09382956833702266,0.06063249892118339,0.03576977653311348
1.0,42,fourier_gate_s1p5_p4,5,0.6000000238418579,1024,0.07387837127674865,0.20521768168173213,0.24635118997637317,0.2998904583486449,0.389227027805193,0.10448956730486147,0.1135121343124719,0.06011434455289663,0.03840956237661898
1.0,42,fourier_gate_s1p5_p4,6,0.699999988079071,1024,0.08524797805771606,0.17397547134947952,0.23643271873308322,0.36055914136805806,0.35213793262782367,0.12985933370798353,0.13464419269375305,0.0671316839508365,0.04108773219171332
1.0,42,fourier_gate_s1p5_p4,7,0.75,1024,0.08816845488405517,0.15674391979387586,0.22897076280115233,0.3850642492754601,0.33009645741432214,0.14730179277804223,0.1404149215075362,0.06708852347302813,0.04206928960953155
1.0,42,fourier_gate_s1p5_p4,8,0.800000011920929,1024,0.09023474050182463,0.14099177783221853,0.22010892135027638,0.40995494388992576,0.3172299006985436,0.15151878082308184,0.14619807706981625,0.06763222951054772,0.04208493905840946
1.0,42,fourier_gate_s1p5_p4,9,0.8999999761581421,1024,0.0996331532592617,0.12300389942964977,0.20678769389574736,0.481813745210061,0.29864544770356594,0.1844680342419228,0.16257934670691754,0.07216818066234831,0.044354883061401326
1.0,42,fourier_gate_s1p5_p4,10,1.0,1024,0.10403051490962624,0.10403051490962624,0.18959512909337595,0.548698246664296,0.2778951124805964,0.20779406316166557,0.1710547416255511,0.0729661671826016,0.04458412091005331
1.0,42,fourier_gate_s1p5_p4,11,1.100000023841858,1024,0.10234935657534795,0.0845862414368785,0.17054459826174287,0.6001325026915689,0.2617749382202344,0.22149328007702654,0.16798190834177795,0.06939328291152977,0.04397891866407521
1.0,42,fourier_gate_s1p5_p4,12,1.2000000476837158,1024,0.10069948170277064,0.06993019006937176,0.15426053929454214,0.6527883421339333,0.24413030415843026,0.2239376829656589,0.16922413703562178,0.0664619615842974,0.03975394752366293
1.0,42,fourier_gate_s1p5_p4,13,1.2999999523162842,1024,0.09403376015156881,0.055641282278014625,0.13417892684246985,0.7008087064369453,0.23244893205486145,0.23197757409711484,0.15300123011555058,0.06147278811827658,0.035575366816068515
1.0,42,fourier_gate_s1p5_p4,14,1.399999976158142,1024,0.08714968725516473,0.044464127665033396,0.11606782093640233,0.7508514121490841,0.22019358836285163,0.21592470465356345,0.14373660244078884,0.05609324004444848,0.03233340672209518
1.0,42,fourier_gate_s1p5_p4,15,1.5,1024,0.08052742692239354,0.035789967521063795,0.10375389320927209,0.7761388457970376,0.20616655292055974,0.20885162288335452,0.1337021187934869,0.05035561633927936,0.028685816931680652
1.0,42,fourier_gate_s1p5_p4,16,1.600000023841858,1024,0.07016465056987335,0.02740806581203276,0.08690350622242646,0.807385727225889,0.19399366896106432,0.18746832297062027,0.11705043596657334,0.04302422790464525,0.024173921932853497
1.0,42,fourier_gate_s1p5_p4,17,1.7999999523162842,1024,0.05381864429918663,0.016610693565000348,0.06286463389449673,0.8561036780951969,0.1696582139864884,0.15187064398504888,0.08923625185061929,0.03247776657099406,0.017001769133221458
1.0,42,fourier_gate_s1p5_p4,18,2.0,1024,0.04041755364245103,0.010104388410612758,0.04445967713251618,0.9090833818244513,0.151985916679656,0.12354150498039182,0.06643480669897556,0.023374302040258994,0.012370303518054694
1.0,42,fourier_gate_s1p5_p4,19,2.5,1024,0.01719680334823557,0.002751488535717691,0.01722458989730198,0.9983868092516522,0.11428721405123574,0.056579559112965305,0.02839530124994732,0.009452528729121857,0.004665202436994413
1.0,42,fourier_gate_s1p5_p4,20,3.0,1024,0.008037517058708659,0.0008930574509676287,0.007202696554818482,1.1159038837102886,0.08610411297801464,0.02680968982860609,0.012962733876064107,0.0045231658920768135,0.00212902891852071
1.0,42,scalar_gate_s1p5_p4_plateau_lo0p8_hi1,0,0.10000000149011612,1024,0.031048159541861187,3.104815861655395,0.06312809649804497,0.4918279064983802,0.9456776380413472,0.022878707608895554,0.011736472471900085,0.027235354088717814,0.08432256378531461
1.0,42,scalar_gate_s1p5_p4_plateau_lo0p8_hi1,1,0.20000000298023224,1024,0.0482687511876011,1.2067187437270062,0.1625465845341267,0.29695334002829854,0.7767412496313012,0.019157652511002425,0.030152676571999784,0.04956361038728325,0.0917562483479813
1.0,42,scalar_gate_s1p5_p4_plateau_lo0p8_hi1,2,0.30000001192092896,1024,0.06058683574652125,0.6731870103501383,0.22512681356151482,0.2691231434764931,0.6467572683152673,0.03112729620491817,0.05333379645400768,0.06578083016052373,0.07022578200342663
1.0,42,scalar_gate_s1p5_p4_plateau_lo0p8_hi1,3,0.4000000059604645,1024,0.07343982499944947,0.4589988925673261,0.2528622117332959,0.29043416371327735,0.53939307092031,0.05232018387275546,0.08370379288309795,0.07604895387585792,0.057069195854694756
1.0,42,scalar_gate_s1p5_p4_plateau_lo0p8_hi1,4,0.5,1024,0.08580414617418887,0.3432165846967555,0.254802851762606,0.3367471972179128,0.4682246316148295,0.07363952703228374,0.11474358700772258,0.08203419489878967,0.05535641125602871
1.0,42,scalar_gate_s1p5_p4_plateau_lo0p8_hi1,5,0.6000000238418579,1024,0.10030778336772281,0.2786327094332691,0.24635118997637317,0.4071739348096635,0.4155940616631538,0.10707973648083571,0.1480950732893672,0.08666807692414327,0.06311818500881503
1.0,42,scalar_gate_s1p5_p4_plateau_lo0p8_hi1,6,0.699999988079071,1024,0.1189419510161304,0.2427386838107535,0.23643271873308322,0.50306891386893,0.38526616684636095,0.13885516973521836,0.18221433072253945,0.09755755926255961,0.07618030109651068
1.0,42,scalar_gate_s1p5_p4_plateau_lo0p8_hi1,7,0.75,1024,0.1254232659166502,0.2229746949629337,0.22897076280115233,0.5477697867721782,0.3673653163308034,0.1611551045842649,0.19538676822613116,0.09968948476983368,0.07840919132798284
1.0,42,scalar_gate_s1p5_p4_plateau_lo0p8_hi1,8,0.800000011920929,1024,0.13194275998628754,0.20616055633451089,0.22010892135027638,0.5994430356428707,0.35901757054270195,0.1711448748559091,0.2121442106926581,0.10288193404887547,0.07736879289984017
1.0,42,scalar_gate_s1p5_p4_plateau_lo0p8_hi1,9,0.8999999761581421,1024,0.12772083701684137,0.1576800540539939,0.20678769389574736,0.6176423490714694,0.32687567473273726,0.1976145623804376,0.20836345962036928,0.09885721419294768,0.05456668007661448
1.0,42,scalar_gate_s1p5_p4_plateau_lo0p8_hi1,10,1.0,1024,0.13838186274734682,0.13838186274734682,0.18959512909337595,0.7298808962502064,0.3128330958397164,0.20896838377566723,0.24155064554970335,0.10261920566639904,0.05085933061100445
1.0,42,scalar_gate_s1p5_p4_plateau_lo0p8_hi1,11,1.100000023841858,1024,0.1290571271718566,0.10665877816312479,0.17054459826174287,0.7567353553689605,0.287948612946885,0.2067832225581178,0.22856493938180864,0.0929263049516262,0.045467403082667265
1.0,42,scalar_gate_s1p5_p4_plateau_lo0p8_hi1,12,1.2000000476837158,1024,0.12188644453621231,0.08464335753440874,0.15426053929454214,0.7901336601934513,0.26470092653002125,0.21053543171279493,0.2153739323856768,0.0854979255717416,0.04390476712706334
1.0,42,scalar_gate_s1p5_p4_plateau_lo0p8_hi1,13,1.2999999523162842,1024,0.10956821880288983,0.06483327031998042,0.13417892684246985,0.8165829119465702,0.24778464796659744,0.21394411891830475,0.19228143640665663,0.07422961602253941,0.038037275724508754
1.0,42,scalar_gate_s1p5_p4_plateau_lo0p8_hi1,14,1.399999976158142,1024,0.09821214740357842,0.05010824017788995,0.11606782093640233,0.8461617234753837,0.2316930589485161,0.20066994265871677,0.17065613864164575,0.06593129966446461,0.0344517015197008
1.0,42,scalar_gate_s1p5_p4_plateau_lo0p8_hi1,15,1.5,1024,0.08910863718043932,0.03960383874686192,0.10375389320927209,0.8588462025295455,0.2144783692585043,0.19581686594781114,0.15613960678416122,0.05733660405996302,0.030687800358193112
1.0,42,scalar_gate_s1p5_p4_plateau_lo0p8_hi1,16,1.600000023841858,1024,0.07626144419784266,0.02978962575198225,0.08690350622242646,0.8775416264869013,0.20053653040206015,0.17675304580789408,0.13167423210719043,0.04868091111421559,0.026114278669342506
1.0,42,scalar_gate_s1p5_p4_plateau_lo0p8_hi1,17,1.7999999523162842,1024,0.05822983872327626,0.01797217339765563,0.06286463389449673,0.926273408686371,0.17375192185438737,0.1466757156533937,0.09892609754705449,0.03606860805840498,0.020464540587119003
1.0,42,scalar_gate_s1p5_p4_plateau_lo0p8_hi1,18,2.0,1024,0.04325649449706736,0.01081412362426684,0.04445967713251618,0.9729376659245045,0.15435367114647702,0.12139549038878024,0.07110921326621193,0.025970126284166412,0.01563405443859571
1.0,42,scalar_gate_s1p5_p4_plateau_lo0p8_hi1,19,2.5,1024,0.019282733916232725,0.003085237426597236,0.01722458989730198,1.1194887095252775,0.1161671226364013,0.05869856497660449,0.02878081387627119,0.011779883302942514,0.008843676826165294
1.0,42,scalar_gate_s1p5_p4_plateau_lo0p8_hi1,20,3.0,1024,0.010611220055201154,0.001179024450577906,0.007202696554818482,1.4732288073558266,0.08856388184695387,0.033572945193279705,0.01374339193830193,0.006918267485738255,0.0062375546709493145
1.0,42,fourier_gate_s1p5_p4_plateau_lo0p8_hi1,0,0.10000000149011612,1024,0.019197667385141233,1.9197666813006173,0.06312809649804497,0.30410654605648957,0.9336536914281934,0.006100215106696992,0.00812873118563352,0.01791814648711496,0.050985884175945455
1.0,42,fourier_gate_s1p5_p4_plateau_lo0p8_hi1,1,0.20000000298023224,1024,0.03160807841549069,0.7902019368374141,0.1625465845341267,0.19445550643886067,0.7597309858901615,0.01568125039662646,0.02125934366027908,0.032984461314651325,0.053654398149517966
1.0,42,fourier_gate_s1p5_p4_plateau_lo0p8_hi1,2,0.30000001192092896,1024,0.04197343601767021,0.4663714742435713,0.22512681356151482,0.18644352200277187,0.6270271767688211,0.026746918600137688,0.03701034190736222,0.04576632590279212,0.044927195657497476
1.0,42,fourier_gate_s1p5_p4_plateau_lo0p8_hi1,3,0.4000000059604645,1024,0.055118662019415426,0.3444916273546958,0.2528622117332959,0.2179790394206918,0.5205340358707828,0.04843521176552849,0.06174804283047904,0.056006943683490074,0.043690393320957525
1.0,42,fourier_gate_s1p5_p4_plateau_lo0p8_hi1,4,0.5,1024,0.06968355527876147,0.27873422111504587,0.254802851762606,0.27348028013314407,0.4525989135302874,0.0708341752773993,0.08785999530404007,0.06550519879690155,0.05251555305493827
1.0,42,fourier_gate_s1p5_p4_plateau_lo0p8_hi1,5,0.6000000238418579,1024,0.08563988489161639,0.23788855023769512,0.24635118997637317,0.34763333150462905,0.4009507184256688,0.10170489986583146,0.1158823597704737,0.07526373511477931,0.062149264833801864
1.0,42,fourier_gate_s1p5_p4_plateau_lo0p8_hi1,6,0.699999988079071,1024,0.10214797386393679,0.20846525988382883,0.23643271873308322,0.4320382323195084,0.3698523391628704,0.13244477996692103,0.14152445373466793,0.08703791875687536,0.07239621444098902
1.0,42,fourier_gate_s1p5_p4_plateau_lo0p8_hi1,7,0.75,1024,0.11086111877522381,0.19708643337817566,0.22897076280115233,0.4841715047763552,0.353213199922517,0.15461876892832077,0.15518833724598824,0.09265410809451154,0.07652940953594621
1.0,42,fourier_gate_s1p5_p4_plateau_lo0p8_hi1,8,0.800000011920929,1024,0.11630127985508147,0.18172074435786456,0.22010892135027638,0.5283805814940242,0.342438187065312,0.165425207329097,0.16877533591909188,0.0955092929910269,0.0742705041865939
1.0,42,fourier_gate_s1p5_p4_plateau_lo0p8_hi1,9,0.8999999761581421,1024,0.12259101504037904,0.15134694016726544,0.20678769389574736,0.5928351573096206,0.3217269005364905,0.1919307765220572,0.19525070613596862,0.09788850834633223,0.04821672200257544
1.0,42,fourier_gate_s1p5_p4_plateau_lo0p8_hi1,10,1.0,1024,0.15958749717473572,0.15958749717473572,0.18959512909337595,0.8417278330823499,0.33422048309142316,0.23159060545633028,0.24601090730003944,0.1328120286083222,0.06709592249087208
1.0,42,fourier_gate_s1p5_p4_plateau_lo0p8_hi1,11,1.100000023841858,1024,0.1466640534103248,0.12120995624182604,0.17054459826174287,0.859974780234508,0.3052751296053773,0.24036222563351703,0.23430113010469847,0.1155217264452818,0.05645905658649396
1.0,42,fourier_gate_s1p5_p4_plateau_lo0p8_hi1,12,1.2000000476837158,1024,0.13588901435502032,0.09436736358023083,0.15426053929454214,0.8809058685809235,0.27858738085764423,0.24010635475831635,0.22286788994980652,0.10270496532104356,0.04872334275748172
1.0,42,fourier_gate_s1p5_p4_plateau_lo0p8_hi1,13,1.2999999523162842,1024,0.11994542235011488,0.07097362789896988,0.13417892684246985,0.8939214612361184,0.25781505715635045,0.24357516861551637,0.19662510246170167,0.08710283157730381,0.03901480825713513
1.0,42,fourier_gate_s1p5_p4_plateau_lo0p8_hi1,14,1.399999976158142,1024,0.1052599791416566,0.05370407281979093,0.11606782093640233,0.9068833919035344,0.23846556148417047,0.22474915770902681,0.17599367123906315,0.0732634349104141,0.03400414997131095
1.0,42,fourier_gate_s1p5_p4_plateau_lo0p8_hi1,15,1.5,1024,0.0957892431801034,0.042572996968934844,0.10375389320927209,0.9232351694687355,0.2214405704816112,0.2202611645865637,0.16343409350922922,0.063347140727779,0.028939717744627398
1.0,42,fourier_gate_s1p5_p4_plateau_lo0p8_hi1,16,1.600000023841858,1024,0.08024323245013722,0.031345011741680695,0.08690350622242646,0.9233601259396542,0.20462140267998413,0.19508280382941973,0.1374472701239011,0.05163145257231567,0.022836349802281507
1.0,42,fourier_gate_s1p5_p4_plateau_lo0p8_hi1,17,1.7999999523162842,1024,0.058988337580702585,0.01820627799568435,0.06286463389449673,0.9383389980398266,0.1750559958766013,0.15714603722536521,0.1012595971322864,0.03618027218467392,0.015471178960293704
1.0,42,fourier_gate_s1p5_p4_plateau_lo0p8_hi1,18,2.0,1024,0.042333702407345616,0.010583425601836404,0.04445967713251618,0.952181957623446,0.1533752589129414,0.1264622525154468,0.0721903536827298,0.02431443925067934,0.010589899782901252
1.0,42,fourier_gate_s1p5_p4_plateau_lo0p8_hi1,19,2.5,1024,0.01686766621426992,0.0026988265942831874,0.01722458989730198,0.9792782478328864,0.11404199037719932,0.0575795150111645,0.028867753655625657,0.008731072687683103,0.0036547258651351677
1.0,42,fourier_gate_s1p5_p4_plateau_lo0p8_hi1,20,3.0,1024,0.007612279711079286,0.0008458088567865874,0.007202696554818482,1.0568652522209616,0.08564870864155581,0.026756065317563093,0.012787264952700533,0.003921408864290476,0.0017201593657971265
1.0,42,scalar_gate_s1p5_p4_cap_lo1_hi2_d0p5,0,0.10000000149011612,1024,0.021882962554701575,2.1882961902538485,0.06312809649804497,0.34664378887741804,0.9365095872005481,0.007756264859039165,0.008092587180856394,0.019900119187136595,0.06173809243881759
1.0,42,scalar_gate_s1p5_p4_cap_lo1_hi2_d0p5,1,0.20000000298023224,1024,0.03719710772358016,0.9299276653754998,0.1625465845341267,0.228839675900853,0.7660409094134212,0.016413039213026493,0.026475880890473518,0.038124281047928324,0.06430111648520656
1.0,42,scalar_gate_s1p5_p4_cap_lo1_hi2_d0p5,2,0.30000001192092896,1024,0.04736078056126522,0.5262308533040975,0.22512681356151482,0.21037378805312373,0.6344231630702111,0.030723887073542455,0.045034694914399806,0.05074530282059576,0.0479527895580677
1.0,42,scalar_gate_s1p5_p4_cap_lo1_hi2_d0p5,3,0.4000000059604645,1024,0.0572802083251641,0.3580012913630057,0.2528622117332959,0.22652735627251364,0.52348775018519,0.05468011249848912,0.06880740600567739,0.05711234307472567,0.038866067742949574
1.0,42,scalar_gate_s1p5_p4_cap_lo1_hi2_d0p5,4,0.5,1024,0.06481558413221973,0.2592623365288789,0.254802851762606,0.2543754266636189,0.4466904570358432,0.07796038094715455,0.08898512336998375,0.05891456017748317,0.03683760664134702
1.0,42,scalar_gate_s1p5_p4_cap_lo1_hi2_d0p5,5,0.6000000238418579,1024,0.07438187345214325,0.20661629872445392,0.24635118997637317,0.3019342973714761,0.3894111979749765,0.11248274290887476,0.11221769684378927,0.06041194180655774,0.038726335052133715
1.0,42,scalar_gate_s1p5_p4_cap_lo1_hi2_d0p5,6,0.699999988079071,1024,0.08771988518498294,0.1790201799442949,0.23643271873308322,0.37101415428045237,0.35405963213370484,0.14675008009755441,0.13749539862028765,0.06725171305332601,0.043759736623716655
1.0,42,scalar_gate_s1p5_p4_cap_lo1_hi2_d0p5,7,0.75,1024,0.0940830764215411,0.16725880252718417,0.22897076280115233,0.4108955888977263,0.3367069989070473,0.17084781234177815,0.14588733899932896,0.07099416030541604,0.04656432832181456
1.0,42,scalar_gate_s1p5_p4_cap_lo1_hi2_d0p5,8,0.800000011920929,1024,0.09597479659187365,0.14996061520562795,0.22010892135027638,0.43603319666966844,0.3230768172092959,0.17226470663125673,0.1539726851778483,0.070748728799546,0.045782634077054934
1.0,42,scalar_gate_s1p5_p4_cap_lo1_hi2_d0p5,9,0.8999999761581421,1024,0.10661500819958021,0.1316234738867245,0.20678769389574736,0.5155771419034756,0.30558423426223463,0.20820693457235687,0.17193477460899398,0.0759994873005031,0.04970965443892667
1.0,42,scalar_gate_s1p5_p4_cap_lo1_hi2_d0p5,10,1.0,1024,0.11242187076909611,0.11242187076909611,0.18959512909337595,0.5929575897159686,0.28653626154161027,0.22715792974466834,0.18263222516928232,0.07868334211671947,0.051317871757981165
1.0,42,scalar_gate_s1p5_p4_cap_lo1_hi2_d0p5,11,1.100000023841858,1024,0.1086265346346712,0.0897739916742462,0.17054459826174287,0.6369391686505187,0.2681491706202087,0.2274284186450572,0.17837972806817753,0.07409210588219184,0.04908320825647858
1.0,42,scalar_gate_s1p5_p4_cap_lo1_hi2_d0p5,12,1.2000000476837158,1024,0.1066636201812458,0.07407195257248846,0.15426053929454214,0.6914511038859025,0.2501067385640333,0.23619315573878827,0.1779679308292935,0.07077912427263666,0.04350319937416086
1.0,42,scalar_gate_s1p5_p4_cap_lo1_hi2_d0p5,13,1.2999999523162842,1024,0.09998941729341297,0.05916534001691912,0.13417892684246985,0.7451946415609927,0.2373643019052154,0.2580528712065677,0.16220139261033772,0.06389973659237365,0.03791611387105373
1.0,42,scalar_gate_s1p5_p4_cap_lo1_hi2_d0p5,14,1.399999976158142,1024,0.09362491173903165,0.04776781373871287,0.11606782093640233,0.8066396955132986,0.22665519208564347,0.2551249244164519,0.15067922694435576,0.05870849264841367,0.03437926089555656
1.0,42,scalar_gate_s1p5_p4_cap_lo1_hi2_d0p5,15,1.5,1024,0.08889435008467067,0.03950860003763141,0.10375389320927209,0.8567808622407098,0.21387309721837183,0.26548854035010405,0.1435406015564603,0.05272300750066278,0.030284869304722614
1.0,42,scalar_gate_s1p5_p4_cap_lo1_hi2_d0p5,16,1.600000023841858,1024,0.07780830584229972,0.030393868563840454,0.08690350622242646,0.8953413875287392,0.20240331403009576,0.24602753716679437,0.12262932195784342,0.04539486443363702,0.027122149556006392
1.0,42,scalar_gate_s1p5_p4_cap_lo1_hi2_d0p5,17,1.7999999523162842,1024,0.0629042482387619,0.019414892460354636,0.06286463389449673,1.0006301531053476,0.17915238176806067,0.21423512676350498,0.0956391853681759,0.03595309089996632,0.022451577441507508
1.0,42,scalar_gate_s1p5_p4_cap_lo1_hi2_d0p5,18,2.0,1024,0.049408353210889294,0.012352088302722324,0.04445967713251618,1.1113070628835906,0.16072927620045832,0.18922283520446445,0.07033461558386725,0.02732897207670452,0.017942392169418106
1.0,42,scalar_gate_s1p5_p4_cap_lo1_hi2_d0p5,19,2.5,1024,0.024359673798645683,0.0038975478077833093,0.01722458989730198,1.4142382456642015,0.12196487612291265,0.10201952353357628,0.030578780696382462,0.013750253618067823,0.010239154587668562
1.0,42,scalar_gate_s1p5_p4_cap_lo1_hi2_d0p5,20,3.0,1024,0.013950843278127258,0.0015500936975696954,0.007202696554818482,1.936891714366945,0.09256120884934885,0.06318102720786059,0.015084585172625863,0.00795476381662952,0.0072370556926026975
1.0,42,fourier_gate_s1p5_p4_cap_lo1_hi2_d0p5,0,0.10000000149011612,1024,0.020012209066637806,2.0012208470227515,0.06312809649804497,0.317009543718106,0.9346169533614284,0.006104789734558772,0.007983665424468515,0.018498825263590257,0.054839858426495636
1.0,42,fourier_gate_s1p5_p4_cap_lo1_hi2_d0p5,1,0.20000000298023224,1024,0.033152680437843654,0.8288169862454201,0.1625465845341267,0.2039580255276495,0.7620468807095986,0.01739494313387985,0.02282063478506249,0.03511127877900417,0.05287591081171697
1.0,42,fourier_gate_s1p5_p4_cap_lo1_hi2_d0p5,2,0.30000001192092896,1024,0.04420845258648115,0.49120498970121346,0.22512681356151482,0.19637133350355623,0.6304332880620847,0.0337697072003046,0.042373268745401836,0.047137145095328785,0.04220635515174041
1.0,42,fourier_gate_s1p5_p4_cap_lo1_hi2_d0p5,3,0.4000000059604645,1024,0.054774057209782845,0.34233784735867984,0.2528622117332959,0.21661622286035873,0.5200302859765782,0.05502788270986817,0.06541040401483073,0.05441847877814663,0.03706727835360944
1.0,42,fourier_gate_s1p5_p4_cap_lo1_hi2_d0p5,4,0.5,1024,0.06388195824038331,0.25552783296153325,0.254802851762606,0.25071131582114586,0.44566854923565535,0.07487416087218006,0.08722248556018034,0.05811946546629554,0.03805032535629976
1.0,42,fourier_gate_s1p5_p4_cap_lo1_hi2_d0p5,5,0.6000000238418579,1024,0.0725208228105376,0.20144671401972433,0.24635118997637317,0.29437983562203557,0.38804604149362304,0.10139501321473673,0.10668115048460836,0.06009521883527582,0.042691305071956766
1.0,42,fourier_gate_s1p5_p4_cap_lo1_hi2_d0p5,6,0.699999988079071,1024,0.08456009316026031,0.17257162457216324,0.23643271873308322,0.3576497094538046,0.3509507350714781,0.1276497786813607,0.12790831454367796,0.06749373354148425,0.04803078841561611
1.0,42,fourier_gate_s1p5_p4_cap_lo1_hi2_d0p5,7,0.75,1024,0.08802324683854262,0.1564857721574091,0.22897076280115233,0.38443007203930946,0.33029951812291247,0.14366588629177277,0.13333185361772415,0.06870960389613645,0.049524686206182104
1.0,42,fourier_gate_s1p5_p4_cap_lo1_hi2_d0p5,8,0.800000011920929,1024,0.09036865124407298,0.14120101336074586,0.22010892135027638,0.4105633278728505,0.3168654723920111,0.14831777161355444,0.13996942851106722,0.06933723287917294,0.04944756083154936
1.0,42,fourier_gate_s1p5_p4_cap_lo1_hi2_d0p5,9,0.8999999761581421,1024,0.09984233034952947,0.12326214276465022,0.20678769389574736,0.48282530003872126,0.2989080342470129,0.17979192983706996,0.1567821963422303,0.07394475725088523,0.05203473390875031
1.0,42,fourier_gate_s1p5_p4_cap_lo1_hi2_d0p5,10,1.0,1024,0.1055186819060858,0.1055186819060858,0.18959512909337595,0.5565474303620831,0.27943802080098046,0.20382154172769393,0.1666209709363637,0.07610463561768799,0.05339942081864578
1.0,42,fourier_gate_s1p5_p4_cap_lo1_hi2_d0p5,11,1.100000023841858,1024,0.09904659175143918,0.08185668384949189,0.17054459826174287,0.5807665136331535,0.2583586329273483,0.21643256133085792,0.1637467293960208,0.06789580276923986,0.03649045566081449
1.0,42,fourier_gate_s1p5_p4_cap_lo1_hi2_d0p5,12,1.2000000476837158,1024,0.0990003508663636,0.0687502381934188,0.15426053929454214,0.6417736598037831,0.2426155428121568,0.2208371928105811,0.1679742199491209,0.06641314136277994,0.0318002406526571
1.0,42,fourier_gate_s1p5_p4_cap_lo1_hi2_d0p5,13,1.2999999523162842,1024,0.09329217509253632,0.055202474518585724,0.13417892684246985,0.6952818694254738,0.23147805030668867,0.22896590784489282,0.15383390741878597,0.06197170094633755,0.02860992398020087
1.0,42,fourier_gate_s1p5_p4_cap_lo1_hi2_d0p5,14,1.399999976158142,1024,0.08614298409818129,0.04395050358785404,0.11606782093640233,0.7421780076786492,0.21984016594825695,0.2157575610860507,0.14429827931981282,0.05563364595669443,0.02600519391208162
1.0,42,fourier_gate_s1p5_p4_cap_lo1_hi2_d0p5,15,1.5,1024,0.07999781735294882,0.03555458549019948,0.10375389320927209,0.7710343667932812,0.20576829254992102,0.2102493338207283,0.13586789995715892,0.049672661197582714,0.022872973494747584
1.0,42,fourier_gate_s1p5_p4_cap_lo1_hi2_d0p5,16,1.600000023841858,1024,0.0689347788050361,0.0269276471682108,0.08690350622242646,0.7932335736673266,0.19320521763084786,0.18644825178989177,0.11738803023034494,0.04210818981365891,0.01885529413588119
1.0,42,fourier_gate_s1p5_p4_cap_lo1_hi2_d0p5,17,1.7999999523162842,1024,0.05270960854738101,0.016268398561739714,0.06286463389449673,0.8384620299521905,0.16882559631732397,0.15304513492685862,0.08991132192762283,0.030852032406548036,0.01340433552594366
1.0,42,fourier_gate_s1p5_p4_cap_lo1_hi2_d0p5,18,2.0,1024,0.038864797510905276,0.009716199377726319,0.04445967713251618,0.8741583389160733,0.15010998715538304,0.12288100547905523,0.06535062889095714,0.021742242083886854,0.009788413355021588
1.0,42,fourier_gate_s1p5_p4_cap_lo1_hi2_d0p5,19,2.5,1024,0.01655021566803386,0.002648034506885418,0.01722458989730198,0.9608481691994447,0.11372341455627531,0.05578929261839775,0.02795633239678237,0.008767791093095358,0.0038734582387131558
1.0,42,fourier_gate_s1p5_p4_cap_lo1_hi2_d0p5,20,3.0,1024,0.007905449936588801,0.0008783833262876446,0.007202696554818482,1.097568095007444,0.0859481948944487,0.02690248500125066,0.012961830682750015,0.004300995374882101,0.0019792485850487146
1.0,42,scalar_gate_s1p5_p4_linear_sigma,0,0.10000000149011612,1024,0.02218526190486377,2.2185261243691454,0.06312809649804497,0.3514324545735484,0.936701244151595,0.014671963871259117,0.007060516958923459,0.020123376209513273,0.061037097787639896
1.0,42,scalar_gate_s1p5_p4_linear_sigma,1,0.20000000298023224,1024,0.03595442620614775,0.8988606283655594,0.1625465845341267,0.2211945966702186,0.7645404097921855,0.016375164584383272,0.02481195526596389,0.03780289131807066,0.059657540577968314
1.0,42,scalar_gate_s1p5_p4_linear_sigma,2,0.30000001192092896,1024,0.046308528912290516,0.5145391692446613,0.22512681356151482,0.20569974842040276,0.6333710961012397,0.03035422415789938,0.04411334343394584,0.049904154636317914,0.04549110855768378
1.0,42,scalar_gate_s1p5_p4_linear_sigma,3,0.4000000059604645,1024,0.05615838444081274,0.3509898922947656,0.2528622117332959,0.222090853575406,0.523149090063165,0.05139769424283003,0.06690788547088915,0.05671470036864924,0.037591350325507235
1.0,42,scalar_gate_s1p5_p4_linear_sigma,4,0.5,1024,0.06375819323975775,0.255032772959031,0.254802851762606,0.2502255873460938,0.4455219636781502,0.07147408931534532,0.08764369677270609,0.058645972791857806,0.03632129972014517
1.0,42,scalar_gate_s1p5_p4_linear_sigma,5,0.6000000238418579,1024,0.07149995331938999,0.19861096565856826,0.24635118997637317,0.29023587556547764,0.3862926162817791,0.10227844284715086,0.10710248445387253,0.05920264869565708,0.037563887921211694
1.0,42,scalar_gate_s1p5_p4_linear_sigma,6,0.699999988079071,1024,0.08430344436612451,0.1720478515050669,0.23643271873308322,0.356564204894575,0.35110216523927545,0.1341470468662347,0.12957537775647548,0.06639426273078257,0.04378602535006456
1.0,42,scalar_gate_s1p5_p4_linear_sigma,7,0.75,1024,0.08939942871345471,0.15893231771280839,0.22897076280115233,0.39044036723191977,0.3312972293197789,0.15621271843135226,0.13524484357416938,0.06926353508220584,0.046846906169181315
1.0,42,scalar_gate_s1p5_p4_linear_sigma,8,0.800000011920929,1024,0.09162865136498029,0.14316976349099023,0.22010892135027638,0.41628776699679754,0.3186645644494933,0.1576656137214092,0.14408601486634692,0.06940005786667988,0.04565860149144738
1.0,42,scalar_gate_s1p5_p4_linear_sigma,9,0.8999999761581421,1024,0.10161171750303394,0.12544657146495886,0.20678769389574736,0.4913818399380274,0.3009778009971751,0.1876239250027992,0.16120681068886517,0.07510009366934302,0.0480353488222968
1.0,42,scalar_gate_s1p5_p4_linear_sigma,10,1.0,1024,0.10738416674555999,0.10738416674555999,0.18959512909337595,0.5663867381987071,0.2818698071098178,0.20865936476658692,0.17223551765459894,0.07704497700224132,0.0504435941481242
1.0,42,scalar_gate_s1p5_p4_linear_sigma,11,1.100000023841858,1024,0.10643523816038994,0.08796300293103039,0.17054459826174287,0.6240903508244732,0.265491169958898,0.22060158444504968,0.1712157074461132,0.07406422156753685,0.05013471862284916
1.0,42,scalar_gate_s1p5_p4_linear_sigma,12,1.2000000476837158,1024,0.10637066072998405,0.07386850852528053,0.15426053929454214,0.6895519827457749,0.24967378930864512,0.22309081011010043,0.17325407361245154,0.07289853108429953,0.04907255572256321
1.0,42,scalar_gate_s1p5_p4_linear_sigma,13,1.2999999523162842,1024,0.09907831253501213,0.05862622473571256,0.13417892684246985,0.7384044191330662,0.23660558709948715,0.23102234414253148,0.15525410155067426,0.06767204890181802,0.04455388822839094
1.0,42,scalar_gate_s1p5_p4_linear_sigma,14,1.399999976158142,1024,0.09319759477247422,0.0475497948707987,0.11606782093640233,0.8029580810648671,0.22621982794967044,0.21596089237787125,0.1446892923385691,0.06411376822500969,0.04332720072017319
1.0,42,scalar_gate_s1p5_p4_linear_sigma,15,1.5,1024,0.08798525680246166,0.03910455857887185,0.10375389320927209,0.8480188461458019,0.21325282737747844,0.2150114708692598,0.1374710450531799,0.05889622399411052,0.03933230492895683
1.0,42,scalar_gate_s1p5_p4_linear_sigma,16,1.600000023841858,1024,0.07748891493436812,0.03026910649414787,0.08690350622242646,0.8916661513752733,0.20176448764177307,0.19732587213700375,0.11834530443945823,0.051747932112036196,0.03552295914155327
1.0,42,scalar_gate_s1p5_p4_linear_sigma,17,1.7999999523162842,1024,0.06224653431355101,0.01921189432453432,0.06286463389449673,0.9901677693377957,0.17870248435199299,0.17885410756310877,0.09342528085082266,0.03985895354288654,0.026610971575601813
1.0,42,scalar_gate_s1p5_p4_linear_sigma,18,2.0,1024,0.04982609852134302,0.012456524630335754,0.04445967713251618,1.120703112009377,0.16146959329262425,0.185707669081657,0.0711801203532702,0.02804233848821727,0.018667836189550868
1.0,42,scalar_gate_s1p5_p4_linear_sigma,19,2.5,1024,0.026836590824730465,0.004293854531956874,0.01722458989730198,1.558039464784824,0.12439527594733668,0.13956590755806003,0.03741363782765091,0.010553557707803803,0.006919234187189514
1.0,42,scalar_gate_s1p5_p4_linear_sigma,20,3.0,1024,0.014710076904150314,0.0016344529893500348,0.007202696554818482,2.0423013509169037,0.09325914093536089,0.0786125688068752,0.01776841532249881,0.006105424874490638,0.006278109659842392
1.0,42,fourier_gate_s1p5_p4_linear_sigma,0,0.10000000149011612,1024,0.02075081285552921,2.075081223710681,0.06312809649804497,0.3287096238704401,0.9351194347115664,0.005813895968187782,0.006961710517416599,0.0192566837457828,0.059207547475294414
1.0,42,fourier_gate_s1p5_p4_linear_sigma,1,0.20000000298023224,1024,0.03427413312429366,0.8568533025711229,0.1625465845341267,0.21085729498731973,0.7639943183005093,0.019926013701448954,0.024144647560686856,0.03575460496875694,0.05466039128209156
1.0,42,fourier_gate_s1p5_p4_linear_sigma,2,0.30000001192092896,1024,0.04508175296148656,0.5009083264301216,0.22512681356151482,0.20025048215399802,0.6314457419045431,0.03510687241128183,0.043600370117772846,0.04797180478899682,0.04233894919649704
1.0,42,fourier_gate_s1p5_p4_linear_sigma,3,0.4000000059604645,1024,0.0550934408170818,0.3443339948448084,0.2528622117332959,0.2178792965521914,0.5203933718699544,0.055002799966170426,0.06659940504585074,0.05473573709204543,0.0360400745110251
1.0,42,fourier_gate_s1p5_p4_linear_sigma,4,0.5,1024,0.06324438536499727,0.2529775414599891,0.254802851762606,0.24820909549285824,0.4452168887681709,0.07383131925729022,0.087634298079207,0.05740423800848088,0.03606568950196806
1.0,42,fourier_gate_s1p5_p4_linear_sigma,5,0.6000000238418579,1024,0.07117925964454094,0.19772014996589435,0.24635118997637317,0.28893410115602663,0.386549410029443,0.10100944147210181,0.10656797881290164,0.05853616283246931,0.03945646806441432
1.0,42,fourier_gate_s1p5_p4_linear_sigma,6,0.699999988079071,1024,0.08312787348921846,0.16964872718476945,0.23643271873308322,0.3515920890080543,0.3500135935012504,0.12671987085378117,0.12722216841789658,0.0659717514076622,0.045332256277135136
1.0,42,fourier_gate_s1p5_p4_linear_sigma,7,0.75,1024,0.08784778143774655,0.15617383366710497,0.22897076280115233,0.3836637497427442,0.3300329914611783,0.14400741802697695,0.1337116059874946,0.06843704305920308,0.04844175134089737
1.0,42,fourier_gate_s1p5_p4_linear_sigma,8,0.800000011920929,1024,0.08979209386288634,0.1403001424794898,0.22010892135027638,0.40794390937018504,0.31693395139927105,0.14913455543902257,0.14139986272818453,0.06828325359545931,0.04633253379256056
1.0,42,fourier_gate_s1p5_p4_linear_sigma,9,0.8999999761581421,1024,0.09865767720834775,0.1217996079449627,0.20678769389574736,0.4770964623169806,0.2979533586261903,0.18231196331566163,0.15800721143161306,0.07247666147830953,0.045578850176401606
1.0,42,fourier_gate_s1p5_p4_linear_sigma,10,1.0,1024,0.10423346986440253,0.10423346986440253,0.18959512909337595,0.5497687116902005,0.27817110207612683,0.20719523130609704,0.16914469158596684,0.07372950640709719,0.04687195906383369
1.0,42,fourier_gate_s1p5_p4_linear_sigma,11,1.100000023841858,1024,0.10283640544317427,0.08498876114490603,0.17054459826174287,0.6029883472787942,0.26142809215568896,0.22168784716908413,0.1666130647762886,0.0707547024192184,0.044624643760410074
1.0,42,fourier_gate_s1p5_p4_linear_sigma,12,1.2000000476837158,1024,0.10207586529849616,0.07088601193488592,0.15426053929454214,0.6617108028100073,0.24536269697846738,0.225023527029847,0.16770431036499134,0.06885967652522673,0.042582197361883324
1.0,42,fourier_gate_s1p5_p4_linear_sigma,13,1.2999999523162842,1024,0.0951904683301166,0.056325725037424924,0.13417892684246985,0.7094293460989826,0.23365290362450045,0.23096905019051803,0.15238047441004643,0.06352763831004811,0.03770193656361051
1.0,42,fourier_gate_s1p5_p4_linear_sigma,14,1.399999976158142,1024,0.08873402994682247,0.04527246580055388,0.11606782093640233,0.7645015580627036,0.22246172812097018,0.21554020013593958,0.14348249577580896,0.05861436577877445,0.03474094966951861
1.0,42,fourier_gate_s1p5_p4_linear_sigma,15,1.5,1024,0.08288156851804246,0.036836252674685536,0.10375389320927209,0.7988285157730896,0.20877362771855457,0.21091412920550656,0.1357356235588414,0.0529914611800179,0.030707786896123856
1.0,42,fourier_gate_s1p5_p4_linear_sigma,16,1.600000023841858,1024,0.07175475771199429,0.028029201395912466,0.08690350622242646,0.825683114883081,0.19611109992385733,0.18990675510165828,0.11797252827702014,0.044913085920248584,0.025351704926507748
1.0,42,fourier_gate_s1p5_p4_linear_sigma,17,1.7999999523162842,1024,0.05490184194262776,0.01694501384303461,0.06286463389449673,0.8733343144058929,0.17077280961731262,0.15191084717507336,0.09105336869500871,0.03349097788961782,0.017624055676184983
1.0,42,fourier_gate_s1p5_p4_linear_sigma,18,2.0,1024,0.03990941879026294,0.009977354697565735,0.04445967713251618,0.8976542648141421,0.15110706858376258,0.12247617400918845,0.06658723518444404,0.02286609369493427,0.010997664883557348
1.0,42,fourier_gate_s1p5_p4_linear_sigma,19,2.5,1024,0.016871300220412187,0.00269940803526595,0.01722458989730198,0.97948922563636,0.1141160254470473,0.0574496750214412,0.02881605122201153,0.008762930450654582,0.0037242649027482092
1.0,42,fourier_gate_s1p5_p4_linear_sigma,20,3.0,1024,0.007319997595148365,0.0008133330661275961,0.007202696554818482,1.0162857118076716,0.08529893375348101,0.026661874290353677,0.01209993608148216,0.003714272319083137,0.0016984709427984197
1.0,42,scalar_gate_s1p5_p4_tanh_sigma,0,0.10000000149011612,1024,0.021813531559767386,2.18135309096735,0.06312809649804497,0.34554394587904186,0.9363089473099858,0.012715621778905496,0.007805591994367714,0.019534784110620276,0.06037953102884583
1.0,42,scalar_gate_s1p5_p4_tanh_sigma,1,0.20000000298023224,1024,0.03661706964543686,0.9154267138540793,0.1625465845341267,0.22527123378436226,0.7657213949643131,0.01624965594239706,0.025710074968005873,0.03827413391317622,0.06106249167332093
1.0,42,scalar_gate_s1p5_p4_tanh_sigma,2,0.30000001192092896,1024,0.0476767211805825,0.5297413043508594,0.22512681356151482,0.21177717761085382,0.6353337383124988,0.0312978680760838,0.04694864896474536,0.05086397757640497,0.04602968823812957
1.0,42,scalar_gate_s1p5_p4_tanh_sigma,3,0.4000000059604645,1024,0.0581615794751002,0.3635098608859381,0.2528622117332959,0.23001293501476444,0.5243872739761146,0.054830045372852645,0.07123343535925644,0.057905265238092814,0.0377418750776545
1.0,42,scalar_gate_s1p5_p4_tanh_sigma,4,0.5,1024,0.06572105604098513,0.2628842241639405,0.254802851762606,0.2579290443036954,0.4470215322727802,0.07799189763207251,0.09236534471856667,0.05936031129608696,0.03556577765540699
1.0,42,scalar_gate_s1p5_p4_tanh_sigma,5,0.6000000238418579,1024,0.07406913092470539,0.20574756955061138,0.24635118997637317,0.30066479862268636,0.3887736594319732,0.10868564239232519,0.11378105192786439,0.06023317172520756,0.0365079441907369
1.0,42,scalar_gate_s1p5_p4_tanh_sigma,6,0.699999988079071,1024,0.08651320234907385,0.1765575618279511,0.23643271873308322,0.36591044933481265,0.3529717933283416,0.1395181354927876,0.13689212045467347,0.06693186955721735,0.041477420072958265
1.0,42,scalar_gate_s1p5_p4_tanh_sigma,7,0.75,1024,0.09108604673895285,0.1619307497581384,0.22897076280115233,0.3978064519008295,0.3331403538852914,0.1606396349341936,0.14326441198194698,0.06905178276665545,0.04292417898273092
1.0,42,scalar_gate_s1p5_p4_tanh_sigma,8,0.800000011920929,1024,0.09323324074978998,0.14567693433003584,0.22010892135027638,0.4235777458625618,0.3200291531391929,0.16143812211250452,0.15103736694026593,0.0693770955618262,0.042701964141965684
1.0,42,scalar_gate_s1p5_p4_tanh_sigma,9,0.8999999761581421,1024,0.10230981273056922,0.1263084174705412,0.20678769389574736,0.49475774308963,0.3016767700639966,0.1946158323080911,0.1661462783741351,0.07364649470577005,0.04582528658151476
1.0,42,scalar_gate_s1p5_p4_tanh_sigma,10,1.0,1024,0.10791045141157501,0.10791045141157501,0.18959512909337595,0.5691625725175087,0.2826378192279708,0.21689347151842414,0.17531298777813947,0.07593493896360848,0.04833397817064018
1.0,42,scalar_gate_s1p5_p4_tanh_sigma,11,1.100000023841858,1024,0.10619013631947154,0.08776043943492004,0.17054459826174287,0.6226531792962243,0.26506869452983783,0.2264202676478509,0.17269803878971796,0.07257664258086324,0.04814365753578735
1.0,42,scalar_gate_s1p5_p4_tanh_sigma,12,1.2000000476837158,1024,0.10616028248114207,0.07372241253075093,0.15426053929454214,0.6881881974912692,0.24979214996818583,0.22718203849866508,0.17462444051350484,0.07155833623984942,0.04793037843653431
1.0,42,scalar_gate_s1p5_p4_tanh_sigma,13,1.2999999523162842,1024,0.09933491265893167,0.05877805913970286,0.13417892684246985,0.740316791887551,0.23729266364407303,0.23309593707436935,0.1576700985204455,0.06664752657876125,0.044801916088307844
1.0,42,scalar_gate_s1p5_p4_tanh_sigma,14,1.399999976158142,1024,0.09284252705416424,0.04736863786549079,0.11606782093640233,0.7998989410254884,0.22553790956705616,0.21534176484421383,0.14622496478138652,0.0628044586798682,0.04336243062530438
1.0,42,scalar_gate_s1p5_p4_tanh_sigma,15,1.5,1024,0.08704495945535333,0.0386866486468237,0.10375389320927209,0.8389560792652209,0.21213108441746076,0.21646078244249528,0.13705795587186195,0.05759724744340494,0.03748219843384198
1.0,42,scalar_gate_s1p5_p4_tanh_sigma,16,1.600000023841858,1024,0.07649582085538076,0.02988117913110457,0.08690350622242646,0.8802386023366239,0.20067320671643157,0.19816481191087407,0.11832854507682267,0.05001307294137692,0.03457858599489126
1.0,42,scalar_gate_s1p5_p4_tanh_sigma,17,1.7999999523162842,1024,0.06146666736026116,0.01897119463484028,0.06286463389449673,0.9777622735132487,0.17751824927449744,0.17922729419972225,0.09266836895514798,0.038794379029836935,0.026225272195697716
1.0,42,scalar_gate_s1p5_p4_tanh_sigma,18,2.0,1024,0.04869107034486293,0.012172767586215733,0.04445967713251618,1.0951737278643454,0.16002586825920054,0.1749408914473965,0.06885239317276183,0.028338946486349575,0.01959573039268556
1.0,42,scalar_gate_s1p5_p4_tanh_sigma,19,2.5,1024,0.0248736359568758,0.003979781753100128,0.01722458989730198,1.4440771075061674,0.12245014746172257,0.11859947585924566,0.03195225131390375,0.012092291068750722,0.008504600509315365
1.0,42,scalar_gate_s1p5_p4_tanh_sigma,20,3.0,1024,0.01440039563777788,0.001600043959753098,0.007202696554818482,1.9993061665417877,0.0929812470618763,0.07882126490256229,0.016621543168284184,0.006191789662380028,0.0056726063435005615
1.0,42,fourier_gate_s1p5_p4_tanh_sigma,0,0.10000000149011612,1024,0.02094670889166691,2.0946708267406353,0.06312809649804497,0.33181277519298574,0.9357007356245043,0.005957744488306388,0.0075322404164281445,0.01951015147781268,0.05854884996851877
1.0,42,fourier_gate_s1p5_p4_tanh_sigma,1,0.20000000298023224,1024,0.03555139519050018,0.8887848532746515,0.1625465845341267,0.2187151166073019,0.7656526150695213,0.02042972330559873,0.025230263711309243,0.03708636907094531,0.05650221198565882
1.0,42,fourier_gate_s1p5_p4_tanh_sigma,2,0.30000001192092896,1024,0.04700839673989714,0.5223154778222849,0.22512681356151482,0.2088085199458141,0.6337287151974633,0.03656923578686073,0.046318463778751054,0.04988104056797559,0.04318226807199182
1.0,42,fourier_gate_s1p5_p4_tanh_sigma,3,0.4000000059604645,1024,0.05717262258039522,0.3573288804782395,0.2528622117332959,0.22610188445514948,0.5225218977699038,0.05687881926460825,0.07039493773199554,0.056594593550533465,0.0360131738213541
1.0,42,fourier_gate_s1p5_p4_tanh_sigma,4,0.5,1024,0.06573977501534084,0.26295910006136336,0.254802851762606,0.258002508843932,0.4479934238759164,0.0772244545964875,0.09327216277256478,0.05936688353048408,0.03448829817798683
1.0,42,fourier_gate_s1p5_p4_tanh_sigma,5,0.6000000238418579,1024,0.07276039047553484,0.20211217970294135,0.24635118997637317,0.29535229962767007,0.38809820620243696,0.10430365542911066,0.1121437434238874,0.059142410611720715,0.03666720641199712
1.0,42,fourier_gate_s1p5_p4_tanh_sigma,6,0.699999988079071,1024,0.08449528088020009,0.17243935460835158,0.23643271873308322,0.3573755837726911,0.35132003636935905,0.129242494033885,0.13397892470284883,0.06673796071811136,0.038748005166890365
1.0,42,fourier_gate_s1p5_p4_tanh_sigma,7,0.75,1024,0.08771626324435021,0.15594002354551148,0.22897076280115233,0.3830893611536187,0.32949782727473353,0.14723651733019333,0.14040637103930423,0.06668320530419637,0.04043637155732265
1.0,42,fourier_gate_s1p5_p4_tanh_sigma,8,0.800000011920929,1024,0.08933765043438265,0.13959007464361445,0.22010892135027638,0.40587927961453557,0.3162122251873911,0.15104517363938258,0.1457986589359686,0.06667210106602858,0.04030597559812297
1.0,42,fourier_gate_s1p5_p4_tanh_sigma,9,0.8999999761581421,1024,0.09842089691163217,0.1215072865755051,0.20678769389574736,0.4759514217574831,0.2974539792506364,0.18465472175930805,0.1617780109017284,0.07099648575357384,0.04148167816652821
1.0,42,fourier_gate_s1p5_p4_tanh_sigma,10,1.0,1024,0.10348083047739226,0.10348083047739226,0.18959512909337595,0.545798992686293,0.27713607116140865,0.20761067570687008,0.17062241684892485,0.0725872106724608,0.04297732661914328
1.0,42,fourier_gate_s1p5_p4_tanh_sigma,11,1.100000023841858,1024,0.10139511348735386,0.08379761081982992,0.17054459826174287,0.5945372326113665,0.26047202412052084,0.22175424850578143,0.1663263661055266,0.06871011183649911,0.04257226228137171
1.0,42,fourier_gate_s1p5_p4_tanh_sigma,12,1.2000000476837158,1024,0.10028082169264137,0.06963945397433206,0.15426053929454214,0.6500743621877729,0.2437774855161041,0.22502704307163354,0.16758226356837916,0.06635345988504901,0.0395003910872386
1.0,42,fourier_gate_s1p5_p4_tanh_sigma,13,1.2999999523162842,1024,0.09375664389272652,0.055477308148327395,0.13417892684246985,0.6987434323632628,0.23203045486357016,0.23154509198356252,0.1525565691420326,0.061116601918975694,0.035981130855443265
1.0,42,fourier_gate_s1p5_p4_tanh_sigma,14,1.399999976158142,1024,0.08766010634094172,0.04472454557480981,0.11606782093640233,0.7552490055704052,0.2210077504109679,0.21796507981035132,0.1430561005920972,0.05695995426588303,0.032765039139437305
1.0,42,fourier_gate_s1p5_p4_tanh_sigma,15,1.5,1024,0.08079278510299392,0.03590790449021952,0.10375389320927209,0.7786964190349417,0.206800682204344,0.20923220306471194,0.13369352784951982,0.05073606013309755,0.028939415683379693
1.0,42,fourier_gate_s1p5_p4_tanh_sigma,16,1.600000023841858,1024,0.07045207933983175,0.027520342671951647,0.08690350622242646,0.8106931745597483,0.19419811099456114,0.18860369236794786,0.11616380082526592,0.04369406362083061,0.024632848844110752
1.0,42,fourier_gate_s1p5_p4_tanh_sigma,17,1.7999999523162842,1024,0.053676421982047307,0.01656679778577981,0.06286463389449673,0.8538413199404034,0.16936297055378285,0.1517045652057014,0.08901798248819437,0.032381317289824296,0.01683507479526501
1.0,42,fourier_gate_s1p5_p4_tanh_sigma,18,2.0,1024,0.03962290257843393,0.009905725644608482,0.04445967713251618,0.891209858774597,0.15112173330490128,0.12200585946708045,0.06559328160300978,0.022731192379932805,0.011498157902055254
1.0,42,fourier_gate_s1p5_p4_tanh_sigma,19,2.5,1024,0.016305111570783692,0.0026088178513253906,0.01722458989730198,0.9466182746874969,0.11349076401927956,0.05562514931129262,0.0276643939314177,0.008473431018636967,0.0038527151597059256
1.0,42,fourier_gate_s1p5_p4_tanh_sigma,20,3.0,1024,0.007272779822912455,0.0008080866469902728,0.007202696554818482,1.0097301430874648,0.08528192774547191,0.026359914787462302,0.011962703737748551,0.0037335271229432614,0.0017016836383375554
1.0,43,scalar_gate_loglinear_lo0p1_hi3,0,0.10000000149011612,1024,0.021003827679241308,2.100382705327848,0.06312809649804497,0.3327175828894473,0.9346526704252585,0.01777545333566495,0.009527034636651673,0.01827607968158005,0.05350538238144116
1.0,43,scalar_gate_loglinear_lo0p1_hi3,1,0.20000000298023224,1024,0.03525355019019539,0.8813387284889436,0.1625465845341267,0.21688274958981923,0.7655518145575393,0.016384955695000272,0.02491092047909564,0.035908945300761205,0.06164706286734361
1.0,43,scalar_gate_loglinear_lo0p1_hi3,2,0.30000001192092896,1024,0.04797832620146817,0.5330924709832623,0.22512681356151482,0.21311688928763842,0.6356678616274096,0.027389862024667522,0.049269196059619,0.05028937141893041,0.048390866841454175
1.0,43,scalar_gate_loglinear_lo0p1_hi3,3,0.4000000059604645,1024,0.06406757607212334,0.4004223385172551,0.2528622117332959,0.25336951548813474,0.5310213651353848,0.046800308788263315,0.0838938935362464,0.06306996878030724,0.04218245439602091
1.0,43,scalar_gate_loglinear_lo0p1_hi3,4,0.5,1024,0.07591462934164805,0.3036585173665922,0.254802851762606,0.2979347712025452,0.45806501431191643,0.0680885073937716,0.11551458260740924,0.06829118666464688,0.03866223028667512
1.0,43,scalar_gate_loglinear_lo0p1_hi3,5,0.6000000238418579,1024,0.0873401456352966,0.24261149637257187,0.24635118997637317,0.35453510755792633,0.40431434155054174,0.09450045448624225,0.14480678089557344,0.07173181818489967,0.04016408173466751
1.0,43,scalar_gate_loglinear_lo0p1_hi3,6,0.699999988079071,1024,0.0997134079907942,0.20349675793267902,0.23643271873308322,0.42174115547587976,0.36656415016411875,0.12158918665484912,0.17192110411252282,0.07772610958255083,0.04225408739216563
1.0,43,scalar_gate_loglinear_lo0p1_hi3,7,0.75,1024,0.1046020785659021,0.18595925078382597,0.22897076280115233,0.45683596143994537,0.3463617546592481,0.14055730111836967,0.18123566999089932,0.07974974812096877,0.04227604073983991
1.0,43,scalar_gate_loglinear_lo0p1_hi3,8,0.800000011920929,1024,0.10672384602887529,0.1667560044504014,0.22010892135027638,0.484868334160056,0.3326277343241848,0.1445997279997165,0.18797312001574973,0.0800373164539139,0.04205431401826307
1.0,43,scalar_gate_loglinear_lo0p1_hi3,9,0.8999999761581421,1024,0.11459951084680856,0.14148088508457946,0.20678769389574736,0.5541892202955958,0.3136396155413596,0.178127643592336,0.20229029419720423,0.08310915845506554,0.0423749312896191
1.0,43,scalar_gate_loglinear_lo0p1_hi3,10,1.0,1024,0.1156521026104145,0.1156521026104145,0.18959512909337595,0.6099951151880892,0.2899089396567651,0.19530963322996697,0.20783245859809454,0.079911406417631,0.0425421383497474
1.0,43,scalar_gate_loglinear_lo0p1_hi3,11,1.100000023841858,1024,0.11112452573049089,0.09183844703584511,0.17054459826174287,0.6515863115168433,0.2700281711763483,0.20483348300729848,0.19915526046624682,0.0745296799239459,0.040812105204534904
1.0,43,scalar_gate_loglinear_lo0p1_hi3,12,1.2000000476837158,1024,0.10882229340851948,0.07557103108340357,0.15426053929454214,0.7054447877997903,0.2517649254467103,0.21044036278030798,0.19495833248240368,0.07191896271355099,0.03864965691827936
1.0,43,scalar_gate_loglinear_lo0p1_hi3,13,1.2999999523162842,1024,0.1001206992202952,0.05924302163615759,0.13417892684246985,0.746173050987656,0.23818376759106386,0.21383724834700116,0.17452660618241417,0.06561640718617437,0.035017218346148
1.0,43,scalar_gate_loglinear_lo0p1_hi3,14,1.399999976158142,1024,0.09105912701844177,0.046458739857090425,0.11606782093640233,0.7845337862277632,0.22389406488254424,0.20052910621077227,0.15801070356733646,0.05891724895436184,0.032642319622302844
1.0,43,scalar_gate_loglinear_lo0p1_hi3,15,1.5,1024,0.0839628563740982,0.037316825055154754,0.10375389320927209,0.809250176325863,0.20903957232058337,0.1955604688960424,0.14595900650742544,0.05255980411011125,0.03038255773327609
1.0,43,scalar_gate_loglinear_lo0p1_hi3,16,1.600000023841858,1024,0.07300444809821613,0.02851736168848206,0.08690350622242646,0.8400633216266766,0.19723560665000128,0.17556378202151474,0.12431441458084751,0.0456416694713259,0.028179819206624237
1.0,43,scalar_gate_loglinear_lo0p1_hi3,17,1.7999999523162842,1024,0.05768706403002573,0.017804650335307554,0.06286463389449673,0.9176393857131131,0.17370614513193244,0.14945929322365775,0.09453816786788721,0.03610905850063593,0.022706328543949002
1.0,43,scalar_gate_loglinear_lo0p1_hi3,18,2.0,1024,0.04369723291823703,0.010924308229559258,0.04445967713251618,0.9828508827896655,0.1548214939278093,0.11773338719434456,0.06932528606081223,0.027515680545414388,0.018135361697595765
1.0,43,scalar_gate_loglinear_lo0p1_hi3,19,2.5,1024,0.020370676959504244,0.003259308313520679,0.01722458989730198,1.182650912501264,0.11751617400440259,0.05961688033949386,0.02986220502971514,0.012927541797683233,0.009811913568236713
1.0,43,scalar_gate_loglinear_lo0p1_hi3,20,3.0,1024,0.010970016809447352,0.0012188907566052613,0.007202696554818482,1.523043033391237,0.08891486384942318,0.03688895511130015,0.015985545275509563,0.006294487167879649,0.005317223570229873
1.0,43,fourier_gate_loglinear_lo0p1_hi3,0,0.10000000149011612,1024,0.02470917942262087,2.4709178686229953,0.06312809649804497,0.3914133451400058,0.9374884060320603,0.005210848231126258,0.009219155922215934,0.023828506056666348,0.06640639346777709
1.0,43,fourier_gate_loglinear_lo0p1_hi3,1,0.20000000298023224,1024,0.033441741496994984,0.8360435125088361,0.1625465845341267,0.2057363530143808,0.7629482912222554,0.016155824628699633,0.02278848599304359,0.03468950411418973,0.0572703796547814
1.0,43,fourier_gate_loglinear_lo0p1_hi3,2,0.30000001192092896,1024,0.042356324241827586,0.4706257875072175,0.22512681356151482,0.18814428886434678,0.6289218319061481,0.03151590700904522,0.04160886969776692,0.04481018320840799,0.04043745246462192
1.0,43,fourier_gate_loglinear_lo0p1_hi3,3,0.4000000059604645,1024,0.05597566864506842,0.3498479186053971,0.2528622117332959,0.22136826321881672,0.5219253234970253,0.05670096668956774,0.07038734631722238,0.05489243193457797,0.03404419255392575
1.0,43,fourier_gate_loglinear_lo0p1_hi3,4,0.5,1024,0.06848252597191777,0.2739301038876711,0.254802851762606,0.26876671708416117,0.44976369952263673,0.07880316999072068,0.0979954652741937,0.062399923693281276,0.033260106921163504
1.0,43,fourier_gate_loglinear_lo0p1_hi3,5,0.6000000238418579,1024,0.07987802834978222,0.22188339444902017,0.24635118997637317,0.32424454031434996,0.3954458409390012,0.10877276269315164,0.1234083622648042,0.06719877180618057,0.03433755147481085
1.0,43,fourier_gate_loglinear_lo0p1_hi3,6,0.699999988079071,1024,0.0929174789356096,0.18962751449053092,0.23643271873308322,0.3929975488735434,0.3590684274253427,0.13563753344063514,0.14878471974709956,0.07552603497460358,0.035565586620636046
1.0,43,fourier_gate_loglinear_lo0p1_hi3,7,0.75,1024,0.09798631191004345,0.17419788784007725,0.22897076280115233,0.42794246178556344,0.3402208046265779,0.1562365539966431,0.15855399419249266,0.0772460560343095,0.03630126444590669
1.0,43,fourier_gate_loglinear_lo0p1_hi3,8,0.800000011920929,1024,0.09887626097684153,0.1544941531720303,0.22010892135027638,0.4492151448032044,0.32562990761779204,0.15908193502835752,0.16329144721347114,0.07664332326505538,0.03490387566096113
1.0,43,fourier_gate_loglinear_lo0p1_hi3,9,0.8999999761581421,1024,0.10706016186988368,0.13217304634831528,0.20678769389574736,0.5177298506160545,0.30687772708786093,0.19125852327370405,0.17815484930025594,0.08013826582149423,0.03559767961879297
1.0,43,fourier_gate_loglinear_lo0p1_hi3,10,1.0,1024,0.10847120172839475,0.10847120172839475,0.18959512909337595,0.5721201923651345,0.28250533839358166,0.21082745449778736,0.1846904398262759,0.07705262813753144,0.034798138247982675
1.0,43,fourier_gate_loglinear_lo0p1_hi3,11,1.100000023841858,1024,0.10342294566044626,0.08547350510510945,0.17054459826174287,0.6064275662470304,0.26224604977379495,0.21836055366694276,0.1794454722558002,0.06989560793131921,0.031076392019576668
1.0,43,fourier_gate_loglinear_lo0p1_hi3,12,1.2000000476837158,1024,0.10059295877119848,0.06985621581721448,0.15426053929454214,0.6520978030494772,0.2437417463087601,0.2217474309401785,0.17535509963132534,0.0663541362247089,0.029721108990500216
1.0,43,fourier_gate_loglinear_lo0p1_hi3,13,1.2999999523162842,1024,0.09238400786930606,0.054665097423998145,0.13417892684246985,0.6885135396690697,0.23063409012336816,0.22800232248872582,0.1577292976930864,0.05935092694315903,0.025662734670574377
1.0,43,fourier_gate_loglinear_lo0p1_hi3,14,1.399999976158142,1024,0.08392851547234356,0.04282067261782237,0.11606782093640233,0.7230989157479829,0.2172151603954136,0.21132700891142048,0.14416050651249052,0.05287367025862357,0.023390783631092767
1.0,43,fourier_gate_loglinear_lo0p1_hi3,15,1.5,1024,0.07728714248630565,0.03434984110502473,0.10375389320927209,0.7449083605028404,0.2023889188799925,0.20728480935727256,0.13396470801485957,0.04652589910523246,0.02051524161350475
1.0,43,fourier_gate_loglinear_lo0p1_hi3,16,1.600000023841858,1024,0.06673424285084822,0.02606806283672377,0.08690350622242646,0.7679119721596075,0.19110793378787092,0.18415897485451177,0.11609262202249071,0.039262854676026006,0.017530850759665803
1.0,43,fourier_gate_loglinear_lo0p1_hi3,17,1.7999999523162842,1024,0.05132391472499041,0.01584071526056462,0.06286463389449673,0.8164195278878955,0.16736632785773115,0.14901657565954612,0.08835264397872902,0.029635528838547084,0.01315526443682119
1.0,43,fourier_gate_loglinear_lo0p1_hi3,18,2.0,1024,0.03802464538468982,0.009506161346172454,0.04445967713251618,0.8552613927301775,0.14931091381333855,0.12004810933542816,0.06435832180281273,0.02114280056292514,0.009416487773172158
1.0,43,fourier_gate_loglinear_lo0p1_hi3,19,2.5,1024,0.016089624868387976,0.0025743399789420764,0.01722458989730198,0.9341078634858074,0.1133385855877092,0.055589296126176094,0.027322591926022346,0.008288308838999822,0.003647282178177629
1.0,43,fourier_gate_loglinear_lo0p1_hi3,20,3.0,1024,0.0071820379374241215,0.0007980042152693468,0.007202696554818482,0.9971318217785338,0.08523492500322576,0.026053938029966396,0.011926359898420015,0.003628437010212557,0.001688013458151631
1.0,43,scalar_gate_logsigmoid_lo0p1_hi1p5_s0p75_p2,0,0.10000000149011612,1024,0.026214741532721297,2.621474075146114,0.06312809649804497,0.4152626641218803,0.9403653173164144,0.017683122703799115,0.01130757967956543,0.023226101297851368,0.06874656950835269
1.0,43,scalar_gate_logsigmoid_lo0p1_hi1p5_s0p75_p2,1,0.20000000298023224,1024,0.043541557028382326,1.088538893268571,0.1625465845341267,0.26787125151338237,0.7732759334845734,0.017064158204861297,0.02837926661559617,0.04510650674481216,0.07929437373544553
1.0,43,scalar_gate_logsigmoid_lo0p1_hi1p5_s0p75_p2,2,0.30000001192092896,1024,0.0560765832102606,0.6230730972632715,0.22512681356151482,0.24908886828328844,0.6428047603703533,0.029030353810038555,0.050479972535322715,0.06065026541471362,0.0637734413045622
1.0,43,scalar_gate_logsigmoid_lo0p1_hi1p5_s0p75_p2,3,0.4000000059604645,1024,0.07177247406420598,0.4485779495326226,0.2528622117332959,0.2838402526507493,0.5377628880512807,0.05033224915693848,0.08334389013997281,0.07435493065871347,0.05335635663207416
1.0,43,scalar_gate_logsigmoid_lo0p1_hi1p5_s0p75_p2,4,0.5,1024,0.08485645782637734,0.33942583130550935,0.254802851762606,0.33302789682054335,0.46634515292296125,0.0700063757561021,0.11781074520530296,0.08052759897138087,0.050874570421760225
1.0,43,scalar_gate_logsigmoid_lo0p1_hi1p5_s0p75_p2,5,0.6000000238418579,1024,0.0970679290708434,0.2696331148793832,0.24635118997637317,0.3940225702995504,0.4138620064915497,0.09556708855865555,0.1477239762585269,0.0846509943980374,0.05475495423011087
1.0,43,scalar_gate_logsigmoid_lo0p1_hi1p5_s0p75_p2,6,0.699999988079071,1024,0.11074186377246979,0.22600381131492916,0.23643271873308322,0.468386373789027,0.377640819672194,0.119815647444978,0.17544763414377998,0.09293946702304832,0.057921891014339345
1.0,43,scalar_gate_logsigmoid_lo0p1_hi1p5_s0p75_p2,7,0.75,1024,0.11405289244397342,0.20276069767817495,0.22897076280115233,0.4981111607817879,0.35564632622783454,0.1387217684534771,0.18103040936858383,0.09418608976057787,0.056329185821102676
1.0,43,scalar_gate_logsigmoid_lo0p1_hi1p5_s0p75_p2,8,0.800000011920929,1024,0.11411591681538999,0.1783061147101105,0.22010892135027638,0.5184520287289422,0.3396386667439647,0.13857794765624065,0.1865383030616803,0.09245386745301924,0.0536093995015798
1.0,43,scalar_gate_logsigmoid_lo0p1_hi1p5_s0p75_p2,9,0.8999999761581421,1024,0.12392633207408137,0.15299547980238884,0.20678769389574736,0.5992925871911856,0.3234539606403654,0.1663247961612687,0.20678309745856444,0.09716864505413847,0.054155308973014044
1.0,43,scalar_gate_logsigmoid_lo0p1_hi1p5_s0p75_p2,10,1.0,1024,0.12441147726041897,0.12441147726041897,0.18959512909337595,0.6561955354831194,0.29880163033297163,0.18649907245646133,0.2122293066178086,0.0931572771381906,0.05186920597789895
1.0,43,scalar_gate_logsigmoid_lo0p1_hi1p5_s0p75_p2,11,1.100000023841858,1024,0.11966716510763994,0.09889847927289935,0.17054459826174287,0.7016766659708629,0.2778202334285795,0.19281493973867234,0.20831155389863704,0.08676100331385722,0.045751654794028734
1.0,43,scalar_gate_logsigmoid_lo0p1_hi1p5_s0p75_p2,12,1.2000000476837158,1024,0.11700580155435344,0.08125402239970024,0.15426053929454214,0.7584947005205576,0.2600960093618328,0.20625502258379833,0.20462172049016641,0.08224319072609255,0.04298668600331343
1.0,43,scalar_gate_logsigmoid_lo0p1_hi1p5_s0p75_p2,13,1.2999999523162842,1024,0.10697571276606083,0.06329924296671761,0.13417892684246985,0.7972616511656377,0.2450398675885821,0.20688902755617425,0.1876593540285198,0.07286319262023151,0.03690025174475926
1.0,43,scalar_gate_logsigmoid_lo0p1_hi1p5_s0p75_p2,14,1.399999976158142,1024,0.09501709219268734,0.04847810991272974,0.11606782093640233,0.8186342383799087,0.22789190189564573,0.19147965600756905,0.16707294243533982,0.06318746636638825,0.03357274276350064
1.0,43,scalar_gate_logsigmoid_lo0p1_hi1p5_s0p75_p2,15,1.5,1024,0.08720792158206,0.038759076258693334,0.10375389320927209,0.8405267396198929,0.21298237685997345,0.18725665653689794,0.154651932596313,0.05588965644096199,0.03003827311484839
1.0,43,scalar_gate_logsigmoid_lo0p1_hi1p5_s0p75_p2,16,1.600000023841858,1024,0.07424960537675744,0.029003751235916725,0.08690350622242646,0.8543913658295695,0.19915020904345987,0.1685053970504689,0.12980255888047243,0.04707175654677816,0.02579634379801299
1.0,43,scalar_gate_logsigmoid_lo0p1_hi1p5_s0p75_p2,17,1.7999999523162842,1024,0.0568400130774506,0.017543214842266352,0.06286463389449673,0.9041651809003293,0.1725185467222203,0.13996157598849013,0.09723583844467779,0.03531780543470807,0.020152684124385437
1.0,43,scalar_gate_logsigmoid_lo0p1_hi1p5_s0p75_p2,18,2.0,1024,0.041990751181619476,0.010497687795404869,0.04445967713251618,0.9444681988234452,0.15359309727730408,0.11375228748659667,0.06882590668787394,0.02567681504006885,0.016046713313593263
1.0,43,scalar_gate_logsigmoid_lo0p1_hi1p5_s0p75_p2,19,2.5,1024,0.01911197741532514,0.0030579163864520227,0.01722458989730198,1.1095751788156534,0.11603990026648142,0.05843144138522628,0.02854802634187438,0.011588383035310805,0.0089151003315689
1.0,43,scalar_gate_logsigmoid_lo0p1_hi1p5_s0p75_p2,20,3.0,1024,0.010309896941325877,0.0011455441045917641,0.007202696554818482,1.431394042891996,0.08814507303643385,0.03254082777053324,0.013584634987858458,0.006676871652284386,0.005862385489865058
1.0,43,fourier_gate_logsigmoid_lo0p1_hi1p5_s0p75_p2,0,0.10000000149011612,1024,0.020810078877174596,2.081007825698593,0.06312809649804497,0.3296484454876454,0.9356891794421516,0.005329976935188656,0.009620638756759163,0.020089692016672277,0.052023934976469684
1.0,43,fourier_gate_logsigmoid_lo0p1_hi1p5_s0p75_p2,1,0.20000000298023224,1024,0.03303983029068868,0.8259957326506258,0.1625465845341267,0.20326376211092861,0.7626110089254086,0.01441146224677573,0.021969976344231715,0.03497333724953173,0.05576430437537895
1.0,43,fourier_gate_logsigmoid_lo0p1_hi1p5_s0p75_p2,2,0.30000001192092896,1024,0.044150416951013585,0.4905601493583767,0.22512681356151482,0.19611354264093334,0.629438827253258,0.027173954031243043,0.04006924012740959,0.04772690938516748,0.047326017063822966
1.0,43,fourier_gate_logsigmoid_lo0p1_hi1p5_s0p75_p2,3,0.4000000059604645,1024,0.058096115092564404,0.3631007085072831,0.2528622117332959,0.22975404151665313,0.5253469621930936,0.051965489794708074,0.06799782901835479,0.05792849778412415,0.044532191999631605
1.0,43,fourier_gate_logsigmoid_lo0p1_hi1p5_s0p75_p2,4,0.5,1024,0.07203205372999455,0.2881282149199782,0.254802851762606,0.28269720386452024,0.45335491308074977,0.07503550440959468,0.09703606815389794,0.06681485807838647,0.045621294616018986
1.0,43,fourier_gate_logsigmoid_lo0p1_hi1p5_s0p75_p2,5,0.6000000238418579,1024,0.08548650451088699,0.23746249365841782,0.24635118997637317,0.3470107228590442,0.40036465739890253,0.10571164213501157,0.1272234792777948,0.07317214235788849,0.046572174378753814
1.0,43,fourier_gate_logsigmoid_lo0p1_hi1p5_s0p75_p2,6,0.699999988079071,1024,0.10102057088866645,0.2061644374069524,0.23643271873308322,0.427269844165316,0.36699566418600194,0.1377748088906556,0.15722754690517932,0.08383364656299072,0.0456064176440913
1.0,43,fourier_gate_logsigmoid_lo0p1_hi1p5_s0p75_p2,7,0.75,1024,0.10625186773945991,0.18889220931459538,0.22897076280115233,0.46404120089224415,0.3482492852470399,0.1556200503306189,0.16702080044264228,0.08653718792770353,0.04526912078312707
1.0,43,fourier_gate_logsigmoid_lo0p1_hi1p5_s0p75_p2,8,0.800000011920929,1024,0.11064129678272862,0.1728770210708767,0.22010892135027638,0.5026661168660972,0.33685708101851114,0.16070500691263967,0.17662492049804213,0.08978332551649162,0.044320684889116044
1.0,43,fourier_gate_logsigmoid_lo0p1_hi1p5_s0p75_p2,9,0.8999999761581421,1024,0.12343683174468241,0.15239115837605105,0.20678769389574736,0.5969254234582908,0.32205957698858256,0.19741434065159996,0.1997007969064323,0.09721483023808858,0.04581872775597178
1.0,43,fourier_gate_logsigmoid_lo0p1_hi1p5_s0p75_p2,10,1.0,1024,0.1289597415200563,0.1289597415200563,0.18959512909337595,0.6801848873266326,0.30256676913265546,0.22043759840919708,0.2113907251384487,0.09839740091471516,0.04705247021356935
1.0,43,fourier_gate_logsigmoid_lo0p1_hi1p5_s0p75_p2,11,1.100000023841858,1024,0.12653480703251815,0.1045742161548613,0.17054459826174287,0.7419455574800393,0.2849872095076071,0.23149534474473982,0.20962365160643592,0.0938899505723637,0.043834909021569085
1.0,43,fourier_gate_logsigmoid_lo0p1_hi1p5_s0p75_p2,12,1.2000000476837158,1024,0.12400593258343554,0.08611522411689586,0.15426053929454214,0.8038733246398223,0.2670819666474249,0.23511469769489923,0.2080821857099546,0.08973160408518321,0.04229074295665287
1.0,43,fourier_gate_logsigmoid_lo0p1_hi1p5_s0p75_p2,13,1.2999999523162842,1024,0.11435665861132036,0.06766666686418657,0.13417892684246985,0.8522698854610646,0.25236884423486095,0.24099533536762313,0.18887012668051076,0.08124666199064955,0.036615659968459106
1.0,43,fourier_gate_logsigmoid_lo0p1_hi1p5_s0p75_p2,14,1.399999976158142,1024,0.10310231293377975,0.05260322267623658,0.11606782093640233,0.8882936898614919,0.23653791792556034,0.22413006923478201,0.17280851083968157,0.07109914066679346,0.03284341394245691
1.0,43,fourier_gate_logsigmoid_lo0p1_hi1p5_s0p75_p2,15,1.5,1024,0.09342733487788922,0.041523259945728544,0.10375389320927209,0.9004706424793704,0.21877420157056238,0.21946807249511963,0.1585664583510549,0.061547672915378715,0.02803609521883954
1.0,43,fourier_gate_logsigmoid_lo0p1_hi1p5_s0p75_p2,16,1.600000023841858,1024,0.07883834826533265,0.030796228873346418,0.08690350622242646,0.9071941017379515,0.20324474688661182,0.19327676506085859,0.1356486291923701,0.05016321736874389,0.022593667340198135
1.0,43,fourier_gate_logsigmoid_lo0p1_hi1p5_s0p75_p2,17,1.7999999523162842,1024,0.058465855271523315,0.01804501801517158,0.06286463389449673,0.930027769980245,0.17452893569471653,0.1563138927322415,0.10081966646911181,0.03553226426867626,0.015448180563944789
1.0,43,fourier_gate_logsigmoid_lo0p1_hi1p5_s0p75_p2,18,2.0,1024,0.04219860060791985,0.010549650151979962,0.04445967713251618,0.9491432086234683,0.15325594885599475,0.12589868615517022,0.07210169368943435,0.024209104589288166,0.010497817007141344
1.0,43,fourier_gate_logsigmoid_lo0p1_hi1p5_s0p75_p2,19,2.5,1024,0.01665765173337304,0.0026652242773396863,0.01722458989730198,0.9670855348481913,0.11400319441746408,0.056929110187284096,0.028456309889525563,0.008632691590971424,0.0036257430748907324
1.0,43,fourier_gate_logsigmoid_lo0p1_hi1p5_s0p75_p2,20,3.0,1024,0.0073683742573049296,0.0008187082508116588,0.007202696554818482,1.0230021772020386,0.08519536950163015,0.026357212924581024,0.012441913694430696,0.0037111657035379976,0.0016155149792697113
1.0,43,score,0,0.10000000149011612,1024,0.030371667983284036,3.0371667078137814,0.06312809649804497,0.4811117342057767,0.9439135880160433,0.01390623358113793,0.01763479901623344,0.026723618639629874,0.07594397389081531
1.0,43,score,1,0.20000000298023224,1024,0.05517958706887624,1.379489635609911,0.1625465845341267,0.3394693725926383,0.7849514207564859,0.016806408000370122,0.03370151146979607,0.061568562455907264,0.09054513615429388
1.0,43,score,2,0.30000001192092896,1024,0.07000071280929421,0.7777856360681968,0.22512681356151482,0.31093902899383796,0.6566438780090198,0.03366834368758577,0.06132320307240681,0.0797749402873007,0.0686871869366853
1.0,43,score,3,0.4000000059604645,1024,0.08285796652157433,0.517862275326341,0.2528622117332959,0.32768030443777024,0.5477180646879101,0.060702940425360195,0.09313927033100364,0.08849170910860481,0.05560541336281502
1.0,43,score,4,0.5,1024,0.09055652786166951,0.36222611144667805,0.254802851762606,0.3553984079661674,0.47294864378337315,0.08204951321566557,0.11724537166530727,0.0902662041964843,0.04893259197145981
1.0,43,score,5,0.6000000238418579,1024,0.09393265888535317,0.260924031722935,0.24635118997637317,0.3812957383902305,0.40898716047234246,0.10774436102312956,0.13903748024523277,0.08316038317311984,0.046768405748573064
1.0,43,score,6,0.699999988079071,1024,0.09943197771282047,0.20292241040704803,0.23643271873308322,0.4205508368115182,0.36581927565848826,0.13521896783936677,0.15501164417248914,0.08184246077704438,0.04719130680492697
1.0,43,score,7,0.75,1024,0.1022759424387074,0.18182389766881316,0.22897076280115233,0.44667686471188484,0.34452453344720324,0.15469739381758021,0.16106387728642751,0.08135843960859154,0.04766270707938001
1.0,43,score,8,0.800000011920929,1024,0.1007042226838173,0.15735034325405883,0.22010892135027638,0.4575199499685834,0.3276402929169864,0.15717438370661113,0.16122987458284027,0.07836944619348321,0.046106574369708685
1.0,43,score,9,0.8999999761581421,1024,0.10392493057673362,0.12830239022577133,0.20678769389574736,0.5025682554839442,0.30292637894250535,0.182946969479999,0.16815610645674559,0.0773061576458716,0.04639484958259929
1.0,43,score,10,1.0,1024,0.10498753053313709,0.10498753053313709,0.18959512909337595,0.5537459270983198,0.2792319142148556,0.1999362472493434,0.17155142694990722,0.07504798946746544,0.04700736053130185
1.0,43,score,11,1.100000023841858,1024,0.10160863324774287,0.08397407342407222,0.17054459826174287,0.5957892204348759,0.26018237967945756,0.20578634099822563,0.1633964137227908,0.0712093990755552,0.04872873719232085
1.0,43,score,12,1.2000000476837158,1024,0.10043933174342506,0.06974953038973931,0.15426053929454214,0.6511019098127754,0.24372722574028582,0.20980429886228405,0.15700837130775402,0.07075641696804702,0.05124929104779122
1.0,43,score,13,1.2999999523162842,1024,0.09441155839670806,0.05586483155189295,0.13417892684246985,0.7036243366855223,0.2324209151215909,0.2114855083720708,0.1413505674047451,0.06642157239478626,0.05166329507003412
1.0,43,score,14,1.399999976158142,1024,0.089923986588074,0.0458795865565647,0.11606782093640233,0.77475381085466,0.2229092264359318,0.19298671647580273,0.12917429034289907,0.06525000034656271,0.05610143355424505
1.0,43,score,15,1.5,1024,0.08802599724173828,0.039122665440772565,0.10375389320927209,0.8484115103439004,0.2124681068262667,0.18890556575322676,0.12234600982407969,0.06530391529948182,0.05680741303749554
1.0,43,score,16,1.600000023841858,1024,0.08379589701987375,0.03273277129787557,0.08690350622242646,0.9642406924917518,0.20856027859894938,0.1715683163002091,0.10854610999270031,0.06519110812275863,0.06131782130154178
1.0,43,score,17,1.7999999523162842,1024,0.08245367292257784,0.025448665830595924,0.06286463389449673,1.3116066668097779,0.19818615457360153,0.14721208221078946,0.09469784761175411,0.06993098679786486,0.07201728256395157
1.0,43,score,18,2.0,1024,0.08429060865906544,0.02107265216476636,0.04445967713251618,1.8958889064315398,0.19671279743955913,0.1328479644515384,0.08660697416865776,0.07714581695514912,0.08018775208321137
1.0,43,score,19,2.5,1024,0.10532552355487353,0.016852083768779766,0.01722458989730198,6.114834906540879,0.20237363430539057,0.1263448077043477,0.09942095619687857,0.10559860927951314,0.10311349492629601
1.0,43,score,20,3.0,1024,0.1530740619267949,0.01700822910297721,0.007202696554818482,21.252326925308406,0.23119095728061662,0.15950030383410602,0.13580365043134643,0.15670058765046135,0.1665066730141239
1.0,43,scalar_gaussian,0,0.10000000149011612,1024,0.02407751306972793,2.407751235216214,0.06312809649804497,0.3814072402844206,0.9385346920256088,0.018141751293421333,0.013950684416313787,0.023418998352989124,0.04786613170364779
1.0,43,scalar_gaussian,1,0.20000000298023224,1024,0.047995891275723214,1.1998972461333555,0.1625465845341267,0.2952746833363728,0.7785337871495157,0.016699846468097038,0.033412506013408325,0.05480594707827869,0.06558172360331024
1.0,43,scalar_gaussian,2,0.30000001192092896,1024,0.0676991673502509,0.752212910777831,0.22512681356151482,0.30071570009474874,0.6538205609174246,0.02619382545535614,0.06281538758377295,0.07766179116598503,0.06180338690615772
1.0,43,scalar_gaussian,3,0.4000000059604645,1024,0.08844433874528942,0.5527771006840174,0.2528622117332959,0.3497728590564385,0.5545621474525189,0.04487105500362719,0.10243185990213852,0.09604527497727317,0.059070366335431466
1.0,43,scalar_gaussian,4,0.5,1024,0.10316828169529763,0.4126731267811905,0.254802851762606,0.4048945330934411,0.4841133093349508,0.06205119406090591,0.13612822963898413,0.10560152673614387,0.058223386104653496
1.0,43,scalar_gaussian,5,0.6000000238418579,1024,0.11306698237966059,0.3140749260941797,0.24635118997637317,0.45896665808882237,0.4300083204373131,0.08618805509918286,0.1640208769538488,0.10712343425650094,0.059868422313305726
1.0,43,scalar_gaussian,6,0.699999988079071,1024,0.12484871225161186,0.25479329898761993,0.23643271873308322,0.5280517557832498,0.39236822431694474,0.11124250571273583,0.189558543937353,0.11341360950065636,0.06056729216883509
1.0,43,scalar_gaussian,7,0.75,1024,0.1285545090983812,0.22854134950823324,0.22897076280115233,0.5614450837551834,0.37076260342610934,0.1260798079044421,0.19884765425465933,0.11382502401683453,0.06060847312525148
1.0,43,scalar_gaussian,8,0.800000011920929,1024,0.12848534901647352,0.2007583518551747,0.22010892135027638,0.58373530808415,0.35473211817801964,0.13410184003873393,0.20338795365989,0.11121103539956541,0.057463408301908186
1.0,43,scalar_gaussian,9,0.8999999761581421,1024,0.13323911594139848,0.16449274444526066,0.20678769389574736,0.6443280711306321,0.33200077334799966,0.1596846546304855,0.2145064060486831,0.1114858724880343,0.05625088730277531
1.0,43,scalar_gaussian,10,1.0,1024,0.13215738512188768,0.13215738512188768,0.18959512909337595,0.6970505294827481,0.3058779568917529,0.18412346207937708,0.21799323217832486,0.10395865832835643,0.057218804376289976
1.0,43,scalar_gaussian,11,1.100000023841858,1024,0.12491847701339936,0.10323840627961108,0.17054459826174287,0.7324680950708334,0.2836044489608114,0.19471033691822898,0.207409718924636,0.09462358615061635,0.05394149026125366
1.0,43,scalar_gaussian,12,1.2000000476837158,1024,0.12074633789367482,0.08385161687334627,0.15426053929454214,0.7827428741392124,0.26342499082668,0.2039285180933857,0.20033810809775854,0.08994513696229593,0.04939762760511809
1.0,43,scalar_gaussian,13,1.2999999523162842,1024,0.10945003682975415,0.06476334015323162,0.13417892684246985,0.815702133005221,0.2468681739820702,0.20775408671674164,0.17973597110498296,0.07941077929140407,0.04336554332589916
1.0,43,scalar_gaussian,14,1.399999976158142,1024,0.09823225968282623,0.05011850154520262,0.11606782093640233,0.8463350038823522,0.23122591157924213,0.1987309971309982,0.16001646844059247,0.06966736537466449,0.0404728573619795
1.0,43,scalar_gaussian,15,1.5,1024,0.09119826455135167,0.04053256202282297,0.10375389320927209,0.8789864334768079,0.216322574143854,0.1992472320092781,0.1496192610293098,0.06211085687363423,0.03719727345195505
1.0,43,scalar_gaussian,16,1.600000023841858,1024,0.0784763418084067,0.030654820105324027,0.08690350622242646,0.9030284877982859,0.20314348877355917,0.17855840338191917,0.125884095693217,0.05350501096346183,0.03293088388658421
1.0,43,scalar_gaussian,17,1.7999999523162842,1024,0.061939228660543695,0.019117046895741435,0.06286463389449673,0.9852793983417432,0.1769299120347133,0.15259883770779298,0.09634062728848014,0.04162341688046823,0.02716335946491439
1.0,43,scalar_gaussian,18,2.0,1024,0.04720355946958131,0.011800889867395328,0.04445967713251618,1.0617162002523486,0.15885369947029482,0.12727950355171275,0.07013062520376277,0.031403676950621906,0.021646140968143445
1.0,43,scalar_gaussian,19,2.5,1024,0.024138788915744943,0.003862206226519191,0.01722458989730198,1.4014144348090392,0.12113319873280637,0.07369337534694545,0.03157529858412027,0.016146587004435876,0.013580764264022795
1.0,43,scalar_gaussian,20,3.0,1024,0.016491600823564233,0.001832400091507137,0.007202696554818482,2.2896425939992753,0.0951413114494915,0.045596607007184,0.017607770440792796,0.012810141448668776,0.012245586818307555
1.0,43,fourier_gaussian,0,0.10000000149011612,1024,0.05208173388665156,5.2081732334494975,0.06312809649804497,0.8250167005790281,0.9665804340784006,0.0053334824525999875,0.01655638396350552,0.05854086211465599,0.11680801124092313
1.0,43,fourier_gaussian,1,0.20000000298023224,1024,0.12539465184660983,3.134866202738952,0.1625465845341267,0.7714382446484638,0.8548731185167967,0.016466521412506974,0.053145152342663995,0.15219861835336856,0.21309440551370432
1.0,43,fourier_gaussian,2,0.30000001192092896,1024,0.1735378076284248,1.9281977092986642,0.22512681356151482,0.7708446847492311,0.7595248137725346,0.033647660794264705,0.10014290617676871,0.215416059628796,0.22352765089338897
1.0,43,fourier_gaussian,3,0.4000000059604645,1024,0.194224834858383,1.2139051816876998,0.2528622117332959,0.7681054180734598,0.6591026635990331,0.06128082479144035,0.14955853937632357,0.23475984371196446,0.1943571100834825
1.0,43,fourier_gaussian,4,0.5,1024,0.1951293782519494,0.7805175130077976,0.254802851762606,0.7658053153727926,0.5780482810870162,0.08234609146236167,0.18512874957128447,0.2255006681731911,0.16082967108710067
1.0,43,fourier_gaussian,5,0.6000000238418579,1024,0.18879495081437592,0.5244303772508394,0.24635118997637317,0.7663650856830961,0.5042013640273615,0.1121180286036733,0.21066165228790634,0.2045730096604103,0.13291310489347122
1.0,43,fourier_gaussian,6,0.699999988079071,1024,0.18270345633461474,0.3728642093009337,0.23643271873308322,0.7727503084751767,0.4483972594052158,0.13678355194707492,0.22785475838249872,0.1871087473971214,0.1113033222286513
1.0,43,fourier_gaussian,7,0.75,1024,0.17639003359191216,0.31358228194117715,0.22897076280115233,0.7703605099359194,0.41793010143216014,0.1552015352077829,0.23084216680363925,0.17448971257834603,0.09853661970238566
1.0,43,fourier_gaussian,8,0.800000011920929,1024,0.16946862203352536,0.2647947140358859,0.22010892135027638,0.7699307279046487,0.39650624618756075,0.15751221684430466,0.22849772939289534,0.16517038380228777,0.08740822292888804
1.0,43,fourier_gaussian,9,0.8999999761581421,1024,0.1604006812736573,0.19802554292838462,0.20678769389574736,0.7756780795404769,0.36046433475281126,0.18217086166322155,0.2336899604180186,0.14545630980331847,0.07447059924409276
1.0,43,fourier_gaussian,10,1.0,1024,0.1511274001820364,0.1511274001820364,0.18959512909337595,0.7971059219965819,0.32478698277223117,0.20292203482398713,0.23055714184363818,0.12898632556089115,0.06478823321798732
1.0,43,fourier_gaussian,11,1.100000023841858,1024,0.13665351415494553,0.11293678366212845,0.17054459826174287,0.8012772937271042,0.29555967823751206,0.20958243508624474,0.21694094569964284,0.11029316581057347,0.05298777352572317
1.0,43,fourier_gaussian,12,1.2000000476837158,1024,0.12465303418176542,0.08656460019113396,0.15426053929454214,0.8080681861467843,0.2675264460387242,0.21409068973187356,0.20245274771779087,0.09587514815517255,0.04537130424589994
1.0,43,fourier_gaussian,13,1.2999999523162842,1024,0.10745741264315006,0.06358427250069781,0.13417892684246985,0.8008516327553308,0.24600940975385827,0.2099769640141509,0.17493286813027675,0.07946441445675448,0.03629706749741887
1.0,43,fourier_gaussian,14,1.399999976158142,1024,0.09344530197547762,0.047676176101125366,0.11606782093640233,0.8050922402228918,0.22698483063420294,0.19463835325020334,0.15473585783362545,0.06636308026399186,0.030576567318424605
1.0,43,fourier_gaussian,15,1.5,1024,0.0837393996534899,0.03721751095710662,0.10375389320927209,0.8070964574272614,0.20930934683329921,0.1893405392977437,0.1421393328296056,0.056222446065996266,0.025202932201896892
1.0,43,fourier_gaussian,16,1.600000023841858,1024,0.07158100058150331,0.027961327518837228,0.08690350622242646,0.8236836888755014,0.19642950734291187,0.17027866859947113,0.12205832944872902,0.046628540259358614,0.0212763393578888
1.0,43,fourier_gaussian,17,1.7999999523162842,1024,0.051957024002667516,0.01603611936896599,0.06286463389449673,0.8264905207252932,0.16820760578293092,0.1362949509834069,0.08840971061837594,0.03234672087378955,0.014381211294536341
1.0,43,fourier_gaussian,18,2.0,1024,0.036426877886611954,0.009106719471652988,0.04445967713251618,0.8193239410632307,0.1479849059770596,0.10910497960470311,0.06155629378490045,0.021109469104862038,0.009241404066214792
1.0,43,fourier_gaussian,19,2.5,1024,0.014285422312107046,0.0022856675699371273,0.01722458989730198,0.8293621152829119,0.11156780592103617,0.047614434982293806,0.024045169159262685,0.007675588204280427,0.0033891275077382785
1.0,43,fourier_gaussian,20,3.0,1024,0.0064245398365980946,0.0007138377596220105,0.007202696554818482,0.8919631401520292,0.08396318252700194,0.023772101503809706,0.010329461062497592,0.003322952821860044,0.001562029897780732
1.0,43,scalar_normalized,0,0.10000000149011612,1024,0.03561515688051532,3.561515581910096,0.06312809649804497,0.5641728304229527,0.949562133815284,0.0386260536307087,0.019292146739072733,0.03310733309536464,0.07243512212576404
1.0,43,scalar_normalized,1,0.20000000298023224,1024,0.06072572635233791,1.518143113564257,0.1625465845341267,0.3735896790842045,0.7907534840928381,0.019213707185345853,0.03983091796521454,0.06874001340431984,0.09065808971473227
1.0,43,scalar_normalized,2,0.30000001192092896,1024,0.08231416032474423,0.9146017087000322,0.22512681356151482,0.36563463508647,0.6702903737599413,0.03067477416953982,0.07256186493800906,0.09477381856256437,0.0812703022000666
1.0,43,scalar_normalized,3,0.4000000059604645,1024,0.09943388340050546,0.6214617527321555,0.2528622117332959,0.3932334638652233,0.56378738648373,0.04369442010168383,0.10868519266676108,0.1103842363038,0.07258548001406157
1.0,43,scalar_normalized,4,0.5,1024,0.11013087944357947,0.44052351777431786,0.254802851762606,0.43221996410850966,0.49125649053383935,0.05871951655103578,0.13978993506433907,0.1157486221225886,0.06474295427071894
1.0,43,scalar_normalized,5,0.6000000238418579,1024,0.11628177332989492,0.32300490024625117,0.24635118997637317,0.4720162843177139,0.4328377008502808,0.07824207608275968,0.16593803982216704,0.11272641716029844,0.06256847689940652
1.0,43,scalar_normalized,6,0.699999988079071,1024,0.12382603116425303,0.2527061946566176,0.23643271873308322,0.5237262923159309,0.39093215502646994,0.10099644637536405,0.1860013433807421,0.11456049127121427,0.06097839614691284
1.0,43,scalar_normalized,7,0.75,1024,0.1272072141638635,0.2261461585135351,0.22897076280115233,0.5555609485143546,0.36915074579846385,0.11407208943440664,0.19592982679169973,0.11449309374858016,0.060362093688478814
1.0,43,scalar_normalized,8,0.800000011920929,1024,0.12356536155016015,0.19307087166816483,0.22010892135027638,0.5613827953548554,0.3488933120430767,0.1143869327835613,0.19356717518666103,0.10989056459687903,0.055877164001331164
1.0,43,scalar_normalized,9,0.8999999761581421,1024,0.12584006715601478,0.1553581158311873,0.20678769389574736,0.6085471760203363,0.3249480133788758,0.14164092281103105,0.20283258894171527,0.1066344950304166,0.052740603314242705
1.0,43,scalar_normalized,10,1.0,1024,0.1243485245067176,0.1243485245067176,0.18959512909337595,0.6558634976612491,0.2978539253453121,0.16106181377555656,0.20705873553708926,0.09892289377142995,0.05296426030334435
1.0,43,scalar_normalized,11,1.100000023841858,1024,0.11604197842566147,0.09590245735155152,0.17054459826174287,0.6804201341373847,0.2747923501773619,0.17033157130838125,0.19520506317683245,0.08910597393251123,0.04690495979619194
1.0,43,scalar_normalized,12,1.2000000476837158,1024,0.111117374935267,0.07716483757253609,0.15426053929454214,0.7203227438684211,0.25386694973105595,0.17575758819032244,0.18734205604149098,0.08322387010685114,0.04507106384540904
1.0,43,scalar_normalized,13,1.2999999523162842,1024,0.10014013759749132,0.059254523635342275,0.13417892684246985,0.7463179200639971,0.23809911129747063,0.1779931575831163,0.16801671428690276,0.07302322896167458,0.03866064500405379
1.0,43,scalar_normalized,14,1.399999976158142,1024,0.0879280971261941,0.044861275571942506,0.11606782093640233,0.7575579210225116,0.2211421479464714,0.1673861871535175,0.14602843444498828,0.06289684669727542,0.03505772683129538
1.0,43,scalar_normalized,15,1.5,1024,0.08070512107206873,0.03586894269869721,0.10375389320927209,0.7778514962256513,0.20605897806806314,0.16788716629004674,0.1352718794052381,0.05537494642239407,0.03095485203521745
1.0,43,scalar_normalized,16,1.600000023841858,1024,0.06858036676909623,0.02678920497079769,0.08690350622242646,0.789155348848264,0.19355628476225847,0.14674037104175602,0.11379645033155295,0.046797831587122946,0.0270635709718169
1.0,43,scalar_normalized,17,1.7999999523162842,1024,0.05331070094155944,0.01645392091545127,0.06286463389449673,0.8480237239753708,0.1688392373457992,0.1264018266266188,0.08609804693047873,0.03539533774302613,0.022096165886240176
1.0,43,scalar_normalized,18,2.0,1024,0.03917569940482868,0.00979392485120717,0.04445967713251618,0.8811512348158058,0.151426427753424,0.10104937716236966,0.0605349755918137,0.02573535212002119,0.0176040327274942
1.0,43,scalar_normalized,19,2.5,1024,0.01814030472028075,0.00290244875524492,0.01722458989730198,1.0531632293389002,0.1148909211771916,0.052005250586294405,0.02505952280158379,0.012093024449670382,0.009870894783595836
1.0,43,scalar_normalized,20,3.0,1024,0.01030849467801537,0.0011453882975572633,0.007202696554818482,1.4311993570129178,0.08853208771531691,0.030118730116768404,0.012105994900295255,0.007451615007695328,0.006899908904752937
1.0,43,fourier_normalized,0,0.10000000149011612,1024,0.043770227193153655,4.377022588869926,0.06312809649804497,0.6933557262337093,0.9569206211493595,0.00733272912461821,0.017934227054249855,0.048720622507689604,0.09124245517881097
1.0,43,fourier_normalized,1,0.20000000298023224,1024,0.08956593349739991,2.2391482707031787,0.1625465845341267,0.5510170130864578,0.8191073825358459,0.01321932385802684,0.04545151264115478,0.10927024050137636,0.13596786058202096
1.0,43,fourier_normalized,2,0.30000001192092896,1024,0.11719963232588691,1.302218033463306,0.22512681356151482,0.520593839853122,0.7031288913379627,0.02621447471737475,0.08277740552710688,0.1441375870835709,0.12717640511052983
1.0,43,fourier_normalized,3,0.4000000059604645,1024,0.1295591122059376,0.8097444271548454,0.2528622117332959,0.5123703985575705,0.5943161142330001,0.04174885969357693,0.1195488062380495,0.1538746089772563,0.10428014196406854
1.0,43,fourier_normalized,4,0.5,1024,0.13845560874117907,0.5538224349647163,0.254802851762606,0.5433832776337018,0.5211528019196179,0.05918673498422289,0.15330423834441648,0.15516966191403983,0.09295432954736983
1.0,43,fourier_normalized,5,0.6000000238418579,1024,0.128070105690247,0.3557502653115279,0.24635118997637317,0.5198680213500484,0.445511571281719,0.07797854388536113,0.16569412441209502,0.1326044235609609,0.0718819614536457
1.0,43,fourier_normalized,6,0.699999988079071,1024,0.1289564332549949,0.2631764033616836,0.23643271873308322,0.5454254975622816,0.3957685814624065,0.09923053135599803,0.18320794919742678,0.12483678708224343,0.0645867915093978
1.0,43,fourier_normalized,7,0.75,1024,0.12391525683557535,0.22029378992991172,0.22897076280115233,0.5411837534174111,0.3661468783635927,0.11013602545748813,0.1832870706770958,0.11602575661145771,0.0558252727295874
1.0,43,fourier_normalized,8,0.800000011920929,1024,0.11803328437317706,0.18442700133673617,0.22010892135027638,0.5362494334581811,0.3446914858142639,0.10802513473437955,0.17927646748464454,0.10888138411968197,0.049290442931992834
1.0,43,fourier_normalized,9,0.8999999761581421,1024,0.11758865536562871,0.14517118715518532,0.20678769389574736,0.5686443576517246,0.3168448257823384,0.13036429590493517,0.1898195667803849,0.10110404545724158,0.044355761093687815
1.0,43,fourier_normalized,10,1.0,1024,0.11188451244734818,0.11188451244734818,0.18959512909337595,0.5901233485394282,0.28565817184123826,0.14958327737294455,0.18753802151441398,0.08982665886151474,0.03977529602704848
1.0,43,fourier_normalized,11,1.100000023841858,1024,0.10192652398461415,0.08423679302993262,0.17054459826174287,0.5976531946686618,0.2607070603360978,0.15830052583853438,0.17508247495693302,0.07747396021365736,0.03292896213859506
1.0,43,fourier_normalized,12,1.2000000476837158,1024,0.09183743258038449,0.06377598977902883,0.15426053929454214,0.5953397609030255,0.23450124031394087,0.15941173246045884,0.16068407713252197,0.06640248567615727,0.027989697303623787
1.0,43,fourier_normalized,13,1.2999999523162842,1024,0.08063545080075506,0.047713287997714085,0.13417892684246985,0.6009546558337252,0.21915263617860797,0.15761864457653613,0.14076453195414695,0.05626504054228286,0.023036859851297203
1.0,43,fourier_normalized,14,1.399999976158142,1024,0.0711873862704327,0.03632009627299015,0.11606782093640233,0.6133257753623098,0.20514070532866766,0.14840515412911975,0.12671978403437553,0.0473550009659128,0.019597819252339
1.0,43,fourier_normalized,15,1.5,1024,0.06395100528630678,0.028422669016136343,0.10375389320927209,0.6163721023684123,0.18884644821706598,0.14813259011553798,0.11458796129571408,0.04031138794927682,0.016467424082122928
1.0,43,fourier_normalized,16,1.600000023841858,1024,0.05288109373332528,0.020656676623963248,0.08690350622242646,0.6085035694414674,0.17771929179189144,0.12654231167069518,0.09609849200348314,0.0322632692850084,0.013016823648147414
1.0,43,fourier_normalized,17,1.7999999523162842,1024,0.03883606923593203,0.011986441757265771,0.06286463389449673,0.6177729325698309,0.15438956866395168,0.1033110236660609,0.06981804881920155,0.022660456265017972,0.00904544651683444
1.0,43,fourier_normalized,18,2.0,1024,0.02723485140645043,0.0068087128516126074,0.04445967713251618,0.6125742057297096,0.13872063326928455,0.0830347706067919,0.04852712655468294,0.014690833645618498,0.005770474239212467
1.0,43,fourier_normalized,19,2.5,1024,0.011735177652133983,0.0018776284243414373,0.01722458989730198,0.6813037478455236,0.10923730990882952,0.039343734822478715,0.020568585941362454,0.005977274028684368,0.0024453337319015195
1.0,43,fourier_normalized,20,3.0,1024,0.005286435548508057,0.0005873817276120063,0.007202696554818482,0.7339522786048124,0.08296507635436073,0.019625368056044427,0.00897468713870029,0.002555253799324533,0.00108126793645053
1.0,43,scalar_gate_s1p5_p4,0,0.10000000149011612,1024,0.021591289358579638,2.1591288715109087,0.06312809649804497,0.3420234500377863,0.935851567847181,0.01659687371417502,0.011246484309044524,0.018347378254905327,0.05501150452963649
1.0,43,scalar_gate_s1p5_p4,1,0.20000000298023224,1024,0.039822046605681886,0.995551135472311,0.1625465845341267,0.24498851649092163,0.7700806005342495,0.018140770357120986,0.029019182272661082,0.04028003477233145,0.06934211470624324
1.0,43,scalar_gate_s1p5_p4,2,0.30000001192092896,1024,0.04959436035245861,0.5510484045672578,0.22512681356151482,0.22029521747264988,0.636217335578654,0.0319270244466017,0.04869784752007879,0.05234944452274715,0.05059525180329764
1.0,43,scalar_gate_s1p5_p4,3,0.4000000059604645,1024,0.0597936004078659,0.37370999141173616,0.2528622117332959,0.2364671257045424,0.5259725646545085,0.05426854508206438,0.07264642806717311,0.05992357882837454,0.03952257460595473
1.0,43,scalar_gate_s1p5_p4,4,0.5,1024,0.06699076853744745,0.2679630741497898,0.254802851762606,0.2629121615948837,0.4483694102953072,0.07795249347646663,0.0934187663912103,0.061038609031389975,0.03640374996529772
1.0,43,scalar_gate_s1p5_p4,5,0.6000000238418579,1024,0.07513202475377823,0.20870005217450477,0.24635118997637317,0.30497934579079533,0.3908290579704177,0.1083031642005845,0.11512903889507207,0.061404962098861066,0.03745560328405052
1.0,43,scalar_gate_s1p5_p4,6,0.699999988079071,1024,0.08650344082469441,0.1765376403489472,0.23643271873308322,0.3658691626447481,0.3527151544012189,0.14274081966315616,0.13752115260363704,0.06612627040477312,0.041542719893798215
1.0,43,scalar_gate_s1p5_p4,7,0.75,1024,0.09226415322277046,0.16402516128492525,0.22897076280115233,0.40295167860752795,0.33487475564672575,0.163467183112133,0.14670240016181052,0.06898358355866542,0.04387662745700585
1.0,43,scalar_gate_s1p5_p4,8,0.800000011920929,1024,0.09435697171131466,0.14743276390509036,0.22010892135027638,0.42868308623055357,0.32086363140696683,0.16625811197128285,0.15371267553469045,0.06917960425359848,0.044005141832258815
1.0,43,scalar_gate_s1p5_p4,9,0.8999999761581421,1024,0.10306631408660619,0.12724236981142742,0.20678769389574736,0.49841609113629065,0.302455945003494,0.19974134034305016,0.1687473380898808,0.072776453707166,0.04702006270508981
1.0,43,scalar_gate_s1p5_p4,10,1.0,1024,0.10797155142138179,0.10797155142138179,0.18959512909337595,0.5694848382323451,0.2819781143651082,0.21760597562423373,0.17930657917153203,0.0738039892679585,0.04932316788801824
1.0,43,scalar_gate_s1p5_p4,11,1.100000023841858,1024,0.10770700566882747,0.08901405041310304,0.17054459826174287,0.6315474472168531,0.2664749506834531,0.22679846163363812,0.17624034123331975,0.07313686371633586,0.05030635872758144
1.0,43,scalar_gate_s1p5_p4,12,1.2000000476837158,1024,0.10652971626323365,0.07397896374792567,0.15426053929454214,0.6905830664822702,0.24891827349676476,0.22930801923496272,0.1763348728433678,0.07103450155764184,0.048314525135381405
1.0,43,scalar_gate_s1p5_p4,13,1.2999999523162842,1024,0.10032140690747907,0.059361783589949126,0.13417892684246985,0.7476688722161227,0.23856960920756687,0.23430766296998176,0.16063105638675795,0.06682051872517349,0.04522635426496954
1.0,43,scalar_gate_s1p5_p4,14,1.399999976158142,1024,0.09255914471457387,0.04722405503424471,0.11606782093640233,0.7974574172913119,0.22615812097804208,0.21693130224196416,0.14789575810391214,0.06140606591393177,0.04277670886518145
1.0,43,scalar_gate_s1p5_p4,15,1.5,1024,0.08664932183147783,0.03851080970287904,0.10375389320927209,0.8351428476684315,0.21165968369021326,0.22101309825982404,0.13680504606706956,0.056131646947746715,0.03812604140210677
1.0,43,scalar_gate_s1p5_p4,16,1.600000023841858,1024,0.07685212907756549,0.030020362026247506,0.08690350622242646,0.8843386466003474,0.20162081786513023,0.2033364395401815,0.11916320473444462,0.049549130021877434,0.03450804075203748
1.0,43,scalar_gate_s1p5_p4,17,1.7999999523162842,1024,0.062071428281490204,0.019157849250047203,0.06286463389449673,0.9873823235121717,0.17852942326708965,0.17950045685227728,0.09286014093505093,0.03944585545577346,0.027571976144097163
1.0,43,scalar_gate_s1p5_p4,18,2.0,1024,0.04898503278111322,0.012246258195278305,0.04445967713251618,1.1017856165511233,0.16053997616130306,0.1667205931085264,0.06858793938840607,0.029884729475801022,0.020883477784098062
1.0,43,scalar_gate_s1p5_p4,19,2.5,1024,0.02467840390365946,0.0039485446245855135,0.01722458989730198,1.4327426110461432,0.12210093115386128,0.10294082469592684,0.030118901790495936,0.014316077736721172,0.010673850517568485
1.0,43,scalar_gate_s1p5_p4,20,3.0,1024,0.014280091097659809,0.0015866767886288677,0.007202696554818482,1.98260345815994,0.09278021470007186,0.06724658625147849,0.015290225907369743,0.007882530763037512,0.007227026503516
1.0,43,fourier_gate_s1p5_p4,0,0.10000000149011612,1024,0.021127053454530413,2.1127052824895167,0.06312809649804497,0.3346695786270809,0.9357426886196675,0.007082514076351185,0.008825660138746121,0.019227605793042266,0.05797441016942398
1.0,43,fourier_gate_s1p5_p4,1,0.20000000298023224,1024,0.038231265335090234,0.9557816048927441,0.1625465845341267,0.23520189885665402,0.7684667555112389,0.022266545319057543,0.028365371845098006,0.03872235776902486,0.06278468235356377
1.0,43,fourier_gate_s1p5_p4,2,0.30000001192092896,1024,0.0482718191394928,0.5363535033688168,0.22512681356151482,0.21442056757180886,0.6339984378407051,0.038529951189485837,0.04771509913491702,0.05052155054951943,0.04617470712641967
1.0,43,fourier_gate_s1p5_p4,3,0.4000000059604645,1024,0.05830908948699244,0.3644317984327887,0.2528622117332959,0.2305962962488575,0.5240726400159299,0.058866034171455375,0.07196417270096453,0.05743014450630333,0.037044431097832585
1.0,43,fourier_gate_s1p5_p4,4,0.5,1024,0.06563978052147486,0.26255912208589943,0.254802851762606,0.257610070167621,0.44733322433437145,0.07800684818534782,0.09215631966380289,0.05941098639069057,0.03515967339370293
1.0,43,fourier_gate_s1p5_p4,5,0.6000000238418579,1024,0.07329957272485328,0.2036099080542416,0.24635118997637317,0.29754097283590647,0.3885952248185334,0.1035046644647252,0.11285503620562976,0.05958516174212052,0.03800813928275673
1.0,43,fourier_gate_s1p5_p4,6,0.699999988079071,1024,0.08383777590795392,0.17109750768051352,0.23643271873308322,0.3545946447564272,0.35008149861537324,0.13047653705292356,0.13306550685179938,0.06514892948536913,0.04101369563478813
1.0,43,fourier_gate_s1p5_p4,7,0.75,1024,0.08892263475234422,0.1580846840041675,0.22897076280115233,0.38835803167397537,0.33112408071805965,0.14871974255957224,0.14171736305318633,0.06777683238975053,0.04172886680551894
1.0,43,fourier_gate_s1p5_p4,8,0.800000011920929,1024,0.08946566980593389,0.1397901049057019,0.22010892135027638,0.40646089789136824,0.3155458316520589,0.15284235850894692,0.1449267984169456,0.06653093821582766,0.042301155669529376
1.0,43,fourier_gate_s1p5_p4,9,0.8999999761581421,1024,0.09842530670622923,0.12151273076665411,0.20678769389574736,0.475972746984889,0.29786600179614015,0.18545033168584518,0.16045522236750803,0.07103497532540508,0.04327725020283811
1.0,43,fourier_gate_s1p5_p4,10,1.0,1024,0.10314041678396327,0.10314041678396327,0.18959512909337595,0.5440035156871906,0.2763476246142363,0.20848218429595114,0.17099698726632445,0.07082243762810225,0.04607345300858065
1.0,43,fourier_gate_s1p5_p4,11,1.100000023841858,1024,0.1021341624038845,0.08440839502189086,0.17054459826174287,0.5988706968433815,0.26107183097840714,0.22227849026664154,0.16932859403668832,0.06847587305229665,0.04308408379447801
1.0,43,fourier_gate_s1p5_p4,12,1.2000000476837158,1024,0.10116942124909563,0.07025653695060617,0.15426053929454214,0.6558347436859705,0.24413528197634687,0.22883321278809854,0.17033314083079834,0.06597581510901665,0.040240992111365434
1.0,43,fourier_gate_s1p5_p4,13,1.2999999523162842,1024,0.09413428911541824,0.05570076687637214,0.13417892684246985,0.7015579221760714,0.23261025539770883,0.23317585707943028,0.15452518210960325,0.0606366935556413,0.03607385814935112
1.0,43,fourier_gate_s1p5_p4,14,1.399999976158142,1024,0.08684149201834662,0.04430688519191341,0.11606782093640233,0.7481961091173595,0.21969230343217555,0.21835774868755697,0.1429552361955247,0.055445030032476965,0.03262799394486535
1.0,43,fourier_gate_s1p5_p4,15,1.5,1024,0.08035360579428949,0.035712713686350886,0.10375389320927209,0.774463524296056,0.20589683976334366,0.21032442560988152,0.1343565404381179,0.049708639322660314,0.02791225097830917
1.0,43,fourier_gate_s1p5_p4,16,1.600000023841858,1024,0.06975396503871209,0.0272476417812039,0.08690350622242646,0.8026599624206102,0.19429097362629966,0.18834469312604446,0.11674882999917999,0.04232674997784615,0.023937724179300377
1.0,43,fourier_gate_s1p5_p4,17,1.7999999523162842,1024,0.05409218624727791,0.01669512009666209,0.06286463389449673,0.8604549632478369,0.1695303128189793,0.1522828960474202,0.08998850039387812,0.032352092941414175,0.01785536369761704
1.0,43,fourier_gate_s1p5_p4,18,2.0,1024,0.04010045414138779,0.010025113535346948,0.04445967713251618,0.9019510875408446,0.15161123797184595,0.12183782851652783,0.06580044713686682,0.023318412243274127,0.012400750222776672
1.0,43,fourier_gate_s1p5_p4,19,2.5,1024,0.01710582844228062,0.002736932550764899,0.01722458989730198,0.9931051214728795,0.11432742412422944,0.056441398731165736,0.028097394853865507,0.009437344036613473,0.004682001304824969
1.0,43,fourier_gate_s1p5_p4,20,3.0,1024,0.007951596353616922,0.0008835107059574358,0.007202696554818482,1.1039749201009224,0.08594981814685544,0.026604355929887386,0.012993786373804836,0.004377347396947267,0.00212777705610684
1.0,43,scalar_gate_s1p5_p4_plateau_lo0p8_hi1,0,0.10000000149011612,1024,0.027758426029813488,2.7758425202547943,0.06312809649804497,0.43971587248275645,0.9419364856736971,0.01934069636711075,0.010570863015759007,0.024040139425294826,0.07703747059559347
1.0,43,scalar_gate_s1p5_p4_plateau_lo0p8_hi1,1,0.20000000298023224,1024,0.04463916787040975,1.1159791635014726,0.1625465845341267,0.27462384397894096,0.7745040725944436,0.020802280617000405,0.02874919955053093,0.04507302287147497,0.0844917077980642
1.0,43,scalar_gate_s1p5_p4_plateau_lo0p8_hi1,2,0.30000001192092896,1024,0.05645931000447681,0.6273256168610473,0.22512681356151482,0.25078891808260584,0.6445725713244964,0.029251784380773416,0.04891209115974676,0.06081241919578718,0.06854680079665969
1.0,43,scalar_gate_s1p5_p4_plateau_lo0p8_hi1,3,0.4000000059604645,1024,0.06841075342114238,0.42756719613964433,0.2528622117332959,0.27054557876484125,0.5339567208259103,0.051748634578229646,0.07700689112697112,0.07092691533075361,0.05287996297608924
1.0,43,scalar_gate_s1p5_p4_plateau_lo0p8_hi1,4,0.5,1024,0.08122167868903665,0.3248867147561466,0.254802851762606,0.31876283223356167,0.4629482309370352,0.07412542599164293,0.10973856434843941,0.07671245997027257,0.05150218195287038
1.0,43,scalar_gate_s1p5_p4_plateau_lo0p8_hi1,5,0.6000000238418579,1024,0.09586506122938332,0.26629181558531445,0.24635118997637317,0.38913983422843407,0.4118430447159295,0.10339237631282008,0.14167950559311315,0.08251046515904799,0.06068601469099899
1.0,43,scalar_gate_s1p5_p4_plateau_lo0p8_hi1,6,0.699999988079071,1024,0.1140557243340939,0.2327667922832833,0.23643271873308322,0.4824024565857791,0.3815254965016844,0.13350570740536116,0.17524374146493915,0.09309738628162684,0.07364742481565181
1.0,43,scalar_gate_s1p5_p4_plateau_lo0p8_hi1,7,0.75,1024,0.12167464284458283,0.21631047616814725,0.22897076280115233,0.5313981634862706,0.36380036542886346,0.15790606603847654,0.18871070110418195,0.09704164916225907,0.07542883585302224
1.0,43,scalar_gate_s1p5_p4_plateau_lo0p8_hi1,8,0.800000011920929,1024,0.12659116178805985,0.1977986843989833,0.22010892135027638,0.5751296267842116,0.3535532612073443,0.1651991607257874,0.20506217708611474,0.09836378095502428,0.07227501832869265
1.0,43,scalar_gate_s1p5_p4_plateau_lo0p8_hi1,9,0.8999999761581421,1024,0.1241763076589644,0.15330409165192863,0.20678769389574736,0.6005014385506338,0.32321699598913783,0.18518927651920955,0.2016845375954481,0.09659363001768809,0.05668903171656776
1.0,43,scalar_gate_s1p5_p4_plateau_lo0p8_hi1,10,1.0,1024,0.1365029810739071,0.1365029810739071,0.18959512909337595,0.7199709281912993,0.31050938772156234,0.20460572458876358,0.2394225171070593,0.10081940601933019,0.05050467637956249
1.0,43,scalar_gate_s1p5_p4_plateau_lo0p8_hi1,11,1.100000023841858,1024,0.12720362941005642,0.10512696189746096,0.17054459826174287,0.7458672435630649,0.2849708096866001,0.2017985556768779,0.22712519425471456,0.09084743305279638,0.04546929688763465
1.0,43,scalar_gate_s1p5_p4_plateau_lo0p8_hi1,12,1.2000000476837158,1024,0.12142399638077175,0.08432221300754174,0.15426053929454214,0.7871358218768254,0.26443962898275103,0.21455787034401258,0.21390680634875098,0.0849302943994781,0.04313416727633993
1.0,43,scalar_gate_s1p5_p4_plateau_lo0p8_hi1,13,1.2999999523162842,1024,0.10952577397424995,0.0648081550349191,0.13417892684246985,0.8162665818816434,0.24766520243639764,0.21433647697188474,0.19308563373673748,0.07389146503451884,0.03736524428123709
1.0,43,scalar_gate_s1p5_p4_plateau_lo0p8_hi1,14,1.399999976158142,1024,0.09645037624492978,0.04920937731122964,0.11606782093640233,0.8309829155643264,0.22944564608142304,0.19620661961080327,0.16741318692702584,0.06475676779056083,0.034605542878889714
1.0,43,scalar_gate_s1p5_p4_plateau_lo0p8_hi1,15,1.5,1024,0.08835657036885122,0.03926958683060054,0.10375389320927209,0.8515976377930764,0.2137065615006745,0.19167812351162938,0.154984773560431,0.057050320736636184,0.030773622670645026
1.0,43,scalar_gate_s1p5_p4_plateau_lo0p8_hi1,16,1.600000023841858,1024,0.07504802860660213,0.02931563530077994,0.08690350622242646,0.8635788343742927,0.19924404799143042,0.17199500295531928,0.13020966795741096,0.047722130845196026,0.026354631110077915
1.0,43,scalar_gate_s1p5_p4_plateau_lo0p8_hi1,17,1.7999999523162842,1024,0.0575208621438095,0.01775335345412795,0.06286463389449673,0.9149955798731688,0.1731846701990207,0.14561900528852112,0.09742508408141767,0.03563948067304472,0.020299606952777726
1.0,43,scalar_gate_s1p5_p4_plateau_lo0p8_hi1,18,2.0,1024,0.042448391595233295,0.010612097898808324,0.04445967713251618,0.9547615802227248,0.1536920021745058,0.11702805523747047,0.06934083944115231,0.025838971411810626,0.01595314742750896
1.0,43,scalar_gate_s1p5_p4_plateau_lo0p8_hi1,19,2.5,1024,0.019173953468400073,0.0030678325549440117,0.01722458989730198,1.1131732936877317,0.11601345434602375,0.05799277250043725,0.028301835740572778,0.011826318896090522,0.009138327239908468
1.0,43,scalar_gate_s1p5_p4_plateau_lo0p8_hi1,20,3.0,1024,0.010760734724574313,0.0011956371916193682,0.007202696554818482,1.4939869592834039,0.08877078123527593,0.03322051752619344,0.013811131073157552,0.007142784005977884,0.00652796459644665
1.0,43,fourier_gate_s1p5_p4_plateau_lo0p8_hi1,0,0.10000000149011612,1024,0.01915025607048512,1.9150255499763027,0.06312809649804497,0.3033555125660756,0.9335520381071016,0.005126352693785875,0.007585141823950576,0.01837793489463155,0.05041917438238179
1.0,43,fourier_gate_s1p5_p4_plateau_lo0p8_hi1,1,0.20000000298023224,1024,0.03174659855104229,0.7936649401229986,0.1625465845341267,0.19530769374226428,0.7609652109297335,0.016077092435559815,0.022238407479263738,0.03304598661132366,0.052446531181742605
1.0,43,fourier_gate_s1p5_p4_plateau_lo0p8_hi1,2,0.30000001192092896,1024,0.04353261462816882,0.48369567965008503,0.22512681356151482,0.19336930123729462,0.6295191308812548,0.027480643969338768,0.03877412051655637,0.04718862597292762,0.04709832277907445
1.0,43,fourier_gate_s1p5_p4_plateau_lo0p8_hi1,3,0.4000000059604645,1024,0.05637201574978544,0.35232508793605305,0.2528622117332959,0.22293570622265735,0.522489984718147,0.04906250005319171,0.06425589902255906,0.056710664270081305,0.04513772646406666
1.0,43,fourier_gate_s1p5_p4_plateau_lo0p8_hi1,4,0.5,1024,0.07011469097515648,0.2804587639006259,0.254802851762606,0.27517231651897184,0.4512399752317576,0.07084955003666128,0.09033644916953862,0.06576783325819834,0.05017810608170535
1.0,43,fourier_gate_s1p5_p4_plateau_lo0p8_hi1,5,0.6000000238418579,1024,0.08578437153355592,0.2382899019889639,0.24635118997637317,0.34821983827958475,0.4011632686106862,0.1013494858362686,0.11761000418598605,0.0748910693490786,0.06171065823575413
1.0,43,fourier_gate_s1p5_p4_plateau_lo0p8_hi1,6,0.699999988079071,1024,0.10370713399662689,0.21164721944667533,0.23643271873308322,0.43863275164426513,0.3698544396698864,0.13466347451443453,0.14811431224179758,0.08677499497576335,0.0715289309074703
1.0,43,fourier_gate_s1p5_p4_plateau_lo0p8_hi1,7,0.75,1024,0.1117515392729126,0.19866940315184464,0.22897076280115233,0.4880603003884922,0.35295479346153086,0.15534483844948302,0.15972254229272187,0.09271434850844601,0.07416953280536417
1.0,43,fourier_gate_s1p5_p4_plateau_lo0p8_hi1,8,0.800000011920929,1024,0.11765763937799469,0.18384005604925605,0.22010892135027638,0.5345428011559649,0.34368143565102605,0.16413944314430892,0.17451521309806975,0.09574378067312321,0.07353997244609005
1.0,43,fourier_gate_s1p5_p4_plateau_lo0p8_hi1,9,0.8999999761581421,1024,0.12333890589711505,0.1522702622615379,0.20678769389574736,0.5964518660346235,0.3223024848317305,0.1937469619340575,0.19569066989173028,0.0986663893809516,0.04880524561389307
1.0,43,fourier_gate_s1p5_p4_plateau_lo0p8_hi1,10,1.0,1024,0.1611401459516304,0.1611401459516304,0.18959512909337595,0.849917119296185,0.33558740435502354,0.231677934990364,0.24672307381927736,0.13480720345145647,0.06928506305495194
1.0,43,fourier_gate_s1p5_p4_plateau_lo0p8_hi1,11,1.100000023841858,1024,0.14689123441462615,0.121397709129804,0.17054459826174287,0.8613068717027625,0.30536323806571575,0.24094710680575854,0.2343179409058738,0.11568435463874976,0.057105372921756645
1.0,43,fourier_gate_s1p5_p4_plateau_lo0p8_hi1,12,1.2000000476837158,1024,0.13657668264875245,0.09484491096848163,0.15426053929454214,0.8853637052828884,0.27896394255776397,0.24001556755151476,0.2245607214717497,0.10301760809362794,0.04947329255902655
1.0,43,fourier_gate_s1p5_p4_plateau_lo0p8_hi1,13,1.2999999523162842,1024,0.12055847845369477,0.07133638301645712,0.13417892684246985,0.8984904059877756,0.25868339403952306,0.24391362147634324,0.19663304826300376,0.08791822164336414,0.040091800619145336
1.0,43,fourier_gate_s1p5_p4_plateau_lo0p8_hi1,14,1.399999976158142,1024,0.106039598039432,0.05410183757710167,0.11606782093640233,0.9136003173311477,0.23930834868026934,0.22435597210156755,0.17671503219048273,0.07439636446945583,0.034204167445176605
1.0,43,fourier_gate_s1p5_p4_plateau_lo0p8_hi1,15,1.5,1024,0.09576834563305102,0.0425637091702449,0.10375389320927209,0.9230337548865354,0.22125066555691003,0.22142057298619724,0.1625686119005826,0.06359695186581824,0.028741900193015296
1.0,43,fourier_gate_s1p5_p4_plateau_lo0p8_hi1,16,1.600000023841858,1024,0.08004652713504609,0.03126817373026318,0.08690350622242646,0.9210966348143633,0.20413567098054278,0.19340964689125975,0.13687662068095147,0.05166439947615994,0.023257109900221135
1.0,43,fourier_gate_s1p5_p4_plateau_lo0p8_hi1,17,1.7999999523162842,1024,0.0594318985662579,0.018343179541689295,0.06286463389449673,0.9453948092022637,0.1753300146645399,0.15757698695805622,0.10216306783365608,0.03645463969672068,0.01574330426924718
1.0,43,fourier_gate_s1p5_p4_plateau_lo0p8_hi1,18,2.0,1024,0.042453403708930096,0.010613350927232524,0.04445967713251618,0.9548743141429884,0.15344268625576427,0.12552154088969183,0.07240152483088877,0.024592218095581216,0.010538924486565068
1.0,43,fourier_gate_s1p5_p4_plateau_lo0p8_hi1,19,2.5,1024,0.016892874322979017,0.002702859891676643,0.01722458989730198,0.9807417432693174,0.11422649843205025,0.05726432629492155,0.028878144582712467,0.008805952678144735,0.0037077356461921174
1.0,43,fourier_gate_s1p5_p4_plateau_lo0p8_hi1,20,3.0,1024,0.007672122978086575,0.0008524581086762861,0.007202696554818482,1.0651737053887207,0.08572283593238683,0.02706551435777519,0.012781267456714665,0.003991732743028726,0.0017187895820281714
1.0,43,scalar_gate_s1p5_p4_cap_lo1_hi2_d0p5,0,0.10000000149011612,1024,0.020338943917290516,2.0338943311142765,0.06312809649804497,0.3221852874642022,0.9356556244024128,0.008481323392541557,0.009299532279930318,0.01804402943814439,0.05522180848534344
1.0,43,scalar_gate_s1p5_p4_cap_lo1_hi2_d0p5,1,0.20000000298023224,1024,0.038166797822974365,0.9541699171378795,0.1625465845341267,0.2348052894028126,0.7683271789982056,0.018389374597021006,0.029391576941454837,0.03790792585610784,0.06573260861270118
1.0,43,scalar_gate_s1p5_p4_cap_lo1_hi2_d0p5,2,0.30000001192092896,1024,0.04732520262099972,0.5258355428881195,0.22512681356151482,0.2102157529452543,0.633699556303855,0.029742444114987183,0.045609025318975246,0.0501631223199044,0.049423353687632565
1.0,43,scalar_gate_s1p5_p4_cap_lo1_hi2_d0p5,3,0.4000000059604645,1024,0.05802756573899695,0.3626722750602548,0.2528622117332959,0.22948294781270437,0.5247129596282951,0.052541576854302885,0.07089310550355246,0.0573619056450765,0.04071798255942785
1.0,43,scalar_gate_s1p5_p4_cap_lo1_hi2_d0p5,4,0.5,1024,0.06527834001254229,0.26111336005016916,0.254802851762606,0.25619155971362767,0.44645616091562257,0.07561083481696958,0.0920012444829677,0.058720570042828144,0.03680447705935767
1.0,43,scalar_gate_s1p5_p4_cap_lo1_hi2_d0p5,5,0.6000000238418579,1024,0.0742432994776378,0.20623137104808564,0.24635118997637317,0.3013717915661713,0.3895442362363294,0.10732755077589826,0.11424820227933416,0.05981751648709494,0.039240735073194824
1.0,43,scalar_gate_s1p5_p4_cap_lo1_hi2_d0p5,6,0.699999988079071,1024,0.08705358235470714,0.17766037820353991,0.23643271873308322,0.3681960044328079,0.3534253074912788,0.1443024154167003,0.13884565326829904,0.06601366061419812,0.04265803116024831
1.0,43,scalar_gate_s1p5_p4_cap_lo1_hi2_d0p5,7,0.75,1024,0.09338445786147791,0.16601681397596071,0.22897076280115233,0.4078444632801299,0.3359807924703482,0.16587842863826935,0.14799311019696418,0.06959046973124139,0.045916380658845075
1.0,43,scalar_gate_s1p5_p4_cap_lo1_hi2_d0p5,8,0.800000011920929,1024,0.09537123937242713,0.14901755707834807,0.22010892135027638,0.4332911123609365,0.32233269284931987,0.1696598918025219,0.15572852958748784,0.06901966883220349,0.04634829412533368
1.0,43,scalar_gate_s1p5_p4_cap_lo1_hi2_d0p5,9,0.8999999761581421,1024,0.10640424227584733,0.13136326902882367,0.20678769389574736,0.5145579036704735,0.30552869164377,0.20284364564137375,0.17513737954880337,0.07442961189196595,0.051427600037740454
1.0,43,scalar_gate_s1p5_p4_cap_lo1_hi2_d0p5,10,1.0,1024,0.11170753974485065,0.11170753974485065,0.18959512909337595,0.5891899242297226,0.2857610079080565,0.22504359950436173,0.18672631737587364,0.0755719076639332,0.05188873417343633
1.0,43,scalar_gate_s1p5_p4_cap_lo1_hi2_d0p5,11,1.100000023841858,1024,0.1092310029331964,0.09027355222988438,0.17054459826174287,0.6404835101581723,0.2683901158229152,0.22331127054535563,0.181724018874846,0.07363244817228475,0.05146003279361955
1.0,43,scalar_gate_s1p5_p4_cap_lo1_hi2_d0p5,12,1.2000000476837158,1024,0.10641074183642844,0.07389634262476596,0.15426053929454214,0.6898118100913014,0.24855348750703185,0.23071457444942642,0.1795129327431428,0.0700980527451947,0.04457487645082033
1.0,43,scalar_gate_s1p5_p4_cap_lo1_hi2_d0p5,13,1.2999999523162842,1024,0.09939141190156413,0.05881149064667163,0.13417892684246985,0.7407378657771848,0.23707414667598792,0.24590471659377405,0.16356704976328876,0.06374158133225942,0.03858224635797717
1.0,43,scalar_gate_s1p5_p4_cap_lo1_hi2_d0p5,14,1.399999976158142,1024,0.09268661880752688,0.047289092838986926,0.11606782093640233,0.7985556897661855,0.22620506574478824,0.24269856166633158,0.15130023634765027,0.058210781227208255,0.035386716895841906
1.0,43,scalar_gate_s1p5_p4_cap_lo1_hi2_d0p5,15,1.5,1024,0.08816288598365574,0.039183504881624774,0.10375389320927209,0.8497308703956852,0.2131976311547498,0.25252866660254364,0.14419876519763963,0.05270410116910365,0.031184631892165686
1.0,43,scalar_gate_s1p5_p4_cap_lo1_hi2_d0p5,16,1.600000023841858,1024,0.07782268121437014,0.03039948394338811,0.08690350622242646,0.8955068051591121,0.20299562023971834,0.23656028285065714,0.12368519888285154,0.04608069542745028,0.028015928534163275
1.0,43,scalar_gate_s1p5_p4_cap_lo1_hi2_d0p5,17,1.7999999523162842,1024,0.06218675577515678,0.019193444157385737,0.06286463389449673,0.9892168604611998,0.17868772998140936,0.20047474992325634,0.09633060137461341,0.03624053342916753,0.022678984600915775
1.0,43,scalar_gate_s1p5_p4_cap_lo1_hi2_d0p5,18,2.0,1024,0.04862955005734212,0.01215738751433553,0.04445967713251618,1.093789995649254,0.16031494724160292,0.17339307305091778,0.07083343553972178,0.027809781717379755,0.01849536570987189
1.0,43,scalar_gate_s1p5_p4_cap_lo1_hi2_d0p5,19,2.5,1024,0.023847990932690306,0.003815678549230449,0.01722458989730198,1.3845317116331344,0.12139504876358007,0.09407032751573116,0.030680939391011484,0.013860827772331278,0.01041740084423075
1.0,43,scalar_gate_s1p5_p4_cap_lo1_hi2_d0p5,20,3.0,1024,0.013403205173871828,0.001489245019319092,0.007202696554818482,1.8608593423119166,0.09172011907249858,0.0582328657242273,0.015057247055572598,0.007754689707644611,0.006896155506398016
1.0,43,fourier_gate_s1p5_p4_cap_lo1_hi2_d0p5,0,0.10000000149011612,1024,0.019553091388713372,1.955309080598585,0.06312809649804497,0.3097367491402012,0.9337342021402468,0.0074037001811390075,0.010100579853867635,0.017345530516344344,0.05144689252826346
1.0,43,fourier_gate_s1p5_p4_cap_lo1_hi2_d0p5,1,0.20000000298023224,1024,0.03415288562653357,0.8538221152174571,0.1625465845341267,0.21011137037679903,0.764187104062636,0.017943640906024735,0.024603656390197154,0.035547225851704604,0.05486692159632381
1.0,43,fourier_gate_s1p5_p4_cap_lo1_hi2_d0p5,2,0.30000001192092896,1024,0.04415819117055868,0.4906465295686795,0.22512681356151482,0.19614807526466707,0.6305951901039482,0.03418971500908245,0.04326801776369295,0.04649177817454674,0.042462990857407346
1.0,43,fourier_gate_s1p5_p4_cap_lo1_hi2_d0p5,3,0.4000000059604645,1024,0.05530357040884771,0.3456473047542057,0.2528622117332959,0.21871030087792886,0.5212777885264838,0.05467084900657508,0.06654109583848981,0.05467648735208758,0.038046239749618196
1.0,43,fourier_gate_s1p5_p4_cap_lo1_hi2_d0p5,4,0.5,1024,0.06426618945054041,0.25706475780216165,0.254802851762606,0.25221927072627803,0.44495081109608703,0.07383967704177992,0.0883126504395441,0.058285041030172874,0.03879377084078929
1.0,43,fourier_gate_s1p5_p4_cap_lo1_hi2_d0p5,5,0.6000000238418579,1024,0.07435031926298127,0.2065286482059698,0.24635118997637317,0.30180621116590506,0.38966495727251704,0.100134206346679,0.10980467719857895,0.061935272338907776,0.0438972562663645
1.0,43,fourier_gate_s1p5_p4_cap_lo1_hi2_d0p5,6,0.699999988079071,1024,0.08511730683568461,0.1737087953770671,0.23643271873308322,0.3600064631146774,0.3506225158646005,0.12676802488729572,0.1287726644328639,0.0681127386711332,0.048607974144776224
1.0,43,fourier_gate_s1p5_p4_cap_lo1_hi2_d0p5,7,0.75,1024,0.09002531143869139,0.16004499811322914,0.22897076280115233,0.3931738285593829,0.331944347623465,0.14222012336418036,0.1364481857751384,0.07117990018645026,0.0496924151682027
1.0,43,fourier_gate_s1p5_p4_cap_lo1_hi2_d0p5,8,0.800000011920929,1024,0.09090544098212737,0.14203974730145963,0.22010892135027638,0.41300207381173115,0.3168271951564623,0.1483928816601608,0.14012329086066255,0.0698643819771002,0.050958019284815664
1.0,43,fourier_gate_s1p5_p4_cap_lo1_hi2_d0p5,9,0.8999999761581421,1024,0.09952761499900369,0.12287360527427986,0.20678769389574736,0.4813033750895294,0.2988802158754531,0.17695245076621227,0.15563836667257303,0.07439204357257774,0.05171797309737372
1.0,43,fourier_gate_s1p5_p4_cap_lo1_hi2_d0p5,10,1.0,1024,0.10466389598002812,0.10466389598002812,0.18959512909337595,0.5520389499483447,0.27827674702978644,0.20190507402012403,0.16653434234762107,0.07468366218612162,0.053907775636789834
1.0,43,fourier_gate_s1p5_p4_cap_lo1_hi2_d0p5,11,1.100000023841858,1024,0.10034768158802368,0.08293196465956114,0.17054459826174287,0.5883955435165137,0.2591422912252305,0.21694775932792615,0.16784173346547338,0.0684892450801214,0.03593452853579817
1.0,43,fourier_gate_s1p5_p4_cap_lo1_hi2_d0p5,12,1.2000000476837158,1024,0.09955457241596205,0.06913511423894164,0.15426053929454214,0.645366422749725,0.2420643141818999,0.22345952189282695,0.1695871591855728,0.06633305760087464,0.03171961330650372
1.0,43,fourier_gate_s1p5_p4_cap_lo1_hi2_d0p5,13,1.2999999523162842,1024,0.09360432922297682,0.05538718111819518,0.13417892684246985,0.6976082714752306,0.2323651690447388,0.2276015823946047,0.15591768318359744,0.061819957362431725,0.028456408559695074
1.0,43,fourier_gate_s1p5_p4_cap_lo1_hi2_d0p5,14,1.399999976158142,1024,0.08538056250889038,0.04356151296782402,0.11606782093640233,0.7356092482831518,0.21884301087391134,0.21129061180586942,0.14381011228510981,0.05515730783595291,0.025732519839497946
1.0,43,fourier_gate_s1p5_p4_cap_lo1_hi2_d0p5,15,1.5,1024,0.08005260752114415,0.03557893667606407,0.10375389320927209,0.7715624449838974,0.205473011462317,0.20993702499586328,0.13628347567552557,0.049628877153818814,0.022862702481740216
1.0,43,fourier_gate_s1p5_p4_cap_lo1_hi2_d0p5,16,1.600000023841858,1024,0.06907197954842693,0.026981241207000618,0.08690350622242646,0.7948123447590209,0.193813877889322,0.1870906080566635,0.11837984140128768,0.04181764141517785,0.018808486697706326
1.0,43,fourier_gate_s1p5_p4_cap_lo1_hi2_d0p5,17,1.7999999523162842,1024,0.05285192457528387,0.016312323264036945,0.06286463389449673,0.8407258787823882,0.16865236091811733,0.1528611286140527,0.09023727482155806,0.030882239403487517,0.01382499920937771
1.0,43,fourier_gate_s1p5_p4_cap_lo1_hi2_d0p5,18,2.0,1024,0.03872473758899554,0.009681184397248885,0.04445967713251618,0.8710080703819076,0.1499208577629602,0.1213219024608168,0.06545576169945361,0.021693110578702105,0.009657305169389072
1.0,43,fourier_gate_s1p5_p4_cap_lo1_hi2_d0p5,19,2.5,1024,0.016539517770276357,0.002646322843244217,0.01722458989730198,0.9602270863277312,0.11369800876515784,0.055770452882389535,0.027673205388761044,0.008868932475555022,0.003929098055187985
1.0,43,fourier_gate_s1p5_p4_cap_lo1_hi2_d0p5,20,3.0,1024,0.007833851991378754,0.0008704279990420839,0.007202696554818482,1.0876276588575762,0.08576285023102814,0.026546069058352117,0.012965380478364881,0.004229956552010115,0.0019301746371441844
1.0,43,scalar_gate_s1p5_p4_linear_sigma,0,0.10000000149011612,1024,0.021076516182398697,2.107651555426958,0.06312809649804497,0.33386902744725433,0.9362794624745756,0.011487512917670046,0.008473284289133071,0.018817928401795695,0.05734192853310929
1.0,43,scalar_gate_s1p5_p4_linear_sigma,1,0.20000000298023224,1024,0.03772935950293427,0.943233959462794,0.1625465845341267,0.23211413276427828,0.7674508220307286,0.01917157745879791,0.02707760527002106,0.03864294691549992,0.06352436016071887
1.0,43,scalar_gate_s1p5_p4_linear_sigma,2,0.30000001192092896,1024,0.048002108944081454,0.5333567236579646,0.22512681356151482,0.2132225308246772,0.6332180339372437,0.03276012795747265,0.04551857964920288,0.0512450839540831,0.04863380042308654
1.0,43,scalar_gate_s1p5_p4_linear_sigma,3,0.4000000059604645,1024,0.058198792846335765,0.3637424444492289,0.2528622117332959,0.2301601035892243,0.5238828259824151,0.054613406415152534,0.06973719720446984,0.05829651579485931,0.03930877975477695
1.0,43,scalar_gate_s1p5_p4_linear_sigma,4,0.5,1024,0.0656801718232878,0.2627206872931512,0.254802851762606,0.2577685899861141,0.44698015451454687,0.07314700935511007,0.09077333473763248,0.06040426230805515,0.03685307507098597
1.0,43,scalar_gate_s1p5_p4_linear_sigma,5,0.6000000238418579,1024,0.07332381062638077,0.20367723555313388,0.24635118997637317,0.29763936043261263,0.38858479267410106,0.1015134958975635,0.11075014024887525,0.060649832017969287,0.039006652000843606
1.0,43,scalar_gate_s1p5_p4_linear_sigma,6,0.699999988079071,1024,0.08573616070990964,0.17497176251033866,0.23643271873308322,0.36262392603411225,0.3514536145894823,0.13517105048034517,0.1342566354917762,0.06672595329051466,0.04383005036517487
1.0,43,scalar_gate_s1p5_p4_linear_sigma,7,0.75,1024,0.09199229804110388,0.16354186318418468,0.22897076280115233,0.4017643864906621,0.33457601690853156,0.1564856793265244,0.14324782304102177,0.07019902734476315,0.04737184217997029
1.0,43,scalar_gate_s1p5_p4_linear_sigma,8,0.800000011920929,1024,0.09374233524905845,0.14647239446143628,0.22010892135027638,0.42589066664807745,0.32041814153920406,0.15831949917497218,0.14918782956463425,0.07021399642433974,0.048181200955909005
1.0,43,scalar_gate_s1p5_p4_linear_sigma,9,0.8999999761581421,1024,0.10296410990121697,0.12711619179808892,0.20678769389574736,0.49792184419410684,0.30247754557639794,0.18753898745393294,0.16570254906064044,0.07517185794351694,0.049436015706488735
1.0,43,scalar_gate_s1p5_p4_linear_sigma,10,1.0,1024,0.10863593691149023,0.10863593691149023,0.18959512909337595,0.5729890711379343,0.28324566369381765,0.20982730242371012,0.17848380808191466,0.0760835486826496,0.051220207299567014
1.0,43,scalar_gate_s1p5_p4_linear_sigma,11,1.100000023841858,1024,0.1088064367190971,0.08992267107641755,0.17054459826174287,0.6379940369152396,0.267834125532216,0.21919295463234323,0.17632388777763475,0.07573150172390102,0.052399323756189824
1.0,43,scalar_gate_s1p5_p4_linear_sigma,12,1.2000000476837158,1024,0.1083821677689912,0.0752653883024659,0.15426053929454214,0.7025916560686226,0.2510847014897176,0.22653923643155854,0.1761217359164821,0.07433300162016826,0.05094363614535682
1.0,43,scalar_gate_s1p5_p4_linear_sigma,13,1.2999999523162842,1024,0.10161805684577932,0.060129032130435474,0.13417892684246985,0.75733246074536,0.24005930217159735,0.23055526297685888,0.16148974924583537,0.06839179490797934,0.049069145382324306
1.0,43,scalar_gate_s1p5_p4_linear_sigma,14,1.399999976158142,1024,0.09501956775102922,0.04847937295274311,0.11606782093640233,0.818655566930078,0.22853584568532578,0.2148391529351988,0.14944300072950611,0.06495355576477874,0.045283073746144674
1.0,43,scalar_gate_s1p5_p4_linear_sigma,15,1.5,1024,0.08908773684627957,0.03959454970945759,0.10375389320927209,0.8586447610846679,0.21437767037430094,0.21356849530844918,0.13957433720672952,0.0598464663629137,0.04064482555254545
1.0,43,scalar_gate_s1p5_p4_linear_sigma,16,1.600000023841858,1024,0.07829085544873218,0.030582364498235516,0.08690350622242646,0.9008940933677578,0.20341069495984243,0.1949614958290937,0.12074281825441034,0.05223479447040586,0.0364376850565585
1.0,43,scalar_gate_s1p5_p4_linear_sigma,17,1.7999999523162842,1024,0.06239403043405794,0.01925741782092986,0.06286463389449673,0.9925140189119913,0.17903540241070687,0.17320152660449525,0.09453779414879995,0.04016522854423979,0.027665315319142198
1.0,43,scalar_gate_s1p5_p4_linear_sigma,18,2.0,1024,0.04890751868344092,0.01222687967086023,0.04445967713251618,1.1000421469024062,0.16068038866054035,0.16865971931630228,0.07198386960803116,0.02834423829631411,0.01903739815061438
1.0,43,scalar_gate_s1p5_p4_linear_sigma,19,2.5,1024,0.026088391703927044,0.004174142672628327,0.01722458989730198,1.5146016166116947,0.1236677724824631,0.1273216803920251,0.038240069070729146,0.01053814747081358,0.006990060883541968
1.0,43,scalar_gate_s1p5_p4_linear_sigma,20,3.0,1024,0.013830467289189614,0.001536718587687735,0.007202696554818482,1.9201790862530876,0.09211506764337928,0.06970035205477079,0.018083065552108535,0.005878250238473868,0.005273176588048144
1.0,43,fourier_gate_s1p5_p4_linear_sigma,0,0.10000000149011612,1024,0.019625571012268975,1.9625570427381394,0.06312809649804497,0.3108848848765266,0.933865114767717,0.006809438952482698,0.008574344582866919,0.0175963335579295,0.05405827730303635
1.0,43,fourier_gate_s1p5_p4_linear_sigma,1,0.20000000298023224,1024,0.034926676576744205,0.8731668883962038,0.1625465845341267,0.2148717961490685,0.7648126746986126,0.020615032179062603,0.025986270460238138,0.03576588097565385,0.05560131772003057
1.0,43,fourier_gate_s1p5_p4_linear_sigma,2,0.30000001192092896,1024,0.045812358681888196,0.5090261671227695,0.22512681356151482,0.20349578958247988,0.6312820985439369,0.0356380602680799,0.04418138319389738,0.04852417616657784,0.04411961483716001
1.0,43,fourier_gate_s1p5_p4_linear_sigma,3,0.4000000059604645,1024,0.05623194294579207,0.3514496329371851,0.2528622117332959,0.22238175708556324,0.5223167360634843,0.05596605598990907,0.06803357013417113,0.055770361891575325,0.0371427380134276
1.0,43,fourier_gate_s1p5_p4_linear_sigma,4,0.5,1024,0.06430594758788419,0.25722379035153675,0.254802851762606,0.25237530562568655,0.44492210295523676,0.07325352793070657,0.08839059418648029,0.059076771786845804,0.03627258424829036
1.0,43,fourier_gate_s1p5_p4_linear_sigma,5,0.6000000238418579,1024,0.07257158066374057,0.20158770804519408,0.24635118997637317,0.2945858742176188,0.3876969989755281,0.09994414041154834,0.10845404011810739,0.0600939134751442,0.0407114178196705
1.0,43,fourier_gate_s1p5_p4_linear_sigma,6,0.699999988079071,1024,0.08386752486443978,0.17115821983867496,0.23643271873308322,0.35472046895134096,0.3494137317505835,0.12627168815717846,0.12867893755988977,0.06664544504184379,0.04570611312859213
1.0,43,fourier_gate_s1p5_p4_linear_sigma,7,0.75,1024,0.08932785778301326,0.1588050805031347,0.22897076280115233,0.3901277905100454,0.33159297844086255,0.14417926042752677,0.1368732695687619,0.06981864084599163,0.048031166012367746
1.0,43,fourier_gate_s1p5_p4_linear_sigma,8,0.800000011920929,1024,0.09062127575219772,0.14159573914292703,0.22010892135027638,0.41171105285634957,0.3167256249792887,0.14918654616077304,0.1413366616101006,0.06938955014885506,0.04813306961267849
1.0,43,fourier_gate_s1p5_p4_linear_sigma,9,0.8999999761581421,1024,0.09981151717423899,0.123224101805486,0.20678769389574736,0.482676291291102,0.299097828092263,0.1812301077124434,0.15867304208776392,0.07429919362864616,0.046316144867876205
1.0,43,fourier_gate_s1p5_p4_linear_sigma,10,1.0,1024,0.10496997752782698,0.10496997752782698,0.18959512909337595,0.5536533455779292,0.2789101213107746,0.2061566264405399,0.16937565706357044,0.07480331611974449,0.04821912983219875
1.0,43,fourier_gate_s1p5_p4_linear_sigma,11,1.100000023841858,1024,0.10398557809142797,0.08593849056510307,0.17054459826174287,0.6097266002634477,0.2626883420095509,0.2182627764005586,0.16856923573864407,0.07225090674886964,0.04556939050763604
1.0,43,fourier_gate_s1p5_p4_linear_sigma,12,1.2000000476837158,1024,0.10279946830650764,0.0713885139838475,0.15426053929454214,0.666401587707562,0.24537527686302196,0.22485271187108374,0.16914059460156394,0.06942489979245582,0.0431340339658389
1.0,43,fourier_gate_s1p5_p4_linear_sigma,13,1.2999999523162842,1024,0.0960187661220436,0.0568158421100229,0.13417892684246985,0.715602430139962,0.235363039979075,0.22872573144173405,0.15397858603106956,0.06424092046307149,0.039302633595619724
1.0,43,fourier_gate_s1p5_p4_linear_sigma,14,1.399999976158142,1024,0.08922041470097954,0.04552062129582083,0.11606782093640233,0.7686920800371239,0.22223777425872018,0.21395818963778113,0.1448280007583474,0.05917477483708991,0.03456947067546336
1.0,43,fourier_gate_s1p5_p4_linear_sigma,15,1.5,1024,0.08359283527378081,0.03715237123279147,0.10375389320927209,0.8056838417154494,0.2093136836754605,0.21194023745659699,0.1373099610510593,0.053368832130204616,0.030971177888342423
1.0,43,fourier_gate_s1p5_p4_linear_sigma,16,1.600000023841858,1024,0.07211246609403518,0.028168931228482918,0.08690350622242646,0.829799270808083,0.1964706599884348,0.18861578916985816,0.11885680365245223,0.04525711975005535,0.02574088380309371
1.0,43,fourier_gate_s1p5_p4_linear_sigma,17,1.7999999523162842,1024,0.05521109328777948,0.0170404617941261,0.06286463389449673,0.878253635906607,0.17104117076956687,0.15227604275479356,0.09100220721033264,0.03389423166148286,0.01818784053201998
1.0,43,fourier_gate_s1p5_p4_linear_sigma,18,2.0,1024,0.03994291183954204,0.00998572795988551,0.04445967713251618,0.8984076002281459,0.1511979235170891,0.12201270075109685,0.06655821880918228,0.022953148704573587,0.011216033008087524
1.0,43,fourier_gate_s1p5_p4_linear_sigma,19,2.5,1024,0.016782478376459735,0.0026851965402335575,0.01722458989730198,0.9743325371763134,0.11403368088038243,0.05720311134864013,0.028638248752267906,0.008717023867312696,0.003719140869478236
1.0,43,fourier_gate_s1p5_p4_linear_sigma,20,3.0,1024,0.0072742662902558425,0.000808251810028427,0.007202696554818482,1.0099365195927186,0.08518473825079684,0.026570054188205766,0.012102233106199185,0.0036599286639428207,0.0016254963735669098
1.0,43,scalar_gate_s1p5_p4_tanh_sigma,0,0.10000000149011612,1024,0.02089729734773453,2.0897296724946552,0.06312809649804497,0.3310300564564259,0.9354818243209824,0.008302982881322613,0.008574964247837939,0.018785717421204183,0.05777758839578308
1.0,43,scalar_gate_s1p5_p4_tanh_sigma,1,0.20000000298023224,1024,0.03822865312533586,0.955716299650831,0.1625465845341267,0.23518582832670804,0.7680864677034238,0.01732362248686753,0.02777781848162432,0.03917703818280228,0.06483903262954345
1.0,43,scalar_gate_s1p5_p4_tanh_sigma,2,0.30000001192092896,1024,0.04880009595669919,0.542223245315736,0.22512681356151482,0.21676714197069552,0.6349800114525955,0.031418207493510104,0.047809630137897546,0.051770886055813765,0.048994543961907625
1.0,43,scalar_gate_s1p5_p4_tanh_sigma,3,0.4000000059604645,1024,0.060100674579427374,0.37562920492679835,0.2528622117332959,0.23768151898796963,0.5266166474107233,0.054946241632941664,0.07202844293867305,0.06039469948457981,0.040648566158240224
1.0,43,scalar_gate_s1p5_p4_tanh_sigma,4,0.5,1024,0.06785763628571335,0.2714305451428534,0.254802851762606,0.2663142732363717,0.4490046097192948,0.07731460116926271,0.09505578508309548,0.061813422539401884,0.03708519875223883
1.0,43,scalar_gate_s1p5_p4_tanh_sigma,5,0.6000000238418579,1024,0.07560999017259966,0.21002773378793854,0.24635118997637317,0.3069195248452065,0.3909908892481171,0.10688448502445977,0.11637912119687707,0.06166349674176595,0.03844356861711159
1.0,43,scalar_gate_s1p5_p4_tanh_sigma,6,0.699999988079071,1024,0.08727232798591397,0.17810679787426903,0.23643271873308322,0.3691211963114065,0.3530178474603738,0.13944601384024846,0.13938015365111667,0.06725098268351003,0.04128700580444939
1.0,43,scalar_gate_s1p5_p4_tanh_sigma,7,0.75,1024,0.0932290505573014,0.16574053432409136,0.22897076280115233,0.40716574210946466,0.3357153586533993,0.15872994235827187,0.14909281092621582,0.07029534786818419,0.04416474683757939
1.0,43,scalar_gate_s1p5_p4_tanh_sigma,8,0.800000011920929,1024,0.09487557266472277,0.14824307787064128,0.22010892135027638,0.43103919678812075,0.32168198861798813,0.16239111928079622,0.1555438175657997,0.06982457450560238,0.04414938221055563
1.0,43,scalar_gate_s1p5_p4_tanh_sigma,9,0.8999999761581421,1024,0.10395744455312714,0.12834253093949502,0.20678769389574736,0.50272548909771,0.30314291700363366,0.19476683024286906,0.1707833218688874,0.07415031116349145,0.0473109523027649
1.0,43,scalar_gate_s1p5_p4_tanh_sigma,10,1.0,1024,0.10882039083598898,0.10882039083598898,0.18959512909337595,0.5739619543833046,0.2831068881755725,0.21449789218434595,0.18118481848937895,0.07498249204535401,0.049294858578829426
1.0,43,scalar_gate_s1p5_p4_tanh_sigma,11,1.100000023841858,1024,0.10818704932891421,0.08941078069349759,0.17054459826174287,0.6343622162859385,0.2671384285985534,0.22338658393570884,0.17785602062768915,0.07382080601398702,0.05015938920593118
1.0,43,scalar_gate_s1p5_p4_tanh_sigma,12,1.2000000476837158,1024,0.10748913577541996,0.07464522724510518,0.15426053929454214,0.6968025411228613,0.24989389734465794,0.2267806863995306,0.17761007069045984,0.07212925013043181,0.05013840246079834
1.0,43,scalar_gate_s1p5_p4_tanh_sigma,13,1.2999999523162842,1024,0.10124969115810867,0.05991106425191844,0.13417892684246985,0.7545871288490695,0.23931679380369492,0.23084846412892374,0.1623449037889137,0.06772832223650789,0.04727294409004991
1.0,43,scalar_gate_s1p5_p4_tanh_sigma,14,1.399999976158142,1024,0.09413049732868593,0.048025765578954924,0.11606782093640233,0.8109956452121503,0.22757323671362686,0.21232623430994962,0.14973993527344645,0.06354176386324702,0.04516241352895678
1.0,43,scalar_gate_s1p5_p4_tanh_sigma,15,1.5,1024,0.08785841875702126,0.03904818611423167,0.10375389320927209,0.84679635664187,0.21297083716480017,0.2135571901355219,0.13920294270468372,0.05795340829081305,0.039721098289907525
1.0,43,scalar_gate_s1p5_p4_tanh_sigma,16,1.600000023841858,1024,0.07770449026657753,0.03035331560578254,0.08690350622242646,0.8941467800815266,0.2026456145735276,0.19538500421392932,0.12084790994341818,0.05110235497774791,0.03612396973924386
1.0,43,scalar_gate_s1p5_p4_tanh_sigma,17,1.7999999523162842,1024,0.06211936174378373,0.019172643529316687,0.06286463389449673,0.9881448104515527,0.17853825292644482,0.1756731425492269,0.09354711412217159,0.03968135768007024,0.0279281613087657
1.0,43,scalar_gate_s1p5_p4_tanh_sigma,18,2.0,1024,0.04879751523843887,0.012199378809609718,0.04445967713251618,1.0975679173961017,0.16037358541987104,0.16884664503499502,0.06925172329816552,0.02907331982167655,0.020254144819717997
1.0,43,scalar_gate_s1p5_p4_tanh_sigma,19,2.5,1024,0.02509800513636731,0.00401568082181877,0.01722458989730198,1.4571032045470413,0.12268484780926278,0.11805812827570694,0.03232938110938541,0.012298013003377236,0.008953238609331176
1.0,43,scalar_gate_s1p5_p4_tanh_sigma,20,3.0,1024,0.014382189649590052,0.0015980210721766724,0.007202696554818482,1.9967785037353283,0.09290146024295323,0.07870945471025129,0.01684643612090087,0.006148883144724029,0.005367539907497346
1.0,43,fourier_gate_s1p5_p4_tanh_sigma,0,0.10000000149011612,1024,0.01982388039103538,1.9823879800237718,0.06312809649804497,0.3140262654941498,0.9344140584165785,0.007103836095264203,0.008694969773372956,0.01779586522868737,0.054336692266733974
1.0,43,fourier_gate_s1p5_p4_tanh_sigma,1,0.20000000298023224,1024,0.035825546664625556,0.8956386399235272,0.1625465845341267,0.22040171909674283,0.7660851321265955,0.020898628268745077,0.026459378968943355,0.036296674905708703,0.05898942609945786
1.0,43,fourier_gate_s1p5_p4_tanh_sigma,2,0.30000001192092896,1024,0.04591769103157989,0.5101965264707765,0.22512681356151482,0.20396366965427287,0.6312824970164279,0.03712513702953099,0.04586905407433515,0.047813890653289004,0.04372548816358552
1.0,43,fourier_gate_s1p5_p4_tanh_sigma,3,0.4000000059604645,1024,0.05691230479400701,0.3557018943618012,0.2528622117332959,0.2250723997227183,0.522383479527647,0.05752261075302021,0.0700589380660678,0.056095410806634605,0.036287497396520735
1.0,43,fourier_gate_s1p5_p4_tanh_sigma,4,0.5,1024,0.06457796789621542,0.2583118715848617,0.254802851762606,0.2534428773049261,0.44551222989208056,0.07710911748399182,0.09044382753859058,0.05846938416044015,0.03470933954060146
1.0,43,fourier_gate_s1p5_p4_tanh_sigma,5,0.6000000238418579,1024,0.07296875805380036,0.2026909784854579,0.24635118997637317,0.29619811481648856,0.3880877480422952,0.10410968468025517,0.11186357462986886,0.059556136206404556,0.03719180743847677
1.0,43,fourier_gate_s1p5_p4_tanh_sigma,6,0.699999988079071,1024,0.08343980046061819,0.17028531286236925,0.23643271873308322,0.352911394445437,0.34975093599498486,0.1302926844058608,0.13261420260765533,0.06498885830328004,0.03969282037958382
1.0,43,fourier_gate_s1p5_p4_tanh_sigma,7,0.75,1024,0.08837565971851094,0.15711228394401944,0.22897076280115233,0.38596918941681657,0.33088959587794264,0.14815105883506036,0.14116254314729054,0.06767769323808749,0.039516074150863834
1.0,43,fourier_gate_s1p5_p4_tanh_sigma,8,0.800000011920929,1024,0.08886309446712881,0.13884858096687858,0.22010892135027638,0.40372327446788986,0.31516772778079843,0.15177911148046289,0.14395122682820555,0.06654850549858365,0.04027485247675516
1.0,43,fourier_gate_s1p5_p4_tanh_sigma,9,0.8999999761581421,1024,0.09829639306422863,0.12135357811377671,0.20678769389574736,0.47534933637678195,0.29783101421492625,0.18392204025719944,0.16014460617470577,0.07159325048835029,0.04165274882504823
1.0,43,fourier_gate_s1p5_p4_tanh_sigma,10,1.0,1024,0.1022737806093462,0.1022737806093462,0.18959512909337595,0.5394325323567578,0.27570300810650533,0.2066024589038479,0.169376790250185,0.07053610605124458,0.04491704608151576
1.0,43,fourier_gate_s1p5_p4_tanh_sigma,11,1.100000023841858,1024,0.10180582126019794,0.0841370387165575,0.17054459826174287,0.59694544592935,0.2605287076811257,0.21937101103563944,0.1679540588735223,0.06889836308025857,0.04321202430770263
1.0,43,fourier_gate_s1p5_p4_tanh_sigma,12,1.2000000476837158,1024,0.10131937279115114,0.07036066995764675,0.15426053929454214,0.65680681044226,0.24408538262382598,0.22779291477376304,0.16924801322844132,0.0667843893659439,0.040759759407522585
1.0,43,fourier_gate_s1p5_p4_tanh_sigma,13,1.2999999523162842,1024,0.09429358273212592,0.0557950234612203,0.13417892684246985,0.7027450953071749,0.2330816611318899,0.2312351872395333,0.15401312695372013,0.061115304157712394,0.03738699844851653
1.0,43,fourier_gate_s1p5_p4_tanh_sigma,14,1.399999976158142,1024,0.08729469729525496,0.044538112381885056,0.11606782093640233,0.7521007682489949,0.22033116665907118,0.21681526244799115,0.14267995318572646,0.05648584498756056,0.03326514823418668
1.0,43,fourier_gate_s1p5_p4_tanh_sigma,15,1.5,1024,0.08120154437864407,0.036089575279397365,0.10375389320927209,0.7826361196380379,0.20672158199151838,0.2117267262786454,0.1343130387578752,0.050765487900458255,0.029247777788712275
1.0,43,fourier_gate_s1p5_p4_tanh_sigma,16,1.600000023841858,1024,0.0704257017884966,0.02751003894126843,0.08690350622242646,0.8103896476655901,0.1947888733865516,0.1896854031321971,0.11666853465546892,0.043226391791978125,0.024713780376448658
1.0,43,fourier_gate_s1p5_p4_tanh_sigma,17,1.7999999523162842,1024,0.05416178714970858,0.016716601857809703,0.06286463389449673,0.8615621183860898,0.1695895727982176,0.1523220057998939,0.0895948298897229,0.03267021378868068,0.017826644614574432
1.0,43,fourier_gate_s1p5_p4_tanh_sigma,18,2.0,1024,0.039668774362298126,0.009917193590574531,0.04445967713251618,0.8922416202902616,0.15096723789819252,0.12142244430547136,0.06556955418192693,0.022873601341959676,0.011652669458029289
1.0,43,fourier_gate_s1p5_p4_tanh_sigma,19,2.5,1024,0.01630529661032276,0.002608847457651642,0.01722458989730198,0.9466290174419064,0.11356881862046202,0.055821248827801186,0.027314274360420707,0.008594751031090845,0.003909201566425662
1.0,43,fourier_gate_s1p5_p4_tanh_sigma,20,3.0,1024,0.007187876341347462,0.0007986529268163847,0.007202696554818482,0.9979424076304998,0.08517181854253585,0.02613759182409751,0.01195069652596522,0.003628023966852967,0.0016413519374784055
1.0,44,scalar_gate_loglinear_lo0p1_hi3,0,0.10000000149011612,1024,0.01908786908684653,1.9087868517983715,0.06312809649804497,0.30236725239193085,0.9321450971436505,0.013434545599662142,0.00866518192850295,0.016541837194626846,0.0503761686762786
1.0,44,scalar_gate_loglinear_lo0p1_hi3,1,0.20000000298023224,1024,0.03294929999268126,0.8237324752678905,0.1625465845341267,0.20270681224780543,0.76235948893043,0.014019670740769808,0.02445879765622165,0.033052433966399175,0.05817036983007037
1.0,44,scalar_gate_loglinear_lo0p1_hi3,2,0.30000001192092896,1024,0.04651275004867873,0.5168082928019744,0.22512681356151482,0.20660688663800303,0.633994185413497,0.02694774953558962,0.04963027606118277,0.04800883175630805,0.04618806208267697
1.0,44,scalar_gate_loglinear_lo0p1_hi3,3,0.4000000059604645,1024,0.061424035597255684,0.3839002110417301,0.2528622117332959,0.24291504521854818,0.5273553267304883,0.04579984052104141,0.08168651857702579,0.05974088523521062,0.040440520043287055
1.0,44,scalar_gate_loglinear_lo0p1_hi3,4,0.5,1024,0.07349350451222036,0.29397401804888146,0.254802851762606,0.2884328177798127,0.4562509298090802,0.0656946099640666,0.11431022661521129,0.06487528061485147,0.03782089691260456
1.0,44,scalar_gate_loglinear_lo0p1_hi3,5,0.6000000238418579,1024,0.08547673874574166,0.23743536653517,0.24635118997637317,0.34697108121921183,0.4008858272684341,0.09600256403436978,0.14341804375370704,0.0692741632825687,0.03783202309877435
1.0,44,scalar_gate_loglinear_lo0p1_hi3,6,0.699999988079071,1024,0.09790508281826567,0.19980629827121021,0.23643271873308322,0.4140927843780961,0.36344290228893616,0.12208330902468985,0.16997249962204553,0.0756595144468537,0.04039169667775561
1.0,44,scalar_gate_loglinear_lo0p1_hi3,7,0.75,1024,0.10377541874647628,0.18448963332706894,0.22897076280115233,0.45322563229000173,0.34524946542802004,0.14001391409032266,0.18017057625641977,0.0789147774916411,0.041747286056039536
1.0,44,scalar_gate_loglinear_lo0p1_hi3,8,0.800000011920929,1024,0.10456717030548554,0.16338619873303295,0.22010892135027638,0.4750701137600856,0.33004109437798046,0.147510146370828,0.18678259487038865,0.07680479139694502,0.03942930469717616
1.0,44,scalar_gate_loglinear_lo0p1_hi3,9,0.8999999761581421,1024,0.11184739525023527,0.1380832113285478,0.20678769389574736,0.5408803258216297,0.31067237497320505,0.17580522573902468,0.1994945040626369,0.07984272153527187,0.04140473001316662
1.0,44,scalar_gate_loglinear_lo0p1_hi3,10,1.0,1024,0.11368996012174354,0.11368996012174354,0.18959512909337595,0.5996459965263718,0.28782423970495347,0.19424030159142572,0.2040911316901346,0.07846397224956292,0.041302530700796085
1.0,44,scalar_gate_loglinear_lo0p1_hi3,11,1.100000023841858,1024,0.11005730598797805,0.09095644728687809,0.17054459826174287,0.6453285950403888,0.2681686885321225,0.20243518294200585,0.19839753730981452,0.07333361719880228,0.04042089853380637
1.0,44,scalar_gate_loglinear_lo0p1_hi3,12,1.2000000476837158,1024,0.10734380853613418,0.07454430555917725,0.15426053929454214,0.6958604515907594,0.24986009197114112,0.20987918752783968,0.19301536618012333,0.0703381280508841,0.03787395511792854
1.0,44,scalar_gate_loglinear_lo0p1_hi3,13,1.2999999523162842,1024,0.09848788324085775,0.05827685826383799,0.13417892684246985,0.7340041059985934,0.2362395564939423,0.214043111714226,0.1716680670876498,0.06397714285073286,0.03456633761293918
1.0,44,scalar_gate_loglinear_lo0p1_hi3,14,1.399999976158142,1024,0.09004049805433895,0.04593903118423475,0.11606782093640233,0.7757576331485996,0.22324594865737593,0.1982687137913036,0.15601760676711818,0.05825248259112784,0.03270913223877062
1.0,44,scalar_gate_loglinear_lo0p1_hi3,15,1.5,1024,0.08365800455836697,0.03718133535927421,0.10375389320927209,0.8063119558282829,0.2094408696340048,0.19618702304580493,0.14518595809430568,0.052349319333430594,0.030036109962325815
1.0,44,scalar_gate_loglinear_lo0p1_hi3,16,1.600000023841858,1024,0.0726856424275877,0.028392828227104216,0.08690350622242646,0.836394819807976,0.19758743762246375,0.17769512371258506,0.1246577431899329,0.045114215988808666,0.02611091801602953
1.0,44,scalar_gate_loglinear_lo0p1_hi3,17,1.7999999523162842,1024,0.056821454926593754,0.017537487017624347,0.06286463389449673,0.903869972772847,0.1727350409810673,0.14406840037200777,0.09422934383745651,0.03565678283097721,0.021803443976603595
1.0,44,scalar_gate_loglinear_lo0p1_hi3,18,2.0,1024,0.04309144291194386,0.010772860727985965,0.04445967713251618,0.9692252776264171,0.15451344088111096,0.11752241176418313,0.06826830609444225,0.02703905209287684,0.017624402097178107
1.0,44,scalar_gate_loglinear_lo0p1_hi3,19,2.5,1024,0.020052618696987094,0.0032084189915179352,0.01722458989730198,1.1641855519664992,0.11705688707494843,0.059990443389860135,0.029529139869528598,0.012493837057541013,0.009573186865446793
1.0,44,scalar_gate_loglinear_lo0p1_hi3,20,3.0,1024,0.010538525439335344,0.0011709472710372604,0.007202696554818482,1.4631361128611269,0.08849720202968173,0.03654133276772688,0.015796324623476413,0.005744996293310726,0.004854210703404481
1.0,44,fourier_gate_loglinear_lo0p1_hi3,0,0.10000000149011612,1024,0.022954433527003812,2.29544328429084,0.06312809649804497,0.36361675387621883,0.9357630423204837,0.0048804760695496975,0.008911952353621619,0.021947510005854837,0.061763865280387256
1.0,44,fourier_gate_loglinear_lo0p1_hi3,1,0.20000000298023224,1024,0.03161033564902132,0.7902583676739982,0.1625465845341267,0.19446939312578862,0.7601082438166851,0.01591555453847735,0.022017432394387863,0.03199720683663825,0.05592219534323016
1.0,44,fourier_gate_loglinear_lo0p1_hi3,2,0.30000001192092896,1024,0.04055563157551081,0.4506180928048776,0.22512681356151482,0.18014571846826757,0.627557518059004,0.03250116554188494,0.041606222631767276,0.04173203309942499,0.03871843395939345
1.0,44,fourier_gate_loglinear_lo0p1_hi3,3,0.4000000059604645,1024,0.055077032797170536,0.34423144472341927,0.2528622117332959,0.2178144073787606,0.5213949311249807,0.05837409082610027,0.07021430420437307,0.0530933344779291,0.033828600596539436
1.0,44,fourier_gate_loglinear_lo0p1_hi3,4,0.5,1024,0.06835254688721651,0.27341018754886603,0.254802851762606,0.26825660079699193,0.4507806630931062,0.08105622329867593,0.099159861341717,0.061466976890095226,0.0325385431730853
1.0,44,fourier_gate_loglinear_lo0p1_hi3,5,0.6000000238418579,1024,0.07982629247281,0.221739683691074,0.24635118997637317,0.32403453168002117,0.39587150044766023,0.11145961754439102,0.12527316280244633,0.06600106783786568,0.03368641324570119
1.0,44,fourier_gate_loglinear_lo0p1_hi3,6,0.699999988079071,1024,0.09315039794906445,0.19010285943213914,0.23643271873308322,0.3939826875409111,0.3592441659710989,0.1378182209553021,0.15076895710985472,0.0746905510029053,0.035639146234128796
1.0,44,fourier_gate_loglinear_lo0p1_hi3,7,0.75,1024,0.09767742872033583,0.1736487621694859,0.22897076280115233,0.4265934546637421,0.33925935837778715,0.15893498104602202,0.15912178671672814,0.07611210655783594,0.0358800358263679
1.0,44,fourier_gate_loglinear_lo0p1_hi3,8,0.800000011920929,1024,0.09883346062000146,0.15442727761646075,0.22010892135027638,0.4490206939986777,0.32507628627501317,0.16155423549829345,0.16419475577043904,0.07598454908308339,0.03410883789297415
1.0,44,fourier_gate_loglinear_lo0p1_hi3,9,0.8999999761581421,1024,0.10603393310906661,0.13090609719376142,0.20678769389574736,0.5127671338243365,0.3043866003903053,0.1919147720355896,0.1779573379083837,0.07827328007123452,0.035332103316244694
1.0,44,fourier_gate_loglinear_lo0p1_hi3,10,1.0,1024,0.1081063462824651,0.1081063462824651,0.18959512909337595,0.5701957998574031,0.28250601170690337,0.21174192190737934,0.18490547205688493,0.07614368273724408,0.034747087396045734
1.0,44,fourier_gate_loglinear_lo0p1_hi3,11,1.100000023841858,1024,0.10385903259366822,0.08583390751363681,0.17054459826174287,0.6089845920201521,0.262923284776621,0.22328436703374602,0.18004116811235593,0.06966832518471415,0.03124161163867345
1.0,44,fourier_gate_loglinear_lo0p1_hi3,12,1.2000000476837158,1024,0.10131063136627592,0.07035459952418806,0.15426053929454214,0.6567501438124453,0.24417516670885822,0.22317016043168544,0.1774604262527364,0.06658727019979513,0.029410622049601765
1.0,44,fourier_gate_loglinear_lo0p1_hi3,13,1.2999999523162842,1024,0.09274831564093633,0.054880664168587334,0.13417892684246985,0.6912286289919853,0.23118150286511116,0.2296278027652651,0.15951785811050356,0.05888260777432054,0.025939865899849382
1.0,44,fourier_gate_loglinear_lo0p1_hi3,14,1.399999976158142,1024,0.08355361694393393,0.04262939785191491,0.11606782093640233,0.7198689203419776,0.21656488179118244,0.21274475949069763,0.14419879918669606,0.05205726016519964,0.02295333937270647
1.0,44,fourier_gate_loglinear_lo0p1_hi3,15,1.5,1024,0.07718216119172427,0.03430318275187746,0.10375389320927209,0.7438965305720865,0.2026768900944566,0.20708057734088775,0.13465312859604894,0.04599858832610796,0.020650374326829073
1.0,44,fourier_gate_loglinear_lo0p1_hi3,16,1.600000023841858,1024,0.06642934043914428,0.025948960335701446,0.08690350622242646,0.7644034553579545,0.19063408407588583,0.18524101349723,0.11525054241428344,0.038934000389148,0.017500892084390856
1.0,44,fourier_gate_loglinear_lo0p1_hi3,17,1.7999999523162842,1024,0.05135953598574199,0.015851709477428467,0.06286463389449673,0.8169861622345038,0.16737055142671323,0.1504739941605229,0.0882655821316326,0.02948485413295556,0.01332288640647362
1.0,44,fourier_gate_loglinear_lo0p1_hi3,18,2.0,1024,0.03807577423300466,0.009518943558251164,0.04445967713251618,0.8564113976697646,0.14922981921932907,0.12010050908471817,0.0645616960454879,0.021107404325283755,0.009523124633472617
1.0,44,fourier_gate_loglinear_lo0p1_hi3,19,2.5,1024,0.016003024749232223,0.0025604839598771557,0.01722458989730198,0.9290801606683767,0.1131114127378556,0.055636710773765016,0.027040183027427722,0.00824615103118872,0.003666440731419674
1.0,44,fourier_gate_loglinear_lo0p1_hi3,20,3.0,1024,0.007224962799636126,0.000802773644404014,0.007202696554818482,1.0030913762155853,0.08515489132523862,0.026140170549280462,0.011997761117806763,0.003649691296003238,0.0017381204979212814
1.0,44,scalar_gate_logsigmoid_lo0p1_hi1p5_s0p75_p2,0,0.10000000149011612,1024,0.025036593492849396,2.503659274670078,0.06312809649804497,0.3965998482723894,0.9390422298384047,0.016782056585092776,0.011006017881038613,0.022164436289610265,0.06541606451928121
1.0,44,scalar_gate_logsigmoid_lo0p1_hi1p5_s0p75_p2,1,0.20000000298023224,1024,0.04138176864071266,1.0345441851859971,0.1625465845341267,0.2545840551452777,0.7703217680396583,0.015099275710896662,0.026889528617643883,0.04281284816792292,0.07634083542882736
1.0,44,scalar_gate_logsigmoid_lo0p1_hi1p5_s0p75_p2,2,0.30000001192092896,1024,0.053970727831141284,0.5996747060214829,0.22512681356151482,0.23973478315320287,0.6409720841208285,0.027555729943930768,0.04901771295654367,0.058541371525296634,0.060184210256511675
1.0,44,scalar_gate_logsigmoid_lo0p1_hi1p5_s0p75_p2,3,0.4000000059604645,1024,0.0683400837924838,0.42712551097369145,0.2528622117332959,0.27026609996026163,0.5351476789237836,0.046867986022396044,0.0810643496690982,0.07019013303278265,0.05065903497631125
1.0,44,scalar_gate_logsigmoid_lo0p1_hi1p5_s0p75_p2,4,0.5,1024,0.08202404933464816,0.32809619733859263,0.254802851762606,0.3219118183617038,0.46464203414677513,0.06649205395713009,0.11316108837235889,0.07770691591466816,0.05160737028615253
1.0,44,scalar_gate_logsigmoid_lo0p1_hi1p5_s0p75_p2,5,0.6000000238418579,1024,0.09443618205919763,0.26232270709467953,0.24635118997637317,0.3833396626509282,0.41114491771322637,0.09213157114564928,0.14408033277372095,0.08202371791605273,0.054351784726119325
1.0,44,scalar_gate_logsigmoid_lo0p1_hi1p5_s0p75_p2,6,0.699999988079071,1024,0.10705625509811864,0.2184821607029246,0.23643271873308322,0.4527979700600492,0.37316298846848284,0.11956891139258947,0.17031068098720875,0.08906090481870899,0.05563490107613331
1.0,44,scalar_gate_logsigmoid_lo0p1_hi1p5_s0p75_p2,7,0.75,1024,0.11301346687866515,0.20091283000651583,0.22897076280115233,0.4935716049337299,0.35475944858331443,0.13526610591789906,0.18157291171365242,0.09265399827501886,0.055680980208443774
1.0,44,scalar_gate_logsigmoid_lo0p1_hi1p5_s0p75_p2,8,0.800000011920929,1024,0.11239946922249672,0.1756241654261431,0.22010892135027638,0.5106538550685401,0.33835181360744593,0.13807511181392385,0.18578601920586296,0.09023298777805874,0.05141028660248514
1.0,44,scalar_gate_logsigmoid_lo0p1_hi1p5_s0p75_p2,9,0.8999999761581421,1024,0.12035923608322088,0.14859165735812707,0.20678769389574736,0.5820425471928729,0.3197657842060963,0.16550582181401513,0.20125257619689746,0.09352515282989016,0.05284062054327074
1.0,44,scalar_gate_logsigmoid_lo0p1_hi1p5_s0p75_p2,10,1.0,1024,0.12294247771047652,0.12294247771047652,0.18959512909337595,0.6484474485097511,0.2965673527750737,0.18336151395050485,0.21071256528921195,0.09211415922142593,0.04980317172912227
1.0,44,scalar_gate_logsigmoid_lo0p1_hi1p5_s0p75_p2,11,1.100000023841858,1024,0.11940984410128146,0.09868581729339197,0.17054459826174287,0.7001678465243297,0.27824333732994494,0.19134365683360816,0.20855526550471276,0.0862168976398487,0.046361441164856854
1.0,44,scalar_gate_logsigmoid_lo0p1_hi1p5_s0p75_p2,12,1.2000000476837158,1024,0.11536845628312141,0.08011697716282001,0.15426053929454214,0.7478805455414561,0.25886479238863275,0.1976534811846049,0.20378154042969016,0.08083555918928163,0.04293334854290303
1.0,44,scalar_gate_logsigmoid_lo0p1_hi1p5_s0p75_p2,13,1.2999999523162842,1024,0.10624231527280104,0.0628652799211191,0.13417892684246985,0.7917958339131208,0.24425694762218195,0.2022202882068637,0.18683478529002423,0.07224638162614783,0.03807479961061487
1.0,44,scalar_gate_logsigmoid_lo0p1_hi1p5_s0p75_p2,14,1.399999976158142,1024,0.09519757609249956,0.048570193538219265,0.11606782093640233,0.8201892249244661,0.2278743392085875,0.1906579391840772,0.16797627077867106,0.06329761797151884,0.03329064783435655
1.0,44,scalar_gate_logsigmoid_lo0p1_hi1p5_s0p75_p2,15,1.5,1024,0.08732260133173952,0.03881004503632868,0.10375389320927209,0.8416320451282674,0.21203816337470255,0.18565961918375115,0.1559976661481085,0.05574463157338038,0.02989647304976717
1.0,44,scalar_gate_logsigmoid_lo0p1_hi1p5_s0p75_p2,16,1.600000023841858,1024,0.07442990013444803,0.029074178873540704,0.08690350622242646,0.856466020415187,0.1996144806115835,0.16921399825485178,0.13094208945795854,0.04676370244027969,0.02582270033706321
1.0,44,scalar_gate_logsigmoid_lo0p1_hi1p5_s0p75_p2,17,1.7999999523162842,1024,0.05695443091509646,0.01757852899155892,0.06286463389449673,0.9059852477735075,0.17265620636775747,0.1400734356401592,0.09883994883887284,0.03482561706553586,0.019911804301688065
1.0,44,scalar_gate_logsigmoid_lo0p1_hi1p5_s0p75_p2,18,2.0,1024,0.04188598792376465,0.010471496980941162,0.04445967713251618,0.9421118331318418,0.15334764180296104,0.11523147026000999,0.06876083322980081,0.025365547828619987,0.015771546441221643
1.0,44,scalar_gate_logsigmoid_lo0p1_hi1p5_s0p75_p2,19,2.5,1024,0.018841352397886712,0.003014616383661874,0.01722458989730198,1.0938636281167993,0.11539183623284416,0.05654672882504104,0.028346724207267884,0.011503935507208003,0.008714612753131798
1.0,44,scalar_gate_logsigmoid_lo0p1_hi1p5_s0p75_p2,20,3.0,1024,0.01014721225104354,0.0011274680278937266,0.007202696554818482,1.4088074062005607,0.08821906859412139,0.031853668891296774,0.013572434895753663,0.006484399291811645,0.005836078372960895
1.0,44,fourier_gate_logsigmoid_lo0p1_hi1p5_s0p75_p2,0,0.10000000149011612,1024,0.01996272278010846,1.9962722185172972,0.06312809649804497,0.31622564099848455,0.9332728952099376,0.0053448821135964626,0.00853645769780265,0.019318013634542244,0.050832673402186695
1.0,44,fourier_gate_logsigmoid_lo0p1_hi1p5_s0p75_p2,1,0.20000000298023224,1024,0.031863213904584665,0.7965803238746728,0.1625465845341267,0.1960251210193529,0.7598818344443694,0.013274806854831905,0.02066065547177024,0.03387733008534255,0.054496882796587626
1.0,44,fourier_gate_logsigmoid_lo0p1_hi1p5_s0p75_p2,2,0.30000001192092896,1024,0.04214669773679304,0.4682966043030516,0.22512681356151482,0.18721314031869712,0.6290807467966054,0.025962929595595576,0.03743240831044007,0.0459754929126811,0.04505430168650874
1.0,44,fourier_gate_logsigmoid_lo0p1_hi1p5_s0p75_p2,3,0.4000000059604645,1024,0.05679310667217619,0.354956906122561,0.2528622117332959,0.22460100417091264,0.5245097565669101,0.050567221421980724,0.06491203560643094,0.05734768915977161,0.043723190974915914
1.0,44,fourier_gate_logsigmoid_lo0p1_hi1p5_s0p75_p2,4,0.5,1024,0.07026240432670396,0.2810496173068158,0.254802851762606,0.27575203276047255,0.45274176540213473,0.07365755390707307,0.09284126422069944,0.06600900573806234,0.04430440941648639
1.0,44,fourier_gate_logsigmoid_lo0p1_hi1p5_s0p75_p2,5,0.6000000238418579,1024,0.08312932376192782,0.2309147698761198,0.24635118997637317,0.3374423471220111,0.39983083540672615,0.10421366545450743,0.12235984986893661,0.07188928885329579,0.04413499717508902
1.0,44,fourier_gate_logsigmoid_lo0p1_hi1p5_s0p75_p2,6,0.699999988079071,1024,0.09796276584394524,0.1999240187357903,0.23643271873308322,0.41433675664212394,0.36391564586601355,0.13330431361131242,0.1514283861613376,0.08182770987590886,0.044233236843736666
1.0,44,fourier_gate_logsigmoid_lo0p1_hi1p5_s0p75_p2,7,0.75,1024,0.10481860474157452,0.18634418620724358,0.22897076280115233,0.45778161132564915,0.3460225999502492,0.15374288217672008,0.16291177782817345,0.08613091934426509,0.04495962106904231
1.0,44,fourier_gate_logsigmoid_lo0p1_hi1p5_s0p75_p2,8,0.800000011920929,1024,0.10908007488052948,0.17043761192139062,0.22010892135027638,0.49557316537361934,0.33490508084368076,0.15835527295046478,0.17390231393287964,0.08887405753729627,0.042799272045268434
1.0,44,fourier_gate_logsigmoid_lo0p1_hi1p5_s0p75_p2,9,0.8999999761581421,1024,0.12135770679683738,0.1498243373167905,0.20678769389574736,0.5868710294628086,0.3203574525640893,0.19386069312883328,0.19431349841900852,0.09632763631947795,0.045937128865226655
1.0,44,fourier_gate_logsigmoid_lo0p1_hi1p5_s0p75_p2,10,1.0,1024,0.1274999021313053,0.1274999021313053,0.18959512909337595,0.6724851146809334,0.3018124006543387,0.21644215400239825,0.20943017697796307,0.09734278781399373,0.046360594340928145
1.0,44,fourier_gate_logsigmoid_lo0p1_hi1p5_s0p75_p2,11,1.100000023841858,1024,0.1272021416147089,0.10512573231458244,0.17054459826174287,0.7458585197725569,0.28618554536086654,0.23056661639074302,0.2105824710251613,0.09485559170846049,0.04374381409971317
1.0,44,fourier_gate_logsigmoid_lo0p1_hi1p5_s0p75_p2,12,1.2000000476837158,1024,0.12452545873964138,0.0864760061411442,0.15426053929454214,0.8072411733364606,0.2674996270219472,0.23421103452404396,0.20834534256412995,0.09091489684412453,0.04154913477672396
1.0,44,fourier_gate_logsigmoid_lo0p1_hi1p5_s0p75_p2,13,1.2999999523162842,1024,0.11431735932065312,0.06764341284433437,0.13417892684246985,0.8519769982574475,0.25230478991124283,0.239786790456828,0.18849445850381127,0.08163444926130267,0.036210492588043146
1.0,44,fourier_gate_logsigmoid_lo0p1_hi1p5_s0p75_p2,14,1.399999976158142,1024,0.1022485691327653,0.052167639089454536,0.11606782093640233,0.8809381300333958,0.2351052028746568,0.2228166956059256,0.1708304148585908,0.07066691359574218,0.0326514718305181
1.0,44,fourier_gate_logsigmoid_lo0p1_hi1p5_s0p75_p2,15,1.5,1024,0.09361191520228822,0.04160529564546143,0.10375389320927209,0.9022496631858676,0.21892852746620384,0.2185686260300082,0.16011035295735873,0.061444209517576925,0.02749451909789449
1.0,44,fourier_gate_logsigmoid_lo0p1_hi1p5_s0p75_p2,16,1.600000023841858,1024,0.07870359190140606,0.030743589670256366,0.08690350622242646,0.9056434581588342,0.20314934628507095,0.19353238020923186,0.13451289889982587,0.05042754036631537,0.02251391397687691
1.0,44,fourier_gate_logsigmoid_lo0p1_hi1p5_s0p75_p2,17,1.7999999523162842,1024,0.058472120595692165,0.018046951757301453,0.06286463389449673,0.9301274337145373,0.1745215167750076,0.15694323985276692,0.10065704766430875,0.03558431141838091,0.015235574222952618
1.0,44,fourier_gate_logsigmoid_lo0p1_hi1p5_s0p75_p2,18,2.0,1024,0.041612485617187014,0.010403121404296754,0.04445967713251618,0.9359601396374776,0.15265093063993496,0.1252536662423965,0.07074164249014597,0.023909564445534544,0.010237697477497405
1.0,44,fourier_gate_logsigmoid_lo0p1_hi1p5_s0p75_p2,19,2.5,1024,0.01669254963906764,0.0026708079422508224,0.01722458989730198,0.9691115863189474,0.11402913124495158,0.056940148568294616,0.028500123786392332,0.008677713531879273,0.0036197992658537357
1.0,44,fourier_gate_logsigmoid_lo0p1_hi1p5_s0p75_p2,20,3.0,1024,0.00730861776049036,0.0008120686400544844,0.007202696554818482,1.0147057709381104,0.08515302547352739,0.026233248198034003,0.012223310286230017,0.0037161480795988976,0.0016292551550189116
1.0,44,score,0,0.10000000149011612,1024,0.028939402533112585,2.89394016706512,0.06312809649804497,0.45842349347582206,0.9430267993271466,0.010992258952948144,0.016566764252542096,0.025907710951007332,0.07235889633106024
1.0,44,score,1,0.20000000298023224,1024,0.051502921466433205,1.2875729982881643,0.1625465845341267,0.31685022243958716,0.780550623461774,0.016657671850500242,0.03272983779734669,0.05712916860927952,0.08298105301401924
1.0,44,score,2,0.30000001192092896,1024,0.06611272989291408,0.7345858293194076,0.22512681356151482,0.29366883867367094,0.6534099454250796,0.03389986795964903,0.0609208250870915,0.0749417294818443,0.05988481884134303
1.0,44,score,3,0.4000000059604645,1024,0.0804603498903059,0.5028771718275041,0.2528622117332959,0.3181983948442668,0.5452138987833869,0.06218283270291118,0.09288427677980204,0.08475088221702831,0.05231886728991415
1.0,44,score,4,0.5,1024,0.08827108471613157,0.3530843388645263,0.254802851762606,0.3464289512676716,0.47017820454899584,0.08419025965312314,0.11698315449442839,0.08640560339652585,0.046541904019341315
1.0,44,score,5,0.6000000238418579,1024,0.09147123406921509,0.25408674111037494,0.24635118997637317,0.37130421037539063,0.40709763516749387,0.1110709551456425,0.13620405205623698,0.07986679607079933,0.04489647837717606
1.0,44,score,6,0.699999988079071,1024,0.09910164913767976,0.2022482704348202,0.23643271873308322,0.41915370118278306,0.36494395326790485,0.1372730040269948,0.15419246581895968,0.08115703020027942,0.047746893862630674
1.0,44,score,7,0.75,1024,0.0997717538908531,0.1773720069170722,0.22897076280115233,0.4357401472147735,0.34196719582294116,0.1542452053496765,0.1567567574080115,0.07912013765189398,0.046219269285959846
1.0,44,score,8,0.800000011920929,1024,0.09924859423785554,0.15507592387502656,0.22010892135027638,0.4509067312174665,0.326314354916791,0.15722555106593455,0.15994936246804015,0.07651898811937764,0.044994097816177664
1.0,44,score,9,0.8999999761581421,1024,0.10303496430605734,0.1272036663766005,0.20678769389574736,0.49826448743126234,0.3025483214063873,0.18925463284586824,0.16667252058533424,0.07537474292072484,0.046495884743148565
1.0,44,score,10,1.0,1024,0.10319980559882132,0.10319980559882132,0.18959512909337595,0.5443167558803435,0.2771890144521073,0.20406957059351433,0.16750341788671,0.07312480597033166,0.046460179575372997
1.0,44,score,11,1.100000023841858,1024,0.10032932789858429,0.082916796321839,0.17054459826174287,0.5882879253941782,0.2598824593280683,0.21120511668018457,0.1613509591469892,0.06928576695286551,0.047524442151024325
1.0,44,score,12,1.2000000476837158,1024,0.09975763226420407,0.06927612801123627,0.15426053929454214,0.6466827661851275,0.24325252874971454,0.2101208792007813,0.15711370769549132,0.0697635020791763,0.04978951945392204
1.0,44,score,13,1.2999999523162842,1024,0.09432470056675929,0.055813436382472464,0.13417892684246985,0.7029770082861027,0.23219115440736143,0.21220830091590986,0.14157002955516074,0.06639094982268544,0.05036961831546324
1.0,44,score,14,1.399999976158142,1024,0.0896239388525397,0.0457265009719964,0.11606782093640233,0.7721687038619243,0.22247168734156136,0.1974377111384514,0.1289069089319281,0.06504530412625831,0.05274362751851688
1.0,44,score,15,1.5,1024,0.08758330484046195,0.03892591326242753,0.10375389320927209,0.8441447557423799,0.21255799627684357,0.19168255389265326,0.11939233174365646,0.06564873042235879,0.05606495534084399
1.0,44,score,16,1.600000023841858,1024,0.08303779764610167,0.03243663873882129,0.08690350622242646,0.955517231187075,0.20733308131216638,0.1724250862092262,0.10768043391943576,0.06455526366805689,0.05939196787549669
1.0,44,score,17,1.7999999523162842,1024,0.08136225560460986,0.025111808615844892,0.06286463389449673,1.2942452785322343,0.19647226320432792,0.14914875849388795,0.09232069752233449,0.06926109284929925,0.06993691655467407
1.0,44,score,18,2.0,1024,0.08316509627437602,0.020791274068594004,0.04445967713251618,1.8705735542454516,0.19537966058862016,0.13519845206794906,0.08464231147716839,0.07621822429214292,0.07787525462808514
1.0,44,score,19,2.5,1024,0.10148594757674818,0.016237751612279708,0.01722458989730198,5.891922430771179,0.19862934555410278,0.12430522001927238,0.09028684404436718,0.10382260341486618,0.09989072488891072
1.0,44,score,20,3.0,1024,0.14470768777056803,0.016078631974507557,0.007202696554818482,20.090765544435026,0.2235375247797565,0.15655572501692316,0.12238099367789738,0.15077416114372996,0.154899557166507
1.0,44,scalar_gaussian,0,0.10000000149011612,1024,0.02641309637692137,2.6413095589749775,0.06312809649804497,0.41840476494866846,0.9397411900462627,0.0172322600906684,0.01311989717100922,0.025985536516413686,0.0567611412639348
1.0,44,scalar_gaussian,1,0.20000000298023224,1024,0.050105677248990156,1.252641893893116,0.1625465845341267,0.30825426072530276,0.7793902984210611,0.016165473721098344,0.03377556074739361,0.0572160887875753,0.07113110939933556
1.0,44,scalar_gaussian,2,0.30000001192092896,1024,0.0713680900763584,0.792978715605917,0.22512681356151482,0.3170128379970048,0.6585294150989044,0.026777379974283488,0.06382905528048229,0.08238211138132001,0.06793491039588032
1.0,44,scalar_gaussian,3,0.4000000059604645,1024,0.09091114056078015,0.5681946115713568,0.2528622117332959,0.35952837688799394,0.5577990372424121,0.04311957473027584,0.10121641398192957,0.09996965543510249,0.06492046819268807
1.0,44,scalar_gaussian,4,0.5,1024,0.10475285048059452,0.41901140192237807,0.254802851762606,0.4111133362753348,0.4865868469390554,0.05996876931136543,0.13538961364634,0.10818264302620685,0.06221054477430543
1.0,44,scalar_gaussian,5,0.6000000238418579,1024,0.11478655784147819,0.3188515242196187,0.24635118997637317,0.46594683732799114,0.43050954136003583,0.0877043440794149,0.16531192683539797,0.109077685899972,0.06157620349912375
1.0,44,scalar_gaussian,6,0.699999988079071,1024,0.12605577832897735,0.2572566992294116,0.23643271873308322,0.5331570816612988,0.39198550941785265,0.11114478947330024,0.18948079447889582,0.11503945401846488,0.0632013019331013
1.0,44,scalar_gaussian,7,0.75,1024,0.13100088660984427,0.23289046508416758,0.22897076280115233,0.5721293190764746,0.3731624589868425,0.12743256181790116,0.2025307295131792,0.11571620557781377,0.06356125245377682
1.0,44,scalar_gaussian,8,0.800000011920929,1024,0.128579229652471,0.20090504034454912,0.22010892135027638,0.58416182707948,0.35452060869739,0.13243818511749494,0.20439361244799187,0.11104660273493198,0.05788860889056824
1.0,44,scalar_gaussian,9,0.8999999761581421,1024,0.13428810226760465,0.16578778936104271,0.20678769389574736,0.6494008407255918,0.3337907957065378,0.16369788725556836,0.21626989889658865,0.11150171693912826,0.05828581673034202
1.0,44,scalar_gaussian,10,1.0,1024,0.1335547983234539,0.1335547983234539,0.18959512909337595,0.7044210416274879,0.30829355380451673,0.1841847846473545,0.21819536682389187,0.10632524703619083,0.05782210011683545
1.0,44,scalar_gaussian,11,1.100000023841858,1024,0.12740703119669858,0.10529506254029149,0.17054459826174287,0.7470599039505255,0.2857900365341015,0.19287876830485043,0.21182426396049742,0.09767002350506629,0.05329857028047153
1.0,44,scalar_gaussian,12,1.2000000476837158,1024,0.12184904446042764,0.08461738526162237,0.15426053929454214,0.7898912127343948,0.2646574649164779,0.2023347752776583,0.20321367718226038,0.09048507469319617,0.050972621621582496
1.0,44,scalar_gaussian,13,1.2999999523162842,1024,0.110997550391429,0.06567902871843859,0.13417892684246985,0.8272353416698847,0.2492687673040404,0.2078697133732644,0.18263210903647537,0.08029155612941248,0.045829778355722744
1.0,44,scalar_gaussian,14,1.399999976158142,1024,0.0990213799119563,0.05052111392071657,0.11606782093640233,0.8531337894782536,0.23251708932166112,0.1939718886359922,0.16172761572099748,0.0707734149931678,0.04150787887573081
1.0,44,scalar_gaussian,15,1.5,1024,0.0922402329959136,0.04099565910929494,0.10375389320927209,0.8890291259708648,0.21746174686837355,0.19601617699415402,0.15207033345160917,0.06317685380143251,0.03801729581036104
1.0,44,scalar_gaussian,16,1.600000023841858,1024,0.079417189914267,0.031022338885722794,0.08690350622242646,0.913854841610205,0.203323971495113,0.1799188900291367,0.12861730252018191,0.053787590310243084,0.03293897705513657
1.0,44,scalar_gaussian,17,1.7999999523162842,1024,0.062163511001470204,0.0191862698441394,0.06286463389449673,0.9888471013097254,0.1782837195423802,0.14997406900363727,0.09875703132813823,0.04148025048651827,0.026461482364897086
1.0,44,scalar_gaussian,18,2.0,1024,0.04759501205402238,0.011898753013505596,0.04445967713251618,1.0705208657310095,0.15860652907397751,0.13225217722933577,0.07080264167300848,0.03105313342802869,0.0217967868877381
1.0,44,scalar_gaussian,19,2.5,1024,0.024149703219418613,0.0038639525151069783,0.01722458989730198,1.4020480814583205,0.12213428571702147,0.07562349745275757,0.03191045672141199,0.015893539830921195,0.012946206331676757
1.0,44,scalar_gaussian,20,3.0,1024,0.01544090733529847,0.0017156563705887189,0.007202696554818482,2.1437675761821127,0.09314150665063137,0.045878232356609094,0.017514521814182265,0.011234722526770085,0.010734888082106403
1.0,44,fourier_gaussian,0,0.10000000149011612,1024,0.053830969162999814,5.383096755871195,0.06312809649804497,0.8527259991859079,0.9675559545823756,0.004974961735609742,0.01737843208078303,0.06023188239121611,0.12159647812889597
1.0,44,fourier_gaussian,1,0.20000000298023224,1024,0.1323060508596363,3.30765117291522,0.1625465845341267,0.8139577416458024,0.8620089310042648,0.016841004113082723,0.057291083602049646,0.1597358277094293,0.2261896394108798
1.0,44,fourier_gaussian,2,0.30000001192092896,1024,0.18289789492768727,2.0321986710252156,0.22512681356151482,0.8124216393162395,0.7687427160020057,0.03500729972625756,0.10804394275669056,0.2259347551887303,0.23554933513520224
1.0,44,fourier_gaussian,3,0.4000000059604645,1024,0.205430300106427,1.2839393374007944,0.2528622117332959,0.8124199290129704,0.6705726521807109,0.06300520930501693,0.16020835050107388,0.2477509514205349,0.20507191155231927
1.0,44,fourier_gaussian,4,0.5,1024,0.2085658571786163,0.8342634287144652,0.254802851762606,0.8185381589564483,0.5916473020907941,0.08658800440423171,0.19931061359045632,0.24110269002803908,0.1698681732232952
1.0,44,fourier_gaussian,5,0.6000000238418579,1024,0.19924186632663554,0.5534495847008767,0.24635118997637317,0.8087716821897399,0.5151191447151747,0.1168141073915823,0.2264682063297778,0.21448724979834455,0.1390390126140671
1.0,44,fourier_gaussian,6,0.699999988079071,1024,0.19602981229856126,0.40006085505162664,0.23643271873308322,0.8291145715744438,0.46292014987181207,0.1436804433042374,0.24794615948858728,0.20035719528802065,0.11646917544184837
1.0,44,fourier_gaussian,7,0.75,1024,0.1913235208996899,0.34013070382167093,0.22897076280115233,0.8355805717686461,0.4321738148290219,0.161215500044967,0.253651629403926,0.1892432126533578,0.10510361518648204
1.0,44,fourier_gaussian,8,0.800000011920929,1024,0.1826151521645274,0.28533616675339357,0.22010892135027638,0.8296581121939977,0.40927839408284794,0.16452407717322887,0.24909751221630622,0.17770787390757184,0.09301349381614081
1.0,44,fourier_gaussian,9,0.8999999761581421,1024,0.17249853971278345,0.21296117142232754,0.20678769389574736,0.8341818435276381,0.37240949556620395,0.18956777184601137,0.2548277689128998,0.15606791108599594,0.0787238225397584
1.0,44,fourier_gaussian,10,1.0,1024,0.16050340560824294,0.16050340560824294,0.18959512909337595,0.8465586978724264,0.3336040935349556,0.2092689654831376,0.24985377059801875,0.13587609913302273,0.06760282571342088
1.0,44,fourier_gaussian,11,1.100000023841858,1024,0.14530626633180865,0.12008781820905111,0.17054459826174287,0.8520133021674497,0.30414319319737504,0.2185766046395666,0.23444149739886433,0.11647516596474067,0.055055380094989934
1.0,44,fourier_gaussian,12,1.2000000476837158,1024,0.13324223401293706,0.09252932182208078,0.15426053929454214,0.8637480111393029,0.2770790286264624,0.2228686744081796,0.22005537348057475,0.1018809993513016,0.047591072350402885
1.0,44,fourier_gaussian,13,1.2999999523162842,1024,0.11437528091206492,0.06767768597786153,0.13417892684246985,0.8524086725357775,0.2533719059888586,0.21642794745949984,0.18917699780907318,0.08441414161132418,0.03788505126049588
1.0,44,fourier_gaussian,14,1.399999976158142,1024,0.09828269282818211,0.050144232742689164,0.11606782093640233,0.8467695183321713,0.2321540452366435,0.20009149097558376,0.1653301495425286,0.06940064134749077,0.03163674307006586
1.0,44,fourier_gaussian,15,1.5,1024,0.087600288510358,0.038933461560159116,0.10375389320927209,0.8443084476229515,0.21405281977585947,0.1944289936756245,0.1505212798657501,0.058527733843380045,0.026221118639762998
1.0,44,fourier_gaussian,16,1.600000023841858,1024,0.07454958217443451,0.02912092966901714,0.08690350622242646,0.8578432035138777,0.19949242989253874,0.1743061652809989,0.12883293095996762,0.04836755018340791,0.021535425684829402
1.0,44,fourier_gaussian,17,1.7999999523162842,1024,0.053851860524947816,0.016620945487074743,0.06286463389449673,0.8566320550808472,0.16969555575356907,0.13819822179626762,0.09338057128426865,0.03327166342189129,0.01446691863585777
1.0,44,fourier_gaussian,18,2.0,1024,0.03773537804558165,0.009433844511395412,0.04445967713251618,0.8487551075350337,0.14875048052303202,0.11076801433930442,0.06459425000382425,0.02183399962081493,0.009484459561311977
1.0,44,fourier_gaussian,19,2.5,1024,0.015137208943903788,0.002421953431024606,0.01722458989730198,0.8788138953761009,0.112459591738302,0.0502814393926221,0.02584077930631898,0.008024008001523617,0.003456159388202822
1.0,44,fourier_gaussian,20,3.0,1024,0.006650607263242135,0.0007389563625824594,0.007202696554818482,0.9233496389339062,0.08427782753475146,0.02374581518076999,0.01105227194462887,0.0034141911451067994,0.0015545487662170672
1.0,44,scalar_normalized,0,0.10000000149011612,1024,0.03623172932168332,3.623172824189367,0.06312809649804497,0.5739398355343313,0.9487478098436684,0.020121811445196744,0.01740574928107877,0.0358230446237614,0.08019401262851122
1.0,44,scalar_normalized,1,0.20000000298023224,1024,0.0637455953492414,1.5936398362368664,0.1625465845341267,0.3921681623267697,0.7943084356785766,0.019003265492269612,0.04153349808536784,0.07255533299102307,0.09480938709215915
1.0,44,scalar_normalized,2,0.30000001192092896,1024,0.0866785637338352,0.9630950760582475,0.22512681356151482,0.38502105707701806,0.6743118310692077,0.028475801572485054,0.07370075676759828,0.10161531089039096,0.08565737694979594
1.0,44,scalar_normalized,3,0.4000000059604645,1024,0.102665812571701,0.6416613094501339,0.2528622117332959,0.4060148484344779,0.5679348965583279,0.04140750208433456,0.10872886227526746,0.11617081696680204,0.07490054676573824
1.0,44,scalar_normalized,4,0.5,1024,0.11494513074541302,0.45978052298165206,0.254802851762606,0.4511139885220154,0.49702885009839903,0.0556481590791858,0.14371440961846035,0.12256105843926134,0.06797122572002812
1.0,44,scalar_normalized,5,0.6000000238418579,1024,0.12038970681679509,0.3344158256918927,0.24635118997637317,0.4886913955168689,0.43630300086840834,0.07774879832385702,0.16946298757748027,0.11875588564006796,0.06300992573928955
1.0,44,scalar_normalized,6,0.699999988079071,1024,0.12667500436773788,0.2585204258821692,0.23643271873308322,0.5357761186629398,0.39270975746476333,0.09702716694919403,0.18801704668701538,0.11932512701715685,0.06185970880151951
1.0,44,scalar_normalized,7,0.75,1024,0.12978075725499597,0.23072134623110394,0.22897076280115233,0.5668005629509255,0.37028657075763877,0.11636657093124347,0.19876606721226328,0.11775885595547347,0.060008603531246006
1.0,44,scalar_normalized,8,0.800000011920929,1024,0.1256636132053205,0.1963493897816454,0.22010892135027638,0.5709155832231909,0.35127063140630566,0.11662249869252798,0.19575699049495698,0.11254015608068592,0.05565351077947108
1.0,44,scalar_normalized,9,0.8999999761581421,1024,0.1281801989533103,0.15824716758585416,0.20678769389574736,0.6198637672217222,0.32736768443042696,0.14217302391630937,0.20616830104688083,0.10895120337596656,0.05440376465526169
1.0,44,scalar_normalized,10,1.0,1024,0.1258527130112231,0.1258527130112231,0.18959512909337595,0.6637971851546904,0.2993209338572733,0.16307251460004235,0.2079912547608878,0.10111042011159654,0.05262185552773128
1.0,44,scalar_normalized,11,1.100000023841858,1024,0.11816407230007513,0.097656253865951,0.17054459826174287,0.6928631777520337,0.27696760364327067,0.16825205831000206,0.19957280515536693,0.09090009743819787,0.048608015585577764
1.0,44,scalar_normalized,12,1.2000000476837158,1024,0.11153013566334347,0.0774514769442536,0.15426053929454214,0.7229984814871543,0.25483385043850426,0.17727241445208336,0.1877357091276191,0.08379174434121887,0.04431955072780211
1.0,44,scalar_normalized,13,1.2999999523162842,1024,0.10105094125438535,0.05979346074996369,0.13417892684246985,0.75310589846215,0.23942160289431563,0.17760685147994257,0.16805945499227173,0.07464761324804625,0.03913953917455891
1.0,44,scalar_normalized,14,1.399999976158142,1024,0.08851539892094701,0.045160919354981434,0.11606782093640233,0.7626179091399305,0.22175524868803342,0.16640056849836418,0.1475841581756759,0.0635307544003784,0.03462116755834523
1.0,44,scalar_normalized,15,1.5,1024,0.0808564561375695,0.03593620272780867,0.10375389320927209,0.7793100927256933,0.2061454839358922,0.1644415767171869,0.13615981415080436,0.05554516557994827,0.03172362812082252
1.0,44,scalar_normalized,16,1.600000023841858,1024,0.06957625631350707,0.02717822431248949,0.08690350622242646,0.800615065351093,0.19434546173112494,0.14776315903923795,0.1166874905359,0.0470333081612259,0.02754803142357583
1.0,44,scalar_normalized,17,1.7999999523162842,1024,0.052744576907606755,0.01627919126608491,0.06286463389449673,0.8390182784827146,0.1681676154241252,0.12273628308774451,0.08582022525061539,0.03505658151223441,0.021880459024699327
1.0,44,scalar_normalized,18,2.0,1024,0.03898847769187473,0.009747119422968683,0.04445967713251618,0.8769401895489697,0.15088486008252613,0.10074304486846379,0.06078521066359504,0.025472415799248787,0.016991315571742733
1.0,44,scalar_normalized,19,2.5,1024,0.018031596285920364,0.0028850554057472584,0.01722458989730198,1.0468519943540016,0.11496125381032445,0.0521867216954355,0.02549626719093153,0.01180852891353183,0.009295366189637694
1.0,44,scalar_normalized,20,3.0,1024,0.00992290441123074,0.0011025449345811933,0.007202696554818482,1.3776652029846357,0.08760234860125019,0.029823350282271916,0.012039701547736113,0.006959855427759798,0.0062976468444218715
1.0,44,fourier_normalized,0,0.10000000149011612,1024,0.043747209543292864,4.374720823952445,0.06312809649804497,0.6929911080820832,0.9545154934767549,0.007334137073641875,0.01686737838391713,0.049206035501470576,0.09114082935665119
1.0,44,fourier_normalized,1,0.20000000298023224,1024,0.08936857116057001,2.2342142124294777,0.1625465845341267,0.5498028237056377,0.8175845828643608,0.013918737395157654,0.04511932549980251,0.10944351398504855,0.13411179820135585
1.0,44,fourier_normalized,2,0.30000001192092896,1024,0.12288127245793265,1.3653473632467457,0.22512681356151482,0.5458313495133974,0.7090877249361909,0.028202006090006615,0.08393569967400602,0.15303483532665454,0.13080397899636736
1.0,44,fourier_normalized,3,0.4000000059604645,1024,0.13335991126743382,0.8334994205812427,0.2528622117332959,0.5274015059557177,0.5992652732460084,0.04319386339341488,0.11948547753543555,0.1603037008087155,0.10633017067615504
1.0,44,fourier_normalized,4,0.5,1024,0.13841327870935083,0.5536531148374033,0.254802851762606,0.5432171490698516,0.518617925150419,0.06177460786057861,0.1469811178155332,0.15854732774546165,0.08969664107792584
1.0,44,fourier_normalized,5,0.6000000238418579,1024,0.13135338925732262,0.3648704967174827,0.24635118997637317,0.5331956759369433,0.44785582389963047,0.08150633939656263,0.16562808433527948,0.13810354441671258,0.07261281732812624
1.0,44,fourier_normalized,6,0.699999988079071,1024,0.13206835222006125,0.26952725860874005,0.23643271873308322,0.5585874617005001,0.39744312462339937,0.10339622726296453,0.18189222069337407,0.1308579692399737,0.06399410227955642
1.0,44,fourier_normalized,7,0.75,1024,0.13281507089618388,0.2361156815932158,0.22897076280115233,0.5800525327835239,0.37585894648531804,0.11862811866346434,0.18870710703229862,0.12753281656673554,0.06128827425029562
1.0,44,fourier_normalized,8,0.800000011920929,1024,0.12313826189709579,0.19240352848014014,0.22010892135027638,0.5594423939824608,0.3487239850552808,0.11542171848011037,0.18352539440703788,0.11507421547215259,0.05053450360530935
1.0,44,fourier_normalized,9,0.8999999761581421,1024,0.1205815081288096,0.1488660673054914,0.20678769389574736,0.5831174276241078,0.31928700368149054,0.1386824968415951,0.1863073966793396,0.10661286499357052,0.04644980882055652
1.0,44,fourier_normalized,10,1.0,1024,0.11173167070071924,0.11173167070071924,0.18959512909337595,0.5893172004734952,0.28448796073412036,0.15315930947565062,0.1826340210647891,0.09152408566500661,0.0390074586467697
1.0,44,fourier_normalized,11,1.100000023841858,1024,0.10229717188337847,0.08454311359414515,0.17054459826174287,0.5998265141554244,0.2614080412103826,0.16158298130466586,0.17218411780270612,0.0790234745295699,0.03304000835157981
1.0,44,fourier_normalized,12,1.2000000476837158,1024,0.0927104973197128,0.06438228468871174,0.15426053929454214,0.6009994373395333,0.235669068607369,0.16300599037368002,0.1601397001819373,0.06790765315735194,0.027482940703584268
1.0,44,fourier_normalized,13,1.2999999523162842,1024,0.08400067799795988,0.04970454684036286,0.13417892684246985,0.6260348027420076,0.22255507235209843,0.16565452494529215,0.14335779876640076,0.05998871802405373,0.023825508229192476
1.0,44,fourier_normalized,14,1.399999976158142,1024,0.07006858453462232,0.03574927904140007,0.11606782093640233,0.6036865685021809,0.20345521165171196,0.15217083001669585,0.12039432512999079,0.04775277896965019,0.019292397009376676
1.0,44,fourier_normalized,15,1.5,1024,0.06430470345640804,0.028579868202848017,0.10375389320927209,0.6197811134345114,0.19031933840198836,0.14853095490428753,0.11392010326705543,0.04118192372125344,0.016659909765908212
1.0,44,fourier_normalized,16,1.600000023841858,1024,0.05441228659869026,0.02125479881917101,0.08690350622242646,0.6261230295981837,0.17949069876135423,0.13312890577176872,0.09715860782385431,0.03360868519974918,0.013278754609354633
1.0,44,fourier_normalized,17,1.7999999523162842,1024,0.040094954272280436,0.012374986542156678,0.06286463389449673,0.6377982625265939,0.15607226551114015,0.10883988286648263,0.07016209772003668,0.023967293298861065,0.009377347045741257
1.0,44,fourier_normalized,18,2.0,1024,0.027870350684948354,0.006967587671237088,0.04445967713251618,0.6268680404915716,0.1397557757948728,0.08507312156337411,0.04861908720527541,0.015435968983131895,0.006178721700992564
1.0,44,fourier_normalized,19,2.5,1024,0.01175388516894742,0.0018806216270315873,0.01722458989730198,0.6823898414433961,0.10886666095448935,0.0404984444714586,0.02014875365246231,0.006050963813744994,0.002404844483179469
1.0,44,fourier_normalized,20,3.0,1024,0.005107413515312274,0.0005674903905902527,0.007202696554818482,0.7090974160081062,0.08298051768279355,0.01906215652501275,0.008503153990089631,0.0025229378415152787,0.00108148132244091
1.0,44,scalar_gate_s1p5_p4,0,0.10000000149011612,1024,0.021585983997732157,2.1585983354419715,0.06312809649804497,0.34193940883993956,0.9364095192964781,0.023109554052449348,0.009550686453652512,0.017813532085175103,0.05638712571535755
1.0,44,scalar_gate_s1p5_p4,1,0.20000000298023224,1024,0.03809387255047398,0.9523467853797034,0.1625465845341267,0.234356647109224,0.7667359172546697,0.017689006067463105,0.027037441975627532,0.03911831331806212,0.06521567649654078
1.0,44,scalar_gate_s1p5_p4,2,0.30000001192092896,1024,0.047930274832372666,0.5325585669246321,0.22512681356151482,0.21290344794613258,0.6347736956796609,0.031427320652022764,0.047748923537001,0.05062164511902885,0.04725358615252669
1.0,44,scalar_gate_s1p5_p4,3,0.4000000059604645,1024,0.05877510065973525,0.36734436817562993,0.2528622117332959,0.23243924134353353,0.5253946162004313,0.05439805138248745,0.07150275683035692,0.05869710955115705,0.03887448347617426
1.0,44,scalar_gate_s1p5_p4,4,0.5,1024,0.06531657315276876,0.26126629261107503,0.254802851762606,0.2563416096049927,0.4467730404686967,0.07842555394267078,0.09127321702234409,0.059159139166868824,0.035150078670311245
1.0,44,scalar_gate_s1p5_p4,5,0.6000000238418579,1024,0.07410603888282735,0.205850091648358,0.24635118997637317,0.30081461709170004,0.38921884362024517,0.1089364750416646,0.11315224415879738,0.06023647682172709,0.03773644386812768
1.0,44,scalar_gate_s1p5_p4,6,0.699999988079071,1024,0.0860347891530905,0.17558120833350618,0.23643271873308322,0.36388698490676347,0.35262860630662635,0.1412032194272222,0.13649456539961438,0.06613952609051284,0.04083927502115714
1.0,44,scalar_gate_s1p5_p4,7,0.75,1024,0.09088009697521282,0.1615646168448228,0.22897076280115233,0.39690699311744376,0.3329244631835293,0.16313802781943382,0.1441039817929185,0.0677012629009622,0.043681046666338
1.0,44,scalar_gate_s1p5_p4,8,0.800000011920929,1024,0.09214262028784614,0.1439728399090346,0.22010892135027638,0.4186228332890354,0.31911685418865876,0.16427719172728655,0.14901007147287126,0.06783280773132117,0.042807237039429125
1.0,44,scalar_gate_s1p5_p4,9,0.8999999761581421,1024,0.1020647038146226,0.12600581385457457,0.20678769389574736,0.49357242634602244,0.3016700353793882,0.20049401166802286,0.16519112828377067,0.0726660074300232,0.04621874229273479
1.0,44,scalar_gate_s1p5_p4,10,1.0,1024,0.10689257959627368,0.10689257959627368,0.18959512909337595,0.5637939123616879,0.2804805173027005,0.21812037879879848,0.17372365586582825,0.07433584026342586,0.04928068192864357
1.0,44,scalar_gate_s1p5_p4,11,1.100000023841858,1024,0.10654609101441229,0.08805461685600312,0.17054459826174287,0.624740344170215,0.26573189675409314,0.22825988073608347,0.1729915265140721,0.07246179054733382,0.04956501315638529
1.0,44,scalar_gate_s1p5_p4,12,1.2000000476837158,1024,0.10549170972060977,0.07325812592839057,0.15426053929454214,0.6838541483326848,0.24896560234413134,0.22996146057594843,0.17282916773079143,0.0709630490216002,0.047072418756912704
1.0,44,scalar_gate_s1p5_p4,13,1.2999999523162842,1024,0.09848027359928795,0.058272355517016663,0.13417892684246985,0.7339473933556406,0.23719540896532626,0.2368665704665013,0.15694198287386738,0.06509838885429105,0.04377641233268317
1.0,44,scalar_gate_s1p5_p4,14,1.399999976158142,1024,0.0917368340380063,0.046804508756400166,0.11606782093640233,0.7903726743372924,0.22445729223304112,0.21993148341341776,0.14509676235224286,0.061144421843231725,0.04122682456217225
1.0,44,scalar_gate_s1p5_p4,15,1.5,1024,0.08615786660432315,0.03829238515747695,0.10375389320927209,0.830406107562078,0.21158163624437842,0.2204933323579846,0.13576053984491804,0.05554742371188951,0.03898397301820306
1.0,44,scalar_gate_s1p5_p4,16,1.600000023841858,1024,0.07550852043089876,0.029495514914284975,0.08690350622242646,0.8688777209706288,0.20037684591002847,0.20429727242227602,0.11700680075603345,0.0483049592503149,0.0329535020954333
1.0,44,scalar_gate_s1p5_p4,17,1.7999999523162842,1024,0.06118537797534919,0.01888437691884793,0.06286463389449673,0.9732877483711149,0.1773891138778383,0.1797239918157461,0.09161562569514889,0.03871623291222728,0.026115811245056457
1.0,44,scalar_gate_s1p5_p4,18,2.0,1024,0.04863874209902487,0.012159685524756218,0.04445967713251618,1.0939967457265287,0.16006146721364,0.16799508394055565,0.0679689757642199,0.029442739953223024,0.020483033777523654
1.0,44,scalar_gate_s1p5_p4,19,2.5,1024,0.024700982995966212,0.003952157279354594,0.01722458989730198,1.4340534749007472,0.12194584929866853,0.10366407255078298,0.03030332409585499,0.014086259444535057,0.010972949148894557
1.0,44,scalar_gate_s1p5_p4,20,3.0,1024,0.014376779279939213,0.001597419919993246,0.007202696554818482,1.9960273448312067,0.09274394379459369,0.06740854511496766,0.015246598643990729,0.00797844014192583,0.007539845023549051
1.0,44,fourier_gate_s1p5_p4,0,0.10000000149011612,1024,0.020215706644506323,2.021570604203133,0.06312809649804497,0.32023310959696666,0.9352729266472517,0.007967681620668196,0.009764306371522974,0.01772042005325567,0.05502707037666705
1.0,44,fourier_gate_s1p5_p4,1,0.20000000298023224,1024,0.036637943450479035,0.9159485589645814,0.1625465845341267,0.22539965115530858,0.7655973375792625,0.02088611903453968,0.026433093628972296,0.03752965079770752,0.06016224005248304
1.0,44,fourier_gate_s1p5_p4,2,0.30000001192092896,1024,0.047319232132733355,0.5257692041348765,0.22512681356151482,0.21018923238925338,0.6338171071534695,0.036083166809902124,0.04686566430328553,0.0500601642747315,0.044013200916887214
1.0,44,fourier_gate_s1p5_p4,3,0.4000000059604645,1024,0.058171180793169894,0.36356986912208533,0.2528622117332959,0.23005090556799135,0.5246399725801101,0.058745839045811654,0.07173951182661756,0.05727178613145384,0.03712816198205601
1.0,44,fourier_gate_s1p5_p4,4,0.5,1024,0.06471603640608589,0.25886414562434357,0.254802851762606,0.2539847413732259,0.4467939108416925,0.07699701962168137,0.09226693789387229,0.05788200097273105,0.03473135472291972
1.0,44,fourier_gate_s1p5_p4,5,0.6000000238418579,1024,0.07280667084093982,0.20224073626329397,0.24635118997637317,0.29554016300031877,0.38846766360069773,0.10336171581072617,0.11290238795208575,0.05899947222073229,0.036710899114249775
1.0,44,fourier_gate_s1p5_p4,6,0.699999988079071,1024,0.0837699846941515,0.17095915825987806,0.23643271873308322,0.35430791957657193,0.3499939296256176,0.12997691045461213,0.13522999453627105,0.06455590512682605,0.03920153125113476
1.0,44,fourier_gate_s1p5_p4,7,0.75,1024,0.08772430104862705,0.155954312975337,0.22897076280115233,0.38312446521746735,0.3296145248458938,0.14804591264181988,0.1409527722606121,0.06607965269809728,0.041352572888658984
1.0,44,fourier_gate_s1p5_p4,8,0.800000011920929,1024,0.08881971071299463,0.13878079385306413,0.22010892135027638,0.4035261731697324,0.3154547059451614,0.15157654447141167,0.1449745244084474,0.065746120848833,0.041290918208790856
1.0,44,fourier_gate_s1p5_p4,9,0.8999999761581421,1024,0.09691044395917674,0.11964252974528027,0.20678769389574736,0.46864705598987155,0.29636382262256,0.184702192834221,0.1587881682063123,0.06934103602242236,0.042283503683649935
1.0,44,fourier_gate_s1p5_p4,10,1.0,1024,0.10148023483564551,0.10148023483564551,0.18959512909337595,0.535247056825317,0.27579038823589574,0.2058100509286332,0.1687359728367765,0.06976157027953499,0.0437795355495039
1.0,44,fourier_gate_s1p5_p4,11,1.100000023841858,1024,0.10099458307444778,0.08346659396400881,0.17054459826174287,0.5921886949444545,0.2597414892212523,0.22012525820857937,0.16862570577986064,0.0669820549465649,0.04306954056230931
1.0,44,fourier_gate_s1p5_p4,12,1.2000000476837158,1024,0.09970336872888577,0.06923844500359334,0.15426053929454214,0.6463310006878302,0.24332395294094317,0.22458450873447147,0.16702923777177203,0.0654605885484653,0.03999613777557329
1.0,44,fourier_gate_s1p5_p4,13,1.2999999523162842,1024,0.09266370176588012,0.05483059678322435,0.13417892684246985,0.6905980241939939,0.23134421433908378,0.23100305191303666,0.15178797359319274,0.05976013088851048,0.03500106952785606
1.0,44,fourier_gate_s1p5_p4,14,1.399999976158142,1024,0.0861994037078759,0.043979289103984784,0.11606782093640233,0.7426640994243151,0.21913146540686057,0.2151832610932626,0.14211638844203056,0.0553097388935853,0.031828021598150714
1.0,44,fourier_gate_s1p5_p4,15,1.5,1024,0.07950465238571414,0.03533540106031739,0.10375389320927209,0.7662811478828354,0.20469395948002503,0.2081390662218649,0.13251001774621246,0.04935038847879338,0.02772543659533406
1.0,44,fourier_gate_s1p5_p4,16,1.600000023841858,1024,0.06907689223284083,0.026983160224292604,0.08690350622242646,0.794868875095108,0.1931588189063484,0.18846982463980955,0.11494537973492057,0.042031092076583544,0.023376530371132978
1.0,44,fourier_gate_s1p5_p4,17,1.7999999523162842,1024,0.05341116068987026,0.016484927012251696,0.06286463389449673,0.8496217567974409,0.16882869299439443,0.15252061596853733,0.08844969818660296,0.03191122414375327,0.017281601381750108
1.0,44,fourier_gate_s1p5_p4,18,2.0,1024,0.039964006756330925,0.009991001689082731,0.04445967713251618,0.8988820732371606,0.15097507650618702,0.12142020836575498,0.06595425069943298,0.023121790113797256,0.012131835057374484
1.0,44,fourier_gate_s1p5_p4,19,2.5,1024,0.017116111509534515,0.0027385778415255223,0.01722458989730198,0.9937021207230915,0.11452356873916417,0.056078365411594236,0.02823393716454144,0.00943377902093018,0.004727536467549858
1.0,44,fourier_gate_s1p5_p4,20,3.0,1024,0.007879004421851948,0.0008754449357613275,0.007202696554818482,1.0938964819475878,0.08581499457119679,0.026398765451787203,0.012809172858155315,0.004349344909990543,0.00215977367438057
1.0,44,scalar_gate_s1p5_p4_plateau_lo0p8_hi1,0,0.10000000149011612,1024,0.02784735277326513,2.7847351943349365,0.06312809649804497,0.4411245438729099,0.9423599247523962,0.016621724279107318,0.01014515851223754,0.024350971886606114,0.07876293063922485
1.0,44,scalar_gate_s1p5_p4_plateau_lo0p8_hi1,1,0.20000000298023224,1024,0.04446496403551515,1.1116240677588995,0.1625465845341267,0.2735521276128673,0.7735401034172238,0.019823647566048815,0.028404137849303825,0.04430655500223808,0.08730559830864107
1.0,44,scalar_gate_s1p5_p4_plateau_lo0p8_hi1,2,0.30000001192092896,1024,0.0572203464450559,0.6357815766399068,0.22512681356151482,0.25416939697154606,0.6438858163296887,0.030735267394827948,0.05106022328527554,0.06083190861447599,0.0692419300058718
1.0,44,scalar_gate_s1p5_p4_plateau_lo0p8_hi1,3,0.4000000059604645,1024,0.0683016035793591,0.42688500964882964,0.2528622117332959,0.27011392137706836,0.5352423856619943,0.0511723804686305,0.07744783735236589,0.07051112349894235,0.05321079223710405
1.0,44,scalar_gate_s1p5_p4_plateau_lo0p8_hi1,4,0.5,1024,0.08004831889127938,0.3201932755651175,0.254802851762606,0.3141578610189912,0.4622395091586529,0.0754479251053288,0.10828100890858103,0.07470555687444377,0.052596411916316956
1.0,44,scalar_gate_s1p5_p4_plateau_lo0p8_hi1,5,0.6000000238418579,1024,0.09513412103531699,0.2642614263187133,0.24635118997637317,0.38617276841423426,0.4110626825094841,0.10707841953059076,0.14046748221266736,0.08058977936522402,0.06285104830967099
1.0,44,scalar_gate_s1p5_p4_plateau_lo0p8_hi1,6,0.699999988079071,1024,0.11326802066997194,0.2311592337303221,0.23643271873308322,0.47907083789804905,0.3797693630065134,0.13778784485691437,0.17471183125404538,0.09105493942463815,0.07432853978791214
1.0,44,scalar_gate_s1p5_p4_plateau_lo0p8_hi1,7,0.75,1024,0.12272890863066271,0.21818472645451148,0.22897076280115233,0.5360025320667057,0.36486826493905605,0.16402512862823979,0.19363764264435335,0.09522834028063981,0.07761762859664532
1.0,44,scalar_gate_s1p5_p4_plateau_lo0p8_hi1,8,0.800000011920929,1024,0.12681806927469824,0.1981532273362896,0.22010892135027638,0.5761605140615034,0.3534514591026213,0.17742738177661518,0.20644438343759225,0.09596352514195965,0.07370550387438973
1.0,44,scalar_gate_s1p5_p4_plateau_lo0p8_hi1,9,0.8999999761581421,1024,0.12243277556953763,0.15115158278550586,0.20678769389574736,0.59206993057944,0.3223950497267325,0.1883685863584182,0.20031978648364457,0.09435882246328216,0.05339312857426784
1.0,44,scalar_gate_s1p5_p4_plateau_lo0p8_hi1,10,1.0,1024,0.13653790167729649,0.13653790167729649,0.18959512909337595,0.7201551133207189,0.3108110229882719,0.20360756855871828,0.2399374532932721,0.10087740187083888,0.0501729942502788
1.0,44,scalar_gate_s1p5_p4_plateau_lo0p8_hi1,11,1.100000023841858,1024,0.12750368699040124,0.10537494335807061,0.17054459826174287,0.7476266518551077,0.28613027229774524,0.20225739228791723,0.22848802899841564,0.09049480954670942,0.046257446375924806
1.0,44,scalar_gate_s1p5_p4_plateau_lo0p8_hi1,12,1.2000000476837158,1024,0.1205491918201319,0.08371470988871074,0.15426053929454214,0.7814648669803855,0.2636070586641582,0.20695699601269207,0.2151054217955683,0.08405510704936194,0.042311434224175944
1.0,44,scalar_gate_s1p5_p4_plateau_lo0p8_hi1,13,1.2999999523162842,1024,0.10896028335635459,0.0644735451772981,0.13417892684246985,0.8120521300954903,0.24632847945300262,0.2107283472256138,0.19202940333826019,0.07393946381764997,0.03704490838515148
1.0,44,scalar_gate_s1p5_p4_plateau_lo0p8_hi1,14,1.399999976158142,1024,0.09635063862217463,0.049158490767274444,0.11606782093640233,0.8301236108754774,0.22949141017787572,0.19438575719229892,0.16983284143245617,0.0642072166695786,0.03268236179696785
1.0,44,scalar_gate_s1p5_p4_plateau_lo0p8_hi1,15,1.5,1024,0.08872418694490138,0.039432971975511724,0.10375389320927209,0.8551407971356244,0.2132664566274683,0.19132121794713997,0.15672301476342346,0.05702882860161467,0.030577051785368275
1.0,44,scalar_gate_s1p5_p4_plateau_lo0p8_hi1,16,1.600000023841858,1024,0.07501168189805174,0.029301437368175573,0.08690350622242646,0.8631605922327459,0.20004155193838424,0.1725030810810246,0.13100389764265788,0.047312698649727335,0.02594867996632598
1.0,44,scalar_gate_s1p5_p4_plateau_lo0p8_hi1,17,1.7999999523162842,1024,0.057508307033681705,0.017749478419932584,0.06286463389449673,0.9147958632861151,0.1728777921819419,0.14401918795540547,0.09865221855593945,0.03527773517259577,0.020284135290590588
1.0,44,scalar_gate_s1p5_p4_plateau_lo0p8_hi1,18,2.0,1024,0.04224494424466881,0.010561236061167203,0.04445967713251618,0.9501855831915703,0.15386679436722533,0.11815772438549574,0.06911019369957955,0.025607354520428605,0.015163850760386668
1.0,44,scalar_gate_s1p5_p4_plateau_lo0p8_hi1,19,2.5,1024,0.019006079629967323,0.0030409727407947717,0.01722458989730198,1.1034271203719277,0.1159327318179656,0.05721143562039459,0.02842976000879259,0.011661945204167912,0.008772180125949484
1.0,44,scalar_gate_s1p5_p4_plateau_lo0p8_hi1,20,3.0,1024,0.010463029265706966,0.001162558807300774,0.007202696554818482,1.452654458795349,0.08851763700351856,0.03421393945202212,0.013637949593006508,0.00668199639897122,0.005907678299112163
1.0,44,fourier_gate_s1p5_p4_plateau_lo0p8_hi1,0,0.10000000149011612,1024,0.01858902020668479,1.8589019652688827,0.06312809649804497,0.2944650835030401,0.9326117735948289,0.005519928118376807,0.007239789543198054,0.017475446279229288,0.05023287182788643
1.0,44,fourier_gate_s1p5_p4_plateau_lo0p8_hi1,1,0.20000000298023224,1024,0.03130751213650545,0.7826877800867225,0.1625465845341267,0.19260639789039938,0.7601219221826163,0.016251822899862454,0.02139391559456382,0.03237572520253834,0.053260483981968004
1.0,44,fourier_gate_s1p5_p4_plateau_lo0p8_hi1,2,0.30000001192092896,1024,0.04169994653504008,0.46333270245584757,0.22512681356151482,0.1852286978851845,0.6285715769590365,0.026670835889458476,0.03706658557808716,0.04525079209074471,0.04487223316228427
1.0,44,fourier_gate_s1p5_p4_plateau_lo0p8_hi1,3,0.4000000059604645,1024,0.05474513564947563,0.3421570876121468,0.2528622117332959,0.2165018461011389,0.5215161473775454,0.04840435707321626,0.06171600816113282,0.05540725913436749,0.04337377278374883
1.0,44,fourier_gate_s1p5_p4_plateau_lo0p8_hi1,4,0.5,1024,0.06969632562203698,0.2787853024881479,0.254802851762606,0.2735303986588481,0.45246117901980765,0.07097160201565092,0.087878246506426,0.06578780678028229,0.05142993945552201
1.0,44,fourier_gate_s1p5_p4_plateau_lo0p8_hi1,5,0.6000000238418579,1024,0.08507103086837847,0.23630840029872438,0.24635118997637317,0.3453242132767347,0.4017456155499226,0.10168726454266075,0.11535108932629642,0.07413548035730984,0.06332065461040466
1.0,44,fourier_gate_s1p5_p4_plateau_lo0p8_hi1,6,0.699999988079071,1024,0.10256421608677563,0.20931473383692265,0.23643271873308322,0.4337987425613618,0.3690040112192308,0.13511231486731093,0.14532392334322775,0.08653526296646016,0.06901850454064398
1.0,44,fourier_gate_s1p5_p4_plateau_lo0p8_hi1,7,0.75,1024,0.11060610178392183,0.19663306983808326,0.22897076280115233,0.4830577512639757,0.3516982764997846,0.15891255140913355,0.15726066495148375,0.09117342051271707,0.07424009116324562
1.0,44,fourier_gate_s1p5_p4_plateau_lo0p8_hi1,8,0.800000011920929,1024,0.116425718161083,0.18191517920519734,0.22010892135027638,0.5289459302551656,0.3430581222814208,0.16597811330485263,0.1706974304176388,0.09517273193008997,0.07270262483108553
1.0,44,fourier_gate_s1p5_p4_plateau_lo0p8_hi1,9,0.8999999761581421,1024,0.12242016494825969,0.15113601411643665,0.20678769389574736,0.5920089471570692,0.3217464924996998,0.19162092650687063,0.19479986505503072,0.09746573934829489,0.04957254949241659
1.0,44,fourier_gate_s1p5_p4_plateau_lo0p8_hi1,10,1.0,1024,0.16118829464361284,0.16118829464361284,0.18959512909337595,0.8501710746177836,0.3361335303457529,0.23135322925254678,0.24742500712621765,0.1346070002404859,0.06931628763694286
1.0,44,fourier_gate_s1p5_p4_plateau_lo0p8_hi1,11,1.100000023841858,1024,0.14800004921773716,0.12231408496041984,0.17054459826174287,0.8678084836823414,0.3067451972072202,0.2400849148245398,0.23715185727114046,0.11656525611182438,0.05710335018580037
1.0,44,fourier_gate_s1p5_p4_plateau_lo0p8_hi1,12,1.2000000476837158,1024,0.1371137457370672,0.09521787141683775,0.15426053929454214,0.8888452378301674,0.27994866090582604,0.2420768070927079,0.22466737022428426,0.10365804125356191,0.04953826283323401
1.0,44,fourier_gate_s1p5_p4_plateau_lo0p8_hi1,13,1.2999999523162842,1024,0.1214103230719854,0.07184043312342847,0.13417892684246985,0.9048389782884821,0.2595349760149178,0.24368655626149743,0.1983742446269557,0.08867087435772392,0.04033669478951951
1.0,44,fourier_gate_s1p5_p4_plateau_lo0p8_hi1,14,1.399999976158142,1024,0.10609904170767875,0.054132165980301364,0.11606782093640233,0.9141124633141358,0.239051713173061,0.22541877500378565,0.1766414815680708,0.07425663451358026,0.03469505730240571
1.0,44,fourier_gate_s1p5_p4_plateau_lo0p8_hi1,15,1.5,1024,0.09671084066884908,0.04298259585282181,0.10375389320927209,0.932117703513861,0.22218358113852882,0.22210153504307462,0.16493674596074942,0.06407349548077938,0.029055482874719818
1.0,44,fourier_gate_s1p5_p4_plateau_lo0p8_hi1,16,1.600000023841858,1024,0.08105126001326246,0.031660647499119815,0.08690350622242646,0.9326581116970657,0.2056159674321133,0.19492117297403028,0.13864087809232545,0.05245588511139889,0.02343562585709745
1.0,44,fourier_gate_s1p5_p4_plateau_lo0p8_hi1,17,1.7999999523162842,1024,0.05970021828909872,0.018425994275348835,0.06286463389449673,0.9496630233986771,0.17581633009624828,0.15782213819117785,0.10244799502008413,0.036751511465431375,0.01588710771115742
1.0,44,fourier_gate_s1p5_p4_plateau_lo0p8_hi1,18,2.0,1024,0.04253321095870673,0.010633302739676682,0.04445967713251618,0.9566693620363584,0.15335766810709917,0.12689024475859068,0.07212152384118922,0.024669908411573318,0.010550334456861868
1.0,44,fourier_gate_s1p5_p4_plateau_lo0p8_hi1,19,2.5,1024,0.017022921490626508,0.0027236674385002413,0.01722458989730198,0.9882918311624324,0.11427486555380084,0.05775964082872137,0.029066818868408457,0.00888662072142074,0.0037171738704054732
1.0,44,fourier_gate_s1p5_p4_plateau_lo0p8_hi1,20,3.0,1024,0.007638746988170587,0.0008487496653522875,0.007202696554818482,1.0605398866984608,0.08557620696902321,0.02710071198575838,0.012804536663990312,0.003916093103827649,0.00170627724001564
1.0,44,scalar_gate_s1p5_p4_cap_lo1_hi2_d0p5,0,0.10000000149011612,1024,0.019967204351015035,1.9967203755945988,0.06312809649804497,0.3162966326987763,0.9337653003488167,0.009335945197552995,0.008316878723701125,0.017331904280250575,0.056540727485495546
1.0,44,scalar_gate_s1p5_p4_cap_lo1_hi2_d0p5,1,0.20000000298023224,1024,0.036109366548499305,0.9027341368089087,0.1625465845341267,0.22214780244070975,0.7648318596801837,0.01753235871781563,0.02687962777640005,0.03597937168997035,0.06332944262594277
1.0,44,scalar_gate_s1p5_p4_cap_lo1_hi2_d0p5,2,0.30000001192092896,1024,0.04603819361323981,0.511535443938368,0.22512681356151482,0.20449893499985108,0.6328980177685708,0.03010257738880784,0.04474708608260462,0.04851402258913307,0.047833484327901105
1.0,44,scalar_gate_s1p5_p4_cap_lo1_hi2_d0p5,3,0.4000000059604645,1024,0.0555809215890094,0.3473807495785556,0.2528622117332959,0.21980714796417608,0.5226625202537556,0.05347865882899862,0.06747005125011839,0.055077798846998254,0.0375133007501971
1.0,44,scalar_gate_s1p5_p4_cap_lo1_hi2_d0p5,4,0.5,1024,0.06324595103858294,0.25298380415433175,0.254802851762606,0.2482152401398857,0.44546323021239603,0.07787255760770113,0.08829397379664422,0.05644936555524304,0.03626622986735914
1.0,44,scalar_gate_s1p5_p4_cap_lo1_hi2_d0p5,5,0.6000000238418579,1024,0.07287545056227193,0.2024317910295884,0.24635118997637317,0.29581935678598187,0.38821070072902986,0.11160107382104509,0.11165218252313219,0.05803759872358135,0.038478909989810836
1.0,44,scalar_gate_s1p5_p4_cap_lo1_hi2_d0p5,6,0.699999988079071,1024,0.08593421831371344,0.17537596171554193,0.23643271873308322,0.3634616172168939,0.3526731466743839,0.14690806260138506,0.1359445174120521,0.06507780876205164,0.04194354250757167
1.0,44,scalar_gate_s1p5_p4_cap_lo1_hi2_d0p5,7,0.75,1024,0.09199308538025384,0.16354326289822907,0.22897076280115233,0.4017678250919068,0.33338136018389164,0.16914104143810813,0.14513362922539028,0.0680999253038973,0.044924081022994826
1.0,44,scalar_gate_s1p5_p4_cap_lo1_hi2_d0p5,8,0.800000011920929,1024,0.09375874972141063,0.1464980420737222,0.22010892135027638,0.42596524096451804,0.3207923181212539,0.17306309592971703,0.15148839319009613,0.06796440810519033,0.044515592878187404
1.0,44,scalar_gate_s1p5_p4_cap_lo1_hi2_d0p5,9,0.8999999761581421,1024,0.10421468784439153,0.12866011526652418,0.20678769389574736,0.5039694861964643,0.3035448281813449,0.20765237533903128,0.16912749150489734,0.07334504096579886,0.04796743204782029
1.0,44,scalar_gate_s1p5_p4_cap_lo1_hi2_d0p5,10,1.0,1024,0.11019489222493259,0.11019489222493259,0.18959512909337595,0.5812116205298787,0.2842379944097636,0.22448444998960962,0.17984938807676737,0.07594054671682642,0.052275783871918086
1.0,44,scalar_gate_s1p5_p4_cap_lo1_hi2_d0p5,11,1.100000023841858,1024,0.10806347486925319,0.08930865304531228,0.17054459826174287,0.633637628929197,0.26746296152879856,0.2293536911598532,0.17788223645706877,0.07286175308916333,0.049542060832031685
1.0,44,scalar_gate_s1p5_p4_cap_lo1_hi2_d0p5,12,1.2000000476837158,1024,0.10551290800985555,0.07327284696141911,0.15426053929454214,0.6839915670746568,0.24881343250614502,0.23272417680621596,0.1758600857910685,0.07030089200631873,0.04280150308086033
1.0,44,scalar_gate_s1p5_p4_cap_lo1_hi2_d0p5,13,1.2999999523162842,1024,0.09879310442663292,0.058457462529025006,0.13417892684246985,0.7362788386481808,0.23683355995016908,0.25118298490343227,0.16147957514548059,0.0630597670965822,0.037682052797317976
1.0,44,scalar_gate_s1p5_p4_cap_lo1_hi2_d0p5,14,1.399999976158142,1024,0.09242646900140072,0.04715636334154468,0.11606782093640233,0.7963143294647055,0.22579224315515706,0.24735627871074425,0.15032524937913996,0.057960377155898704,0.03362842324101442
1.0,44,scalar_gate_s1p5_p4_cap_lo1_hi2_d0p5,15,1.5,1024,0.08748723896440047,0.03888321731751132,0.10375389320927209,0.8432188543319363,0.21268404944802627,0.2539875640356237,0.142930415248152,0.051878610197379785,0.03094289809579636
1.0,44,scalar_gate_s1p5_p4_cap_lo1_hi2_d0p5,16,1.600000023841858,1024,0.07693042626274066,0.030050946863295055,0.08690350622242646,0.8852396135299759,0.20198190864970608,0.23670637094128014,0.12277312509295395,0.04508197466602758,0.02698425399742245
1.0,44,scalar_gate_s1p5_p4_cap_lo1_hi2_d0p5,17,1.7999999523162842,1024,0.061830853139050214,0.01908359765894038,0.06286463389449673,0.983555447770817,0.17820882970472654,0.20206170456905195,0.09610761856906475,0.03563048024221164,0.021967539190413644
1.0,44,scalar_gate_s1p5_p4_cap_lo1_hi2_d0p5,18,2.0,1024,0.048590956769552926,0.012147739192388231,0.04445967713251618,1.0929219441860336,0.15991060737756593,0.1782917379214535,0.07021004726533475,0.02749212471525669,0.01780772745333734
1.0,44,scalar_gate_s1p5_p4_cap_lo1_hi2_d0p5,19,2.5,1024,0.023722851776864867,0.003795656284298379,0.01722458989730198,1.3772665658983705,0.12102408883421904,0.09464267157586939,0.03071889060273081,0.01359131272844118,0.01016025260325684
1.0,44,scalar_gate_s1p5_p4_cap_lo1_hi2_d0p5,20,3.0,1024,0.013301231209960294,0.0014779145788844771,0.007202696554818482,1.8467015941497626,0.09180255458247029,0.05879942166049954,0.01490376144196906,0.007622314117135848,0.0066292028978708175
1.0,44,fourier_gate_s1p5_p4_cap_lo1_hi2_d0p5,0,0.10000000149011612,1024,0.018704996004683998,1.870499544723169,0.06312809649804497,0.296302233748855,0.9337330780765227,0.007494490530061343,0.009515144628235274,0.01621628888283213,0.050672350620156965
1.0,44,fourier_gate_s1p5_p4_cap_lo1_hi2_d0p5,1,0.20000000298023224,1024,0.03203065320989055,0.800766306382568,0.1625465845341267,0.197055221441246,0.7603435899550031,0.01812204805627888,0.02426189149019935,0.03303789744254958,0.04976364314019178
1.0,44,fourier_gate_s1p5_p4_cap_lo1_hi2_d0p5,2,0.30000001192092896,1024,0.04267827624445032,0.4742030316965096,0.22512681356151482,0.18957438063142437,0.6294727970736798,0.0328699035247695,0.04223159446136568,0.04500204427750109,0.04014279391156506
1.0,44,fourier_gate_s1p5_p4_cap_lo1_hi2_d0p5,3,0.4000000059604645,1024,0.05399250808397501,0.33745316546795573,0.2528622117332959,0.21352541257102942,0.5206753750430833,0.05485834550504941,0.06593984438753606,0.05293165029040529,0.03627946330831084
1.0,44,fourier_gate_s1p5_p4_cap_lo1_hi2_d0p5,4,0.5,1024,0.06297053747919043,0.2518821499167617,0.254802851762606,0.24713435129783654,0.44504224747890725,0.0733599949655899,0.08766413135102502,0.0566983885843847,0.03699367892830644
1.0,44,fourier_gate_s1p5_p4_cap_lo1_hi2_d0p5,5,0.6000000238418579,1024,0.07218602800412896,0.20051672852027563,0.24635118997637317,0.29302082125542855,0.38743267401737447,0.10047235373698596,0.1072120137382965,0.05964520451008709,0.041579427824846506
1.0,44,fourier_gate_s1p5_p4_cap_lo1_hi2_d0p5,6,0.699999988079071,1024,0.08408162951727419,0.17159516812464795,0.23643271873308322,0.35562603165848944,0.35072028320161175,0.12733891949657125,0.12946006998217913,0.06614067214245621,0.047153968784923915
1.0,44,fourier_gate_s1p5_p4_cap_lo1_hi2_d0p5,7,0.75,1024,0.08786738683707522,0.15620868771035595,0.22897076280115233,0.3837493737721566,0.3289715677951357,0.14369581692424113,0.1348864701523415,0.06782255471524386,0.04898703224398372
1.0,44,fourier_gate_s1p5_p4_cap_lo1_hi2_d0p5,8,0.800000011920929,1024,0.0891312771337138,0.13926761637092938,0.22010892135027638,0.4049416833580875,0.31537291448031085,0.14780487413375623,0.13951586228843377,0.06764634922660338,0.048127521729938616
1.0,44,fourier_gate_s1p5_p4_cap_lo1_hi2_d0p5,9,0.8999999761581421,1024,0.09730366376528699,0.12012798632175407,0.20678769389574736,0.47054861888610705,0.2961077677241534,0.179550482592155,0.15282191639604883,0.07170960924473595,0.04960052126219863
1.0,44,fourier_gate_s1p5_p4_cap_lo1_hi2_d0p5,10,1.0,1024,0.10324302275373903,0.10324302275373903,0.18959512909337595,0.544544700317125,0.277338704555711,0.2012062053072352,0.16334373910188604,0.07411969637936891,0.05199476968604486
1.0,44,fourier_gate_s1p5_p4_cap_lo1_hi2_d0p5,11,1.100000023841858,1024,0.09925119837489914,0.08202578022518653,0.17054459826174287,0.5819662386642913,0.2580922808151055,0.21700908431589322,0.16675472839084726,0.06705064396032064,0.03547041394551349
1.0,44,fourier_gate_s1p5_p4_cap_lo1_hi2_d0p5,12,1.2000000476837158,1024,0.09850546248263328,0.06840656573202983,0.15426053929454214,0.6385655264341377,0.24178045466258552,0.2203211934630494,0.16684161117474794,0.06603233525203939,0.03201982824533081
1.0,44,fourier_gate_s1p5_p4_cap_lo1_hi2_d0p5,13,1.2999999523162842,1024,0.0924821526432824,0.054723171259013645,0.13417892684246985,0.6892449866726037,0.2312225229823078,0.2277709794920441,0.15244202656500583,0.06127365377817527,0.028625135356866702
1.0,44,fourier_gate_s1p5_p4_cap_lo1_hi2_d0p5,14,1.399999976158142,1024,0.08537852332283938,0.043560472566742156,0.11606782093640233,0.7355916793649576,0.21869930022478037,0.21467558319433055,0.14283532821138684,0.05507066321193802,0.02589775290022066
1.0,44,fourier_gate_s1p5_p4_cap_lo1_hi2_d0p5,15,1.5,1024,0.0794040901665162,0.03529070674067387,0.10375389320927209,0.7653119098514962,0.20482465100956443,0.20789047065739422,0.1352843325059105,0.04921868783899493,0.022713856749963388
1.0,44,fourier_gate_s1p5_p4_cap_lo1_hi2_d0p5,16,1.600000023841858,1024,0.06884185364490683,0.026891348278617094,0.08690350622242646,0.7921642824020073,0.19314969195004644,0.18743035275930592,0.1178794207501273,0.04149320433077076,0.019098576692140514
1.0,44,fourier_gate_s1p5_p4_cap_lo1_hi2_d0p5,17,1.7999999523162842,1024,0.05258027683910996,0.016228481365714004,0.06286463389449673,0.8364047252283914,0.16821401917635959,0.1528327072072883,0.08974600450885202,0.030693436802240844,0.013495695360974929
1.0,44,fourier_gate_s1p5_p4_cap_lo1_hi2_d0p5,18,2.0,1024,0.03880234698452056,0.00970058674613014,0.04445967713251618,0.8727536834976685,0.1495157771565561,0.12141197595910969,0.06570883188587402,0.021695251480875588,0.009701162965557036
1.0,44,fourier_gate_s1p5_p4_cap_lo1_hi2_d0p5,19,2.5,1024,0.01653780398913459,0.0026460486382615346,0.01722458989730198,0.9601275901335121,0.11369209003906738,0.05572635546082587,0.027690052650489756,0.00885149755020335,0.0039773243206371635
1.0,44,fourier_gate_s1p5_p4_cap_lo1_hi2_d0p5,20,3.0,1024,0.007771407427880317,0.0008634897142089242,0.007202696554818482,1.0789580497711482,0.08591892299384923,0.026541871969769038,0.012736259381365798,0.004218013450020734,0.0019409009036597089
1.0,44,scalar_gate_s1p5_p4_linear_sigma,0,0.10000000149011612,1024,0.02094456710037704,2.0944566476180313,0.06312809649804497,0.3317788474902879,0.9347427770474684,0.014853860478307676,0.00813741578186228,0.018234179197714705,0.057335805200055115
1.0,44,scalar_gate_s1p5_p4_linear_sigma,1,0.20000000298023224,1024,0.03677052117130277,0.9192630018863968,0.1625465845341267,0.22621528023298937,0.7651451438901341,0.016808762072552767,0.026122386205015027,0.03786752309565139,0.0626461755631362
1.0,44,scalar_gate_s1p5_p4_linear_sigma,2,0.30000001192092896,1024,0.047181578179711595,0.5242397158895208,0.22512681356151482,0.20957778166579635,0.6335482572939408,0.031129369634961806,0.04566656212090274,0.05003538841502302,0.0480117728090563
1.0,44,scalar_gate_s1p5_p4_linear_sigma,3,0.4000000059604645,1024,0.057345980479655674,0.358412367316327,0.2528622117332959,0.22678746692345164,0.5243625693850824,0.051391522146195634,0.06862442606193397,0.05788274794859118,0.03857565474710459
1.0,44,scalar_gate_s1p5_p4_linear_sigma,4,0.5,1024,0.06476117663666627,0.25904470654666506,0.254802851762606,0.2541618988511274,0.4471299108685325,0.07394887501819755,0.08874191379551731,0.05941949484024241,0.0372041649287927
1.0,44,scalar_gate_s1p5_p4_linear_sigma,5,0.6000000238418579,1024,0.07280406093916826,0.2022334865367269,0.24635118997637317,0.29552956876786624,0.38805071818263526,0.10338594013945905,0.10959541948973661,0.05983836266515334,0.03938879521760831
1.0,44,scalar_gate_s1p5_p4_linear_sigma,6,0.699999988079071,1024,0.08561330737112323,0.17472104140223504,0.23643271873308322,0.3621043137763642,0.35184752497225497,0.13555223668147814,0.13263685275245854,0.06731589981546854,0.043395583397692165
1.0,44,scalar_gate_s1p5_p4_linear_sigma,7,0.75,1024,0.091412542798985,0.16251118719819557,0.22897076280115233,0.3992323809410175,0.3332353405473929,0.1567921368018365,0.1419112904227059,0.06962313031019948,0.047630553090642264
1.0,44,scalar_gate_s1p5_p4_linear_sigma,8,0.800000011920929,1024,0.09251549014714702,0.1445554490468291,0.22010892135027638,0.4203168575794343,0.31864814008398545,0.15924060122418654,0.14677540065106398,0.06946750759842378,0.04605407717033827
1.0,44,scalar_gate_s1p5_p4_linear_sigma,9,0.8999999761581421,1024,0.10192521294920416,0.12583360290048948,0.20678769389574736,0.4928978655789356,0.3012641957885016,0.1896882806687537,0.16330078190789632,0.07415642397143322,0.048960144427803026
1.0,44,scalar_gate_s1p5_p4_linear_sigma,10,1.0,1024,0.10743127583126869,0.10743127583126869,0.18959512909337595,0.5666352102239852,0.28172719757112763,0.20649237181303773,0.173027324933798,0.07678475254899626,0.05155788983659631
1.0,44,scalar_gate_s1p5_p4_linear_sigma,11,1.100000023841858,1024,0.10771377654000394,0.08901964617416333,0.17054459826174287,0.6315871486864129,0.2672497008080823,0.2196100631409761,0.17174811631656706,0.07562835223818028,0.05292194952135219
1.0,44,scalar_gate_s1p5_p4_linear_sigma,12,1.2000000476837158,1024,0.10674377921921148,0.0741276185666518,0.15426053929454214,0.6919707379953919,0.25023200698836423,0.22352441815242977,0.17166706153102756,0.07390896724232428,0.05048910094799107
1.0,44,scalar_gate_s1p5_p4_linear_sigma,13,1.2999999523162842,1024,0.10022427147628234,0.059304306999225724,0.13417892684246985,0.746944947576967,0.23879695361261447,0.23067234730225805,0.15604576836433406,0.06866783799321968,0.047728094707996216
1.0,44,scalar_gate_s1p5_p4_linear_sigma,14,1.399999976158142,1024,0.09341724974565133,0.047661863738481615,0.11606782093640233,0.8048505519616668,0.22655488905074314,0.21177875815035568,0.14621551889860335,0.06425269965373787,0.043974455818351826
1.0,44,scalar_gate_s1p5_p4_linear_sigma,15,1.5,1024,0.08824751820405385,0.03922111920180171,0.10375389320927209,0.850546572031357,0.21413047515507277,0.21291017991716904,0.13766574924763902,0.059022261104935844,0.041542377771506565
1.0,44,scalar_gate_s1p5_p4_linear_sigma,16,1.600000023841858,1024,0.07700935323078814,0.030081777709269775,0.08690350622242646,0.8861478273809278,0.2013053605445742,0.1947190239555536,0.11723067535599668,0.0516708598641953,0.03583371621267623
1.0,44,scalar_gate_s1p5_p4_linear_sigma,17,1.7999999523162842,1024,0.062444521266773245,0.01927300141209974,0.06286463389449673,0.9933171864417671,0.1785071611429968,0.1734661882104295,0.09410389560223147,0.04048295502497593,0.02744840217071726
1.0,44,scalar_gate_s1p5_p4_linear_sigma,18,2.0,1024,0.04917517747303361,0.012293794368258403,0.04445967713251618,1.1060624063117337,0.1602732741809731,0.17241731267918572,0.07176047040869168,0.028469584613801308,0.018776821274434603
1.0,44,scalar_gate_s1p5_p4_linear_sigma,19,2.5,1024,0.026039584107631856,0.004166333457221097,0.01722458989730198,1.51176801670678,0.12323332869178838,0.1281682958053459,0.0380393459669248,0.01047964693921008,0.006750485828641104
1.0,44,scalar_gate_s1p5_p4_linear_sigma,20,3.0,1024,0.01381792678204184,0.0015353251980046488,0.007202696554818482,1.9184380012230118,0.09213591954665777,0.06956548734721363,0.01806081219203014,0.005822066259707342,0.005510736601341979
1.0,44,fourier_gate_s1p5_p4_linear_sigma,0,0.10000000149011612,1024,0.018963364809467594,1.8963364244315295,0.06312809649804497,0.3003950041492994,0.9341638357093824,0.0063201444358109565,0.007839506295156935,0.01700758898220244,0.05315161105660858
1.0,44,fourier_gate_s1p5_p4_linear_sigma,1,0.20000000298023224,1024,0.03310854025860807,0.8277134817974175,0.1625465845341267,0.20368647150292427,0.762639684793031,0.020228042261104008,0.02449988743941537,0.0340908732325648,0.05185760847861643
1.0,44,fourier_gate_s1p5_p4_linear_sigma,2,0.30000001192092896,1024,0.04434115771837439,0.49267949104951103,0.22512681356151482,0.19696080185605425,0.631435636023278,0.03503482093482483,0.04331120383694531,0.04700831578469644,0.04126644347011477
1.0,44,fourier_gate_s1p5_p4_linear_sigma,3,0.4000000059604645,1024,0.05486614319282816,0.3429133847355607,0.2528622117332959,0.21698039741382044,0.5216911750504698,0.05606257961103557,0.06592537287391984,0.054390678280733254,0.03633680430646407
1.0,44,fourier_gate_s1p5_p4_linear_sigma,4,0.5,1024,0.0634251178056905,0.253700471222762,0.254802851762606,0.24891839854595602,0.44592165662249916,0.07424021376960967,0.08785595135031762,0.05772933068586902,0.03550155619905723
1.0,44,fourier_gate_s1p5_p4_linear_sigma,5,0.6000000238418579,1024,0.07113399760984104,0.1975944221017199,0.24635118997637317,0.2887503714378782,0.3867484087321529,0.09969676901979053,0.10749914002272798,0.058406659667802945,0.03869770365132521
1.0,44,fourier_gate_s1p5_p4_linear_sigma,6,0.699999988079071,1024,0.0823359350688683,0.1680325262718645,0.23643271873308322,0.3482425592788623,0.348695611476884,0.12487243673238083,0.1275937694461218,0.06492968311424979,0.044003124858136226
1.0,44,fourier_gate_s1p5_p4_linear_sigma,7,0.75,1024,0.08761223555982788,0.155755085439694,0.22897076280115233,0.38263503378339164,0.3298336582390422,0.14466178351600786,0.13374526546973486,0.06824025469191641,0.04708680568978109
1.0,44,fourier_gate_s1p5_p4_linear_sigma,8,0.800000011920929,1024,0.08892821367688761,0.13895032972909432,0.22010892135027638,0.404019124401456,0.31508074279558895,0.1492054693199416,0.14003897596577072,0.06745627900972193,0.045693469659802415
1.0,44,fourier_gate_s1p5_p4_linear_sigma,9,0.8999999761581421,1024,0.09767113269662797,0.12058165169312468,0.20678769389574736,0.47232565370098456,0.2965097805991148,0.18213958994951435,0.1568188983131129,0.07118839873902245,0.045638512522227496
1.0,44,fourier_gate_s1p5_p4_linear_sigma,10,1.0,1024,0.102914618365469,0.102914618365469,0.18959512909337595,0.5428125651623854,0.277105345798,0.20426205497473665,0.16598163060176627,0.07315231106045203,0.046926737203633766
1.0,44,fourier_gate_s1p5_p4_linear_sigma,11,1.100000023841858,1024,0.10286630548493636,0.08501347192215063,0.17054459826174287,0.6031636682333531,0.262067727078872,0.2207527286471461,0.16801288135331255,0.07006791519901637,0.04546274326451552
1.0,44,fourier_gate_s1p5_p4_linear_sigma,12,1.2000000476837158,1024,0.1019184279327161,0.07077668043956088,0.15426053929454214,0.660690208907639,0.2453458323396563,0.22314395872476442,0.16735206612668546,0.06894627043800262,0.04280592679455029
1.0,44,fourier_gate_s1p5_p4_linear_sigma,13,1.2999999523162842,1024,0.09411704330578655,0.05569056225453969,0.13417892684246985,0.7014293937250133,0.23305673440519475,0.22839213280509604,0.15107626541279948,0.06250520738979673,0.03768142329855328
1.0,44,fourier_gate_s1p5_p4_linear_sigma,14,1.399999976158142,1024,0.08789978928569862,0.044846832795687595,0.11606782093640233,0.7573140305086112,0.22062260963545705,0.2159962117943622,0.14140662423392714,0.057984714165885375,0.03462435399221826
1.0,44,fourier_gate_s1p5_p4_linear_sigma,15,1.5,1024,0.08165580331129846,0.03629146813835487,0.10375389320927209,0.787014354696053,0.20693673585509476,0.20738965728174338,0.1341268652907102,0.05202878655729269,0.030446059768341156
1.0,44,fourier_gate_s1p5_p4_linear_sigma,16,1.600000023841858,1024,0.07114016943871154,0.027789127858816143,0.08690350622242646,0.818611038047542,0.19554582615133573,0.18781081096126112,0.1173121625126962,0.04433729408757873,0.025494910010046255
1.0,44,fourier_gate_s1p5_p4_linear_sigma,17,1.7999999523162842,1024,0.05485033379491126,0.016929116265736614,0.06286463389449673,0.8725149642478542,0.17080551197006322,0.1525590090358348,0.09061333187312978,0.033494140518044536,0.017668025567950676
1.0,44,fourier_gate_s1p5_p4_linear_sigma,18,2.0,1024,0.039765711809305056,0.009941427952326264,0.04445967713251618,0.8944219655662292,0.15074169666137888,0.12089210639273693,0.0664956465541543,0.022866158480093206,0.011018365626911256
1.0,44,fourier_gate_s1p5_p4_linear_sigma,19,2.5,1024,0.01686306414481,0.0026980902631696,0.01722458989730198,0.9790110676278796,0.11415514542406816,0.05726408713003561,0.028808919441042122,0.008780993899994056,0.0037132406623544643
1.0,44,fourier_gate_s1p5_p4_linear_sigma,20,3.0,1024,0.007230795599700231,0.0008034217333000256,0.007202696554818482,1.0039011840451548,0.0850980350534706,0.026067365935420268,0.012011346276745355,0.003677413592008707,0.0016911651274990826
1.0,44,scalar_gate_s1p5_p4_tanh_sigma,0,0.10000000149011612,1024,0.02008229792607339,2.0082297327574286,0.06312809649804497,0.3181198078211549,0.9345084037097604,0.00876940492449039,0.008359546923759294,0.017637236612813315,0.056444583003382634
1.0,44,scalar_gate_s1p5_p4_tanh_sigma,1,0.20000000298023224,1024,0.036858186473689804,0.9214546343807568,0.1625465845341267,0.22675460440666112,0.7655509177898316,0.016195224491905198,0.026846241358757187,0.03781460317344407,0.06252349357993423
1.0,44,scalar_gate_s1p5_p4_tanh_sigma,2,0.30000001192092896,1024,0.04768519935386166,0.529835506268697,0.22512681356151482,0.21181483715546798,0.6345458654396756,0.031231341917042705,0.04735787505828671,0.05023169395989711,0.04778805038809375
1.0,44,scalar_gate_s1p5_p4_tanh_sigma,3,0.4000000059604645,1024,0.05852388896996665,0.365774295161368,0.2528622117332959,0.23144576870067948,0.5253106330286675,0.05525368169805669,0.07153347429443838,0.05811402115486558,0.03876090862345981
1.0,44,scalar_gate_s1p5_p4_tanh_sigma,4,0.5,1024,0.06603257729266146,0.26413030917064584,0.254802851762606,0.25915164149804143,0.4474634590380838,0.07935823821300521,0.09250664016085754,0.059339023515685846,0.03685119039536311
1.0,44,scalar_gate_s1p5_p4_tanh_sigma,5,0.6000000238418579,1024,0.0749059906315331,0.20807217966261157,0.24635118997637317,0.3040618177599106,0.38996588513525643,0.11074167962472592,0.11493667199259194,0.0605978022202051,0.03788477499178265
1.0,44,scalar_gate_s1p5_p4_tanh_sigma,6,0.699999988079071,1024,0.08739151392022154,0.17835003448318132,0.23643271873308322,0.36962529716067233,0.3535248946916912,0.14095191320821512,0.13885852738799376,0.0675407301704617,0.04113067342772295
1.0,44,scalar_gate_s1p5_p4_tanh_sigma,7,0.75,1024,0.0920077888815528,0.16356940245609386,0.22897076280115233,0.4018320407197846,0.3337258217660242,0.1612782748664353,0.14616205975712276,0.06920744807375796,0.04338454705171874
1.0,44,scalar_gate_s1p5_p4_tanh_sigma,8,0.800000011920929,1024,0.09346311253071096,0.14603610897702066,0.22010892135027638,0.42462210053710575,0.3201734635404556,0.16370660958350763,0.15198630722715015,0.06914531869291247,0.04226493365050411
1.0,44,scalar_gate_s1p5_p4_tanh_sigma,9,0.8999999761581421,1024,0.10227070719195275,0.1262601390252469,0.20678769389574736,0.4945686334870238,0.30165927906877404,0.19723136586091491,0.1665565786471834,0.0729079120994181,0.046154906805028026
1.0,44,scalar_gate_s1p5_p4_tanh_sigma,10,1.0,1024,0.10711966916974335,0.10711966916974335,0.18959512909337595,0.5649916729505573,0.2811686155945045,0.21493267810605982,0.17502542459087503,0.07461881851413706,0.04928320148873505
1.0,44,scalar_gate_s1p5_p4_tanh_sigma,11,1.100000023841858,1024,0.1075009860639198,0.08884378628419645,0.17054459826174287,0.6303394370716624,0.26674245863397056,0.22680908323779086,0.17390221700384664,0.07389891729377207,0.0501132257613464
1.0,44,scalar_gate_s1p5_p4_tanh_sigma,12,1.2000000476837158,1024,0.10702303731356108,0.07432154778342692,0.15426053929454214,0.6937810395516207,0.25084240500741634,0.2289660708021108,0.17400831083903168,0.07300204454327518,0.04871572735127702
1.0,44,scalar_gate_s1p5_p4_tanh_sigma,13,1.2999999523162842,1024,0.09995624720070982,0.05914571274169043,0.13417892684246985,0.7449474336462797,0.23886773915120513,0.23324921044080896,0.15915958425463353,0.06696050453518985,0.04530480737453267
1.0,44,scalar_gate_s1p5_p4_tanh_sigma,14,1.399999976158142,1024,0.09303324282852782,0.04746594183531697,0.11606782093640233,0.8015420818445796,0.2261455251066482,0.21512486021108446,0.14689068312340323,0.0631003457350768,0.04253783944481064
1.0,44,scalar_gate_s1p5_p4_tanh_sigma,15,1.5,1024,0.08732219045120038,0.03880986242275572,0.10375389320927209,0.8416280849825183,0.21290552208481062,0.21319942244425202,0.13716460467124675,0.05771077371279912,0.04064701063116082
1.0,44,scalar_gate_s1p5_p4_tanh_sigma,16,1.600000023841858,1024,0.07635580054523912,0.02982648369908554,0.08690350622242646,0.8786273864464011,0.20108680622741001,0.19630520545487323,0.11834673938616277,0.04999793809169903,0.03464083136939627
1.0,44,scalar_gate_s1p5_p4_tanh_sigma,17,1.7999999523162842,1024,0.06169794649573652,0.01904257708784305,0.06286463389449673,0.9814412758576114,0.17798659764148123,0.1754159805596625,0.09332375981671136,0.039308293017236165,0.026880728141712558
1.0,44,scalar_gate_s1p5_p4_tanh_sigma,18,2.0,1024,0.0490448210519519,0.012261205262987976,0.04445967713251618,1.1031303917428208,0.1605223168986087,0.17132470948294576,0.06928092556039891,0.029273674511852088,0.01982725083787104
1.0,44,scalar_gate_s1p5_p4_tanh_sigma,19,2.5,1024,0.024941175441694767,0.003990588070671163,0.01722458989730198,1.447998215946,0.12229096959973543,0.11776510696840685,0.03229585996656168,0.012129933768195614,0.008695353982532553
1.0,44,scalar_gate_s1p5_p4_tanh_sigma,20,3.0,1024,0.014143443032808688,0.0015714936703120764,0.007202696554818482,1.963631665608204,0.09250248221934326,0.07806606041204298,0.01663275331327484,0.005945533961668909,0.005175316036711216
1.0,44,fourier_gate_s1p5_p4_tanh_sigma,0,0.10000000149011612,1024,0.019222019238509816,1.9222018665649014,0.06312809649804497,0.3044922990685313,0.9342041284423857,0.007046872901317952,0.008435387054325411,0.017062251828153397,0.05332134574795739
1.0,44,fourier_gate_s1p5_p4_tanh_sigma,1,0.20000000298023224,1024,0.034057427119469505,0.8514356526119776,0.1625465845341267,0.20952410176492597,0.7632276334327976,0.02020253494006353,0.025340735480249486,0.03484336076723765,0.0542818474639621
1.0,44,fourier_gate_s1p5_p4_tanh_sigma,2,0.30000001192092896,1024,0.04497024986049711,0.4996694031842551,0.22512681356151482,0.19975519196965494,0.6312013779137643,0.03557376155175852,0.044905590838569945,0.04726536580176159,0.0416350325151121
1.0,44,fourier_gate_s1p5_p4_tanh_sigma,3,0.4000000059604645,1024,0.05635709554956982,0.3522318366874846,0.2528622117332959,0.22287670096396983,0.5232386859086757,0.05757201018278346,0.06960942444984487,0.05531364077224654,0.036064387422739014
1.0,44,fourier_gate_s1p5_p4_tanh_sigma,4,0.5,1024,0.06394404188564862,0.25577616754259447,0.254802851762606,0.2509549694727272,0.44610448604904807,0.07708917182302533,0.09169718208627456,0.05709748130928993,0.03316706040779263
1.0,44,fourier_gate_s1p5_p4_tanh_sigma,5,0.6000000238418579,1024,0.0720620763318778,0.2001724183469413,0.24635118997637317,0.2925176709671631,0.3874352220713372,0.10313588183804641,0.11202214709633897,0.058503823415904196,0.03497879181864232
1.0,44,fourier_gate_s1p5_p4_tanh_sigma,6,0.699999988079071,1024,0.0838847380518785,0.171193348793828,0.23643271873308322,0.3547932726966557,0.3502001846483287,0.12988668063388376,0.13609915822995894,0.06482229096743866,0.03751615639761643
1.0,44,fourier_gate_s1p5_p4_tanh_sigma,7,0.75,1024,0.087265033700512,0.1551378376897991,0.22897076280115233,0.3811186748602334,0.32913312297748687,0.1472052171215808,0.14070931659619165,0.06581959702629821,0.039968967421295486
1.0,44,fourier_gate_s1p5_p4_tanh_sigma,8,0.800000011920929,1024,0.08828129182651707,0.13793951436801502,0.22010892135027638,0.40108002567523476,0.3139958345987458,0.15098676991965815,0.14515764893850364,0.06542872585749272,0.03866330723644359
1.0,44,fourier_gate_s1p5_p4_tanh_sigma,9,0.8999999761581421,1024,0.09655581369160063,0.1192047145769283,0.20678769389574736,0.4669321073829448,0.2953200872768027,0.18411734521205317,0.15910475603541446,0.06902324357560895,0.040724330229426564
1.0,44,fourier_gate_s1p5_p4_tanh_sigma,10,1.0,1024,0.1008696271881911,0.1008696271881911,0.18959512909337595,0.5320264696173319,0.2754578491513897,0.2041396383956034,0.16798957419586552,0.06943291542243947,0.042933959618824846
1.0,44,fourier_gate_s1p5_p4_tanh_sigma,11,1.100000023841858,1024,0.10060391144894211,0.08314372486601665,0.17054459826174287,0.5898979649565946,0.2595129440384836,0.2204377316776943,0.1676275571752998,0.0667906914799835,0.04261524991328744
1.0,44,fourier_gate_s1p5_p4_tanh_sigma,12,1.2000000476837158,1024,0.09966912000547959,0.06921466116978477,0.15426053929454214,0.6461089819942433,0.24323225621375943,0.22321546210672957,0.1665493948561555,0.06579056641721387,0.04011964377036517
1.0,44,fourier_gate_s1p5_p4_tanh_sigma,13,1.2999999523162842,1024,0.09280488297071962,0.05491413596381398,0.13417892684246985,0.6916502103171192,0.23147060304589964,0.229482083903458,0.1514053057421325,0.06023898545729374,0.03572129924296222
1.0,44,fourier_gate_s1p5_p4_tanh_sigma,14,1.399999976158142,1024,0.08652290198902643,0.0441443392530505,0.11606782093640233,0.745451248166668,0.21930032402733923,0.216367705928097,0.1418862405374602,0.05565208755729852,0.03258626356774372
1.0,44,fourier_gate_s1p5_p4_tanh_sigma,15,1.5,1024,0.07989156418136073,0.03550736185838255,0.10375389320927209,0.7700102782670437,0.20502043353754507,0.2069248649029042,0.13150161571624924,0.050379857204188826,0.02905497629890641
1.0,44,fourier_gate_s1p5_p4_tanh_sigma,16,1.600000023841858,1024,0.06974654430575838,0.027244743057480248,0.08690350622242646,0.8025745719309019,0.19392841910707165,0.18699380691090878,0.11592529871507923,0.04284309070137648,0.024148881969547238
1.0,44,fourier_gate_s1p5_p4_tanh_sigma,17,1.7999999523162842,1024,0.053725860485184476,0.01658205658385281,0.06286463389449673,0.8546277478582075,0.16932511460286698,0.15177088058891167,0.08918437286657567,0.032277346652377095,0.01724676845124631
1.0,44,fourier_gate_s1p5_p4_tanh_sigma,18,2.0,1024,0.03965614957009792,0.00991403739252448,0.04445967713251618,0.891957659789096,0.15072563613862094,0.12113622077070645,0.06590822556117523,0.022774343601182693,0.011494797468191044
1.0,44,fourier_gate_s1p5_p4_tanh_sigma,19,2.5,1024,0.016297348490740583,0.0026075757585184932,0.01722458989730198,0.9461675771620758,0.11362070934419101,0.055879351543158394,0.027424356801935838,0.008525234756040107,0.003887317239474254
1.0,44,fourier_gate_s1p5_p4_tanh_sigma,20,3.0,1024,0.007167493929764171,0.0007963882144182412,0.007202696554818482,0.9951125769652532,0.08509774251539816,0.02599519894621382,0.011859981584746257,0.0036362554905488655,0.0017056916376929291
