spectrum_lambda,seed,method,noise_bin,sigma,n,score_error,unweighted_score_error,reference_error,relative_to_gaussian,dsm_pixel_mean,frequency_band_0,frequency_band_1,frequency_band_2,frequency_band_3
0.0,42,scalar_gate_s1p5_p4_cap_lo1_hi2_d0p5,0,0.12079870700836182,2048,0.0053191031785374985,0.364513689585008,0.03553862326135527,0.1496710533613016,0.9514308746472089,0.0052262929258519355,0.005248590121383563,0.005374405247174056,0.005287102050120594
0.0,42,scalar_gate_s1p5_p4_cap_lo1_hi2_d0p5,1,0.17627345025539398,2048,0.008205034719301032,0.26406242832135646,0.07000884250313492,0.11719997683054992,0.9145898320144289,0.007913881592138768,0.00825536680403666,0.008196857491872373,0.008308198942925012
0.0,42,scalar_gate_s1p5_p4_cap_lo1_hi2_d0p5,2,0.25722402334213257,2048,0.01529633582887031,0.23118750394676024,0.13173404109843279,0.11611528577826562,0.8221676722709922,0.015252859466476986,0.014940124236167725,0.015427931291909665,0.015456616001300315
0.0,42,scalar_gate_s1p5_p4_cap_lo1_hi2_d0p5,3,0.37534967064857483,2048,0.02677538698228319,0.1900481638871622,0.213125635677522,0.12563193957012628,0.697147756955515,0.026890504053772118,0.026560785690129554,0.026921191763619675,0.026542128399124666
0.0,42,scalar_gate_s1p5_p4_cap_lo1_hi2_d0p5,4,0.547722578048706,2048,0.042355476106478746,0.14118490976402742,0.28747105642861615,0.14733822817740372,0.5233830390736757,0.042346991122241384,0.04159952537219287,0.04272851304195989,0.04229485175796789
0.0,42,scalar_gate_s1p5_p4_cap_lo1_hi2_d0p5,5,0.7992547750473022,2048,0.06420562963998913,0.10050846263200508,0.3078588288039079,0.2085554274647267,0.368623361493555,0.06446721512319448,0.0629189055254161,0.06455879127647415,0.06501364772628378
0.0,42,scalar_gate_s1p5_p4_cap_lo1_hi2_d0p5,6,1.166298747062683,2048,0.09574149522272866,0.07038507659552934,0.2504852458243333,0.38222409031577337,0.26902910730792823,0.096339786715911,0.09575414570880317,0.09550581980285941,0.0962769506707788
0.0,42,scalar_gate_s1p5_p4_cap_lo1_hi2_d0p5,7,1.7019013166427612,2048,0.08317142372608535,0.028714772991135697,0.130141564614389,0.639084246240033,0.2115595234229532,0.08188089653284884,0.08287514884914685,0.0834727934955724,0.08327658615215634
0.0,42,scalar_gate_s1p5_p4_cap_lo1_hi2_d0p5,8,2.4834699630737305,2048,0.02433077872681861,0.0039449198662154595,0.03200909519553458,0.7601207899876178,0.13168560423264022,0.024021459633369553,0.02417278192282403,0.024423964529597466,0.024431470619782774
0.0,42,fourier_gate_s1p5_p4_cap_lo1_hi2_d0p5,0,0.12079870700836182,2048,0.005319104632695267,0.364513789237223,0.03553862326135527,0.14967109427897468,0.9514308700932542,0.005226294297141902,0.00524859216189272,0.005374407080974095,0.005287101073709423
0.0,42,fourier_gate_s1p5_p4_cap_lo1_hi2_d0p5,1,0.17627345025539398,2048,0.008205034154602955,0.26406241014769233,0.07000884250313492,0.11719996876445346,0.9145898297634532,0.007913877470758734,0.008255368611674937,0.00819685732194175,0.008308194645330776
0.0,42,fourier_gate_s1p5_p4_cap_lo1_hi2_d0p5,2,0.25722402334213257,2048,0.015296331366890646,0.2311874365087834,0.13173404109843279,0.11611525190714447,0.8221676736288692,0.015252854041026043,0.01494012170255986,0.015427927907586639,0.015456604575218644
0.0,42,fourier_gate_s1p5_p4_cap_lo1_hi2_d0p5,3,0.37534967064857483,2048,0.02677538198760974,0.19004812843562907,0.213125635677522,0.12563191613477823,0.6971477357741936,0.026890503245060517,0.02656078614217435,0.026921185059299708,0.02654211785452682
0.0,42,fourier_gate_s1p5_p4_cap_lo1_hi2_d0p5,4,0.547722578048706,2048,0.04235547419244161,0.14118490338390413,0.28747105642861615,0.14733822151921294,0.5233830464228949,0.0423469832235935,0.041599522591810545,0.04272851265682551,0.042294848933028845
0.0,42,fourier_gate_s1p5_p4_cap_lo1_hi2_d0p5,5,0.7992547750473022,2048,0.06420563093351289,0.10050846465690672,0.3078588288039079,0.208555431666405,0.36862336591585076,0.06446722473475712,0.06291891668054095,0.0645587880583024,0.06501364391112258
0.0,42,fourier_gate_s1p5_p4_cap_lo1_hi2_d0p5,6,1.166298747062683,2048,0.09574149342187754,0.07038507527162016,0.2504852458243333,0.3822240831263235,0.2690291129408422,0.09633981612029478,0.09575413682869746,0.0955058180568543,0.09627694391183146
0.0,42,fourier_gate_s1p5_p4_cap_lo1_hi2_d0p5,7,1.7019013166427612,2048,0.08317142037668035,0.02871477183476011,0.130141564614389,0.6390842205034053,0.2115595192210089,0.08188090349803007,0.08287513767515092,0.08347279074054087,0.08327658873739877
0.0,42,fourier_gate_s1p5_p4_cap_lo1_hi2_d0p5,8,2.4834699630737305,2048,0.024330777328949414,0.003944919639569119,0.03200909519553458,0.7601207463166179,0.1316856030763345,0.024021455218415977,0.024172781002292407,0.02442396325690168,0.02443146957659415
0.0,42,score,0,0.12079870700836182,2048,0.006567632068023948,0.45007432956216126,0.03553862326135527,0.18480265877844507,0.9532267815572952,0.006530250012309065,0.006627087659899859,0.006519505616136345,0.006664512087217096
0.0,42,score,1,0.17627345025539398,2048,0.012102979329357904,0.3895098827693547,0.07000884250313492,0.17287786651830367,0.918002135284029,0.011913491753982932,0.012208182667718143,0.012026713331766945,0.012309338038380545
0.0,42,score,2,0.25722402334213257,2048,0.0242152070573302,0.3659865565040744,0.13173404109843279,0.18381890402372453,0.8313148936589307,0.024475413011675832,0.024201135957817622,0.024065512269428196,0.02466117712501254
0.0,42,score,3,0.37534967064857483,2048,0.0416266647454843,0.295460573879301,0.213125635677522,0.19531514645412784,0.7124097847812365,0.04236159863324024,0.042462178626864196,0.041236725873370184,0.04120611253559793
0.0,42,score,4,0.547722578048706,2048,0.06191690371739702,0.20638966357579266,0.28747105642861615,0.21538482686437693,0.5430232113994722,0.0634178408652423,0.0613150217543252,0.06191352416820699,0.06216582931099527
0.0,42,score,5,0.7992547750473022,2048,0.07331566877408909,0.1147694555234369,0.3078588288039079,0.2381470398589343,0.3777954041740391,0.07585652673040655,0.07294132653835769,0.07288925163320754,0.07418048752743217
0.0,42,score,6,1.166298747062683,2048,0.0833179020915094,0.06125177914599282,0.2504852458243333,0.3326259868812421,0.25618108549731144,0.08449704249124439,0.08302628857761025,0.08299245001194097,0.08441073375029141
0.0,42,score,7,1.7019013166427612,2048,0.07928232754900959,0.02737207006671288,0.130141564614389,0.6092006637842726,0.20696450185949464,0.07894973414623219,0.08056916813855095,0.07847355195002041,0.08023475954310488
0.0,42,score,8,2.4834699630737305,2048,0.09755936672608373,0.015817984629851196,0.03200909519553458,3.047863931489501,0.20550061972515804,0.10018674501606209,0.09820213377211684,0.09666566448690278,0.09833322360894287
0.0,42,scalar_gaussian,0,0.12079870700836182,2048,0.03061378836241087,2.0979372976226425,0.03553862326135527,0.8614230252329536,0.9774210616286962,0.03194500720300784,0.030251071987940022,0.030857989297835772,0.029596514582866693
0.0,42,scalar_gaussian,1,0.17627345025539398,2048,0.059598136999043594,1.9180453609021395,0.07000884250313492,0.851294420363754,0.9644526198533592,0.06183648785402286,0.05888316850321937,0.06002167560203097,0.058025629127568146
0.0,42,scalar_gaussian,2,0.25722402334213257,2048,0.11158072678058888,1.6864215065337578,0.13173404109843279,0.8470151363322622,0.9201987945675525,0.1163724432734428,0.1093388246845591,0.11228761834639955,0.11023378653999384
0.0,42,scalar_gaussian,3,0.37534967064857483,2048,0.18075669375360667,1.2829871620872357,0.213125635677522,0.8481227196295973,0.850719576080021,0.19034691703331844,0.1789267666314222,0.18201376703175356,0.17393305220909536
0.0,42,scalar_gaussian,4,0.547722578048706,2048,0.24431530185190373,0.8143842784157953,0.28747105642861615,0.8498779142747238,0.7249227432376151,0.25871298228774753,0.23749756855531082,0.24645214739482946,0.24036447764154767
0.0,42,scalar_gaussian,5,0.7992547750473022,2048,0.2605304448458893,0.407838294353921,0.3078588288039079,0.8462659520212601,0.5646261759575083,0.28064382807447147,0.2545977668192453,0.26203844354469924,0.2542064422374287
0.0,42,scalar_gaussian,6,1.166298747062683,2048,0.21659941507979869,0.1592346806938032,0.2504852458243333,0.864719254688961,0.3891931832570191,0.22417501999066775,0.21277298440301057,0.21841369099717742,0.21233935786684202
0.0,42,scalar_gaussian,7,1.7019013166427612,2048,0.11435654510018063,0.03948137575974153,0.130141564614389,0.8787088540007986,0.24280125410285774,0.11642701431724303,0.11194963994183912,0.11546486932836564,0.11329822428794313
0.0,42,scalar_gaussian,8,2.4834699630737305,2048,0.0289046597792228,0.004686515292811781,0.03200909519553458,0.9030139590842022,0.13597186986954962,0.029700987673128815,0.02862787268664843,0.028969675401296857,0.02870870676379413
0.0,42,fourier_gaussian,0,0.12079870700836182,2048,0.030613881470678304,2.097943678254293,0.03553862326135527,0.8614256451506344,0.9774211609218553,0.03194512049738028,0.03025113431376602,0.03085808696183446,0.02959663399043133
0.0,42,fourier_gaussian,1,0.17627345025539398,2048,0.05959832063035638,1.9180512707041122,0.07000884250313492,0.8512970433368846,0.9644527525523692,0.061836595054044895,0.05888335989010551,0.06002185430957434,0.058025860033929844
0.0,42,fourier_gaussian,2,0.25722402334213257,2048,0.11158111468292449,1.6864273692562914,0.13173404109843279,0.8470180809191918,0.9201991336660138,0.11637281983429297,0.10933922111131421,0.11228798766960395,0.11023423577646012
0.0,42,fourier_gaussian,3,0.37534967064857483,2048,0.18075727615758636,1.2829912959138376,0.213125635677522,0.8481254523087414,0.850720155042543,0.190347442483849,0.17892734242616534,0.182014345196169,0.1739336940197656
0.0,42,fourier_gaussian,4,0.547722578048706,2048,0.2443160232103725,0.8143866829438442,0.28747105642861615,0.8498804236002807,0.7249234077700064,0.2587138292316104,0.237498185823201,0.24645283917779323,0.2403654260099558
0.0,42,fourier_gaussian,5,0.7992547750473022,2048,0.2605311324874703,0.4078393707984405,0.3078588288039079,0.8462681856475741,0.5646269185631108,0.28064443643568515,0.254598351733753,0.2620391365340244,0.2542073363469775
0.0,42,fourier_gaussian,6,1.166298747062683,2048,0.21659982238795245,0.1592349801294401,0.2504852458243333,0.8647208807653889,0.3891935654095079,0.22417547133345445,0.21277331484266604,0.21841414614748544,0.21233969662939126
0.0,42,fourier_gaussian,7,1.7019013166427612,2048,0.11435663684522568,0.039481407434540684,0.130141564614389,0.8787095589642383,0.24280132892643747,0.11642718317968744,0.11194968168133429,0.11546498532903851,0.11329827045637203
0.0,42,fourier_gaussian,8,2.4834699630737305,2048,0.028904686827350232,0.004686519678314459,0.03200909519553458,0.9030148040980106,0.13597190076100102,0.029701006443271942,0.028627895592051235,0.028969706334394697,0.028708731099090643
0.0,42,scalar_normalized,0,0.12079870700836182,2048,0.026599096355597436,1.8228138140519827,0.03553862326135527,0.7484560153043778,0.9728072866998135,0.02661067044697,0.026178469661136905,0.027076129608051572,0.025538321474604712
0.0,42,scalar_normalized,1,0.17627345025539398,2048,0.051120003970825,1.6451938164965343,0.07000884250313492,0.7301935318890025,0.955652155026267,0.04979881793127756,0.050957305165022934,0.05172630773029662,0.04985275766732897
0.0,42,scalar_normalized,2,0.25722402334213257,2048,0.09438313647423704,1.4264986059577633,0.13173404109843279,0.7164673283173114,0.9016856098790123,0.09206697183705469,0.09262880952029026,0.09596377137937345,0.09281741066028396
0.0,42,scalar_normalized,3,0.37534967064857483,2048,0.1526062944453503,1.0831793421380966,0.213125635677522,0.7160391285647925,0.8245087369802905,0.15074740644810364,0.15161712262628507,0.15494793322684047,0.1465513467254181
0.0,42,scalar_normalized,4,0.547722578048706,2048,0.20618507722744747,0.6872835392019938,0.28747105642861615,0.7172376926880173,0.6862576416136826,0.20513097935917046,0.20098673444357276,0.2094508149292153,0.20367495411892247
0.0,42,scalar_normalized,5,0.7992547750473022,2048,0.2215062754848011,0.34674927007417045,0.3078588288039079,0.7195060032723327,0.5251523846389821,0.22413610381803872,0.2184087975501988,0.22416490934768762,0.21550815925694636
0.0,42,scalar_normalized,6,1.166298747062683,2048,0.188362876077956,0.13847637776763852,0.2504852458243333,0.751991900593043,0.36069668800798615,0.18580917350303555,0.18582164209638008,0.19120239320215832,0.18357228433983794
0.0,42,scalar_normalized,7,1.7019013166427612,2048,0.10068065676536803,0.03475980179366909,0.130141564614389,0.7736241458575207,0.22854521440682332,0.09631280380300501,0.0991692928501576,0.10239595314858844,0.09931410236822232
0.0,42,scalar_normalized,8,2.4834699630737305,2048,0.025666030218190874,0.004161413558992428,0.03200909519553458,0.8018355427232259,0.1326633067347281,0.024998110186062638,0.0256920784296191,0.025744547108165178,0.025694169609153463
0.0,42,fourier_normalized,0,0.12079870700836182,2048,0.02659911096484606,1.8228148152115653,0.03553862326135527,0.7484564263852606,0.9728073299168125,0.0266106710474469,0.026178485441011708,0.02707614263094977,0.025538347778270482
0.0,42,fourier_normalized,1,0.17627345025539398,2048,0.051120026121512,1.645194529371543,0.07000884250313492,0.7301938482874203,0.9556521662089724,0.04979883427799051,0.05095732957204023,0.05172632841271854,0.049852784577971265
0.0,42,fourier_normalized,2,0.25722402334213257,2048,0.09438315257682518,1.4264988493308954,0.13173404109843279,0.7164674505529007,0.9016856375600868,0.09206699082095197,0.09262882210815108,0.09596378808293173,0.09281742914021734
0.0,42,fourier_normalized,3,0.37534967064857483,2048,0.15260632327848425,1.083179546791877,0.213125635677522,0.716039263851821,0.8245087531431128,0.1507474125441365,0.151617157665734,0.15494796222835217,0.14655137652073236
0.0,42,fourier_normalized,4,0.547722578048706,2048,0.20618513576420067,0.6872837343244899,0.28747105642861615,0.7172378963146151,0.6862576890384596,0.20513106363930028,0.2009867814245383,0.20945087436363513,0.20367501550623712
0.0,42,fourier_normalized,5,0.7992547750473022,2048,0.2215063679550878,0.34674941482855426,0.3078588288039079,0.7195063036382084,0.5251524873592162,0.22413620365609188,0.21840890769979093,0.2241649893347628,0.21550826336295212
0.0,42,fourier_normalized,6,1.166298747062683,2048,0.18836297227011284,0.13847644848402238,0.2504852458243333,0.7519922846162878,0.36069678367784347,0.1858092699350406,0.18582173738376,0.19120248146722751,0.18357241195401386
0.0,42,fourier_normalized,7,1.7019013166427612,2048,0.1006807153865926,0.03475982203253336,0.130141564614389,0.7736245962995048,0.22854527977224193,0.09631287267581037,0.09916935830810661,0.10239600437757122,0.09931417106619415
0.0,42,fourier_normalized,8,2.4834699630737305,2048,0.025666052013746478,0.004161417092858781,0.03200909519553458,0.8018362236408048,0.13266332908384887,0.024998142913587103,0.025692096039299846,0.025744568115471184,0.02569419575078015
0.0,42,scalar_gate_s1p5_p4,0,0.12079870700836182,2048,0.004926411262050317,0.33760284116858236,0.03553862326135527,0.13862133110280894,0.9509150948757692,0.004988972687824465,0.004929005337172981,0.00488915063341377,0.0050278056001402316
0.0,42,scalar_gate_s1p5_p4,1,0.17627345025539398,2048,0.008236435143030914,0.26507298737736235,0.07000884250313492,0.11764849765459405,0.9143126800834522,0.008075147374824475,0.00825988443556462,0.00822592641213172,0.008324051477593762
0.0,42,scalar_gate_s1p5_p4,2,0.25722402334213257,2048,0.015685749881010735,0.2370730744339236,0.13173404109843279,0.11907134822722254,0.822713660743213,0.015768130644626514,0.015426274645006191,0.015717220499785172,0.01598238309430662
0.0,42,scalar_gate_s1p5_p4,3,0.37534967064857483,2048,0.0276803904176217,0.19647175885934554,0.213125635677522,0.12987827733452295,0.6978729927467067,0.027596221877409843,0.027889076888686113,0.027575244481932833,0.027753370526227297
0.0,42,scalar_gate_s1p5_p4,4,0.547722578048706,2048,0.04277590261032658,0.1425863313383934,0.28747105642861615,0.14880072846898432,0.5241188693180359,0.042591978549631614,0.04231400774349694,0.04288713123775267,0.04327903203702237
0.0,42,scalar_gate_s1p5_p4,5,0.7992547750473022,2048,0.06429721688916235,0.1006518346955252,0.3078588288039079,0.20885292502076253,0.36872015001115055,0.06456442094152288,0.06344129143553856,0.06448488546929589,0.06496144525267766
0.0,42,scalar_gate_s1p5_p4,6,1.166298747062683,2048,0.09030286562869702,0.06638682735511268,0.2504852458243333,0.36051171529690385,0.26337809301598303,0.09150702857818611,0.09053169285761407,0.08980214685008676,0.09111868652454493
0.0,42,scalar_gate_s1p5_p4,7,1.7019013166427612,2048,0.07616669624658991,0.02629640439255419,0.130141564614389,0.5852603391719835,0.20458822716875144,0.0755985433092051,0.07609201456597489,0.07626179574131346,0.07625583944171922
0.0,42,scalar_gate_s1p5_p4,8,2.4834699630737305,2048,0.023997938049333353,0.0038909540718757613,0.03200909519553458,0.7497224742760357,0.13133258326302455,0.023782772219243183,0.02393920018127557,0.024044139115213133,0.024047360138162586
0.0,42,fourier_gate_s1p5_p4,0,0.12079870700836182,2048,0.004926406491997454,0.33760251428085153,0.03553862326135527,0.13862119688115304,0.9509150848745094,0.004988959160886411,0.004929001509920985,0.00488914578827724,0.005027804302582571
0.0,42,fourier_gate_s1p5_p4,1,0.17627345025539398,2048,0.00823643177356167,0.26507287893781745,0.07000884250313492,0.1176484495253989,0.9143126708307097,0.008075145826945077,0.008259876657575205,0.008225924459845657,0.00832404957969622
0.0,42,fourier_gate_s1p5_p4,2,0.25722402334213257,2048,0.015685746907636786,0.2370730294946055,0.13173404109843279,0.11907132565618528,0.8227136791273086,0.01576812066862177,0.015426262309141375,0.015717222134250152,0.015982383248319815
0.0,42,fourier_gate_s1p5_p4,3,0.37534967064857483,2048,0.02768038585787186,0.19647172649484282,0.213125635677522,0.1298782559398661,0.6978730030765871,0.027596198739607954,0.02788906615879367,0.02757524325631615,0.027753374661145705
0.0,42,fourier_gate_s1p5_p4,4,0.547722578048706,2048,0.042775885776450806,0.14258627522547837,0.28747105642861615,0.14880066991047766,0.5241188512738422,0.04259196456739579,0.042313978584170034,0.0428871174745832,0.04327902393036929
0.0,42,fourier_gate_s1p5_p4,5,0.7992547750473022,2048,0.06429719139523409,0.10065179478694475,0.3078588288039079,0.20885284221031217,0.3687201055763535,0.06456439407048012,0.06344125199875615,0.06448486646349252,0.06496142080041521
0.0,42,fourier_gate_s1p5_p4,6,1.166298747062683,2048,0.09030284953485739,0.06638681552360605,0.2504852458243333,0.36051165104625477,0.2633780935607694,0.09150700429854104,0.0905316824949053,0.08980213109136584,0.09111866352369383
0.0,42,fourier_gate_s1p5_p4,7,1.7019013166427612,2048,0.07616667281455394,0.026296396302689148,0.130141564614389,0.5852601591216203,0.20458820855078746,0.07559852501389923,0.07609200065289286,0.07626177141363881,0.07625579961688349
0.0,42,fourier_gate_s1p5_p4,8,2.4834699630737305,2048,0.023997932848644436,0.0038909532286515777,0.03200909519553458,0.7497223118006865,0.13133257979841162,0.02378277249682311,0.023939203162140696,0.024044129457333693,0.02404735418728131
0.0,42,scalar_gate_s1p5_p4_plateau_lo0p8_hi1,0,0.12079870700836182,2048,0.009139692935415618,0.6263355084001954,0.03553862326135527,0.2571763365226961,0.9559354102449388,0.009199564801061334,0.009212596031680512,0.009216288664580656,0.008687463639851374
0.0,42,scalar_gate_s1p5_p4_plateau_lo0p8_hi1,1,0.17627345025539398,2048,0.013985644895577581,0.450099661867245,0.07000884250313492,0.19976969187786983,0.9195427898510871,0.013562973651035915,0.013943793627364528,0.014108122702263413,0.01383217057188856
0.0,42,scalar_gate_s1p5_p4_plateau_lo0p8_hi1,2,0.25722402334213257,2048,0.021590769486455757,0.32632103280856267,0.13173404109843279,0.16389666107883955,0.8280467937565581,0.021903297670215545,0.021585451990134317,0.02166696715425989,0.021138738188345083
0.0,42,scalar_gate_s1p5_p4_plateau_lo0p8_hi1,3,0.37534967064857483,2048,0.03568353158037603,0.2532769988477586,0.213125635677522,0.16742956081720917,0.7057956299097561,0.0361941879363479,0.03579297908827918,0.03570705863818449,0.03511638026128739
0.0,42,scalar_gate_s1p5_p4_plateau_lo0p8_hi1,4,0.547722578048706,2048,0.055057713670560546,0.1835256984681311,0.28747105642861615,0.19152437241706208,0.5365166474422064,0.05469410501696172,0.055033691806055954,0.055152075423033395,0.05494594628344847
0.0,42,scalar_gate_s1p5_p4_plateau_lo0p8_hi1,5,0.7992547750473022,2048,0.0884700041384433,0.13849228104857456,0.3078588288039079,0.2873719895647192,0.39289385266511634,0.08775128862032551,0.08832673457782515,0.0887522055792504,0.08805789764655879
0.0,42,scalar_gate_s1p5_p4_plateau_lo0p8_hi1,6,1.166298747062683,2048,0.18433631674100937,0.13551622254248646,0.2504852458243333,0.7359168646215811,0.35709747864643565,0.185510068945192,0.18542354949657763,0.1840494196726249,0.18283520732046113
0.0,42,scalar_gate_s1p5_p4_plateau_lo0p8_hi1,7,1.7019013166427612,2048,0.1085504275582236,0.03747682492114795,0.130141564614389,0.8340949940156306,0.23668027783990375,0.1072251135151058,0.10797645716642168,0.10899891901281879,0.10861280389468843
0.0,42,scalar_gate_s1p5_p4_plateau_lo0p8_hi1,8,2.4834699630737305,2048,0.028592265721804476,0.004635864652442478,0.03200909519553458,0.8932544186938851,0.13581921106343806,0.028539861901898757,0.028556924406470847,0.02853352368662486,0.028906122315246006
0.0,42,fourier_gate_s1p5_p4_plateau_lo0p8_hi1,0,0.12079870700836182,2048,0.009139693554575688,0.6263355508307169,0.03553862326135527,0.2571763539448699,0.9559354149739407,0.009199567007154125,0.009212598183110458,0.009216288964316671,0.008687461860059939
0.0,42,fourier_gate_s1p5_p4_plateau_lo0p8_hi1,1,0.17627345025539398,2048,0.01398564612320354,0.4500997013759007,0.07000884250313492,0.19976970941316846,0.9195428003703219,0.013562979565203923,0.013943794074011995,0.014108123374992024,0.01383217268056514
0.0,42,fourier_gate_s1p5_p4_plateau_lo0p8_hi1,2,0.25722402334213257,2048,0.021590765352794486,0.32632097033276175,0.13173404109843279,0.1638966297000005,0.8280467817292074,0.021903298271082384,0.02158543919076489,0.02166696680971063,0.02113873251567065
0.0,42,fourier_gate_s1p5_p4_plateau_lo0p8_hi1,3,0.37534967064857483,2048,0.035683526166027144,0.25327696041742465,0.213125635677522,0.16742953541271538,0.7057956169825819,0.03619417641761756,0.03579297190659287,0.03570705438407417,0.03511637699707133
0.0,42,fourier_gate_s1p5_p4_plateau_lo0p8_hi1,4,0.547722578048706,2048,0.055057697447969935,0.18352564439283314,0.28747105642861615,0.19152431598497874,0.5365166472525537,0.05469406646811702,0.055033663938880095,0.055152065151338275,0.05494594068465638
0.0,42,fourier_gate_s1p5_p4_plateau_lo0p8_hi1,5,0.7992547750473022,2048,0.08846997910375633,0.13849224185889736,0.3078588288039079,0.28737190824599573,0.39289382054047595,0.08775121668265409,0.08832670849582938,0.08875218998522387,0.08805786486625036
0.0,42,fourier_gate_s1p5_p4_plateau_lo0p8_hi1,6,1.166298747062683,2048,0.18433628103080837,0.135516196289865,0.2504852458243333,0.7359167220574917,0.35709744359129847,0.18551001555893895,0.18542350995029344,0.18404938732000753,0.18283517556578774
0.0,42,fourier_gate_s1p5_p4_plateau_lo0p8_hi1,7,1.7019013166427612,2048,0.10855041275474203,0.0374768198102746,0.130141564614389,0.8340948802665635,0.23668026228582792,0.10722510359193275,0.10797643322990363,0.10899890945102075,0.10861278281451814
0.0,42,fourier_gate_s1p5_p4_plateau_lo0p8_hi1,8,2.4834699630737305,2048,0.02859226106324217,0.004635863897117085,0.03200909519553458,0.8932542731551788,0.135819206597593,0.028539861370248575,0.028556919998654697,0.028533518914876044,0.02890611534577728
0.0,43,scalar_gate_s1p5_p4_cap_lo1_hi2_d0p5,0,0.12079870700836182,2048,0.005041484513872795,0.34548871481803645,0.03553862326135527,0.14185930830232554,0.9516391080127113,0.00487128778244462,0.005072844723086777,0.005072977892228929,0.004961311785607085
0.0,43,scalar_gate_s1p5_p4_cap_lo1_hi2_d0p5,1,0.17627345025539398,2048,0.008087217085292274,0.26027070633604354,0.07000884250313492,0.11551708035924371,0.913801613842708,0.007985459412394752,0.008129556913943854,0.008095374836081989,0.008037660149649175
0.0,43,scalar_gate_s1p5_p4_cap_lo1_hi2_d0p5,2,0.25722402334213257,2048,0.01523668179619586,0.2302858980282804,0.13173404109843279,0.11566244889436651,0.8222423096331767,0.015148457871756602,0.015282670253588588,0.015287519553662936,0.015011884079532769
0.0,43,scalar_gate_s1p5_p4_cap_lo1_hi2_d0p5,3,0.37534967064857483,2048,0.026952086360632562,0.1913023527598579,0.213125635677522,0.12646102508950852,0.6971729275882668,0.02658809112879592,0.02720362786310323,0.026880076329876858,0.02697915893455995
0.0,43,scalar_gate_s1p5_p4_cap_lo1_hi2_d0p5,4,0.547722578048706,2048,0.04314689455603771,0.1438229710646647,0.28747105642861615,0.15009126515925195,0.5246279461672098,0.04341434869077262,0.0429772535354665,0.043335570846273326,0.042587115865754824
0.0,43,scalar_gate_s1p5_p4_cap_lo1_hi2_d0p5,5,0.7992547750473022,2048,0.06293351928667287,0.09851708186637763,0.3078588288039079,0.20442330509468243,0.3672316832321497,0.06382250886098466,0.06311709706797372,0.06283825398698294,0.06247316682190454
0.0,43,scalar_gate_s1p5_p4_cap_lo1_hi2_d0p5,6,1.166298747062683,2048,0.09493385074949116,0.069791330717856,0.2504852458243333,0.3789997707732008,0.26789585187486914,0.09520973476386328,0.09544028260308131,0.09465956335083793,0.09491645539670307
0.0,43,scalar_gate_s1p5_p4_cap_lo1_hi2_d0p5,7,1.7019013166427612,2048,0.08235823296287423,0.02843402045477179,0.130141564614389,0.6328357370445227,0.21049977753302418,0.08210706592972265,0.08186582944436484,0.08242443877345924,0.08312304339643171
0.0,43,scalar_gate_s1p5_p4_cap_lo1_hi2_d0p5,8,2.4834699630737305,2048,0.024369451750938152,0.003951190194956218,0.03200909519553458,0.7613289785941154,0.13168349806112395,0.024619886600675937,0.024399600013401298,0.024285444384396473,0.024494085530306825
0.0,43,fourier_gate_s1p5_p4_cap_lo1_hi2_d0p5,0,0.12079870700836182,2048,0.005041485607583937,0.34548878976914577,0.03553862326135527,0.14185933907760723,0.9516391093170351,0.004871287173360073,0.005072845673522058,0.005072979204323503,0.004961313255024403
0.0,43,fourier_gate_s1p5_p4_cap_lo1_hi2_d0p5,1,0.17627345025539398,2048,0.008087217550198393,0.26027072129810563,0.07000884250313492,0.11551708699992083,0.9138016116068575,0.007985461486452036,0.00812955743949799,0.008095375019722958,0.008037660675320945
0.0,43,fourier_gate_s1p5_p4_cap_lo1_hi2_d0p5,2,0.25722402334213257,2048,0.01523668289219796,0.23028591459316186,0.13173404109843279,0.11566245721417581,0.8222423095056296,0.015148458353690683,0.015282672710493491,0.015287520267125647,0.015011884542449783
0.0,43,fourier_gate_s1p5_p4_cap_lo1_hi2_d0p5,3,0.37534967064857483,2048,0.026952088767995125,0.19130236984699972,0.213125635677522,0.12646103638501766,0.6971729354422942,0.02658809029878272,0.02720363168736476,0.026880078959059587,0.026979159783545828
0.0,43,fourier_gate_s1p5_p4_cap_lo1_hi2_d0p5,4,0.547722578048706,2048,0.043146899240435445,0.14382298667932267,0.28747105642861615,0.1500912814544498,0.5246279497528273,0.043414348931501666,0.042977258986459814,0.04333557552562977,0.04258712167506569
0.0,43,fourier_gate_s1p5_p4_cap_lo1_hi2_d0p5,5,0.7992547750473022,2048,0.06293351846941739,0.09851708058703355,0.3078588288039079,0.20442330244003878,0.3672316820625561,0.06382250938653652,0.06311709323062722,0.06283825434565443,0.0624731661853049
0.0,43,fourier_gate_s1p5_p4_cap_lo1_hi2_d0p5,6,1.166298747062683,2048,0.09493385372316585,0.06979133290397518,0.2504852458243333,0.3789997826448568,0.2678958550631895,0.09520974153371622,0.09544028114975206,0.09465956701340528,0.09491646152913576
0.0,43,fourier_gate_s1p5_p4_cap_lo1_hi2_d0p5,7,1.7019013166427612,2048,0.08235823272600831,0.028434020372994293,0.130141564614389,0.6328357352244591,0.2104997780445559,0.08210706488431625,0.08186582743253012,0.08242443982728935,0.08312304188829238
0.0,43,fourier_gate_s1p5_p4_cap_lo1_hi2_d0p5,8,2.4834699630737305,2048,0.024369451705311084,0.003951190187558381,0.03200909519553458,0.7613289771686748,0.1316834975972165,0.02461988638196677,0.024399599624940285,0.024285444526765995,0.024494085480109708
0.0,43,score,0,0.12079870700836182,2048,0.0063359934737634875,0.4342003305420143,0.03553862326135527,0.1782847193367013,0.9531462243756899,0.0062977721606263925,0.006108087226374528,0.006452522811698001,0.0063221722553340855
0.0,43,score,1,0.17627345025539398,2048,0.012190422956124186,0.3923240788349502,0.07000884250313492,0.17412690340621345,0.918240004306663,0.0118888848912999,0.01203629701075568,0.012351204804016178,0.012024547691867513
0.0,43,score,2,0.25722402334213257,2048,0.024331001230237445,0.36773665967293134,0.13173404109843279,0.18469790365010602,0.8316650848408792,0.024125393596929078,0.023911989502523302,0.024628283991627323,0.024067069221649934
0.0,43,score,3,0.37534967064857483,2048,0.04219866060325397,0.29952052500501647,0.213125635677522,0.19799898998121598,0.7131135667084274,0.042198417809920535,0.04230062501674081,0.042395701844647055,0.04127314739697764
0.0,43,score,4,0.547722578048706,2048,0.06275756865502295,0.2091918798243392,0.28747105642861615,0.21830917322491109,0.5443818927471809,0.06302668740056327,0.06136928466943108,0.06336127556563198,0.0627954481084742
0.0,43,score,5,0.7992547750473022,2048,0.07313098857608913,0.11448035435141149,0.3078588288039079,0.23754715386990005,0.3775467124693863,0.07483985710187521,0.07228949097064137,0.07334922388438266,0.07285316841789502
0.0,43,score,6,1.166298747062683,2048,0.08243089852790253,0.060599691839232694,0.2504852458243333,0.32908484592226955,0.2551826523326549,0.0836494131811502,0.08235248954476512,0.08223305857939271,0.08264073505160192
0.0,43,score,7,1.7019013166427612,2048,0.07893003386444257,0.02725044135428554,0.130141564614389,0.6064936601793071,0.20669779612375255,0.08064634551650961,0.0791443129239027,0.0786238357519153,0.07875233526602374
0.0,43,score,8,2.4834699630737305,2048,0.09859209472276019,0.015985428065847563,0.03200909519553458,3.080127511274178,0.20625223724437894,0.10014288149316379,0.09847006482679331,0.09817507241701157,0.09952290615374973
0.0,43,scalar_gaussian,0,0.12079870700836182,2048,0.02840859171789137,1.9468170169712533,0.03553862326135527,0.7993723197708363,0.9764070022640663,0.02685132761636951,0.02796959164018993,0.02889227104510837,0.028226950009608526
0.0,43,scalar_gaussian,1,0.17627345025539398,2048,0.055449485580276854,1.7845294154642255,0.07000884250313492,0.7920354572037651,0.9606477730627326,0.051733065124947665,0.05420604117473649,0.05634207522286522,0.05635272612664213
0.0,43,scalar_gaussian,2,0.25722402334213257,2048,0.10400530780127393,1.5719272757080163,0.13173404109843279,0.7895097344167882,0.9115387778352566,0.09606699306620253,0.10195809337783791,0.10563844725083289,0.105885337041866
0.0,43,scalar_gaussian,3,0.37534967064857483,2048,0.1672946757653025,1.1874355346696366,0.213125635677522,0.7849580142411127,0.8383111538550521,0.1615559477620731,0.16563208335682963,0.16873768234999423,0.16798721961776797
0.0,43,scalar_gaussian,4,0.547722578048706,2048,0.223627648232968,0.745425438192249,0.28747105642861615,0.7779136133257939,0.704486967924325,0.2134656899462101,0.21664661364052393,0.22772319173666464,0.22621185554265807
0.0,43,scalar_gaussian,5,0.7992547750473022,2048,0.24215525805217075,0.37907349934189155,0.3078588288039079,0.7865788971945081,0.5465763923834397,0.23258936441265568,0.23633810592101523,0.24480989542339593,0.24778261712710503
0.0,43,scalar_gaussian,6,1.166298747062683,2048,0.20218256359643622,0.14863602445219956,0.2504852458243333,0.807163563390987,0.37440151861755033,0.19480787215437417,0.1975142531563447,0.20482344054047322,0.20460218672471595
0.0,43,scalar_gaussian,7,1.7019013166427612,2048,0.10915757172729111,0.03768644026986534,0.130141564614389,0.8387602535033776,0.23711478540955683,0.10277779154741744,0.10684285127783447,0.11071440895291049,0.11093556755169308
0.0,43,scalar_gaussian,8,2.4834699630737305,2048,0.02697488746783186,0.004373627768168461,0.03200909519553458,0.8427257097724831,0.13426751817542534,0.02602958904830549,0.026453737233165884,0.02722456876746516,0.027483302097249154
0.0,43,fourier_gaussian,0,0.12079870700836182,2048,0.02840859057169533,1.946816938423398,0.03553862326135527,0.7993722875187137,0.9764070137193686,0.026851327778720013,0.02796957634644149,0.028892275107470593,0.028226953610870815
0.0,43,fourier_gaussian,1,0.17627345025539398,2048,0.05544948538245134,1.7845294090976118,0.07000884250313492,0.7920354543780433,0.9606477627528323,0.051733061022588525,0.054206034545042296,0.05634207621145662,0.05635273505041568
0.0,43,fourier_gaussian,2,0.25722402334213257,2048,0.10400531661679417,1.571927408945031,0.13173404109843279,0.7895098013358637,0.9115387672032191,0.0960669980131753,0.1019581008680012,0.10563845932851995,0.10588533803902822
0.0,43,fourier_gaussian,3,0.37534967064857483,2048,0.1672946936939729,1.1874356619249735,0.213125635677522,0.7849580983636555,0.8383111581009459,0.16155595155611852,0.1656321118180572,0.16873769688410356,0.16798723949835964
0.0,43,fourier_gaussian,4,0.547722578048706,2048,0.22362765254096822,0.7454254525522488,0.28747105642861615,0.7779136283116512,0.7044869675604392,0.21346568369678914,0.21664660903048719,0.22772319838883243,0.22621187271443588
0.0,43,fourier_gaussian,5,0.7992547750473022,2048,0.24215524253890158,0.3790734750571856,0.3078588288039079,0.7865788468036545,0.5465763612661212,0.23258931077027886,0.2363380885026991,0.24480988506679258,0.2477826067026862
0.0,43,fourier_gaussian,6,1.166298747062683,2048,0.20218257931473282,0.14863603600762293,0.2504852458243333,0.807163626142374,0.3744015430576374,0.19480784006010335,0.19751427850872655,0.20482345453836287,0.2046022183776027
0.0,43,fourier_gaussian,7,1.7019013166427612,2048,0.10915758091371223,0.037686443441459445,0.130141564614389,0.8387603240912882,0.23711479167275262,0.10277779087666095,0.10684286472117759,0.1107144197934558,0.1109355683975489
0.0,43,fourier_gaussian,8,2.4834699630737305,2048,0.026974890309667113,0.0043736282289351495,0.03200909519553458,0.8427257985546006,0.1342675085509632,0.026029587498393302,0.02645374054612444,0.027224572842338153,0.027483301883248917
0.0,43,scalar_normalized,0,0.12079870700836182,2048,0.028949333032013552,1.9838735667138958,0.03553862326135527,0.8145879152131671,0.9766884909294926,0.027183063223851327,0.029061915148848483,0.029250967179820536,0.028590941270459642
0.0,43,scalar_normalized,1,0.17627345025539398,2048,0.05588988436362636,1.7987027585565443,0.07000884250313492,0.7983260737545214,0.9609342048216474,0.05128021041745499,0.05661181892578572,0.05637831143201608,0.05532220618707705
0.0,43,scalar_normalized,2,0.25722402334213257,2048,0.10327830490448156,1.560939416461734,0.13173404109843279,0.7839910173810818,0.9119096405069618,0.09414472682574812,0.10301446498644998,0.10499276821951098,0.10234470227905622
0.0,43,scalar_normalized,3,0.37534967064857483,2048,0.1667202837057507,1.1833585756198417,0.213125635677522,0.7822629275720415,0.8380071207846729,0.15503352556501926,0.16855487331665323,0.16819480161531103,0.16438103348399158
0.0,43,scalar_normalized,4,0.547722578048706,2048,0.2260821913650357,0.7536072480187213,0.28747105642861615,0.786452014243652,0.7067997756599137,0.2079414870670048,0.22472141076924856,0.2293720123051687,0.22615131348261663
0.0,43,scalar_normalized,5,0.7992547750473022,2048,0.24050516264410152,0.37649041506110326,0.3078588288039079,0.7812189878669759,0.54513784793052,0.2275046623006692,0.23987829453824344,0.24267533149708165,0.24064367935627573
0.0,43,scalar_normalized,6,1.166298747062683,2048,0.19967178822425624,0.14679020915054858,0.2504852458243333,0.7971399176312651,0.37205698425399575,0.18675079090353103,0.19945305832920446,0.2017097428574578,0.1995400334904344
0.0,43,scalar_normalized,7,1.7019013166427612,2048,0.10629664180116391,0.03669870975267661,0.130141564614389,0.8167770390353161,0.2345127316920941,0.09739756736491126,0.10608985708778786,0.10766881796983217,0.10642441267455939
0.0,43,scalar_normalized,8,2.4834699630737305,2048,0.02693024206269732,0.004366389095389922,0.03200909519553458,0.8413309372910426,0.13416487564938334,0.025658952126440027,0.026840206840809247,0.027095196155748336,0.02717341695911522
0.0,43,fourier_normalized,0,0.12079870700836182,2048,0.02894933581863904,1.9838737576790086,0.03553862326135527,0.81458799362435,0.9766884950484654,0.02718307235544017,0.029061921539755016,0.029250966736489442,0.02859094632655297
0.0,43,fourier_normalized,1,0.17627345025539398,2048,0.05588988589759521,1.7987028079242255,0.07000884250313492,0.7983260956655942,0.9609342091492343,0.05128021322064659,0.05661181625699567,0.05637831196624136,0.05532221826430266
0.0,43,fourier_normalized,2,0.25722402334213257,2048,0.10327830532115262,1.5609394227592646,0.13173404109843279,0.7839910205440536,0.911909632014241,0.0941447240297649,0.10301445763490337,0.10499277128124229,0.10234470829825026
0.0,43,fourier_normalized,3,0.37534967064857483,2048,0.16672028799003402,1.1833586060291192,0.213125635677522,0.7822629476741907,0.8380071337676219,0.15503354245818513,0.16855486573497813,0.16819481181895532,0.16438102949634695
0.0,43,fourier_normalized,4,0.547722578048706,2048,0.22608219472730628,0.753607259226289,0.28747105642861615,0.7864520259396837,0.706799779627248,0.20794148832318315,0.22472141008842106,0.22937201857904743,0.22615131420325948
0.0,43,fourier_normalized,5,0.7992547750473022,2048,0.24050516399870478,0.3764904171816197,0.3078588288039079,0.7812189922670552,0.5451378491969503,0.2275046349453007,0.23987829402831445,0.2426753383350191,0.2406436792607692
0.0,43,fourier_normalized,6,1.166298747062683,2048,0.1996717920031157,0.1467902119286054,0.2504852458243333,0.797139932717421,0.37205698856736047,0.18675079338454365,0.1994530562763214,0.2017097484958306,0.19954004133303402
0.0,43,fourier_normalized,7,1.7019013166427612,2048,0.10629665114308484,0.036698712977956724,0.130141564614389,0.8167771108180778,0.23451273041287446,0.09739756510789205,0.10608986618184119,0.10766882957275342,0.10642442035943266
0.0,43,fourier_normalized,8,2.4834699630737305,2048,0.026930243176199506,0.004366389275929843,0.03200909519553458,0.8413309720780986,0.13416487569080032,0.025658946147650196,0.026840209141821593,0.027095197492042526,0.027173419059991828
0.0,43,scalar_gate_s1p5_p4,0,0.12079870700836182,2048,0.004684349446025365,0.32101454748348734,0.03553862326135527,0.13181009887682202,0.9511521791434251,0.004532517761157766,0.00463062667632917,0.00478206129491301,0.004495073876836163
0.0,43,scalar_gate_s1p5_p4,1,0.17627345025539398,2048,0.008089064502703434,0.26033016172464374,0.07000884250313492,0.11554346870313152,0.913792168411834,0.008153086721957605,0.0080489027437121,0.008162923376285701,0.007845872874458266
0.0,43,scalar_gate_s1p5_p4,2,0.25722402334213257,2048,0.015310272331490939,0.2313981390485687,0.13173404109843279,0.11622107849899613,0.8225279513533627,0.015513136128067723,0.015333233653830648,0.015411202026219862,0.014775460135812872
0.0,43,scalar_gate_s1p5_p4,3,0.37534967064857483,2048,0.027511251662140954,0.19527123429017518,0.213125635677522,0.12908466677264446,0.6978967914077123,0.027323224018791836,0.027807770181861237,0.02753887379988424,0.026984217130802013
0.0,43,scalar_gate_s1p5_p4,4,0.547722578048706,2048,0.04354068093854985,0.14513559224123967,0.28747105642861615,0.15146109482977366,0.5246488926660122,0.04393591534972293,0.043378994396011894,0.043854963932175604,0.04242125769871273
0.0,43,scalar_gate_s1p5_p4,5,0.7992547750473022,2048,0.06258351346397721,0.09796917746377863,0.3078588288039079,0.2032864014559091,0.3669272412961076,0.064207910904265,0.06276400726151676,0.06247437399491848,0.061772497240191154
0.0,43,scalar_gate_s1p5_p4,6,1.166298747062683,2048,0.0892874337212696,0.06564032499043208,0.2504852458243333,0.3564578561401073,0.2619502253598809,0.0899920806324483,0.08968338140830306,0.08890252164029955,0.08964616852177541
0.0,43,scalar_gate_s1p5_p4,7,1.7019013166427612,2048,0.07529161337633311,0.02599428372607852,0.130141564614389,0.578536254727097,0.20339719590134892,0.07537205610337047,0.07444689736627932,0.07541589928470555,0.07627911578088994
0.0,43,scalar_gate_s1p5_p4,8,2.4834699630737305,2048,0.023868422211071633,0.003869954760300705,0.03200909519553458,0.745676254366646,0.13113393100718748,0.023816274139367342,0.023868947363391763,0.023819641568642205,0.02408074218484941
0.0,43,fourier_gate_s1p5_p4,0,0.12079870700836182,2048,0.0046843487089103545,0.32101449696961254,0.03553862326135527,0.13181007813558493,0.9511521756125112,0.0045325190142793854,0.004630626489306978,0.004782060683200726,0.004495070582347711
0.0,43,fourier_gate_s1p5_p4,1,0.17627345025539398,2048,0.008089065507889692,0.26033019407452807,0.07000884250313492,0.11554348306112149,0.9137921738618364,0.008153089522216703,0.008048903853433658,0.008162924730958171,0.007845871376260041
0.0,43,fourier_gate_s1p5_p4,2,0.25722402334213257,2048,0.015310274823123984,0.23139817670689622,0.13173404109843279,0.11622109741311297,0.8225279473561413,0.015513140052715623,0.015333238770594832,0.01541120458134313,0.014775456924574798
0.0,43,fourier_gate_s1p5_p4,3,0.37534967064857483,2048,0.02751125175551352,0.19527123495292134,0.213125635677522,0.1290846672107549,0.6978967964904457,0.027323226646594524,0.0278077692955251,0.02753887558380242,0.026984211171356534
0.0,43,fourier_gate_s1p5_p4,4,0.547722578048706,2048,0.043540684302208046,0.14513560345343285,0.28747105642861615,0.15146110653063233,0.5246489003067496,0.04393592115292958,0.04337899812536075,0.04385496727322473,0.042421259142361584
0.0,43,fourier_gate_s1p5_p4,5,0.7992547750473022,2048,0.06258351209704043,0.09796917532395513,0.3078588288039079,0.2032863970157675,0.3669272481654425,0.06420790493719104,0.06276400317074106,0.06247437557005496,0.0617724921567674
0.0,43,fourier_gate_s1p5_p4,6,1.166298747062683,2048,0.08928743200874965,0.06564032373146023,0.2504852458243333,0.3564578493032976,0.2619502243799111,0.08999206396129925,0.08968337271214517,0.0889025274886983,0.08964615897149082
0.0,43,fourier_gate_s1p5_p4,7,1.7019013166427612,2048,0.07529161253560385,0.025994283435818367,0.130141564614389,0.5785362482669837,0.20339719274137513,0.0753720536470389,0.07444689770018294,0.07541589852907171,0.07627911342800961
0.0,43,fourier_gate_s1p5_p4,8,2.4834699630737305,2048,0.023868422170741588,0.003869954753761712,0.03200909519553458,0.7456762531066903,0.1311339332875628,0.023816274381682052,0.023868944560218857,0.023819643117339154,0.024080740896224292
0.0,43,scalar_gate_s1p5_p4_plateau_lo0p8_hi1,0,0.12079870700836182,2048,0.01026867649978229,0.703703807287242,0.03553862326135527,0.2889441277526487,0.956819081873904,0.009749780044278226,0.010124210403107601,0.01042497467319324,0.010223321158487071
0.0,43,scalar_gate_s1p5_p4_plateau_lo0p8_hi1,1,0.17627345025539398,2048,0.014874561169112946,0.478707632192094,0.07000884250313492,0.2124668918565091,0.9205243529115729,0.014466271610901405,0.014697741901975602,0.014981374147070119,0.015012218370747538
0.0,43,scalar_gate_s1p5_p4_plateau_lo0p8_hi1,2,0.25722402334213257,2048,0.022406386092166018,0.3386481920289947,0.13173404109843279,0.17008804941635228,0.8288490535346559,0.022021567754169545,0.021965482058246243,0.022547474749243155,0.022871001857952277
0.0,43,scalar_gate_s1p5_p4_plateau_lo0p8_hi1,3,0.37534967064857483,2048,0.03685731119729588,0.26160833169278525,0.213125635677522,0.17293701473371445,0.7072291182487025,0.036290754997950515,0.03658233394124237,0.036754783082264215,0.03804824153114697
0.0,43,scalar_gate_s1p5_p4_plateau_lo0p8_hi1,4,0.547722578048706,2048,0.05868670095022985,0.19562232182627448,0.28747105642861615,0.2041482077511436,0.5399632413468913,0.060830007727633015,0.05738109674759646,0.05866354441747113,0.05990452933566485
0.0,43,scalar_gate_s1p5_p4_plateau_lo0p8_hi1,5,0.7992547750473022,2048,0.09019659686773956,0.14119511539170326,0.3078588288039079,0.29298038070946697,0.3944420864458174,0.09032601348469167,0.09033111372147376,0.08955753838771463,0.09229977859844413
0.0,43,scalar_gate_s1p5_p4_plateau_lo0p8_hi1,6,1.166298747062683,2048,0.18338030993802468,0.1348134069879833,0.2504852458243333,0.7321002454037965,0.3563195042044084,0.186502656622753,0.1850021345731671,0.18245001026632715,0.18227689452155754
0.0,43,scalar_gate_s1p5_p4_plateau_lo0p8_hi1,7,1.7019013166427612,2048,0.1076792904115956,0.03717606650811475,0.130141564614389,0.8274012282751526,0.23603976891505574,0.10718690740129844,0.1073854681494576,0.10794086658430917,0.10748701056419925
0.0,43,scalar_gate_s1p5_p4_plateau_lo0p8_hi1,8,2.4834699630737305,2048,0.028345885004272136,0.004595917218036097,0.03200909519553458,0.885557209009348,0.13549570283145213,0.028695223101501455,0.028334600107566506,0.02825388298384682,0.028519433510450363
0.0,43,fourier_gate_s1p5_p4_plateau_lo0p8_hi1,0,0.12079870700836182,2048,0.01026867676795152,0.703703825664655,0.03553862326135527,0.28894413529850177,0.9568190848673476,0.009749782457866545,0.010124209465920977,0.010424974668010062,0.010223323410276316
0.0,43,fourier_gate_s1p5_p4_plateau_lo0p8_hi1,1,0.17627345025539398,2048,0.014874563473402913,0.4787077063510007,0.07000884250313492,0.21246692477077941,0.9205243441546569,0.014466269829590738,0.014697742657689226,0.014981377046807782,0.015012223448371173
0.0,43,fourier_gate_s1p5_p4_plateau_lo0p8_hi1,2,0.25722402334213257,2048,0.022406386902679237,0.3386482042790218,0.13173404109843279,0.17008805556900056,0.828849048569667,0.02202156522562138,0.02196548649293159,0.022547475310563735,0.022870999021921343
0.0,43,fourier_gate_s1p5_p4_plateau_lo0p8_hi1,3,0.37534967064857483,2048,0.036857306174672824,0.2616082960428695,0.213125635677522,0.17293699116722497,0.7072291130999497,0.03629075117101077,0.03658231977114317,0.03675477856971018,0.03804825017950778
0.0,43,fourier_gate_s1p5_p4_plateau_lo0p8_hi1,4,0.547722578048706,2048,0.0586866935338153,0.1956222971048945,0.28747105642861615,0.20414818195232182,0.5399632351989376,0.06082998451675441,0.057381084783999586,0.058663540811561034,0.05990452438259318
0.0,43,fourier_gate_s1p5_p4_plateau_lo0p8_hi1,5,0.7992547750473022,2048,0.09019657728014005,0.14119508472897907,0.3078588288039079,0.29298031708420214,0.3944420610351833,0.09032598495642122,0.0903310843234695,0.08955752123071449,0.09229977223633928
0.0,43,fourier_gate_s1p5_p4_plateau_lo0p8_hi1,6,1.166298747062683,2048,0.1833802849120338,0.13481338858993883,0.2504852458243333,0.7321001454937566,0.3563194777600389,0.18650261452026018,0.18500211439042574,0.18244998788212802,0.18227686039218857
0.0,43,fourier_gate_s1p5_p4_plateau_lo0p8_hi1,7,1.7019013166427612,2048,0.10767928140366266,0.03717606339814335,0.130141564614389,0.8274011590587346,0.23603976079494923,0.10718688512331975,0.10738545863610026,0.10794085870173079,0.1074870055757068
0.0,43,fourier_gate_s1p5_p4_plateau_lo0p8_hi1,8,2.4834699630737305,2048,0.028345884394622243,0.004595917119189282,0.03200909519553458,0.8855571899632022,0.13549569886305288,0.0286952191021559,0.028334597691804932,0.028253884273919727,0.028519430818099392
0.0,44,scalar_gate_s1p5_p4_cap_lo1_hi2_d0p5,0,0.12079870700836182,2048,0.005142820561836624,0.3524331893829038,0.03553862326135527,0.14471074256354022,0.9516135960729805,0.005044934339507058,0.0050558062921284685,0.005182981952186313,0.0052001730235131756
0.0,44,scalar_gate_s1p5_p4_cap_lo1_hi2_d0p5,1,0.17627345025539398,2048,0.007919988674122927,0.25488879853816143,0.07000884250313492,0.11312840479784075,0.9140348960493211,0.007825759765859938,0.007595375765901429,0.008073539149502115,0.00796934810856366
0.0,44,scalar_gate_s1p5_p4_cap_lo1_hi2_d0p5,2,0.25722402334213257,2048,0.015535934676843364,0.23480878032504568,0.13173404109843279,0.11793409317212689,0.8226645419613016,0.016135327144595514,0.015292255037042353,0.015570753015832061,0.015504611162669987
0.0,44,scalar_gate_s1p5_p4_cap_lo1_hi2_d0p5,3,0.37534967064857483,2048,0.0270342322184198,0.1918854132195902,0.213125635677522,0.12684645904974565,0.6983812650321852,0.027269437940795303,0.027059474319787464,0.026997609811861223,0.026997038839445524
0.0,44,scalar_gate_s1p5_p4_cap_lo1_hi2_d0p5,4,0.547722578048706,2048,0.043311548165180916,0.1443718163873041,0.28747105642861615,0.1506640310271928,0.5257270529669581,0.043031648064387376,0.04269456619363857,0.043710746308040005,0.04305582318645169
0.0,44,scalar_gate_s1p5_p4_cap_lo1_hi2_d0p5,5,0.7992547750473022,2048,0.06475809273285443,0.10137329670397296,0.3078588288039079,0.2103499613262753,0.36873214640608193,0.06520070829143683,0.0642217116585513,0.06482195072057192,0.06522452026769256
0.0,44,scalar_gate_s1p5_p4_cap_lo1_hi2_d0p5,6,1.166298747062683,2048,0.09559901180522495,0.07028032884502408,0.2504852458243333,0.38165526073447487,0.26865538923098503,0.09582384352843269,0.09593831380343529,0.09541944084228471,0.09554928093328763
0.0,44,scalar_gate_s1p5_p4_cap_lo1_hi2_d0p5,7,1.7019013166427612,2048,0.082342401061828,0.02842855452159193,0.130141564614389,0.6327140856636349,0.21015853550229374,0.08144259559643988,0.08176160127471832,0.08269577344971933,0.08253986358764925
0.0,44,scalar_gate_s1p5_p4_cap_lo1_hi2_d0p5,8,2.4834699630737305,2048,0.024062120150764175,0.003901360366299491,0.03200909519553458,0.7517275950405793,0.13141610131131998,0.02380557526660237,0.023978875064829416,0.02408560680560933,0.024263908987545282
0.0,44,fourier_gate_s1p5_p4_cap_lo1_hi2_d0p5,0,0.12079870700836182,2048,0.00514282358044775,0.35243339624579817,0.03553862326135527,0.14471082750242778,0.9516135956951111,0.0050449356623835356,0.0050558107016237495,0.005182985484881291,0.005200172569421604
0.0,44,fourier_gate_s1p5_p4_cap_lo1_hi2_d0p5,1,0.17627345025539398,2048,0.007919990391551507,0.25488885381012266,0.07000884250313492,0.11312842932943588,0.9140349010299043,0.007825769285635572,0.007595376274304326,0.008073541125412798,0.007969346664246027
0.0,44,fourier_gate_s1p5_p4_cap_lo1_hi2_d0p5,2,0.25722402334213257,2048,0.015535936232653853,0.2348088038394316,0.13173404109843279,0.11793410498236573,0.8226645442290017,0.016135335198388806,0.015292253540108876,0.015570755663829261,0.015504610409551749
0.0,44,fourier_gate_s1p5_p4_cap_lo1_hi2_d0p5,3,0.37534967064857483,2048,0.02703423346580994,0.19188542207340084,0.213125635677522,0.12684646490258514,0.6983812659648088,0.02726945094725781,0.027059473438184482,0.02699761180862515,0.026997034507926714
0.0,44,fourier_gate_s1p5_p4_cap_lo1_hi2_d0p5,4,0.547722578048706,2048,0.04331155037572312,0.14437182375577756,0.28747105642861615,0.1506640387168094,0.5257270532759711,0.043031659203514386,0.04269456558181043,0.043710749643195594,0.043055821205676775
0.0,44,fourier_gate_s1p5_p4_cap_lo1_hi2_d0p5,5,0.7992547750473022,2048,0.06475809886317252,0.10137330630046552,0.3078588288039079,0.2103499812390324,0.3687321470914441,0.0652007434038495,0.06422171190540213,0.06482195895310798,0.06522451281463204
0.0,44,fourier_gate_s1p5_p4_cap_lo1_hi2_d0p5,6,1.166298747062683,2048,0.09559900646784934,0.07028032492121246,0.2504852458243333,0.38165523942633117,0.2686553844596236,0.09582386604892075,0.09593830275213552,0.09541943142991426,0.09554928567183346
0.0,44,fourier_gate_s1p5_p4_cap_lo1_hi2_d0p5,7,1.7019013166427612,2048,0.08234239585428045,0.028428552723696224,0.130141564614389,0.632714045649151,0.21015852942984325,0.08144258891751144,0.08176159448587905,0.08269576604237787,0.08253987031905324
0.0,44,fourier_gate_s1p5_p4_cap_lo1_hi2_d0p5,8,2.4834699630737305,2048,0.02406211867221303,0.00390136012657162,0.03200909519553458,0.7517275488489849,0.1314161020174748,0.023805572217922875,0.02397887204455408,0.02408560523504891,0.024263911469721233
0.0,44,score,0,0.12079870700836182,2048,0.006289006672413641,0.4309803643659606,0.03553862326135527,0.17696258592133793,0.9530009609923281,0.006243045014422419,0.00633769094709628,0.006216825853421828,0.006500674199164258
0.0,44,score,1,0.17627345025539398,2048,0.012029183130150452,0.38713490152548913,0.07000884250313492,0.17182376825629986,0.9182712340468427,0.011952867876755797,0.011888161715179141,0.012072870687261686,0.012157243348454048
0.0,44,score,2,0.25722402334213257,2048,0.024476698138379795,0.3699387102099375,0.13173404109843279,0.18580389650455345,0.8315791721994895,0.024964130957671787,0.02428213153966123,0.024388115359895386,0.024886444355213908
0.0,44,score,3,0.37534967064857483,2048,0.04143127995052564,0.294073758384984,0.213125635677522,0.1943983876872271,0.7128580427997628,0.04195119625249997,0.04143741750211259,0.04141431933517255,0.04119559979349697
0.0,44,score,4,0.547722578048706,2048,0.06198320410491265,0.20661066485093316,0.28747105642861615,0.21561546012651925,0.5436690784710085,0.06258355158366051,0.060549730068849075,0.062356544669642876,0.06278767832518489
0.0,44,score,5,0.7992547750473022,2048,0.07256440259955937,0.11359341210399226,0.3078588288039079,0.23570674546345266,0.37688963730846375,0.07480157634947168,0.07200743607044421,0.07233024165517221,0.07319629902460886
0.0,44,score,6,1.166298747062683,2048,0.08324136668031831,0.06119551356578204,0.2504852458243333,0.33232043830116825,0.2563641931977253,0.08475667392255483,0.08338530003861054,0.08301371494239031,0.08300366547428431
0.0,44,score,7,1.7019013166427612,2048,0.0800964074353035,0.02765312957109945,0.130141564614389,0.6154560049483814,0.2075408430236704,0.08131967816774816,0.07906495503090272,0.0804286074243996,0.07999552801073932
0.0,44,score,8,2.4834699630737305,2048,0.09916632162815803,0.01607853150294892,0.03200909519553458,3.098067003218266,0.20666959830654408,0.10246793779461094,0.09777064238944955,0.09982837057072926,0.09731222417700804
0.0,44,scalar_gaussian,0,0.12079870700836182,2048,0.02920888437537782,2.001660403071612,0.03553862326135527,0.8218912747568246,0.9764071473113166,0.028165853602718033,0.02953194715796442,0.029407201598716733,0.028464813680754535
0.0,44,scalar_gaussian,1,0.17627345025539398,2048,0.05699127481218975,1.8341487799723284,0.07000884250313492,0.8140582357098353,0.9614338449995756,0.0538028754410166,0.05824677546713116,0.057024841671396646,0.05640379849705293
0.0,44,scalar_gaussian,2,0.25722402334213257,2048,0.10699359894188014,1.6170920509582463,0.13173404109843279,0.8121940088510123,0.9151805357071593,0.10313600105118548,0.10845342164112928,0.107308690785019,0.10535112156396537
0.0,44,scalar_gaussian,3,0.37534967064857483,2048,0.17302059772425518,1.2280773732201005,0.213125635677522,0.8118244301030529,0.8455288693813082,0.16649500336772252,0.178083931407431,0.1724507395782348,0.16979724325942677
0.0,44,scalar_gaussian,4,0.547722578048706,2048,0.23285294880848956,0.7761764378038865,0.28747105642861615,0.8100048460576441,0.7130505010542578,0.2272690013020539,0.23337883712688012,0.2335569579429645,0.2323606392380207
0.0,44,scalar_gaussian,5,0.7992547750473022,2048,0.2513140640999192,0.39341083269670013,0.3078588288039079,0.816328916329357,0.5560071379479896,0.24765556831485408,0.254066330287115,0.25097329038385807,0.24974101146394911
0.0,44,scalar_gaussian,6,1.166298747062683,2048,0.20694679115557668,0.15213848199047528,0.2504852458243333,0.826183556139309,0.3790342360619902,0.20050974796689153,0.21063589043020092,0.2066598024111805,0.20504870725101093
0.0,44,scalar_gaussian,7,1.7019013166427612,2048,0.11150634039827377,0.03849734810544692,0.130141564614389,0.8568080515142751,0.24051465538081057,0.10662007084558993,0.11310957359820092,0.11166069549226396,0.11078762299482037
0.0,44,scalar_gaussian,8,2.4834699630737305,2048,0.02772242162469934,0.004494830725920514,0.03200909519553458,0.8660795144427184,0.13536980083666067,0.027081658448159775,0.02787698077263086,0.027632896099331047,0.0281418368889566
0.0,44,fourier_gaussian,0,0.12079870700836182,2048,0.029209117721406903,2.0016763940797118,0.03553862326135527,0.8218978407407505,0.9764074338973583,0.028165969805346823,0.02953226085596901,0.02940737873498151,0.028465181606492487
0.0,44,fourier_gaussian,1,0.17627345025539398,2048,0.0569917459940774,1.834163944007301,0.07000884250313492,0.8140649660294751,0.9614343671071809,0.053803023133696046,0.058247359263406275,0.05702525752564197,0.05640445820734963
0.0,44,fourier_gaussian,2,0.25722402334213257,2048,0.10699454257506347,1.617106312949009,0.13173404109843279,0.8122011720198901,0.9151812396312476,0.10313638206117177,0.10845481677698746,0.10730949531238743,0.10535210060502569
0.0,44,fourier_gaussian,3,0.37534967064857483,2048,0.1730218761611151,1.2280864473962472,0.213125635677522,0.8118304286158826,0.8455301778720024,0.16649590926476074,0.17808564063093707,0.17245181421458208,0.1697987327329755
0.0,44,fourier_gaussian,4,0.547722578048706,2048,0.23285441260949377,0.7761813171402011,0.28747105642861615,0.8100099380520258,0.713051874607565,0.22726970099054236,0.23338079825460148,0.2335582259217555,0.2323623831823976
0.0,44,fourier_gaussian,5,0.7992547750473022,2048,0.25131556608325634,0.3934131839241075,0.3078588288039079,0.8163337951348244,0.5560086017091512,0.24765662141182848,0.25406801893361836,0.250974684403164,0.249742838847088
0.0,44,fourier_gaussian,6,1.166298747062683,2048,0.20694721308426312,0.15213879217450615,0.2504852458243333,0.8261852405845747,0.37903465516527096,0.20050993839148873,0.21063648691159603,0.2066601179458879,0.20504934940996364
0.0,44,fourier_gaussian,7,1.7019013166427612,2048,0.11150657167523662,0.03849742795337051,0.130141564614389,0.8568098286326272,0.24051485651578347,0.10662026591276579,0.11310992960409591,0.11166084389232785,0.11078796573851493
0.0,44,fourier_gaussian,8,2.4834699630737305,2048,0.027722420287007082,0.004494830509031082,0.03200909519553458,0.8660794726517134,0.13536982127097236,0.027081664783157024,0.027876991092779434,0.02763288687794028,0.028141840346469733
0.0,44,scalar_normalized,0,0.12079870700836182,2048,0.029447096970535158,2.017984912871833,0.03553862326135527,0.8285941960660012,0.977229698967395,0.028803129886627928,0.030258340808298534,0.02935276973838871,0.02871899251590198
0.0,44,scalar_normalized,1,0.17627345025539398,2048,0.05589803469478012,1.7989650604613763,0.07000884250313492,0.7984424923505493,0.9606093585402029,0.05321608523853634,0.058478938332644184,0.05540196355493385,0.054673780009243216
0.0,44,scalar_normalized,2,0.25722402334213257,2048,0.10450226401729867,1.5794382292094913,0.13173404109843279,0.7932821550597822,0.9121031333818347,0.10088711469505622,0.1087820797005824,0.10363018136435036,0.10219665355940054
0.0,44,scalar_normalized,3,0.37534967064857483,2048,0.16776947895577604,1.1908056250670964,0.213125635677522,0.78718582315281,0.8403181021701547,0.16462297650481897,0.17637151429780182,0.1652990368110448,0.1635578100339133
0.0,44,scalar_normalized,4,0.547722578048706,2048,0.22605069911038175,0.7535022738444159,0.28747105642861615,0.7863424649379055,0.7067359083511907,0.22251208610287737,0.2331241068897507,0.22437789144614778,0.22176114368277883
0.0,44,scalar_normalized,5,0.7992547750473022,2048,0.2443998441169445,0.38258720827801757,0.3078588288039079,0.7938698560846409,0.5496818054583588,0.24211934698083146,0.2539648921035903,0.24140704802742477,0.23996837577671146
0.0,44,scalar_normalized,6,1.166298747062683,2048,0.20349195854664842,0.14959863594735204,0.2504852458243333,0.8123909968308412,0.37632968090874697,0.19891262019308198,0.2107621049872357,0.201889669906404,0.19916442104517593
0.0,44,scalar_normalized,7,1.7019013166427612,2048,0.10873849485816396,0.03754175479228528,0.130141564614389,0.8355400919019025,0.23729562714067942,0.10470462080666927,0.11177980744244725,0.10821837211851362,0.1075376661978365
0.0,44,scalar_normalized,8,2.4834699630737305,2048,0.027770523110722343,0.004502629757342285,0.03200909519553458,0.8675822587636423,0.13529729199224433,0.027400070380651,0.028223799747835503,0.027577873773179735,0.027898291436610656
0.0,44,fourier_normalized,0,0.12079870700836182,2048,0.02944712074823459,2.0179865423376766,0.03553862326135527,0.828594865132421,0.9772297334734666,0.028803185362570965,0.030258373021435858,0.029352789161017984,0.028719000139619325
0.0,44,fourier_normalized,1,0.17627345025539398,2048,0.05589807396329164,1.798966324238906,0.07000884250313492,0.7984430532584307,0.9606093765231917,0.053216174241997774,0.058478993998849864,0.05540199363182181,0.054673797219681824
0.0,44,fourier_normalized,2,0.25722402334213257,2048,0.10450233047286281,1.579439233613171,0.13173404109843279,0.7932826595274474,0.912103237795173,0.1008872475437298,0.10878217874043276,0.10363022775054491,0.10219670101990218
0.0,44,fourier_normalized,3,0.37534967064857483,2048,0.16776956783928884,1.1908062559505426,0.213125635677522,0.7871862402003065,0.8403181794561845,0.16462321305440925,0.17637165660516652,0.16529909807284165,0.16355782625368448
0.0,44,fourier_normalized,4,0.547722578048706,2048,0.22605080742334313,0.7535026348875935,0.28747105642861615,0.7863428417165723,0.7067360274286341,0.2225122950739769,0.23312427011807185,0.22437797769752668,0.22176118179100235
0.0,44,fourier_normalized,5,0.7992547750473022,2048,0.2443999498025988,0.3825873737199375,0.3078588288039079,0.7938701993772297,0.5496819175079525,0.24211959850030002,0.2539650037826999,0.24140713966583802,0.23996844285590369
0.0,44,fourier_normalized,6,1.166298747062683,2048,0.20349201927529292,0.14959868059246945,0.2504852458243333,0.8123912392748395,0.3763297366330438,0.19891269576250908,0.21076218300274538,0.20188972726294035,0.19916445553581152
0.0,44,fourier_normalized,7,1.7019013166427612,2048,0.10873853688480645,0.03754176930190222,0.130141564614389,0.8355404148321102,0.23729568171581145,0.10470467584113222,0.11177986920713892,0.10821840084146525,0.10753771616643454
0.0,44,fourier_normalized,8,2.4834699630737305,2048,0.027770534640343784,0.004502631626720704,0.03200909519553458,0.867582618961935,0.13529730084384534,0.027400083356323567,0.02822381243714029,0.027577885254799123,0.027898300282552184
0.0,44,scalar_gate_s1p5_p4,0,0.12079870700836182,2048,0.00479945358660813,0.3289025379138349,0.03553862326135527,0.13504894523663385,0.9512431214549357,0.004715316040222005,0.004755845473684085,0.004815590008912302,0.00486276238442741
0.0,44,scalar_gate_s1p5_p4,1,0.17627345025539398,2048,0.007968395850151608,0.2564466854804609,0.07000884250313492,0.11381984853977256,0.9141218754321411,0.007887721202255992,0.007712485711843807,0.008075203866620514,0.008064669504869408
0.0,44,scalar_gate_s1p5_p4,2,0.25722402334213257,2048,0.01594755919939451,0.24103003795148112,0.13173404109843279,0.12105875646430948,0.8234209586641419,0.016608281258115743,0.015672751783228474,0.01594838856972136,0.016065904729832017
0.0,44,scalar_gate_s1p5_p4,3,0.37534967064857483,2048,0.02761061014531786,0.19597646769378121,0.213125635677522,0.129550863543676,0.6990156043609107,0.028257579973338186,0.027679642298041315,0.027469311373090305,0.027662253997768955
0.0,44,scalar_gate_s1p5_p4,4,0.547722578048706,2048,0.04386402781406749,0.14621341507877958,0.28747105642861615,0.15258589285130225,0.5262140360118966,0.04457131661604495,0.043379584208752486,0.04410260969541436,0.04343101333732964
0.0,44,scalar_gate_s1p5_p4,5,0.7992547750473022,2048,0.06466097842830387,0.10122127250446455,0.3078588288039079,0.21003451055642772,0.3687986746955383,0.06592499980095387,0.06402747526178616,0.06466608575103555,0.06506567785365452
0.0,44,scalar_gate_s1p5_p4,6,1.166298747062683,2048,0.08972347255105262,0.06596088219879305,0.2504852458243333,0.35819863264112645,0.26255682414174447,0.09182153232261407,0.08993548198323523,0.08933370658572168,0.0896534273342219
0.0,44,scalar_gate_s1p5_p4,7,1.7019013166427612,2048,0.07505557180079464,0.025912790829186683,0.130141564614389,0.5767225253760025,0.20267145445393853,0.0747713937951796,0.07452694379345422,0.07523770895751776,0.07546515789156533
0.0,44,scalar_gate_s1p5_p4,8,2.4834699630737305,2048,0.023638228904561992,0.0038326319044186302,0.03200909519553458,0.7384847575404017,0.13090012642170185,0.023576622836319398,0.023622214464203165,0.023572118356276744,0.023950675574412293
0.0,44,fourier_gate_s1p5_p4,0,0.12079870700836182,2048,0.00479946143202112,0.32890307555342174,0.03553862326135527,0.13504916599400346,0.9512431457991845,0.004715325703783016,0.004755850510662981,0.004815598458859659,0.004862771928733387
0.0,44,fourier_gate_s1p5_p4,1,0.17627345025539398,2048,0.007968398842521828,0.25644678178383723,0.07000884250313492,0.11381989128251922,0.9141218635708275,0.007887725494085599,0.007712483767250623,0.008075208383914597,0.00806467479131809
0.0,44,fourier_gate_s1p5_p4,2,0.25722402334213257,2048,0.01594756157732029,0.2410300738912468,0.13173404109843279,0.12105877451526853,0.823420977671864,0.01660829338868272,0.015672748030928343,0.01594839254517514,0.016065906552697424
0.0,44,fourier_gate_s1p5_p4,3,0.37534967064857483,2048,0.027610602652315706,0.1959764145094406,0.213125635677522,0.12955082838599952,0.6990155958330886,0.02825758103996797,0.02767961700962735,0.027469310568277467,0.02766224811921047
0.0,44,fourier_gate_s1p5_p4,4,0.547722578048706,2048,0.04386403129362877,0.14621342667731632,0.28747105642861615,0.15258590495534266,0.5262140422824896,0.04457134720327788,0.04337956944891007,0.04410261898089164,0.043431012249219456
0.0,44,fourier_gate_s1p5_p4,5,0.7992547750473022,2048,0.06466097700680425,0.10122127027922756,0.3078588288039079,0.21003450593905285,0.36879867174981346,0.06592503878316344,0.06402746318988799,0.06466607511283608,0.0650657077383356
0.0,44,fourier_gate_s1p5_p4,6,1.166298747062683,2048,0.08972348712927794,0.06596089291608448,0.2504852458243333,0.35819869084106265,0.26255684269017854,0.09182158381497497,0.08993550178244132,0.08933370340866797,0.0896534791983491
0.0,44,fourier_gate_s1p5_p4,7,1.7019013166427612,2048,0.07505556777553735,0.025912789439474396,0.130141564614389,0.5767224944461663,0.20267145081611687,0.07477139628944843,0.07452694046075584,0.07523770070465273,0.07546516498409568
0.0,44,fourier_gate_s1p5_p4,8,2.4834699630737305,2048,0.023638222981448475,0.0038326309440626775,0.03200909519553458,0.7384845724956985,0.1309001169542069,0.023576618829341513,0.023622207614324035,0.023572113071673277,0.023950667822213192
0.0,44,scalar_gate_s1p5_p4_plateau_lo0p8_hi1,0,0.12079870700836182,2048,0.010571088139266625,0.7244278238708413,0.03553862326135527,0.29745350745653776,0.9579954154080172,0.010877349547996979,0.010594286413774679,0.01037811420239659,0.011088714185688929
0.0,44,scalar_gate_s1p5_p4_plateau_lo0p8_hi1,1,0.17627345025539398,2048,0.014614462419901247,0.47033688061457485,0.07000884250313492,0.2087516647521608,0.9212717808285125,0.014367821386236736,0.01453038613575065,0.014525331535744456,0.015237670839463806
0.0,44,scalar_gate_s1p5_p4_plateau_lo0p8_hi1,2,0.25722402334213257,2048,0.022509115120228747,0.3402008297225183,0.13173404109843279,0.17086787084448238,0.8301669931334379,0.02299980390581975,0.022228980566230475,0.022429354087567292,0.023035846680951724
0.0,44,scalar_gate_s1p5_p4_plateau_lo0p8_hi1,3,0.37534967064857483,2048,0.03765772534096364,0.2672895656728591,0.213125635677522,0.17669261241732143,0.7081892035295538,0.03725107774972663,0.038160712242113135,0.03735475764752218,0.03813398635371959
0.0,44,scalar_gate_s1p5_p4_plateau_lo0p8_hi1,4,0.547722578048706,2048,0.058434996828788555,0.19478330815107495,0.28747105642861615,0.20327262700723034,0.5408449076470808,0.05790397341425897,0.05874383261511143,0.05827142144399665,0.05879891989261158
0.0,44,scalar_gate_s1p5_p4_plateau_lo0p8_hi1,5,0.7992547750473022,2048,0.09163543607171867,0.14344749601903267,0.3078588288039079,0.29765407874687355,0.39658430200792105,0.09020129851613287,0.09187689900870888,0.09155467439530691,0.09230801138106166
0.0,44,scalar_gate_s1p5_p4_plateau_lo0p8_hi1,6,1.166298747062683,2048,0.18134139501837496,0.13331448342869,0.2504852458243333,0.7239603850581711,0.35407333315394174,0.1812147284163611,0.18135258369966686,0.18168448308294682,0.1800957638977035
0.0,44,scalar_gate_s1p5_p4_plateau_lo0p8_hi1,7,1.7019013166427612,2048,0.10754620444353397,0.03713011883534458,0.130141564614389,0.82637860365514,0.23559087972119067,0.10527400495521755,0.10683342263519023,0.10831157449491352,0.10718430717999806
0.0,44,scalar_gate_s1p5_p4_plateau_lo0p8_hi1,8,2.4834699630737305,2048,0.028133439039571433,0.004561471863201591,0.03200909519553458,0.8789201590270561,0.13588209516606548,0.028301858852633067,0.028065886020517752,0.02814302601238577,0.028123749280000682
0.0,44,fourier_gate_s1p5_p4_plateau_lo0p8_hi1,0,0.12079870700836182,2048,0.010571091620670381,0.7244280624485272,0.03553862326135527,0.2974536054176695,0.9579954289549583,0.01087734594495125,0.010594296157562553,0.010378117781735523,0.01108871009979329
0.0,44,fourier_gate_s1p5_p4_plateau_lo0p8_hi1,1,0.17627345025539398,2048,0.014614462246558376,0.4703368750358855,0.07000884250313492,0.20875166227614683,0.921271775627435,0.014367817595219176,0.014530392613481512,0.01452533045523357,0.015237664278888298
0.0,44,fourier_gate_s1p5_p4_plateau_lo0p8_hi1,2,0.25722402334213257,2048,0.02250911381004253,0.3402008099204765,0.13173404109843279,0.17086786089879025,0.8301669934413122,0.022999793203672715,0.02222898530668567,0.022429351014466407,0.02303584649172559
0.0,44,fourier_gate_s1p5_p4_plateau_lo0p8_hi1,3,0.37534967064857483,2048,0.0376577171637808,0.26728950763229425,0.213125635677522,0.1766925740494225,0.7081892041403947,0.03725103150906545,0.03816070932895976,0.03735475363267584,0.03813397424025662
0.0,44,fourier_gate_s1p5_p4_plateau_lo0p8_hi1,4,0.547722578048706,2048,0.058434987854406394,0.19478327823647,0.28747105642861615,0.20327259578884518,0.5408448996668094,0.057903937750569734,0.058743836138916455,0.05827141522233607,0.05879889312745237
0.0,44,fourier_gate_s1p5_p4_plateau_lo0p8_hi1,5,0.7992547750473022,2048,0.09163540479063785,0.14344744705115617,0.3078588288039079,0.2976539771383508,0.3965842830452846,0.09020125125682314,0.09187686509813697,0.09155464790294927,0.09230797556069352
0.0,44,fourier_gate_s1p5_p4_plateau_lo0p8_hi1,6,1.166298747062683,2048,0.1813413705961529,0.13331446547451073,0.2504852458243333,0.723960287558528,0.35407330748953736,0.18121470246287164,0.18135255693160585,0.1816844595831899,0.18009574101169745
0.0,44,fourier_gate_s1p5_p4_plateau_lo0p8_hi1,7,1.7019013166427612,2048,0.10754619355063538,0.03713011507459244,0.130141564614389,0.8263785199547588,0.2355908664613804,0.1052739844276361,0.10683340973824061,0.10831156110944928,0.10718431461881767
0.0,44,fourier_gate_s1p5_p4_plateau_lo0p8_hi1,8,2.4834699630737305,2048,0.02813343595564194,0.004561471363182464,0.03200909519553458,0.8789200626816431,0.13588209263060747,0.02830185271512422,0.02806588130572789,0.02814302367252434,0.028123747980887712
0.5,42,scalar_gate_s1p5_p4_cap_lo1_hi2_d0p5,0,0.12079870700836182,2048,0.007596303823966906,0.5205683441628998,0.04408508839610101,0.17231005086605977,0.9412297070282004,0.012049093346326843,0.005368295740401623,0.00738824819629618,0.009869423053527964
0.5,42,scalar_gate_s1p5_p4_cap_lo1_hi2_d0p5,1,0.17627345025539398,2048,0.012264510558524067,0.3947084383005109,0.08587513840583119,0.14281794226128744,0.8822277445676425,0.010062631717076961,0.009034520971944265,0.012865768274345173,0.01695856225347903
0.5,42,scalar_gate_s1p5_p4_cap_lo1_hi2_d0p5,2,0.25722402334213257,2048,0.020982926664735155,0.31713414868692136,0.15141712872872282,0.1385769684110701,0.7926737070526758,0.01701302783653743,0.017160103597378486,0.021993134264900016,0.02616821608841182
0.5,42,scalar_gate_s1p5_p4_cap_lo1_hi2_d0p5,3,0.37534967064857483,2048,0.03291283230634084,0.23361094098415797,0.2307174532450955,0.14265428056444832,0.647168452804524,0.028626967183935897,0.03064915427899443,0.033911951804017265,0.03554373354284848
0.5,42,scalar_gate_s1p5_p4_cap_lo1_hi2_d0p5,4,0.547722578048706,2048,0.04806835637745074,0.1602278425721065,0.2898742038994259,0.16582488448723234,0.492031660327297,0.05568134840595799,0.05312787564248128,0.04593256209698852,0.04291277161663861
0.5,42,scalar_gate_s1p5_p4_cap_lo1_hi2_d0p5,5,0.7992547750473022,2048,0.06983692774992642,0.10932378176875249,0.2856986039765963,0.2444426636248012,0.34905735015121686,0.11521370818456286,0.08328548106200588,0.06053037185869119,0.05587716609832021
0.5,42,scalar_gate_s1p5_p4_cap_lo1_hi2_d0p5,6,1.166298747062683,2048,0.0974538587666774,0.07164393346756628,0.22344047500246467,0.43615132292214487,0.2633477706810956,0.18376402085289312,0.12063643947214758,0.08104078699356458,0.07029522971859242
0.5,42,scalar_gate_s1p5_p4_cap_lo1_hi2_d0p5,7,1.7019013166427612,2048,0.07636386892444168,0.026364477877784096,0.11055874659332113,0.6907085262583361,0.20561403939324957,0.17493403309864858,0.09533520538377085,0.05930219124648691,0.05233107301668175
0.5,42,scalar_gate_s1p5_p4_cap_lo1_hi2_d0p5,8,2.4834699630737305,2048,0.02334085701650719,0.0037844169137677833,0.02671094558998033,0.8738311767316351,0.1290501762758841,0.060412325226549914,0.02758962817301369,0.017804570884919536,0.016107084674247506
0.5,42,fourier_gate_s1p5_p4_cap_lo1_hi2_d0p5,0,0.12079870700836182,2048,0.0077500924513378925,0.5311073501001046,0.04408508839610101,0.17579850088319954,0.9418331921938052,0.007524705024058697,0.005370618391967769,0.008084100834512395,0.01084367434671399
0.5,42,fourier_gate_s1p5_p4_cap_lo1_hi2_d0p5,1,0.17627345025539398,2048,0.0127447317134924,0.4101633837883012,0.08587513840583119,0.14841002821169244,0.8829417010731899,0.01380754796338087,0.009744030175662161,0.012985425700999146,0.016579570355782638
0.5,42,fourier_gate_s1p5_p4_cap_lo1_hi2_d0p5,2,0.25722402334213257,2048,0.021627577681568345,0.32687734870330154,0.15141712872872282,0.1428344194818016,0.7935725657421862,0.02450648699814335,0.017704960271637118,0.02183108710572351,0.02623291229876271
0.5,42,fourier_gate_s1p5_p4_cap_lo1_hi2_d0p5,3,0.37534967064857483,2048,0.03335650374392876,0.23676006230735508,0.2307174532450955,0.14457728825783075,0.6478111586466877,0.03803146491398116,0.03127909642507746,0.03323028996436139,0.03492927927244535
0.5,42,fourier_gate_s1p5_p4_cap_lo1_hi2_d0p5,4,0.547722578048706,2048,0.04847504432297098,0.16158346895548248,0.2898742038994259,0.16722786529769915,0.49319293138257325,0.06466568847877516,0.05297666085286368,0.045408841174571946,0.04306080229944468
0.5,42,fourier_gate_s1p5_p4_cap_lo1_hi2_d0p5,5,0.7992547750473022,2048,0.0698620846283218,0.1093631627262529,0.2856986039765963,0.244530717532119,0.34995066302194394,0.11894753524352,0.08184130994288095,0.06061278168400566,0.0562378004058564
0.5,42,fourier_gate_s1p5_p4_cap_lo1_hi2_d0p5,6,1.166298747062683,2048,0.09955753470819599,0.07319046657665865,0.22344047500246467,0.44556625073007844,0.2655198746525784,0.18622353160657137,0.12056573830915722,0.08375484695159395,0.07376088377677527
0.5,42,fourier_gate_s1p5_p4_cap_lo1_hi2_d0p5,7,1.7019013166427612,2048,0.07636472640692737,0.026364773921951884,0.11055874659332113,0.6907162821574587,0.20551900839939277,0.157820201043026,0.09325787903083349,0.06216346980625323,0.05472860521358627
0.5,42,fourier_gate_s1p5_p4_cap_lo1_hi2_d0p5,8,2.4834699630737305,2048,0.021930490484261794,0.003555744292386882,0.02671094558998033,0.8210301058188013,0.12745184612598623,0.052087850803370736,0.0271795413040097,0.016953945747530442,0.014645035632856787
0.5,42,score,0,0.12079870700836182,2048,0.010137235581808273,0.6946962711735465,0.04408508839610101,0.22994703993164353,0.9440733509303847,0.009131368245360622,0.007279046966398746,0.010637669393634823,0.013886747240329162
0.5,42,score,1,0.17627345025539398,2048,0.01917297684922599,0.6170434371284487,0.08587513840583119,0.223265746118717,0.8899902847543091,0.015329843776800292,0.014008712626282997,0.02051745327062056,0.02540983180498165
0.5,42,score,2,0.25722402334213257,2048,0.03258032938236591,0.4924162957677914,0.15141712872872282,0.21516937783661486,0.8048893861871539,0.029212432577055514,0.027076322913663426,0.03391440894605019,0.03919642742242437
0.5,42,score,3,0.37534967064857483,2048,0.04973243324208937,0.35299424914209027,0.2307174532450955,0.21555557476294465,0.664151082664922,0.052511379981357444,0.047327130320877056,0.04995318854798559,0.051630703535709935
0.5,42,score,4,0.547722578048706,2048,0.06819656003358447,0.22732184972620206,0.2898742038994259,0.23526260397163795,0.5118424611908367,0.08202074854835188,0.07348090017083327,0.06548752507774301,0.06135620489233916
0.5,42,score,5,0.7992547750473022,2048,0.07610864134983156,0.11914161698864256,0.2856986039765963,0.26639486609485213,0.3557313261277656,0.12739712375251022,0.09119644612864317,0.06574121362633864,0.05995811403031818
0.5,42,score,6,1.166298747062683,2048,0.08760266454137676,0.06440175432160475,0.22344047500246467,0.39206264908097094,0.2531619254367552,0.1664643531920471,0.10654023189892685,0.0731822081155831,0.06460110870835799
0.5,42,score,7,1.7019013166427612,2048,0.0802374969577029,0.027701840455506926,0.11055874659332113,0.7257453564741304,0.2088091787957158,0.14495976557450313,0.08895636469243076,0.06988960259352853,0.06787251712906756
0.5,42,score,8,2.4834699630737305,2048,0.10215729674033786,0.01656347928336618,0.02671094558998033,3.824548120028314,0.20740878002315416,0.13321988563778223,0.1049572133906933,0.0978893437138076,0.09604605140801785
0.5,42,scalar_gaussian,0,0.12079870700836182,2048,0.022107707484582392,1.5150226932967576,0.04408508839610101,0.5014781253458404,0.9570091874683443,0.008301079643479706,0.01547382470371452,0.025657273074450652,0.028162155667235553
0.5,42,scalar_gaussian,1,0.17627345025539398,2048,0.040173474409404886,1.2929019278491272,0.08587513840583119,0.46781263070054024,0.9120670996913679,0.01367011444898281,0.029087338106629758,0.04618264916887859,0.051904923167672264
0.5,42,scalar_gaussian,2,0.25722402334213257,2048,0.06946446790409339,1.049879992659865,0.15141712872872282,0.4587622846061566,0.839944533838208,0.02313042495848463,0.05473094279759943,0.07909220191269277,0.0850270968084899
0.5,42,scalar_gaussian,3,0.37534967064857483,2048,0.10389539229105421,0.7374357858699218,0.2307174532450955,0.4503144033090734,0.7178237184697338,0.03907162002974477,0.09155920422674929,0.11626984504033673,0.11509166749770107
0.5,42,scalar_gaussian,4,0.547722578048706,2048,0.1348899738880287,0.449633212564462,0.2898742038994259,0.46533969588694346,0.5797422643046864,0.06905414156431007,0.13342821181254638,0.14524819753065035,0.13493305732993705
0.5,42,scalar_gaussian,5,0.7992547750473022,2048,0.1406521943701406,0.2201790699854148,0.2856986039765963,0.4923097012460812,0.4205250919068789,0.10973581686044116,0.15505824313350733,0.1418715407558032,0.12761078661704087
0.5,42,scalar_gaussian,6,1.166298747062683,2048,0.13433955865466712,0.09876073173623941,0.22344047500246467,0.6012319775689041,0.29970906268006403,0.1625789294512957,0.16017406341106916,0.12482275065643637,0.10867539663847488
0.5,42,scalar_gaussian,7,1.7019013166427612,2048,0.07858964692114849,0.02713292342122687,0.11055874659332113,0.7108406104695846,0.2077865654559143,0.13603414007423847,0.09582602342742937,0.06728131785618385,0.058753946737021105
0.5,42,scalar_gaussian,8,2.4834699630737305,2048,0.02380943341247187,0.003860390492502573,0.02671094558998033,0.8913736629901692,0.1293498870078138,0.05723155016011054,0.02789538285245273,0.018787854008328282,0.016948091741693552
0.5,42,fourier_gaussian,0,0.12079870700836182,2048,0.03497341544780396,2.396698893472774,0.04408508839610101,0.7933162146250136,0.9678886074666554,0.009666885727314676,0.023876766135863845,0.04109334413009928,0.04564024460285365
0.5,42,fourier_gaussian,1,0.17627345025539398,2048,0.06731176022364478,2.1662927053104175,0.08587513840583119,0.7838329168745084,0.9395996474667329,0.01946236521157719,0.047042620007184524,0.07930859989456467,0.08460739019169217
0.5,42,fourier_gaussian,2,0.25722402334213257,2048,0.11796261824626089,1.7828768651839746,0.15141712872872282,0.7790572918444475,0.8897434159754593,0.03950288168379504,0.08784710108593925,0.13695023689114294,0.1433590541853149
0.5,42,fourier_gaussian,3,0.37534967064857483,2048,0.17871924659671126,1.2685256310011939,0.2307174532450955,0.7746238703790408,0.7929046703170255,0.07665168714432487,0.14921310964426537,0.2024116622437902,0.19837411954119838
0.5,42,fourier_gaussian,4,0.547722578048706,2048,0.22390094046605227,0.7463364122341939,0.2898742038994259,0.772407263061381,0.667765876714823,0.1355690602433354,0.21608517484932585,0.2411070419023177,0.22186807403807254
0.5,42,fourier_gaussian,5,0.7992547750473022,2048,0.22086747727963746,0.3457492857130936,0.2856986039765963,0.7730786017341911,0.5006894772920182,0.20372000192738873,0.23536952418899076,0.2233247985955528,0.1953292218874676
0.5,42,fourier_gaussian,6,1.166298747062683,2048,0.17883840034884502,0.13147438816881105,0.22344047500246467,0.8003849810419188,0.34419986214388115,0.23488745832764132,0.21045214317920008,0.1659914385881334,0.14003079198045998
0.5,42,fourier_gaussian,7,1.7019013166427612,2048,0.09135129306750997,0.031538857042043816,0.11055874659332113,0.8262692539698937,0.219962704423999,0.16336384373673182,0.11320800549398648,0.07734085890713305,0.06541624965451913
0.5,42,fourier_gaussian,8,2.4834699630737305,2048,0.022496470040295098,0.0036475105288701617,0.02671094558998033,0.8422191556083981,0.12781767125298082,0.04954631409367345,0.028002132523453176,0.017990236317885135,0.014704484103019317
0.5,42,scalar_normalized,0,0.12079870700836182,2048,0.026589527707533502,1.8221580826075923,0.04408508839610101,0.6031410772873746,0.9607710327740595,0.010082468448161071,0.01837796150965091,0.030960620256391156,0.033845439796624965
0.5,42,scalar_normalized,1,0.17627345025539398,2048,0.04821064426033422,1.5515619652862862,0.08587513840583119,0.5614039773944698,0.9199670604768164,0.015260294232189067,0.033799676110786304,0.056591431536868964,0.06047514127492437
0.5,42,scalar_normalized,2,0.25722402334213257,2048,0.08179453509753572,1.2362355676053118,0.15141712872872282,0.5401934099812304,0.8523138435073314,0.02687498923328352,0.06186458934322054,0.09515880328706912,0.09724917320266552
0.5,42,scalar_normalized,3,0.37534967064857483,2048,0.12202822494878891,0.866140239514453,0.2307174532450955,0.528907645401044,0.7364441899246644,0.044404814149150894,0.10322580151403198,0.13915757885238822,0.13386798008566939
0.5,42,scalar_normalized,4,0.547722578048706,2048,0.15348044129847918,0.5116014326174546,0.2898742038994259,0.5294725754614936,0.5984457912073364,0.07192464106034395,0.1462266481071791,0.1692224247037689,0.15221513646199322
0.5,42,scalar_normalized,5,0.7992547750473022,2048,0.15316473183925416,0.23976638517409238,0.2856986039765963,0.5361059861944618,0.43397436656529736,0.10613659906777281,0.16119672424076792,0.16018135277488846,0.13850514001943443
0.5,42,scalar_normalized,6,1.166298747062683,2048,0.13598560259028852,0.09997083325198025,0.22344047500246467,0.6085987894037037,0.30125251234100436,0.14757550573006378,0.15926087676408565,0.12999600052230004,0.11079588790495287
0.5,42,scalar_normalized,7,1.7019013166427612,2048,0.07489999493215505,0.02585907821654258,0.11055874659332113,0.677467837146046,0.2040987900700303,0.12016002381825416,0.09070493644909201,0.06568221612302978,0.056480580577574116
0.5,42,scalar_normalized,8,2.4834699630737305,2048,0.020086610704530168,0.003256783126546409,0.02671094558998033,0.751999237049285,0.12525038151343454,0.04247804158168878,0.023647772114544583,0.01652960104269224,0.014753565321915268
0.5,42,fourier_normalized,0,0.12079870700836182,2048,0.034635628238088176,2.3735506186649182,0.04408508839610101,0.7856540498884751,0.9680931664482872,0.009915153503561374,0.02454867364656883,0.04024973077241749,0.045092757234726756
0.5,42,fourier_normalized,1,0.17627345025539398,2048,0.0659184415464594,2.1214515649728156,0.08587513840583119,0.7676079802624612,0.938329799669585,0.018670061709672996,0.04806273051725518,0.07665674184097428,0.08334411550620308
0.5,42,fourier_normalized,2,0.25722402334213257,2048,0.11478125777374636,1.7347940566588533,0.15141712872872282,0.7580467199281472,0.8875079193645203,0.03816935096383055,0.08872031137921199,0.13181818951399277,0.13931225746194098
0.5,42,fourier_normalized,3,0.37534967064857483,2048,0.17228586041685873,1.2228623047580651,0.2307174532450955,0.7467396072278772,0.7864506932389692,0.07210207657585099,0.14958101278176217,0.19251825753000976,0.19187419147457493
0.5,42,fourier_normalized,4,0.547722578048706,2048,0.21470757599466078,0.7156918662950046,0.2898742038994259,0.7406922489355252,0.6594112557004177,0.1291023550996183,0.21321573476856392,0.2290432904590674,0.21076105069498735
0.5,42,fourier_normalized,5,0.7992547750473022,2048,0.21422982809386737,0.3353586093986787,0.2856986039765963,0.7498455544130573,0.49495595457943237,0.19558515638566396,0.23500945652354222,0.21340903480379111,0.19074719204151325
0.5,42,fourier_normalized,6,1.166298747062683,2048,0.174627598453277,0.12837878564809968,0.22344047500246467,0.7815396850161134,0.33999212144976987,0.2245216241071589,0.20994087559608138,0.16076113441289833,0.13651395565534336
0.5,42,fourier_normalized,7,1.7019013166427612,2048,0.08936174029211859,0.030851967798841768,0.11055874659332113,0.8082738186317042,0.21832707328704226,0.15857717665583976,0.11268885842247348,0.07507112399575731,0.06342506053345197
0.5,42,fourier_normalized,8,2.4834699630737305,2048,0.021713411921868347,0.0035205478219849104,0.02671094558998033,0.8129031542040717,0.12717894420991993,0.047341244225606705,0.02756918216143838,0.01717862386649538,0.014196890647520432
0.5,42,scalar_gate_s1p5_p4,0,0.12079870700836182,2048,0.007108559882966007,0.4871436600499185,0.04408508839610101,0.16124635657064273,0.9407678084569544,0.007038761070300187,0.005012723822977716,0.007291589151183078,0.010181823872272833
0.5,42,scalar_gate_s1p5_p4,1,0.17627345025539398,2048,0.012531582637132374,0.4033036123645823,0.08587513840583119,0.1459279468978584,0.8829220954309442,0.010394665148486132,0.009274481484492222,0.013078584843647056,0.0174427082886851
0.5,42,scalar_gate_s1p5_p4,2,0.25722402334213257,2048,0.02169584842779366,0.3279091868891907,0.15141712872872282,0.14328529810298868,0.7935965055185902,0.01911538644483583,0.018165017994415583,0.0224452687153784,0.026575326991233342
0.5,42,scalar_gate_s1p5_p4,3,0.37534967064857483,2048,0.034092714106163005,0.2419855863182648,0.2307174532450955,0.1477682491144078,0.6486061661795683,0.03101737483217006,0.03207511565244714,0.03484727275552777,0.0365375227229426
0.5,42,scalar_gate_s1p5_p4,4,0.547722578048706,2048,0.04890816858030833,0.16302721637163847,0.2898742038994259,0.1687220453644692,0.49259866346083786,0.05944467924202749,0.05408675188733838,0.046362855424333445,0.04346380870053835
0.5,42,scalar_gate_s1p5_p4,5,0.7992547750473022,2048,0.06984060829727029,0.10932954335316886,0.2856986039765963,0.24445554624758142,0.34933151426079495,0.12074383066827026,0.08323199973699381,0.0598676128377432,0.055429882823197635
0.5,42,scalar_gate_s1p5_p4,6,1.166298747062683,2048,0.09435785704891378,0.06936788463902291,0.22344047500246467,0.42229527594708594,0.26011178722296874,0.1831493929464108,0.11561620975525423,0.0781487800454323,0.06847088986329576
0.5,42,scalar_gate_s1p5_p4,7,1.7019013166427612,2048,0.07227612897633914,0.024953193576061277,0.11055874659332113,0.6537350612538996,0.2013746575316742,0.1635110460250865,0.08796959673039273,0.05700109212155447,0.05139626050457092
0.5,42,scalar_gate_s1p5_p4,8,2.4834699630737305,2048,0.023872207089669,0.0038705684292234146,0.02671094558998033,0.8937237736212461,0.12960184794181384,0.07043882580499902,0.027066108754523525,0.01762305776939156,0.01593171338690352
0.5,42,fourier_gate_s1p5_p4,0,0.12079870700836182,2048,0.007234842510207437,0.4957977028163757,0.04408508839610101,0.16411087679359862,0.9410874405365413,0.007507387397055959,0.0051623022137962235,0.007448022521513409,0.009962598057311194
0.5,42,fourier_gate_s1p5_p4,1,0.17627345025539398,2048,0.013003003399491661,0.4184753350358915,0.08587513840583119,0.15141755391463468,0.883164081031447,0.013946545442433447,0.009583996164498034,0.013349261981953645,0.01724896048187851
0.5,42,fourier_gate_s1p5_p4,2,0.25722402334213257,2048,0.022206144258778558,0.33562175418371704,0.15141712872872282,0.14665543089621538,0.7939524329333975,0.02578747340910132,0.018724525656215168,0.022268630687870654,0.026170001292141802
0.5,42,fourier_gate_s1p5_p4,3,0.37534967064857483,2048,0.03452669216365092,0.24506590530851763,0.2307174532450955,0.14964924273402308,0.6489145549890127,0.03988404947046306,0.0330545877451999,0.03424844398984859,0.03521861683814365
0.5,42,fourier_gate_s1p5_p4,4,0.547722578048706,2048,0.04925395661421991,0.16417984306488012,0.2898742038994259,0.16991493534660626,0.4933602847049624,0.06652273140604584,0.054996210837247705,0.04577909469372326,0.042578997033032334
0.5,42,fourier_gate_s1p5_p4,5,0.7992547750473022,2048,0.0692049314679063,0.1083344452409253,0.2856986039765963,0.24223055522376785,0.3489717575070595,0.1200376067376826,0.08247031887922907,0.05930310511012588,0.05478854493840499
0.5,42,fourier_gate_s1p5_p4,6,1.166298747062683,2048,0.09423444702801767,0.06927715883874977,0.22344047500246467,0.4217429587319764,0.25997561572938177,0.18219624322070554,0.11494863783680365,0.07842112971198335,0.06828075312147897
0.5,42,fourier_gate_s1p5_p4,7,1.7019013166427612,2048,0.0707162463130458,0.024414647107062593,0.11055874659332113,0.6396259770669087,0.19956477400971723,0.1521544802239613,0.08668942029295766,0.05668440183256124,0.05008521954674672
0.5,42,fourier_gate_s1p5_p4,8,2.4834699630737305,2048,0.021688345764454265,0.0035164836700125155,0.02671094558998033,0.8119647315140309,0.12725453841072096,0.051946060527597315,0.02689787868872866,0.016685082683953256,0.014518328445890787
0.5,42,scalar_gate_s1p5_p4_plateau_lo0p8_hi1,0,0.12079870700836182,2048,0.010030274863034492,0.6873663426250246,0.04408508839610101,0.22752080642128403,0.9443382417729114,0.007638289005915325,0.008135739713815388,0.010467384568350932,0.013075915051072556
0.5,42,scalar_gate_s1p5_p4_plateau_lo0p8_hi1,1,0.17627345025539398,2048,0.015442656622277309,0.496990634033393,0.08587513840583119,0.17982686152187563,0.8864602104427821,0.01276222403303209,0.012509226795009853,0.016135663694752472,0.019528745479871736
0.5,42,scalar_gate_s1p5_p4_plateau_lo0p8_hi1,2,0.25722402334213257,2048,0.024800537477110203,0.37483319011927285,0.15141712872872282,0.163789511037041,0.7959191734124759,0.0169195356543577,0.020787179047127888,0.026363059990058592,0.030410868427469578
0.5,42,scalar_gate_s1p5_p4_plateau_lo0p8_hi1,3,0.37534967064857483,2048,0.03891935190492786,0.2762444245569275,0.2307174532450955,0.1686883734087646,0.6533616820712964,0.03039511354425173,0.036800737818035,0.04038515143430806,0.041884000037676734
0.5,42,scalar_gate_s1p5_p4_plateau_lo0p8_hi1,4,0.547722578048706,2048,0.05814899495036603,0.1938299686278474,0.2898742038994259,0.20060079223379695,0.5022449795020122,0.06336455301961821,0.06441529964424621,0.05586096273068366,0.05275504273046128
0.5,42,scalar_gate_s1p5_p4_plateau_lo0p8_hi1,5,0.7992547750473022,2048,0.09006728489219003,0.14099268847158322,0.2856986039765963,0.3152528001136754,0.3695909869071201,0.1346864912604784,0.11193331619918373,0.07805770506885917,0.07177541614106876
0.5,42,scalar_gate_s1p5_p4_plateau_lo0p8_hi1,6,1.166298747062683,2048,0.14773384908570034,0.10860764456894427,0.22344047500246467,0.6611776540667967,0.31256532465606757,0.20158729991905364,0.19222713028972704,0.12920588031642474,0.10871064738838665
0.5,42,scalar_gate_s1p5_p4_plateau_lo0p8_hi1,7,1.7019013166427612,2048,0.08665695227623815,0.02991814497381789,0.11055874659332113,0.7838091055337011,0.2159308917098774,0.15765606981493874,0.11289281036661644,0.07057903010340416,0.061310289691438175
0.5,42,scalar_gate_s1p5_p4_plateau_lo0p8_hi1,8,2.4834699630737305,2048,0.023930712152194434,0.0038800542654977943,0.02671094558998033,0.8959140765563611,0.12955243776849873,0.054752879224051365,0.030100304745858134,0.01851990023144449,0.016279966424149365
0.5,42,fourier_gate_s1p5_p4_plateau_lo0p8_hi1,0,0.12079870700836182,2048,0.010678185116090498,0.7317670900695097,0.04408508839610101,0.24221761835085495,0.9444572479406772,0.006045615844045267,0.0075957366339909505,0.011897796537689777,0.014124322198250876
0.5,42,fourier_gate_s1p5_p4_plateau_lo0p8_hi1,1,0.17627345025539398,2048,0.015546069274238144,0.5003187608396932,0.08587513840583119,0.18103108260239517,0.8861105201803319,0.010507611183732618,0.011238876697436659,0.016996199413461862,0.020524174490654263
0.5,42,fourier_gate_s1p5_p4_plateau_lo0p8_hi1,2,0.25722402334213257,2048,0.02455884411753234,0.37118025747275946,0.15141712872872282,0.16219330219589412,0.7961263827395215,0.017019280331334208,0.0194073348248674,0.026572764020256556,0.030297587553199723
0.5,42,fourier_gate_s1p5_p4_plateau_lo0p8_hi1,3,0.37534967064857483,2048,0.0383778548105511,0.2724009496295761,0.2307174532450955,0.16634135940197634,0.6532666426117735,0.032966780071604584,0.035395696043343874,0.03977929010094213,0.04139131193241255
0.5,42,fourier_gate_s1p5_p4_plateau_lo0p8_hi1,4,0.547722578048706,2048,0.05899968328013926,0.19666559618104526,0.2898742038994259,0.20353547327243254,0.5044216812807609,0.06914917409131985,0.0635738420290701,0.05649495685981867,0.05469153930815083
0.5,42,fourier_gate_s1p5_p4_plateau_lo0p8_hi1,5,0.7992547750473022,2048,0.09215567307108592,0.14426188287737948,0.2856986039765963,0.3225625599438879,0.37154732456066514,0.13799429623555537,0.10753585754861177,0.08216930118294861,0.07707351493040898
0.5,42,fourier_gate_s1p5_p4_plateau_lo0p8_hi1,6,1.166298747062683,2048,0.1704781538843014,0.12532829042513688,0.22344047500246467,0.7629689915509754,0.33571959184592426,0.24341320739123556,0.20095790662338295,0.1539982865596377,0.1380297291819226
0.5,42,fourier_gate_s1p5_p4_plateau_lo0p8_hi1,7,1.7019013166427612,2048,0.09355900691506702,0.032301065972971436,0.11055874659332113,0.8462379485832461,0.22277193984016183,0.17571525553183948,0.11530553425007506,0.07773944344316254,0.06901894887070721
0.5,42,fourier_gate_s1p5_p4_plateau_lo0p8_hi1,8,2.4834699630737305,2048,0.024116110695051866,0.003910114232056921,0.02671094558998033,0.9028549967957022,0.12980860932587418,0.0559152216980338,0.030250529774710256,0.01865555605552139,0.016173065967784322
0.5,43,scalar_gate_s1p5_p4_cap_lo1_hi2_d0p5,0,0.12079870700836182,2048,0.007114783241274925,0.4875701415868713,0.04408508839610101,0.1613875235396868,0.9412564928839426,0.009356688957271502,0.005191556176940329,0.007077259662627501,0.009430106143873039
0.5,43,scalar_gate_s1p5_p4_cap_lo1_hi2_d0p5,1,0.17627345025539398,2048,0.011956841981407569,0.38480674813453924,0.08587513840583119,0.13923519895713685,0.8815312080679375,0.009628631549453528,0.009352356315208405,0.01242221531437389,0.016122411925641136
0.5,43,scalar_gate_s1p5_p4_cap_lo1_hi2_d0p5,2,0.25722402334213257,2048,0.020831638337422978,0.314847589921549,0.15141712872872282,0.13757781905074096,0.7924702382766986,0.016002907415669825,0.01747249057061748,0.021731294302011993,0.026087384568714907
0.5,43,scalar_gate_s1p5_p4_cap_lo1_hi2_d0p5,3,0.37534967064857483,2048,0.03224966379794334,0.22890385841417954,0.2307174532450955,0.1397799054399405,0.6464597910502398,0.027181980524507342,0.03014260675450165,0.03305236601712426,0.03577849197684283
0.5,43,scalar_gate_s1p5_p4_cap_lo1_hi2_d0p5,4,0.547722578048706,2048,0.04798935526642399,0.15996450555510475,0.2898742038994259,0.16555234864249688,0.49259396449542003,0.05528290082052897,0.05236860565079081,0.04620768994215249,0.042882787166961464
0.5,43,scalar_gate_s1p5_p4_cap_lo1_hi2_d0p5,5,0.7992547750473022,2048,0.06837901258347716,0.10704153934158012,0.2856986039765963,0.23933968045947676,0.34872042150107385,0.11233789707175476,0.08230522949484637,0.05915407415640463,0.05404945852760724
0.5,43,scalar_gate_s1p5_p4_cap_lo1_hi2_d0p5,6,1.166298747062683,2048,0.09682535715394293,0.0711818858042222,0.22344047500246467,0.43333848602351427,0.2623165470542964,0.18074785645420657,0.12081362440417381,0.08000403594042434,0.07110315146001173
0.5,43,scalar_gate_s1p5_p4_cap_lo1_hi2_d0p5,7,1.7019013166427612,2048,0.07556597517013984,0.026089006604125515,0.11055874659332113,0.6834916051291847,0.20490237415113058,0.17336331201650695,0.09442923384299967,0.05871938612619717,0.0513421090030797
0.5,43,scalar_gate_s1p5_p4_cap_lo1_hi2_d0p5,8,2.4834699630737305,2048,0.023172547850732226,0.0037571277678186666,0.02671094558998033,0.867530045788592,0.12860838424491824,0.060441746620321445,0.02750187738675686,0.01754032713133947,0.01604812985462261
0.5,43,fourier_gate_s1p5_p4_cap_lo1_hi2_d0p5,0,0.12079870700836182,2048,0.007808520029391207,0.5351113431295433,0.04408508839610101,0.17712383741260257,0.9413750764584801,0.007734574217980628,0.005476363969111071,0.008068190689103335,0.011014678206204845
0.5,43,fourier_gate_s1p5_p4_cap_lo1_hi2_d0p5,1,0.17627345025539398,2048,0.012914588949317395,0.4156298949847002,0.08587513840583119,0.15038798410181606,0.8821673950935708,0.013423916481536216,0.010055624686052925,0.013174734963155865,0.01673145851383179
0.5,43,fourier_gate_s1p5_p4_cap_lo1_hi2_d0p5,2,0.25722402334213257,2048,0.022070418793883623,0.33357041118222186,0.15141712872872282,0.14575906292229812,0.7939044325414268,0.023748214272721,0.018721951899670738,0.022246252196115802,0.026426880709141995
0.5,43,fourier_gate_s1p5_p4_cap_lo1_hi2_d0p5,3,0.37534967064857483,2048,0.03376584327170863,0.2396655002647029,0.2307174532450955,0.14635149095477637,0.6484493929803037,0.03665721376198064,0.03162335960590813,0.033786226812834864,0.035891381694281556
0.5,43,fourier_gate_s1p5_p4_cap_lo1_hi2_d0p5,4,0.547722578048706,2048,0.04918240162269647,0.16394132644436085,0.2898742038994259,0.169668086918699,0.4938562743805035,0.062459248225630225,0.053150733522703275,0.04696877819822995,0.04311414084681697
0.5,43,fourier_gate_s1p5_p4_cap_lo1_hi2_d0p5,5,0.7992547750473022,2048,0.06893330779308678,0.10790924143677846,0.2856986039765963,0.24127982017977806,0.34873084175833213,0.11470274019140017,0.08114498105758182,0.059916822958673226,0.05585848003159496
0.5,43,fourier_gate_s1p5_p4_cap_lo1_hi2_d0p5,6,1.166298747062683,2048,0.09900503404440116,0.0727842915796021,0.22344047500246467,0.4430935534097351,0.26519245361930915,0.18313790415562467,0.12034695750579529,0.08337551644148003,0.07336819766227848
0.5,43,fourier_gate_s1p5_p4_cap_lo1_hi2_d0p5,7,1.7019013166427612,2048,0.07603874281451499,0.026252228717894968,0.11055874659332113,0.6877677719539966,0.20500996553145054,0.15707270483951266,0.09310709866445921,0.06172003774697732,0.054769017100313296
0.5,43,fourier_gate_s1p5_p4_cap_lo1_hi2_d0p5,8,2.4834699630737305,2048,0.021839370684235575,0.0035409703998877983,0.02671094558998033,0.8176187776904403,0.12729499270475975,0.05165461802907247,0.027100401691614005,0.01687223446308992,0.01468713720387031
0.5,43,score,0,0.12079870700836182,2048,0.010627347366943592,0.728283221663552,0.04408508839610101,0.2410644449991281,0.9444069234652821,0.010816599576527088,0.007636169997804384,0.01104258523034205,0.01427117953391719
0.5,43,score,1,0.17627345025539398,2048,0.020000158908846096,0.6436646167821228,0.08587513840583119,0.23289812721266046,0.8902200717120416,0.016602815918461987,0.014838354923164435,0.021304186399568163,0.02613778602421019
0.5,43,score,2,0.25722402334213257,2048,0.03371541077472626,0.5095718182937101,0.15141712872872282,0.22266576481667671,0.8064647833565671,0.03174845531940979,0.02831239777797953,0.034892328177362146,0.03996738783416071
0.5,43,score,3,0.37534967064857483,2048,0.05155961527770408,0.36596334614098536,0.2307174532450955,0.2234751404911328,0.6651229391217193,0.05721786013894209,0.04901728112617416,0.05134012616905553,0.053765032145741735
0.5,43,score,4,0.547722578048706,2048,0.06951707517494912,0.23172356653389206,0.2898742038994259,0.23981808053216286,0.5132896865109458,0.083679372918197,0.07399342097160572,0.06705760434215335,0.06298251815853922
0.5,43,score,5,0.7992547750473022,2048,0.07645377054923722,0.11968188745146928,0.2856986039765963,0.2676028845961743,0.3570674762081263,0.12648069736232284,0.09116995137944263,0.06666995836332631,0.059460002435043485
0.5,43,score,6,1.166298747062683,2048,0.08826058141983192,0.06488542683764213,0.22344047500246467,0.3950071329684488,0.2542798433293905,0.16670546575787076,0.10705634298369561,0.07387982309032706,0.06559271214107117
0.5,43,score,7,1.7019013166427612,2048,0.08157792507675687,0.02816462066805123,0.11055874659332113,0.7378694819762457,0.21001244746378273,0.1472620751026992,0.09046380781962242,0.071418329736612,0.06767029924890866
0.5,43,score,8,2.4834699630737305,2048,0.1054573316253257,0.017098537093194647,0.02671094558998033,3.9480942847970275,0.2092017787893883,0.13954590807804754,0.10637547606986822,0.10189834103091243,0.09833205238463252
0.5,43,scalar_gaussian,0,0.12079870700836182,2048,0.02306472100270295,1.5806060288260317,0.04408508839610101,0.5231864524228299,0.9573783384155603,0.008042645419253485,0.015658383595258295,0.026860974129694876,0.03023573990477366
0.5,43,scalar_gaussian,1,0.17627345025539398,2048,0.04179033951833164,1.3449374574401152,0.08587513840583119,0.4866407238942388,0.9130943815078187,0.013707608466204793,0.02930463076273119,0.048835552519243874,0.05297342322046783
0.5,43,scalar_gaussian,2,0.25722402334213257,2048,0.07200742634750462,1.0883140478316256,0.15141712872872282,0.47555667547039737,0.841649819577639,0.023855187423492307,0.0543518527766601,0.08320970547073148,0.0878266354101558
0.5,43,scalar_gaussian,3,0.37534967064857483,2048,0.10668469989716448,0.7572339232192908,0.2307174532450955,0.4624041154954641,0.7201637945175103,0.04023051529894898,0.08933256817504032,0.12160996671987151,0.11806758418305627
0.5,43,scalar_gaussian,4,0.547722578048706,2048,0.13870666189731135,0.4623555049743823,0.2898742038994259,0.4785064004710012,0.5827380335243957,0.06972340767164939,0.13397589877190097,0.15094456474659282,0.13920886014834566
0.5,43,scalar_gaussian,5,0.7992547750473022,2048,0.1464779760244756,0.22929883660074382,0.2856986039765963,0.5127010562378341,0.4272263949561611,0.11717002573079513,0.15656223081664358,0.15009218327486765,0.1311789347222962
0.5,43,scalar_gaussian,6,1.166298747062683,2048,0.13721628454871934,0.10087557830225731,0.22344047500246467,0.6141066632945789,0.30194135189010596,0.16408555597995123,0.16093945420136385,0.12912393610272788,0.11068548183374578
0.5,43,scalar_gaussian,7,1.7019013166427612,2048,0.07960436612559793,0.02748325326169554,0.11055874659332113,0.7200187102194123,0.20872365674067633,0.1372227467871204,0.09664064930848446,0.0684078398632315,0.059605417090782674
0.5,43,scalar_gaussian,8,2.4834699630737305,2048,0.02440513448894758,0.003956975687629299,0.02671094558998033,0.9136754221873113,0.13012217425974468,0.05819341093101345,0.028284968036537676,0.01942167015192505,0.01756280876528039
0.5,43,fourier_gaussian,0,0.12079870700836182,2048,0.0357630685971227,2.4508131629819694,0.04408508839610101,0.8112282383511263,0.9698753067849871,0.00935395621988539,0.023567274845761692,0.041663502258409695,0.049825681644256575
0.5,43,fourier_gaussian,1,0.17627345025539398,2048,0.06899439430989318,2.220444876262948,0.08587513840583119,0.8034268775653961,0.9412534341462853,0.018805248107380594,0.04718401012268607,0.0803370730174065,0.09280115008238478
0.5,43,fourier_gaussian,2,0.25722402334213257,2048,0.12027398685327043,1.8178106914894145,0.15141712872872282,0.7943222002891887,0.8923380500575824,0.03814682770902069,0.08796950263431841,0.1375977619710647,0.15788500787765644
0.5,43,fourier_gaussian,3,0.37534967064857483,2048,0.18143881271126805,1.2878287524456478,0.2307174532450955,0.7864113016128095,0.796203226074909,0.07515304690480493,0.1480195505541813,0.2030266151753038,0.21834456157443344
0.5,43,fourier_gaussian,4,0.547722578048706,2048,0.22634439907782863,0.7544812736624664,0.2898742038994259,0.780836638904097,0.6706025551111355,0.1343586590543744,0.21252417029444617,0.24287955781520654,0.23955072836455552
0.5,43,fourier_gaussian,5,0.7992547750473022,2048,0.22447929897834226,0.3514032859662371,0.2856986039765963,0.7857206715533375,0.5071741591523076,0.19900558475340518,0.23566726500195345,0.2255631517638876,0.21464709009371635
0.5,43,fourier_gaussian,6,1.166298747062683,2048,0.17867953428596572,0.13135759659397533,0.22344047500246467,0.7996739815559146,0.3442980427494839,0.22630825727392176,0.20644802618993519,0.16592173951445252,0.15104903837798347
0.5,43,fourier_gaussian,7,1.7019013166427612,2048,0.09111041049611632,0.03145569280070692,0.11055874659332113,0.8240904795281055,0.22044294358161318,0.16199953660785296,0.11182940583754462,0.07689966380629028,0.06857883621084405
0.5,43,fourier_gaussian,8,2.4834699630737305,2048,0.0227650307939568,0.0036910541681552484,0.02671094558998033,0.8522734890559734,0.12848956763880617,0.04948658132701111,0.028145595372716086,0.018138659293418333,0.015831680248722124
0.5,43,scalar_normalized,0,0.12079870700836182,2048,0.027431328458109257,1.8798459835917136,0.04408508839610101,0.6222359862736568,0.9613759808257252,0.010659369664601083,0.01889682707033854,0.03198367545387007,0.0347237749376654
0.5,43,scalar_normalized,1,0.17627345025539398,2048,0.04911187974304497,1.5805664044136618,0.08587513840583119,0.5718986968143287,0.921040275949322,0.016979537708417362,0.034802126686777075,0.0575513627791427,0.06052025039261185
0.5,43,scalar_normalized,2,0.25722402334213257,2048,0.08431217742879037,1.2742869972355968,0.15141712872872282,0.5568206063386864,0.8558065962391099,0.028372879384048942,0.06515462725727279,0.09716442536944536,0.10089449553831466
0.5,43,scalar_normalized,3,0.37534967064857483,2048,0.1232492871020201,0.874807177563462,0.2307174532450955,0.5342001021963868,0.7382610356284623,0.04623886229303894,0.1052257009555728,0.1404635046088705,0.13304329900814782
0.5,43,scalar_normalized,4,0.547722578048706,2048,0.15757039316089738,0.5252346044694977,0.2898742038994259,0.543581978117541,0.6013550157030788,0.07654215299112396,0.1513170934377201,0.17296707460330704,0.1555378184250948
0.5,43,scalar_normalized,5,0.7992547750473022,2048,0.1574242384883127,0.24643428123349076,0.2856986039765963,0.551015077767788,0.43787045401583036,0.11339889353639618,0.1687452985963772,0.16332780416098083,0.13945407517273858
0.5,43,scalar_normalized,6,1.166298747062683,2048,0.13884484326881336,0.10207282543097067,0.22344047500246467,0.6213952206612603,0.30330881719115116,0.15265114133948451,0.16316029474447918,0.13244011954791368,0.11214283132954453
0.5,43,scalar_normalized,7,1.7019013166427612,2048,0.07538540753009604,0.026026665976045384,0.11055874659332113,0.6818583771340447,0.2043873673116717,0.12090381387987839,0.09197349636895023,0.06598782402980052,0.056109450401148085
0.5,43,scalar_normalized,8,2.4834699630737305,2048,0.020972339376228527,0.0034003925305975866,0.02671094558998033,0.7851590017874756,0.12635400208595202,0.043905766170824534,0.025121891013219023,0.017145813738199202,0.015310329546025094
0.5,43,fourier_normalized,0,0.12079870700836182,2048,0.032507577098612295,2.2277170549156966,0.04408508839610101,0.7373825999062156,0.9665903875108794,0.008788320651523096,0.022780843417260013,0.0374766155653989,0.04420498968376095
0.5,43,fourier_normalized,1,0.17627345025539398,2048,0.061989356392429557,1.9950019151725653,0.08587513840583119,0.7218545150923481,0.9351103413666253,0.017607396906866295,0.04408563023380628,0.071741682763157,0.08163272521032466
0.5,43,fourier_normalized,2,0.25722402334213257,2048,0.1082438616832405,1.6359884144852024,0.15141712872872282,0.714871973811952,0.8797525013903631,0.03558717961854905,0.08338261683827837,0.12345055667341279,0.135358939258462
0.5,43,fourier_normalized,3,0.37534967064857483,2048,0.16161786757082336,1.147142299139027,0.2307174532450955,0.7005012637649639,0.7767094510799968,0.06856076166912035,0.13823748360420354,0.17971542972997945,0.1865128186333928
0.5,43,fourier_normalized,4,0.547722578048706,2048,0.2038094862712286,0.6793649032752761,0.2898742038994259,0.7030963208507572,0.6474108565649344,0.12140240612227582,0.20121808678930536,0.2163134544002074,0.20696091694570176
0.5,43,fourier_normalized,5,0.7992547750473022,2048,0.1984911677562928,0.3107210727327085,0.2856986039765963,0.6947572196486921,0.48073362858903435,0.17960900489709425,0.21681937541092094,0.1964387865892859,0.1841512179229792
0.5,43,fourier_normalized,6,1.166298747062683,2048,0.16170951261252708,0.11888195818312652,0.22344047500246467,0.7237252454406183,0.32686386464397105,0.2059866232677922,0.19371241016693092,0.1482638719510596,0.1310117202062057
0.5,43,fourier_normalized,7,1.7019013166427612,2048,0.08442832221887972,0.029148714761957777,0.11055874659332113,0.7636512245335101,0.21359768791530007,0.15113903890945177,0.10573753853812971,0.070659168253998,0.06150056557944845
0.5,43,fourier_normalized,8,2.4834699630737305,2048,0.02133142558877354,0.003458613697682201,0.02671094558998033,0.7986024125171846,0.12723543956809244,0.04669513541954241,0.027009902263720326,0.016791393378461184,0.01429663883295436
0.5,43,scalar_gate_s1p5_p4,0,0.12079870700836182,2048,0.007072319080445643,0.48466010818096383,0.04408508839610101,0.16042429169930247,0.9409607125595422,0.009653639274128604,0.005333432642545934,0.006921229859897558,0.009300387473402921
0.5,43,scalar_gate_s1p5_p4,1,0.17627345025539398,2048,0.012576518192173283,0.40474977221496755,0.08587513840583119,0.14645121307099165,0.8821433858104376,0.010472102759782682,0.009599318853424587,0.013120649841166898,0.016982828249523213
0.5,43,scalar_gate_s1p5_p4,2,0.25722402334213257,2048,0.02190242279926569,0.33103133417036196,0.15141712872872282,0.14464957157195749,0.7933775855191056,0.01851171546562591,0.018697069579859026,0.02257595244708701,0.026940109482907985
0.5,43,scalar_gate_s1p5_p4,3,0.37534967064857483,2048,0.034032224131320614,0.24155623645826152,0.2307174532450955,0.1475060670644953,0.6483266101857197,0.03036696972909053,0.031839086277992916,0.03468884734545766,0.03748681172951332
0.5,43,scalar_gate_s1p5_p4,4,0.547722578048706,2048,0.04894337550106896,0.16314457276537048,0.2898742038994259,0.16884350122458722,0.4935863257714074,0.05751403774986754,0.05306501200972368,0.04709639073521789,0.043832040685120956
0.5,43,scalar_gate_s1p5_p4,5,0.7992547750473022,2048,0.06807645133802745,0.10656790539697607,0.2856986039765963,0.23828065797480796,0.34846090048949796,0.11311462959029901,0.08151644452067933,0.058969146617999506,0.05356729337104549
0.5,43,scalar_gate_s1p5_p4,6,1.166298747062683,2048,0.09361725263918472,0.06882342376566282,0.22344047500246467,0.41898072691687605,0.25959088625936,0.17817601716043302,0.11517226868835373,0.07737471405109958,0.06968083403940137
0.5,43,scalar_gate_s1p5_p4,7,1.7019013166427612,2048,0.0714454814036421,0.024666414110025122,0.11055874659332113,0.646221882981786,0.20060887362340657,0.15779398999731592,0.08742252756201874,0.056750416595817664,0.050585139399601554
0.5,43,scalar_gate_s1p5_p4,8,2.4834699630737305,2048,0.02342091292829368,0.003797396940439367,0.02671094558998033,0.8768282968267216,0.128886284787609,0.06337960270366035,0.027237529567657022,0.017662252460359216,0.016191484128640903
0.5,43,fourier_gate_s1p5_p4,0,0.12079870700836182,2048,0.007308399300711226,0.50083848811431,0.04408508839610101,0.16577939540567188,0.9407976000126632,0.008203715272962089,0.0053866131071697845,0.007406716096288609,0.009856091321353197
0.5,43,fourier_gate_s1p5_p4,1,0.17627345025539398,2048,0.013244436583008598,0.4262453731768476,0.08587513840583119,0.15422899839086907,0.8830502128553911,0.014554819349180676,0.010001114338835578,0.013535210471529635,0.01718387323480777
0.5,43,fourier_gate_s1p5_p4,2,0.25722402334213257,2048,0.02266376567374683,0.3425382048855524,0.15141712872872282,0.14967768748508614,0.7944512437606058,0.026511029084277354,0.019564885244544854,0.022575121763789487,0.026370394868538927
0.5,43,fourier_gate_s1p5_p4,3,0.37534967064857483,2048,0.035111196065371025,0.24921463687980328,0.2307174532450955,0.15218266139610923,0.649382636166967,0.040493880977191386,0.03330433796031957,0.03475742133764882,0.036669490050290604
0.5,43,fourier_gate_s1p5_p4,4,0.547722578048706,2048,0.049895880952832025,0.16631959069974195,0.2898742038994259,0.17212942815064627,0.4944893484265298,0.06548540207684048,0.05447259377391299,0.047277550642791995,0.042990127595501276
0.5,43,fourier_gate_s1p5_p4,5,0.7992547750473022,2048,0.06861205897885979,0.10740635368968597,0.2856986039765963,0.2401553876142857,0.3486057226494286,0.11657706013284228,0.08192352576137162,0.05927639230791632,0.053568080370190424
0.5,43,fourier_gate_s1p5_p4,6,1.166298747062683,2048,0.0940303043175622,0.06912708179766741,0.22344047500246467,0.4208293251995861,0.2600948898993159,0.1810069286270096,0.1152305760230782,0.07787735797823953,0.06904282728439316
0.5,43,fourier_gate_s1p5_p4,7,1.7019013166427612,2048,0.07086568174648122,0.024466239401094523,0.11055874659332113,0.6409776153410393,0.19990080708717256,0.1527660658222982,0.08711351911809558,0.05678724982449596,0.04966561141565722
0.5,43,fourier_gate_s1p5_p4,8,2.4834699630737305,2048,0.021651841936514513,0.0035105650482680456,0.02671094558998033,0.8105981071908005,0.12693664081263997,0.05133565088436044,0.026786124385341677,0.01672984931043279,0.014627418088327244
0.5,43,scalar_gate_s1p5_p4_plateau_lo0p8_hi1,0,0.12079870700836182,2048,0.01077311377986158,0.7382724719576057,0.04408508839610101,0.24437092386128415,0.9443579812157576,0.009077115052273455,0.008989877065178623,0.011177144366130579,0.013359196128719586
0.5,43,scalar_gate_s1p5_p4_plateau_lo0p8_hi1,1,0.17627345025539398,2048,0.016008319835289258,0.515195359150354,0.08587513840583119,0.186413904332086,0.8852315226456471,0.012831764907382462,0.013679013327952917,0.016581714859346248,0.019747902939620143
0.5,43,scalar_gate_s1p5_p4_plateau_lo0p8_hi1,2,0.25722402334213257,2048,0.026470448392093435,0.4000720800447784,0.15141712872872282,0.17481805799869304,0.7983540298427945,0.018128392291592445,0.022848748573073663,0.027956360357324215,0.03193005625753506
0.5,43,scalar_gate_s1p5_p4_plateau_lo0p8_hi1,3,0.37534967064857483,2048,0.04070282487352608,0.288903280365389,0.2307174532450955,0.17641849067346763,0.6557168029235205,0.03133136467496336,0.039212621991830954,0.04187630270739979,0.044125302734440486
0.5,43,scalar_gate_s1p5_p4_plateau_lo0p8_hi1,4,0.547722578048706,2048,0.06122904135593733,0.20409678920959232,0.2898742038994259,0.2112262510160484,0.5069396054022854,0.06678860840079807,0.0675020488772494,0.05871538956354159,0.056484397508843785
0.5,43,scalar_gate_s1p5_p4_plateau_lo0p8_hi1,5,0.7992547750473022,2048,0.09228189627551214,0.14445947458851913,0.2856986039765963,0.32300436540835054,0.37247284366613426,0.13580472985626613,0.11353031601352692,0.08061443068981798,0.07440466807568935
0.5,43,scalar_gate_s1p5_p4_plateau_lo0p8_hi1,6,1.166298747062683,2048,0.14656194195429822,0.10774610827253804,0.22344047500246467,0.6559328248504733,0.31187400852967906,0.20459223877228486,0.18825513983040468,0.1284572114324912,0.10859729613583173
0.5,43,scalar_gate_s1p5_p4_plateau_lo0p8_hi1,7,1.7019013166427612,2048,0.08568364093341721,0.029582111117395695,0.11055874659332113,0.775005538445507,0.21484224696845733,0.1577222779076878,0.11021316564678792,0.07029643511057326,0.06018357623246292
0.5,43,scalar_gate_s1p5_p4_plateau_lo0p8_hi1,8,2.4834699630737305,2048,0.023854178444447517,0.0038676453184798695,0.02671094558998033,0.8930488201584138,0.12963143362305538,0.0549962579059788,0.02952976269674075,0.01861887053382169,0.01624092551299531
0.5,43,fourier_gate_s1p5_p4_plateau_lo0p8_hi1,0,0.12079870700836182,2048,0.011109036559499491,0.7612929789324552,0.04408508839610101,0.25199079697165816,0.9444701882916975,0.006117671325238317,0.00815576414400977,0.012233807514418597,0.014883144598598587
0.5,43,fourier_gate_s1p5_p4_plateau_lo0p8_hi1,1,0.17627345025539398,2048,0.016102237435535235,0.518217906943446,0.08587513840583119,0.18750755730300916,0.8860016959115179,0.011171416746755643,0.012211807213205271,0.017286942887869958,0.021282348726846003
0.5,43,fourier_gate_s1p5_p4_plateau_lo0p8_hi1,2,0.25722402334213257,2048,0.025927517214189517,0.3918662649241678,0.15141712872872282,0.17123239247681785,0.798091402642284,0.01887781747085373,0.020585608452607526,0.02791512279444197,0.03183201156679032
0.5,43,fourier_gate_s1p5_p4_plateau_lo0p8_hi1,3,0.37534967064857483,2048,0.04000035332219843,0.2839172299825832,0.2307174532450955,0.17337376414130795,0.6548134829510516,0.035182416178194044,0.03701799825530938,0.0410899565864372,0.04386267063399051
0.5,43,fourier_gate_s1p5_p4_plateau_lo0p8_hi1,4,0.547722578048706,2048,0.06105102794794569,0.2035034112274654,0.2898742038994259,0.21061214529157554,0.5057747413940197,0.07131068650157898,0.06540361245974044,0.05867367617026104,0.056594396335100744
0.5,43,fourier_gate_s1p5_p4_plateau_lo0p8_hi1,5,0.7992547750473022,2048,0.09478322586377443,0.148375093715095,0.2856986039765963,0.33175949950227557,0.37490253043618604,0.14074651384181494,0.11051735784890238,0.08421698605653599,0.0811931816186475
0.5,43,fourier_gate_s1p5_p4_plateau_lo0p8_hi1,6,1.166298747062683,2048,0.17059074671451788,0.1254110638867426,0.22344047500246467,0.7634728968090323,0.33598819355577597,0.24342991411086423,0.2004421240427864,0.15478703085051795,0.1367583539525145
0.5,43,fourier_gate_s1p5_p4_plateau_lo0p8_hi1,7,1.7019013166427612,2048,0.09372389381763568,0.032357992856801916,0.11055874659332113,0.8477293448558104,0.22317688024025417,0.17572318287781802,0.1157371581224943,0.07791253650649488,0.06876583541765101
0.5,43,fourier_gate_s1p5_p4_plateau_lo0p8_hi1,8,2.4834699630737305,2048,0.02456838039835033,0.0039834438922976305,0.02671094558998033,0.9197869957687418,0.13031740299559855,0.05680693056459192,0.030664771664768845,0.019109181985712497,0.016443684280103944
0.5,44,scalar_gate_s1p5_p4_cap_lo1_hi2_d0p5,0,0.12079870700836182,2048,0.007051414854574936,0.48322755907554393,0.04408508839610101,0.15995011263714695,0.9406573080195526,0.010646066624535247,0.005167000280338714,0.0068212523715657685,0.009273959161273798
0.5,44,scalar_gate_s1p5_p4_cap_lo1_hi2_d0p5,1,0.17627345025539398,2048,0.011762202334525679,0.37854266521940666,0.08587513840583119,0.13696865650381285,0.8825463508958682,0.009612704108757033,0.009410194443643214,0.012143809434412636,0.015696088555281925
0.5,44,scalar_gate_s1p5_p4_cap_lo1_hi2_d0p5,2,0.25722402334213257,2048,0.020788575868826566,0.31419674747536,0.15141712872872282,0.1372934227677183,0.7927181478807394,0.016355167199655306,0.017187353966134154,0.02172199375439219,0.026127507611015843
0.5,44,scalar_gate_s1p5_p4_cap_lo1_hi2_d0p5,3,0.37534967064857483,2048,0.03174103952013953,0.2252937104014166,0.2307174532450955,0.13757537227329059,0.6453597846030639,0.028628981763209153,0.02992862203756856,0.03217307904094389,0.03505988671996616
0.5,44,scalar_gate_s1p5_p4_cap_lo1_hi2_d0p5,4,0.547722578048706,2048,0.04832876783651971,0.16109588070388772,0.2898742038994259,0.16672324472614247,0.49261940089821443,0.05640157692583373,0.05316224099222033,0.046068973334656815,0.04378803418380398
0.5,44,scalar_gate_s1p5_p4_cap_lo1_hi2_d0p5,5,0.7992547750473022,2048,0.06832308690487232,0.1069539924393888,0.2856986039765963,0.23914392984037533,0.3479244211824615,0.1156346029913397,0.08157394118189479,0.05875668905134706,0.05462156225544593
0.5,44,scalar_gate_s1p5_p4_cap_lo1_hi2_d0p5,6,1.166298747062683,2048,0.09716374313102262,0.07143065278723412,0.22344047500246467,0.4348529205818724,0.26248495566597674,0.18190561887895385,0.12100493710276683,0.08076014725456426,0.0696697184101361
0.5,44,scalar_gate_s1p5_p4_cap_lo1_hi2_d0p5,7,1.7019013166427612,2048,0.07574877809779482,0.02615211896092507,0.11055874659332113,0.6851450512226666,0.2051496375678561,0.17668903420075274,0.0946692880005024,0.0586285282798149,0.050710895303706684
0.5,44,scalar_gate_s1p5_p4_cap_lo1_hi2_d0p5,8,2.4834699630737305,2048,0.023187578517631133,0.0037595647953021566,0.02671094558998033,0.8680927614306975,0.12888180621954565,0.06149204600907913,0.027331475605237986,0.01754560821156726,0.015854500689544703
0.5,44,fourier_gate_s1p5_p4_cap_lo1_hi2_d0p5,0,0.12079870700836182,2048,0.007393803093197505,0.5066911385440551,0.04408508839610101,0.1677166443847129,0.9412421903574335,0.007496269622412772,0.005286643879883169,0.007533560398040786,0.010554966026784345
0.5,44,fourier_gate_s1p5_p4_cap_lo1_hi2_d0p5,1,0.17627345025539398,2048,0.012454040430826627,0.4008080734674312,0.08587513840583119,0.14502498234088387,0.8830180615071969,0.013809648562334903,0.010062973215313506,0.012397978730970016,0.01616349960702589
0.5,44,fourier_gate_s1p5_p4_cap_lo1_hi2_d0p5,2,0.25722402334213257,2048,0.021346621783680866,0.32263100543008877,0.15141712872872282,0.14097891013324673,0.7927646516436856,0.024510545795454374,0.018302880034046738,0.021228046156453087,0.025447935034905653
0.5,44,fourier_gate_s1p5_p4_cap_lo1_hi2_d0p5,3,0.37534967064857483,2048,0.032745376897248143,0.23242236458553867,0.2307174532450955,0.14192847761050012,0.6466960817638853,0.03545956147260577,0.031141562449094648,0.03249427376196776,0.03503733410760378
0.5,44,fourier_gate_s1p5_p4_cap_lo1_hi2_d0p5,4,0.547722578048706,2048,0.04852050905492967,0.16173501805064308,0.2898742038994259,0.16738470827077884,0.49226478368709947,0.06226114132218132,0.05316213186125209,0.045799412049111955,0.0429147503838614
0.5,44,fourier_gate_s1p5_p4_cap_lo1_hi2_d0p5,5,0.7992547750473022,2048,0.06827742742933571,0.10688251640657827,0.2856986039765963,0.23898411290427174,0.3480940166569781,0.11518436655348378,0.08015453361008279,0.05924701450032425,0.055218054659746406
0.5,44,fourier_gate_s1p5_p4_cap_lo1_hi2_d0p5,6,1.166298747062683,2048,0.09854026445294621,0.07244261273682107,0.22344047500246467,0.44101349342306606,0.2642302850049576,0.1856624667153965,0.11947837048516509,0.08276896828792678,0.072496193539936
0.5,44,fourier_gate_s1p5_p4_cap_lo1_hi2_d0p5,7,1.7019013166427612,2048,0.07577874582348154,0.026162465260189935,0.11055874659332113,0.6854161082544269,0.20496933625376412,0.1576239185429197,0.09247692189498498,0.06159259494425697,0.05421568461819154
0.5,44,fourier_gate_s1p5_p4_cap_lo1_hi2_d0p5,8,2.4834699630737305,2048,0.021615895447530915,0.0035047367917989754,0.02671094558998033,0.8092523484319986,0.12720603146782847,0.05142661204418264,0.026853806098787937,0.016652332183705296,0.014493784066053164
0.5,44,score,0,0.12079870700836182,2048,0.010075970167937934,0.6904978036303826,0.04408508839610101,0.22855733161757882,0.9442256222594597,0.010807045293236115,0.007565880097848978,0.01022824536426619,0.013556937814579229
0.5,44,score,1,0.17627345025539398,2048,0.01908702693787589,0.6142773132689453,0.08587513840583119,0.22226487540170092,0.890011496460011,0.017255503701011882,0.014205139067524056,0.020281351679319205,0.02427155814908444
0.5,44,score,2,0.25722402334213257,2048,0.03285962292644221,0.49663751436849557,0.15141712872872282,0.21701390854738195,0.8045504397557143,0.03223940154305296,0.02765616393600551,0.03392931298061247,0.03841373280668054
0.5,44,score,3,0.37534967064857483,2048,0.05006034881718388,0.3553217506268662,0.2307174532450955,0.21697686114801135,0.6642835605806519,0.05650367799510482,0.048426082004737116,0.04958057631637874,0.051198558610174874
0.5,44,score,4,0.547722578048706,2048,0.06770362050454437,0.2256787180859936,0.2898742038994259,0.23356207483724445,0.5115691733007454,0.08112074344273082,0.07298428620617481,0.06519233046516917,0.0603489088847374
0.5,44,score,5,0.7992547750473022,2048,0.07549911727105918,0.11818745878728065,0.2856986039765963,0.26426141472236203,0.35607152103878464,0.1250936092731321,0.09057560132352022,0.06555105648425835,0.05872554637122455
0.5,44,score,6,1.166298747062683,2048,0.08766298665339631,0.0644461005736141,0.22344047500246467,0.3923326185751679,0.2530456634462361,0.16472066913605315,0.10641863415824729,0.07353711591376634,0.06487419028189846
0.5,44,score,7,1.7019013166427612,2048,0.08158285673236014,0.02816632331259877,0.11055874659332113,0.7379140886288645,0.21025826404703774,0.1481835649178854,0.08866786145481279,0.07167269827776611,0.06942527572895224
0.5,44,score,8,2.4834699630737305,2048,0.10681186145444349,0.01731815651813226,0.02671094558998033,3.998804950376231,0.21113734678828222,0.14339169410437003,0.10701900141541733,0.10304454373352745,0.1003535725528803
0.5,44,scalar_gaussian,0,0.12079870700836182,2048,0.024207381036663603,1.6589115647293322,0.04408508839610101,0.5491058749652992,0.9584674077356026,0.008080387760194829,0.01769681098264245,0.027591995519572823,0.031954847128637914
0.5,44,scalar_gaussian,1,0.17627345025539398,2048,0.044313225341278385,1.426131429138701,0.08587513840583119,0.5160192596355615,0.9156429642944074,0.013967579914739788,0.033978946343189174,0.050550891792385304,0.05597945109288795
0.5,44,scalar_gaussian,2,0.25722402334213257,2048,0.07598716182617878,1.1484634275246703,0.15141712872872282,0.5018399335937515,0.8468822650147263,0.024299231961812832,0.06250125486519659,0.08530876607963112,0.09346267472397495
0.5,44,scalar_gaussian,3,0.37534967064857483,2048,0.11450128266205548,0.8127149963153593,0.2307174532450955,0.49628357565311115,0.7287761482375696,0.04115706559477563,0.10481430598583055,0.12600196795757151,0.1290223284518837
0.5,44,scalar_gaussian,4,0.547722578048706,2048,0.14665546744442567,0.48885152147718053,0.2898742038994259,0.5059279696902899,0.5905316483265177,0.07113763414045704,0.15125682654106495,0.1555578009532646,0.14679858763032463
0.5,44,scalar_gaussian,5,0.7992547750473022,2048,0.15277430948976503,0.23915521212985377,0.2856986039765963,0.5347394329664975,0.4339691660507673,0.11522944866327081,0.17252368201698975,0.1528621659135074,0.13819066785528003
0.5,44,scalar_gaussian,6,1.166298747062683,2048,0.1414107499464526,0.10395917092434818,0.22344047500246467,0.6328788458979635,0.30674916774748645,0.1639711814418833,0.17231151858728094,0.13062749672385757,0.11467921148398874
0.5,44,scalar_gaussian,7,1.7019013166427612,2048,0.08096445076091635,0.027952819848417937,0.11055874659332113,0.7323206282243383,0.2097672766296805,0.1361833477111377,0.10054119779718179,0.06912555269727211,0.06020890596453311
0.5,44,scalar_gaussian,8,2.4834699630737305,2048,0.024227830736054175,0.003928228186162246,0.02671094558998033,0.907037553366976,0.12961496127005342,0.05795572719318927,0.028410511422895163,0.019154304577607834,0.017220888081836888
0.5,44,fourier_gaussian,0,0.12079870700836182,2048,0.03668057389317661,2.5136890331150905,0.04408508839610101,0.8320403843495691,0.9706115673423339,0.009668427554680253,0.02575228805541754,0.04259988177914321,0.04875355577915023
0.5,44,fourier_gaussian,1,0.17627345025539398,2048,0.07052909838122333,2.2698362192242163,0.08587513840583119,0.8212982207715915,0.9429340103021968,0.019847418057005097,0.05184963579200226,0.08133353718556872,0.09107675212576617
0.5,44,fourier_gaussian,2,0.25722402334213257,2048,0.12354252929052573,1.8672111607303492,0.15141712872872282,0.8159085456696454,0.8957568308103976,0.03990178861273514,0.0961525351850439,0.14035888147398645,0.15517448871708114
0.5,44,fourier_gaussian,3,0.37534967064857483,2048,0.18642723742845366,1.3232359328840766,0.2307174532450955,0.8080326598890136,0.8017992469284576,0.07741993183987392,0.1611975262897749,0.20674499664465723,0.21508369218521334
0.5,44,fourier_gaussian,4,0.547722578048706,2048,0.23666225357976997,0.7888741194223121,0.2898742038994259,0.8164308875924736,0.6806685350231071,0.13903909862147126,0.2332020979903593,0.25110547705628594,0.24248543869316144
0.5,44,fourier_gaussian,5,0.7992547750473022,2048,0.23517713413932254,0.36814983874594936,0.2856986039765963,0.8231651497974686,0.5162096182835529,0.20649373141483754,0.25742163866619205,0.2337690315357126,0.2168860707743506
0.5,44,fourier_gaussian,6,1.166298747062683,2048,0.18672814340772795,0.13727459181328777,0.22344047500246467,0.8356952490620522,0.3516009810660816,0.23510000677816117,0.22455046396991427,0.17109353809583444,0.1516792694918648
0.5,44,fourier_gaussian,7,1.7019013166427612,2048,0.09498806448662044,0.03279444533237213,0.11055874659332113,0.8591637243864945,0.22469093119508338,0.16732832739304213,0.11970785122203993,0.07963069200219973,0.06886948250567411
0.5,44,fourier_gaussian,8,2.4834699630737305,2048,0.02352934242041993,0.003814977374768048,0.02671094558998033,0.8808876623688731,0.12947982756845017,0.05062138882677969,0.030074130636190417,0.018543270118110605,0.015679299619796652
0.5,44,scalar_normalized,0,0.12079870700836182,2048,0.027599937935146104,1.8914006499538352,0.04408508839610101,0.6260606236549389,0.9614770846265861,0.010435084478840733,0.01935893937227363,0.03166093203044545,0.03644509849595821
0.5,44,scalar_normalized,1,0.17627345025539398,2048,0.0506910407837592,1.6313885049150239,0.08587513840583119,0.5902877331527785,0.9218328275846712,0.016823174913836773,0.0370485678576534,0.0583621377986539,0.06478010719052428
0.5,44,scalar_normalized,2,0.25722402334213257,2048,0.08593629872267511,1.298833826766583,0.15141712872872282,0.56754674615867,0.856985887927707,0.028628416156069415,0.06776321078643588,0.09774870586627898,0.10545707393715571
0.5,44,scalar_normalized,3,0.37534967064857483,2048,0.12794352578422297,0.9081262643423406,0.2307174532450955,0.5545463682294818,0.7423575678360144,0.046145077878207874,0.11226688107810057,0.1431654996988139,0.14375146375443867
0.5,44,scalar_normalized,4,0.547722578048706,2048,0.16137143062685871,0.5379047284055937,0.2898742038994259,0.5566946918907202,0.6056649247209852,0.0756622227544781,0.1574287062370992,0.17521564485395383,0.16369658016872782
0.5,44,scalar_normalized,5,0.7992547750473022,2048,0.1599175823492115,0.2503373993818066,0.2856986039765963,0.5597422602817882,0.4408525156888791,0.11217022542075368,0.17437785679115822,0.16354900225003077,0.14701803978735442
0.5,44,scalar_normalized,6,1.166298747062683,2048,0.14011838748137773,0.10300908098808939,0.22344047500246467,0.6270949230654479,0.30568516213496855,0.1515320073463231,0.16722891959815672,0.13231229559299584,0.11507066648268821
0.5,44,scalar_normalized,7,1.7019013166427612,2048,0.07551468375691948,0.02607129834303012,0.11055874659332113,0.683027676088735,0.20481788362527148,0.11900760961643561,0.09328597047225425,0.06563000659164213,0.057100662298752054
0.5,44,scalar_normalized,8,2.4834699630737305,2048,0.02048223564754542,0.003320928574367647,0.02671094558998033,0.7668105787774362,0.1258774644525653,0.04326030702224084,0.02466359813500332,0.01668487061535034,0.014739819472193109
0.5,44,fourier_normalized,0,0.12079870700836182,2048,0.03512304773638743,2.4069530689910623,0.04408508839610101,0.7967103847180625,0.9687822912508823,0.009548509028445198,0.024502696381604953,0.04067419868297778,0.047240734739960634
0.5,44,fourier_normalized,1,0.17627345025539398,2048,0.06621861732091264,2.131112114457013,0.08587513840583119,0.7711034712744775,0.938501347635823,0.018900807681227084,0.047730582962011624,0.07646857357449587,0.08665184902302539
0.5,44,fourier_normalized,2,0.25722402334213257,2048,0.11553143180082678,1.7461321223751591,0.15141712872872282,0.7630010737280032,0.8874293724161495,0.037716460051109804,0.08800817253964899,0.13185615534853357,0.14602103250142667
0.5,44,fourier_normalized,3,0.37534967064857483,2048,0.174134749976779,1.2359854789002538,0.2307174532450955,0.7547532600049653,0.7893348321315526,0.0729984947691879,0.14871882443475842,0.19426111270771024,0.1994725001832926
0.5,44,fourier_normalized,4,0.547722578048706,2048,0.21706573106569016,0.7235523826087839,0.2898742038994259,0.7488273469860146,0.6616200618611505,0.12678612073218556,0.2093791668202743,0.2320856661194599,0.22414409637302424
0.5,44,fourier_normalized,5,0.7992547750473022,2048,0.21487577312058345,0.3363697815021851,0.2856986039765963,0.7521064861002454,0.49650219157491476,0.19036550538017355,0.23125360329508102,0.21471865003941704,0.19997002208388892
0.5,44,fourier_normalized,6,1.166298747062683,2048,0.17455899550692966,0.12832835167877318,0.22344047500246467,0.781232654938655,0.33985472491513513,0.22048567802427263,0.2079829281952263,0.16068755900675302,0.14202705166321258
0.5,44,fourier_normalized,7,1.7019013166427612,2048,0.08793649661905814,0.030359905180510665,0.11055874659332113,0.7953825394070667,0.2181432301235681,0.15577492150201092,0.1095185350509117,0.07410561208403144,0.06413042271533455
0.5,44,fourier_normalized,8,2.4834699630737305,2048,0.02192939846766088,0.003555567236073496,0.02671094558998033,0.8209892230804036,0.12750027767380573,0.04801930269678161,0.027646353395476865,0.017284862417019514,0.01481755688223279
0.5,44,scalar_gate_s1p5_p4,0,0.12079870700836182,2048,0.006681818535044519,0.457899432591238,0.04408508839610101,0.15156640891833792,0.9404538062018546,0.007464646562738507,0.005239562760656584,0.00665923375615081,0.008896244616613754
0.5,44,scalar_gate_s1p5_p4,1,0.17627345025539398,2048,0.012242575423253802,0.39400250038760987,0.08587513840583119,0.1425625116945662,0.8828947202802508,0.009843982433215975,0.009622228797010537,0.012708214021658925,0.016474441937065716
0.5,44,scalar_gate_s1p5_p4,2,0.25722402334213257,2048,0.021534525004658835,0.3254709585487607,0.15141712872872282,0.14221987423391075,0.7933895586421676,0.018336089724383928,0.018334543632184203,0.022146018944866782,0.02669020104842535
0.5,44,scalar_gate_s1p5_p4,3,0.37534967064857483,2048,0.03299069926765048,0.23416363040127686,0.2307174532450955,0.14299177978791158,0.6469693120979858,0.030420767537025207,0.03129819183606737,0.03334743510504805,0.03607967249953256
0.5,44,scalar_gate_s1p5_p4,4,0.547722578048706,2048,0.04874818704168006,0.16249394461621397,0.2898742038994259,0.1681701454834995,0.49299672831424757,0.05939835505038203,0.05378955431667201,0.04624554866008862,0.04332340798953873
0.5,44,scalar_gate_s1p5_p4,5,0.7992547750473022,2048,0.06791165978026212,0.10630993820284375,0.2856986039765963,0.2377038558642214,0.34777953208768914,0.11659176095136106,0.08114256179499248,0.058291577401119975,0.053688088980223536
0.5,44,scalar_gate_s1p5_p4,6,1.166298747062683,2048,0.09319619700797141,0.06851388156784166,0.22344047500246467,0.41709630722429947,0.25888163192476055,0.17996450958687404,0.11514423732620939,0.07693569096688968,0.06740141894246676
0.5,44,scalar_gate_s1p5_p4,7,1.7019013166427612,2048,0.07138053818477394,0.024643992589464713,0.11055874659332113,0.6456344738362478,0.20054019050286162,0.16048885026735257,0.08764109542583906,0.05637626302162097,0.049651080326692326
0.5,44,scalar_gate_s1p5_p4,8,2.4834699630737305,2048,0.02347244681710693,0.003805752491408176,0.02671094558998033,0.8787576141037775,0.1291618235050573,0.06647645583443398,0.026946364180022907,0.01755127356727788,0.015774354328317714
0.5,44,fourier_gate_s1p5_p4,0,0.12079870700836182,2048,0.0068772400165503424,0.47129150318225105,0.04408508839610101,0.15599923390782136,0.940546590821169,0.008157197877306696,0.005404557319105803,0.006760182960876674,0.00922647043302097
0.5,44,fourier_gate_s1p5_p4,1,0.17627345025539398,2048,0.012670053327081631,0.4077600111356102,0.08587513840583119,0.14754041230425888,0.883309802981764,0.013698746575460035,0.009997055437085565,0.012782595404474807,0.016425394367823556
0.5,44,fourier_gate_s1p5_p4,2,0.25722402334213257,2048,0.02203086235128262,0.33297255851134366,0.15141712872872282,0.1454978213908207,0.7935513309857467,0.025737414899065846,0.01921890737644113,0.021806911839527113,0.025816732824419843
0.5,44,fourier_gate_s1p5_p4,3,0.37534967064857483,2048,0.03400931639566881,0.24139364037319583,0.2307174532450955,0.14740677793257398,0.6482079172603428,0.03835133524761132,0.032865939253677326,0.03348847412879512,0.035597380516319506
0.5,44,fourier_gate_s1p5_p4,4,0.547722578048706,2048,0.04911555525264372,0.16371850522756645,0.2898742038994259,0.16943748216272717,0.4931764717592606,0.065565568208901,0.05465347972330798,0.04588219463213065,0.042346378006591544
0.5,44,fourier_gate_s1p5_p4,5,0.7992547750473022,2048,0.06796360763128399,0.10639125815364123,0.2856986039765963,0.23788568332259474,0.34803506432465275,0.11739563172674172,0.08117494716336214,0.058302165173733184,0.05351332880530505
0.5,44,fourier_gate_s1p5_p4,6,1.166298747062683,2048,0.09331287114615654,0.0685996554335388,0.22344047500246467,0.4176184782328593,0.2592669372493098,0.18269749217659786,0.11447289615816633,0.07703953592990696,0.06751397025817023
0.5,44,fourier_gate_s1p5_p4,7,1.7019013166427612,2048,0.07012555587435276,0.02421071237689655,0.11055874659332113,0.6342832026877289,0.19933556342284925,0.1517656079412932,0.08627894972828437,0.056062403010307287,0.04918029313879037
0.5,44,fourier_gate_s1p5_p4,8,2.4834699630737305,2048,0.02133478673195404,0.003459158663408733,0.02671094558998033,0.798728246444298,0.12686859646947535,0.050851638032199796,0.026439961929821537,0.016445633107984015,0.014330804903939821
0.5,44,scalar_gate_s1p5_p4_plateau_lo0p8_hi1,0,0.12079870700836182,2048,0.01060762509329111,0.7269316707545418,0.04408508839610101,0.2406170766401202,0.9445559154485421,0.009264690107792933,0.008403635003944646,0.011064183923683205,0.013547126884813675
0.5,44,scalar_gate_s1p5_p4_plateau_lo0p8_hi1,1,0.17627345025539398,2048,0.016504978294166923,0.5311793059810812,0.08587513840583119,0.1921973996265045,0.8868554276655223,0.014119227630341425,0.013716507659517535,0.017154495513024816,0.02033394474220575
0.5,44,scalar_gate_s1p5_p4_plateau_lo0p8_hi1,2,0.25722402334213257,2048,0.025890727834821964,0.39131023340898086,0.15141712872872282,0.17098942538533732,0.7975962229275068,0.017652613142135516,0.021819374251719183,0.02750769700141222,0.03159686996026733
0.5,44,scalar_gate_s1p5_p4_plateau_lo0p8_hi1,3,0.37534967064857483,2048,0.040578279332650874,0.2880192725495793,0.2307174532450955,0.17587867221100004,0.6546575210887722,0.029716456622885294,0.03906656754227858,0.04202215470688377,0.043845472607191543
0.5,44,scalar_gate_s1p5_p4_plateau_lo0p8_hi1,4,0.547722578048706,2048,0.06318185978098158,0.21060618347144147,0.2898742038994259,0.21796302993178038,0.5074261452760153,0.06415562297366446,0.06973684585827981,0.06129473136039384,0.05811672345873678
0.5,44,scalar_gate_s1p5_p4_plateau_lo0p8_hi1,5,0.7992547750473022,2048,0.09373957463884407,0.1467413463205141,0.2856986039765963,0.3281065197172716,0.3744337713027377,0.13710307987949968,0.11286060237521806,0.08285417001958277,0.07677843986880212
0.5,44,scalar_gate_s1p5_p4_plateau_lo0p8_hi1,6,1.166298747062683,2048,0.14978056676226564,0.11011230438336791,0.22344047500246467,0.6703376671599606,0.315252416224619,0.20397129329902342,0.1954021480671213,0.1305957680290975,0.11104548046962531
0.5,44,scalar_gate_s1p5_p4_plateau_lo0p8_hi1,7,1.7019013166427612,2048,0.08719201829144388,0.03010287547948417,0.11055874659332113,0.7886487589459626,0.2165191514401481,0.15929459589498093,0.11328678135673687,0.07117982851349829,0.06123483555675234
0.5,44,scalar_gate_s1p5_p4_plateau_lo0p8_hi1,8,2.4834699630737305,2048,0.023688436871021748,0.0038407724742932415,0.02671094558998033,0.8868438143166161,0.12917419395972618,0.053783746791839525,0.02993520295553583,0.018320439327874177,0.016142560149988786
0.5,44,fourier_gate_s1p5_p4_plateau_lo0p8_hi1,0,0.12079870700836182,2048,0.011027347235521788,0.7556948779211856,0.04408508839610101,0.2501378047933567,0.9447431538141794,0.006135731964006116,0.008019890254764324,0.012032589101006444,0.015293921082546177
0.5,44,fourier_gate_s1p5_p4_plateau_lo0p8_hi1,1,0.17627345025539398,2048,0.016191564405012588,0.5210927145806752,0.08587513840583119,0.1885477532332353,0.8868774529974233,0.0110326275064649,0.01214310189483899,0.017452538251641555,0.021491228168360486
0.5,44,fourier_gate_s1p5_p4_plateau_lo0p8_hi1,2,0.25722402334213257,2048,0.025805072762649994,0.3900156500161109,0.15141712872872282,0.1704237359359922,0.796556541309211,0.017491184001350246,0.02054967101475358,0.02787879169679198,0.03193278698620705
0.5,44,fourier_gate_s1p5_p4_plateau_lo0p8_hi1,3,0.37534967064857483,2048,0.04026097028063012,0.2857670547660895,0.2307174532450955,0.17450335774060463,0.6545056440684769,0.033133231044101784,0.03793019578729746,0.04161864963639865,0.04323541361172286
0.5,44,fourier_gate_s1p5_p4_plateau_lo0p8_hi1,4,0.547722578048706,2048,0.061863595426497775,0.2062119692861248,0.2898742038994259,0.21341531807349723,0.5063993952732475,0.06966345689953687,0.0672949881407823,0.059337595090094564,0.057417197720271346
0.5,44,fourier_gate_s1p5_p4_plateau_lo0p8_hi1,5,0.7992547750473022,2048,0.0955507961276087,0.14957665980225282,0.2856986039765963,0.3344461428850243,0.37566999323812633,0.14176082318891087,0.11032296363005521,0.08558980262488955,0.08124734765503049
0.5,44,fourier_gate_s1p5_p4_plateau_lo0p8_hi1,6,1.166298747062683,2048,0.17012430930138994,0.12506815893237924,0.22344047500246467,0.7613853725450296,0.33548062747125124,0.242293901542407,0.19906590263262275,0.15463886429126505,0.13707893995021625
0.5,44,fourier_gate_s1p5_p4_plateau_lo0p8_hi1,7,1.7019013166427612,2048,0.09374806678730113,0.0323663385277712,0.11055874659332113,0.8479479885218278,0.22285056339214704,0.17665501762131935,0.11549587290705712,0.07803271922551502,0.06839497401113909
0.5,44,fourier_gate_s1p5_p4_plateau_lo0p8_hi1,8,2.4834699630737305,2048,0.02412623733605643,0.0039117561354142065,0.02671094558998033,0.9032341163207094,0.1297295834959431,0.05594576530788391,0.030083753131449474,0.018803111332684832,0.01596716972819072
1.0,42,scalar_gate_s1p5_p4_cap_lo1_hi2_d0p5,0,0.12079870700836182,2048,0.024668944429122312,1.6905421177596567,0.08564007224731215,0.28805375546488465,0.8963949440049956,0.007387375202836994,0.012540551907354851,0.022948491502507128,0.06233089176074702
1.0,42,scalar_gate_s1p5_p4_cap_lo1_hi2_d0p5,1,0.17627345025539398,2048,0.034145600975450226,1.0989070270305408,0.14086563739221092,0.24239837058614186,0.8100386787164807,0.013268955025977188,0.021972411174866518,0.03399407907286064,0.06795738000264474
1.0,42,scalar_gate_s1p5_p4_cap_lo1_hi2_d0p5,2,0.25722402334213257,2048,0.04408775232130193,0.666338496213412,0.2047461560410864,0.21532884022718768,0.6926187751785506,0.02365438567213936,0.03899758474897292,0.046536281000927396,0.055238812243058724
1.0,42,scalar_gate_s1p5_p4_cap_lo1_hi2_d0p5,3,0.37534967064857483,2048,0.05500477570332537,0.39041664026589473,0.2498246879809097,0.2201734990559802,0.5525753550612513,0.04502514706536247,0.06344162383484966,0.05610455198651487,0.04139546230965679
1.0,42,scalar_gate_s1p5_p4_cap_lo1_hi2_d0p5,4,0.547722578048706,2048,0.07028055959972068,0.23426851442555618,0.2520560642659154,0.27882907639776416,0.4205885479896516,0.0943763753574304,0.10279197625311343,0.06038095328541736,0.03649443398232969
1.0,42,scalar_gate_s1p5_p4_cap_lo1_hi2_d0p5,5,0.7992547750473022,2048,0.0987746401509393,0.1546233139409504,0.22220872841974287,0.44451287243927784,0.32476833076228384,0.18570616901685938,0.1576046111799008,0.07200007420950867,0.04704109139712355
1.0,42,scalar_gate_s1p5_p4_cap_lo1_hi2_d0p5,6,1.166298747062683,2048,0.10715512938275908,0.0787758951504121,0.15901374912875643,0.6738733598186755,0.25678512547275795,0.23038226418829338,0.175070047041335,0.07326139596507866,0.04600097156456437
1.0,42,scalar_gate_s1p5_p4_cap_lo1_hi2_d0p5,7,1.7019013166427612,2048,0.07043441261000181,0.024317344566819783,0.0735397136673659,0.9577738217555489,0.19002468213938856,0.23327947108106328,0.10841011307977441,0.040740901856082534,0.024628064361289285
1.0,42,scalar_gate_s1p5_p4_cap_lo1_hi2_d0p5,8,2.4834699630737305,2048,0.024451839493891434,0.0039645482977756245,0.01739279602012618,1.4058601886434383,0.12214917781036422,0.10078885903148431,0.03108197274678111,0.013807340729936798,0.010468031520586823
1.0,42,fourier_gate_s1p5_p4_cap_lo1_hi2_d0p5,0,0.12079870700836182,2048,0.02196593790169274,1.505307342419837,0.08564007224731215,0.2564913518318774,0.8941966997709985,0.007710760508320223,0.01027099140306343,0.02114956355708013,0.0537605777529994
1.0,42,fourier_gate_s1p5_p4_cap_lo1_hi2_d0p5,1,0.17627345025539398,2048,0.030001393747311932,0.9655341088691002,0.14086563739221092,0.21297879527410452,0.8056289183036229,0.014072908302611074,0.018281783345984223,0.031022419822450204,0.05582820564620599
1.0,42,fourier_gate_s1p5_p4_cap_lo1_hi2_d0p5,2,0.25722402334213257,2048,0.040793869753364735,0.6165550384170762,0.2047461560410864,0.19924119965006148,0.689470872240088,0.026406175011503184,0.03522181766626586,0.04362906161524583,0.04798217906435724
1.0,42,fourier_gate_s1p5_p4_cap_lo1_hi2_d0p5,3,0.37534967064857483,2048,0.05280899981647624,0.37483131274553044,0.2498246879809097,0.21138423205200452,0.5501799485899665,0.04631885126493305,0.06063020839941568,0.05398122789250453,0.038081849910445525
1.0,42,fourier_gate_s1p5_p4_cap_lo1_hi2_d0p5,4,0.547722578048706,2048,0.06864037796384392,0.22880124271609112,0.2520560642659154,0.27232186681860326,0.4187685106003476,0.08625853907636204,0.09851183546316428,0.05958299265303255,0.039964486298940685
1.0,42,fourier_gate_s1p5_p4_cap_lo1_hi2_d0p5,5,0.7992547750473022,2048,0.09304549241788415,0.14565481952590045,0.22220872841974287,0.41873014205870956,0.31885692425925954,0.1591225490971247,0.14350355596866773,0.07106912324932588,0.04965463147591102
1.0,42,fourier_gate_s1p5_p4_cap_lo1_hi2_d0p5,6,1.166298747062683,2048,0.09891205905104784,0.07271594031755614,0.15901374912875643,0.6220346328100024,0.24873234615760392,0.2213665560893141,0.1645771997645456,0.06732484090222979,0.033473245767994486
1.0,42,fourier_gate_s1p5_p4_cap_lo1_hi2_d0p5,7,1.7019013166427612,2048,0.060004595624936756,0.020716470448666334,0.0735397136673659,0.8159481813642754,0.18032585447332378,0.16837076459235895,0.10126709146937801,0.03626832137063036,0.016115989658075293
1.0,42,fourier_gate_s1p5_p4_cap_lo1_hi2_d0p5,8,2.4834699630737305,2048,0.016751994192691702,0.0027161183549227292,0.01739279602012618,0.9631570549845482,0.11409254797910881,0.05646148342375627,0.028066584709895273,0.00896620971440959,0.0039893028405819314
1.0,42,score,0,0.12079870700836182,2048,0.03541808999684448,2.4271720681969153,0.08564007224731215,0.41356912794939976,0.9068375989420148,0.008449987367971035,0.016809090655157857,0.03548426127929577,0.08323305433106779
1.0,42,score,1,0.17627345025539398,2048,0.049077380959525206,1.5794561309215909,0.14086563739221092,0.34839852974845453,0.8251351120525463,0.013036037546504254,0.027403625736751543,0.05364662016480472,0.09036989958730077
1.0,42,score,2,0.25722402334213257,2048,0.06390544362965435,0.9658613779559848,0.2047461560410864,0.3121203585225329,0.7126180763840315,0.024713814419760706,0.04922118921060987,0.07315304232593263,0.07684853930528976
1.0,42,score,3,0.37534967064857483,2048,0.07836121698554466,0.556197578691218,0.2498246879809097,0.3136648247971898,0.5757167524232892,0.05020696869677345,0.08476953919965349,0.08497654965995471,0.05761863643978612
1.0,42,score,4,0.547722578048706,2048,0.09195465718449639,0.306515500955244,0.2520560642659154,0.36481826950803126,0.44236122874738487,0.09361281869405327,0.12821502359087442,0.08665096060477592,0.04660676981345902
1.0,42,score,5,0.7992547750473022,2048,0.10252876380388515,0.1605000758231052,0.22220872841974287,0.4614074547522393,0.3288442916995301,0.168381468435091,0.1634534793093728,0.07896204862586165,0.046663135449325994
1.0,42,score,6,1.166298747062683,2048,0.09911632345752328,0.07286610682437815,0.15901374912875643,0.6233192035316828,0.2482312070248465,0.20823961084251685,0.15749557298511713,0.06894413096362051,0.04869078072710384
1.0,42,score,7,1.7019013166427612,2048,0.08087918987844903,0.027923383693842344,0.0735397136673659,1.099802893498892,0.20025917650348884,0.15771210254844278,0.09958679215357039,0.06586714526526458,0.06164844733360023
1.0,42,score,8,2.4834699630737305,2048,0.10164222918861116,0.01647996776735334,0.01739279602012618,5.843926937968756,0.19756378898591223,0.12503469686425367,0.09287024130734932,0.1025216910345926,0.10091864751734529
1.0,42,scalar_gaussian,0,0.12079870700836182,2048,0.02921447514009938,2.002043533499403,0.08564007224731215,0.3411309025491427,0.900463528775252,0.009846992861877967,0.016143796872505455,0.03063712440810067,0.05783649609127339
1.0,42,scalar_gaussian,1,0.17627345025539398,2048,0.04321413124617943,1.3907593112093548,0.14086563739221092,0.30677553480171116,0.8186931642821915,0.013554509158508884,0.027458517053606264,0.048249638107679765,0.06867865393823634
1.0,42,scalar_gaussian,2,0.25722402334213257,2048,0.06342546401933569,0.9586070074128463,0.2047461560410864,0.30977609175045073,0.7125764139218815,0.021635499429079302,0.05086608913201072,0.07316110782300024,0.07219078977754534
1.0,42,scalar_gaussian,3,0.37534967064857483,2048,0.0855920778332618,0.6075212749030227,0.2498246879809097,0.3426085649301493,0.5838934477839137,0.0369473213997184,0.09361250784659539,0.09431880448073733,0.06539076627106316
1.0,42,scalar_gaussian,4,0.547722578048706,2048,0.10866829062401544,0.362227608241097,0.2520560642659154,0.43112745944240405,0.45942996095938715,0.071112678372459,0.1509329521866484,0.10712759421067275,0.06021575221393846
1.0,42,scalar_gaussian,5,0.7992547750473022,2048,0.12927837269971587,0.20237431771127815,0.22220872841974287,0.5817880045446032,0.3551801708305456,0.1404497924177673,0.20091870815833862,0.11198542464768713,0.06104034690424447
1.0,42,scalar_gaussian,6,1.166298747062683,2048,0.12178724658514611,0.08953280559607521,0.15901374912875643,0.7658912971514977,0.27146143553558844,0.19926682642437338,0.19805932617312733,0.09291963821082855,0.05220363682103078
1.0,42,scalar_gaussian,7,1.7019013166427612,2048,0.06923196392668857,0.023902201487286317,0.0735397136673659,0.9414228105352421,0.18904077791851326,0.1661081286603025,0.10771456856744152,0.04729481335725165,0.029872032975659643
1.0,42,scalar_gaussian,8,2.4834699630737305,2048,0.023970007113179773,0.0038864254332262797,0.01739279602012618,1.378157202869667,0.12141984960855484,0.07246656752900375,0.03158441152176753,0.01605180568197691,0.013403960006999035
1.0,42,fourier_gaussian,0,0.12079870700836182,2048,0.07275480499225608,4.985825901962819,0.08564007224731215,0.8495416115735412,0.9446086016669394,0.0068800336995756845,0.025196043669334665,0.08516217861132445,0.14702850883468058
1.0,42,fourier_gaussian,1,0.17627345025539398,2048,0.11938247067312159,3.842083084766411,0.14086563739221092,0.84749178638028,0.8962867304906604,0.013633321266961183,0.050540893156918475,0.1437311606308904,0.2085330849760008
1.0,42,fourier_gaussian,2,0.25722402334213257,2048,0.17436648248110317,2.63536001744281,0.2047461560410864,0.8516227403366394,0.8221343096022069,0.027938040606740454,0.09629914580472258,0.21399692108501742,0.24478700288786095
1.0,42,fourier_gaussian,3,0.37534967064857483,2048,0.2118517445321867,1.5036957296368834,0.2498246879809097,0.8480016376458971,0.7086825967432705,0.05525486959195627,0.1633506842206993,0.2559418774547662,0.2185113912341031
1.0,42,fourier_gaussian,4,0.547722578048706,2048,0.21759462963293608,0.7253153777006869,0.2520560642659154,0.8632786926458431,0.5668856437962312,0.10450528309495069,0.2310015379423267,0.24286329565628642,0.16112813573802118
1.0,42,fourier_gaussian,5,0.7992547750473022,2048,0.1958337168116548,0.3065610588762416,0.22220872841974287,0.8813052403672155,0.42256132654318673,0.183352180834593,0.2700200310128015,0.18846480004821636,0.09871925265875146
1.0,42,fourier_gaussian,6,1.166298747062683,2048,0.14201570245728903,0.10440390628922654,0.15901374912875643,0.8931032897180246,0.2921120564913432,0.2258759888211049,0.23172768974535102,0.11149048123538492,0.05125617947025229
1.0,42,fourier_gaussian,7,1.7019013166427612,2048,0.06659512290243265,0.022991837229550578,0.0735397136673659,0.9055667962436601,0.1870480031921135,0.162792369586676,0.11517958418541524,0.04243468831567415,0.01805258534697167
1.0,42,fourier_gaussian,8,2.4834699630737305,2048,0.016149879180460784,0.002618493223390127,0.01739279602012618,0.9285384110624222,0.11365247636958908,0.05178013374116384,0.028135848402533383,0.008569267507532244,0.003684769905226758
1.0,42,scalar_normalized,0,0.12079870700836182,2048,0.03937892935734222,2.6986050749816277,0.08564007224731215,0.4598189646970801,0.9102427314851873,0.01264336224854797,0.019912105032818716,0.041795366073286766,0.0797109489567014
1.0,42,scalar_normalized,1,0.17627345025539398,2048,0.05707650565216249,1.836891761975577,0.14086563739221092,0.4051840229370126,0.833219925583535,0.016522222012839996,0.033496949152039525,0.06433587153933762,0.09410160365600977
1.0,42,scalar_normalized,2,0.25722402334213257,2048,0.08047332063548004,1.216266845874941,0.2047461560410864,0.3930394699050246,0.728981350616844,0.025901135478102223,0.06175607870573331,0.09395115992354389,0.09315001628755414
1.0,42,scalar_normalized,3,0.37534967064857483,2048,0.10292132771008011,0.7305220039983793,0.2498246879809097,0.4119742069604619,0.6005151338996099,0.038894801368506725,0.10611732682945799,0.11687625495424418,0.08009122987632927
1.0,42,scalar_normalized,4,0.547722578048706,2048,0.12058855560308054,0.4019618218573424,0.2520560642659154,0.4784195768281988,0.47080016137555214,0.06860284463462617,0.16212578537647387,0.12333422633525722,0.06525300822241081
1.0,42,scalar_normalized,5,0.7992547750473022,2048,0.1310386305756801,0.20512985198360079,0.22220872841974287,0.5897096460052356,0.35619848606803206,0.12539673876592325,0.20443408472750657,0.11621389183960495,0.059696776091915336
1.0,42,scalar_normalized,6,1.166298747062683,2048,0.11414658009262757,0.08391571245306835,0.15901374912875643,0.7178409459436174,0.264186036510738,0.17347408391669478,0.18979549440546306,0.08766660358690578,0.04673536376694276
1.0,42,scalar_normalized,7,1.7019013166427612,2048,0.06096315281232516,0.021047410461494886,0.0735397136673659,0.8289827328954948,0.18148890827956357,0.1380129178899909,0.09863091129996003,0.0412286411767017,0.025745423303515227
1.0,42,scalar_normalized,8,2.4834699630737305,2048,0.01847406825237822,0.0029953303047508526,0.01739279602012618,1.0621678211485281,0.11605288333352473,0.052030855566423104,0.02574324490165485,0.012333748279507305,0.010105192265596079
1.0,42,fourier_normalized,0,0.12079870700836182,2048,0.048292788153461455,3.3094643588029626,0.08564007224731215,0.5639041033734898,0.9194963263397273,0.006526665099845239,0.01798485112673001,0.055760186575761386,0.09716679496874892
1.0,42,fourier_normalized,1,0.17627345025539398,2048,0.07278737704119888,2.34251434517738,0.14086563739221092,0.5167149234453655,0.8477182647934453,0.0113797119929954,0.033574715754252686,0.08768397016070519,0.12033812590441463
1.0,42,fourier_normalized,2,0.25722402334213257,2048,0.10305866592876375,1.5576198118757925,0.2047461560410864,0.5033484775561939,0.7509953079684702,0.02121406483652593,0.0633714037775741,0.1273440056107063,0.12733840489478346
1.0,42,fourier_normalized,3,0.37534967064857483,2048,0.12281243785636449,0.8717064792584376,0.2498246879809097,0.4915944811096859,0.6195373737051402,0.0400802522296635,0.10610245292162698,0.14827050050104945,0.10230649976414424
1.0,42,fourier_normalized,4,0.547722578048706,2048,0.12217384439078377,0.40724611741995487,0.2520560642659154,0.4847090060959302,0.4727932826137816,0.06972783972969843,0.1441242688187736,0.13309683102146866,0.07102292072570643
1.0,42,fourier_normalized,5,0.7992547750473022,2048,0.11729197015108432,0.18361062207576398,0.22220872841974287,0.5278459175983616,0.3434269562782708,0.12385022763646539,0.17391382563683944,0.10798633196560796,0.0481420504963297
1.0,42,fourier_normalized,6,1.166298747062683,2048,0.08873945424201832,0.06523747377602235,0.15901374912875643,0.5580615181279973,0.23926708043763528,0.1602147830335496,0.14942670706792982,0.06602206922274619,0.026963721073464095
1.0,42,fourier_normalized,7,1.7019013166427612,2048,0.04339063683729669,0.014980533347934167,0.0735397136673659,0.5900299943179107,0.1633430353956178,0.11857660251069269,0.07505298410403016,0.02623209123361377,0.010153210825130411
1.0,42,fourier_normalized,8,2.4834699630737305,2048,0.011243264698123936,0.001822949391252287,0.01739279602012618,0.6464322748978212,0.10822809841349612,0.03895753897843853,0.019303015712732824,0.005739565667107297,0.0023097513002628997
1.0,42,scalar_gate_s1p5_p4,0,0.12079870700836182,2048,0.025283935754105286,1.732686958611184,0.08564007224731215,0.295234871837685,0.8970131822764655,0.010193663979077765,0.013334198039083983,0.023422308544985667,0.06194421213472147
1.0,42,scalar_gate_s1p5_p4,1,0.17627345025539398,2048,0.0353263710820797,1.1369077220077837,0.14086563739221092,0.25078061432200677,0.8105542872585672,0.013892520233386904,0.02188179374056165,0.035800314542937646,0.06934508375303336
1.0,42,scalar_gate_s1p5_p4,2,0.25722402334213257,2048,0.04604520269731842,0.6959232328192061,0.2047461560410864,0.22488921690954009,0.6945896869527701,0.025237195805547515,0.04052252247223432,0.048879669257986584,0.05671531991926092
1.0,42,scalar_gate_s1p5_p4,3,0.37534967064857483,2048,0.056616330420751884,0.4018552430115155,0.2498246879809097,0.22662424149641372,0.554058819070451,0.04565509437821268,0.06615605606182912,0.05797288220856606,0.04062164255072732
1.0,42,scalar_gate_s1p5_p4,4,0.547722578048706,2048,0.07072319374319924,0.23574396145980495,0.2520560642659154,0.2805851704031501,0.42153705059834184,0.09298393819320297,0.10397229942202327,0.061185028525780935,0.035279660885534705
1.0,42,scalar_gate_s1p5_p4,5,0.7992547750473022,2048,0.09653279540077649,0.151113896300131,0.22220872841974287,0.4344239584433881,0.32256151567011737,0.1795829028194303,0.1541079553308351,0.07087518803683693,0.044966745889636256
1.0,42,scalar_gate_s1p5_p4,6,1.166298747062683,2048,0.10614687798544262,0.0780346715914675,0.15901374912875643,0.667532704354348,0.256102317632829,0.23010361609733737,0.1713052864809647,0.0725189376352741,0.04848373858743178
1.0,42,scalar_gate_s1p5_p4,7,1.7019013166427612,2048,0.06818578197756046,0.02354100919514072,0.0735397136673659,0.9271967291846921,0.18797629297436003,0.19224173639320535,0.10319692874486143,0.04368664185822296,0.02957607572227549
1.0,42,scalar_gate_s1p5_p4,8,2.4834699630737305,2048,0.02485833435162171,0.004030456161135831,0.01739279602012618,1.4292316383666397,0.12237306012977345,0.10303424475579932,0.030708455203600604,0.014244418555897904,0.011124073396294933
1.0,42,fourier_gate_s1p5_p4,0,0.12079870700836182,2048,0.025113624464179897,1.7210156684359565,0.08564007224731215,0.2932461849361424,0.8970082026086856,0.009410463074626263,0.012275960189843102,0.02362225834756814,0.06229416705328621
1.0,42,fourier_gate_s1p5_p4,1,0.17627345025539398,2048,0.03503307678315272,1.1274686388793131,0.14086563739221092,0.2486985288371673,0.8103810916010926,0.017229189685880792,0.021893729707327104,0.03525325088738729,0.06745119557821873
1.0,42,fourier_gate_s1p5_p4,2,0.25722402334213257,2048,0.046132120924125955,0.6972369074225832,0.2047461560410864,0.22531373392362308,0.695210135521402,0.030747024010345698,0.041391161948711515,0.048152013546945246,0.055477063035201196
1.0,42,fourier_gate_s1p5_p4,3,0.37534967064857483,2048,0.05732507454054887,0.40688581525767453,0.2498246879809097,0.229461207392479,0.5544892286377366,0.05006369064535181,0.06749842852339108,0.05806849844137194,0.04046472377638503
1.0,42,fourier_gate_s1p5_p4,4,0.547722578048706,2048,0.07101778216852538,0.23672592280389748,0.2520560642659154,0.2817539120725247,0.4214163297007395,0.08900811485582034,0.10527406779215753,0.06138795512372921,0.036502436180578794
1.0,42,fourier_gate_s1p5_p4,5,0.7992547750473022,2048,0.09341718951331035,0.1462366797745351,0.22220872841974287,0.4204028805603407,0.31965460490193465,0.16343977932565748,0.15028408304412977,0.06952118282438523,0.04369285416537795
1.0,42,fourier_gate_s1p5_p4,6,1.166298747062683,2048,0.101331827041215,0.07449485086136069,0.15901374912875643,0.6372519835323467,0.25119499274240337,0.22555081677866823,0.16630502674649547,0.06826710865204046,0.041724524959012924
1.0,42,fourier_gate_s1p5_p4,7,1.7019013166427612,2048,0.06128987328035435,0.021160210070431645,0.0735397136673659,0.8334255088016809,0.1814512241255001,0.16908337447487073,0.10067230282389274,0.037731853935388075,0.02038834873142742
1.0,42,fourier_gate_s1p5_p4,8,2.4834699630737305,2048,0.01736225094279421,0.0028150635635410585,0.01739279602012618,0.9982438086839732,0.1148653658006748,0.056245070947243035,0.02859349641463491,0.009666061735374811,0.004868518218412494
1.0,42,scalar_gate_s1p5_p4_plateau_lo0p8_hi1,0,0.12079870700836182,2048,0.031141242851988292,2.1340833123981833,0.08564007224731215,0.3636293388690558,0.9024622950652158,0.009570478687630583,0.015554949275586013,0.02873363164222055,0.07992938720491366
1.0,42,scalar_gate_s1p5_p4_plateau_lo0p8_hi1,1,0.17627345025539398,2048,0.04261456916027834,1.3714636195092293,0.14086563739221092,0.30251926551559893,0.8177161836539081,0.016442946490904227,0.02593621043183063,0.04214929955169365,0.08856246023737982
1.0,42,scalar_gate_s1p5_p4_plateau_lo0p8_hi1,2,0.25722402334213257,2048,0.05690897354763762,0.8601173309635822,0.2047461560410864,0.2779489229395725,0.7049395711137261,0.024195224737875526,0.043415011973909054,0.0611711931417483,0.08297082499527143
1.0,42,scalar_gate_s1p5_p4_plateau_lo0p8_hi1,3,0.37534967064857483,2048,0.07101051480366653,0.5040232645021586,0.2498246879809097,0.2842413829376734,0.5681341836805706,0.04353359503891971,0.0777550488611274,0.07476952546970601,0.060084480499113
1.0,42,scalar_gate_s1p5_p4_plateau_lo0p8_hi1,4,0.547722578048706,2048,0.09235528838336104,0.30785093818461584,0.2520560642659154,0.3664077222356673,0.4428753318347687,0.08885674802290425,0.13108202799345964,0.08382556708283187,0.057674776412105354
1.0,42,scalar_gate_s1p5_p4_plateau_lo0p8_hi1,5,0.7992547750473022,2048,0.13479561612716903,0.21101109392497133,0.22220872841974287,0.6066171076437008,0.3604258425076591,0.18227707531109152,0.21490374109719912,0.1047391842591671,0.0795491036907214
1.0,42,scalar_gate_s1p5_p4_plateau_lo0p8_hi1,6,1.166298747062683,2048,0.12470675230908944,0.09167910207413621,0.15901374912875643,0.7842513807287949,0.27512023624359994,0.20958275298339232,0.21836987773243732,0.08920619274215177,0.04515442065695616
1.0,42,scalar_gate_s1p5_p4_plateau_lo0p8_hi1,7,1.7019013166427612,2048,0.06634634842948525,0.022905948324483855,0.0735397136673659,0.902183937369982,0.18648711973506224,0.16179081931505085,0.11269673621367066,0.04189775458159131,0.023282307524329787
1.0,42,scalar_gate_s1p5_p4_plateau_lo0p8_hi1,8,2.4834699630737305,2048,0.01938042151733438,0.0031422837188145674,0.01739279602012618,1.1142786642761868,0.11681879739692749,0.05688512624089318,0.029253542722182065,0.011986160182176277,0.008926135128447553
1.0,42,fourier_gate_s1p5_p4_plateau_lo0p8_hi1,0,0.12079870700836182,2048,0.02080536333926368,1.425774138872197,0.08564007224731215,0.24293958182545397,0.8932589781847571,0.007340306332982399,0.010539959686156845,0.019676823517388604,0.050798929719804646
1.0,42,fourier_gate_s1p5_p4_plateau_lo0p8_hi1,1,0.17627345025539398,2048,0.027565997568958493,0.8871558142266925,0.14086563739221092,0.19569000701148098,0.8038578908814208,0.012609367094183596,0.017299248603033876,0.027808521462792557,0.053211033506548516
1.0,42,fourier_gate_s1p5_p4_plateau_lo0p8_hi1,2,0.25722402334213257,2048,0.03893621093804595,0.5884785428757278,0.2047461560410864,0.19016821458778754,0.6871679061384174,0.02022905983478484,0.029747914883933337,0.04253248609463131,0.05207789283340211
1.0,42,fourier_gate_s1p5_p4_plateau_lo0p8_hi1,3,0.37534967064857483,2048,0.05291179739841201,0.3755609564183505,0.2498246879809097,0.2117957109285182,0.5508114701167358,0.04045459014943273,0.056270654341765106,0.05546120200272603,0.04423008279891984
1.0,42,fourier_gate_s1p5_p4_plateau_lo0p8_hi1,4,0.547722578048706,2048,0.0764406184531682,0.2548020423967376,0.2520560642659154,0.30326831721265185,0.4269195319600465,0.08311515084368241,0.10140223382581376,0.06896165884995104,0.05661018718588863
1.0,42,fourier_gate_s1p5_p4_plateau_lo0p8_hi1,5,0.7992547750473022,2048,0.11890352824174653,0.18613337945767655,0.22220872841974287,0.5350983693905255,0.34498332253363845,0.17352042596583536,0.1724516193179314,0.09695599201480913,0.07627711556135436
1.0,42,fourier_gate_s1p5_p4_plateau_lo0p8_hi1,6,1.166298747062683,2048,0.1389711056696184,0.10216564817967669,0.15901374912875643,0.8739565379160444,0.288660414926665,0.23837018423510337,0.2245904134110641,0.10734100168594048,0.05102879664233986
1.0,42,fourier_gate_s1p5_p4_plateau_lo0p8_hi1,7,1.7019013166427612,2048,0.06850979627374804,0.0236528745034893,0.0735397136673659,0.9316027063095575,0.18879824454219776,0.17539759314874448,0.1168394445958799,0.043164504527178515,0.018957192035333813
1.0,42,fourier_gate_s1p5_p4_plateau_lo0p8_hi1,8,2.4834699630737305,2048,0.017031745981722413,0.002761476475291484,0.01739279602012618,0.979241403280647,0.11454338414963183,0.05672140908245514,0.029377442988319326,0.008896392621242493,0.003767584498067197
1.0,43,scalar_gate_s1p5_p4_cap_lo1_hi2_d0p5,0,0.12079870700836182,2048,0.024373206715605868,1.6702754597376264,0.08564007224731215,0.28460049222308814,0.8966930798590084,0.007349846965051846,0.012489908367714672,0.022524639799571547,0.061939967544961005
1.0,43,scalar_gate_s1p5_p4_cap_lo1_hi2_d0p5,1,0.17627345025539398,2048,0.03424791230907048,1.1021997101360748,0.14086563739221092,0.24312467499589221,0.8084297456422697,0.014789068938306216,0.023986933152910297,0.033108337599776744,0.06760518158333399
1.0,43,scalar_gate_s1p5_p4_cap_lo1_hi2_d0p5,2,0.25722402334213257,2048,0.044827823299504486,0.6775238653180287,0.2047461560410864,0.21894341835901862,0.6934063769192901,0.02447592125375696,0.040793532839676114,0.04656075365793539,0.05675988167720905
1.0,43,scalar_gate_s1p5_p4_cap_lo1_hi2_d0p5,3,0.37534967064857483,2048,0.055235050850317796,0.3920511028752947,0.2498246879809097,0.22109524601723338,0.5521804836506722,0.044432159681756365,0.06440811145135947,0.05601022464428944,0.04200055943155171
1.0,43,scalar_gate_s1p5_p4_cap_lo1_hi2_d0p5,4,0.547722578048706,2048,0.06926556910604406,0.2308852130337638,0.2520560642659154,0.2748022322246923,0.41957572783459307,0.0903573119794303,0.10365644647017824,0.05860373277695186,0.036686644994494894
1.0,43,scalar_gate_s1p5_p4_cap_lo1_hi2_d0p5,5,0.7992547750473022,2048,0.09814608651353601,0.15363936658101654,0.22220872841974287,0.441684209308566,0.3243136317108192,0.18184802785246557,0.15774875157209906,0.0709692158420916,0.04835289264658647
1.0,43,scalar_gate_s1p5_p4_cap_lo1_hi2_d0p5,6,1.166298747062683,2048,0.10693789507691633,0.07861619372502336,0.15901374912875643,0.6725072244559601,0.25642229022823787,0.2250281891031499,0.17694490518701259,0.07252802732513257,0.04686810304002082
1.0,43,scalar_gate_s1p5_p4_cap_lo1_hi2_d0p5,7,1.7019013166427612,2048,0.06928366959529664,0.02392005276925217,0.0735397136673659,0.9421259091200685,0.18886943218220226,0.21976809911768505,0.10793812885960755,0.04075714014833892,0.02472905907925737
1.0,43,scalar_gate_s1p5_p4_cap_lo1_hi2_d0p5,8,2.4834699630737305,2048,0.024064921458403457,0.00390181456196177,0.01739279602012618,1.3836143096576643,0.1218173745571466,0.09385089041138808,0.03115592230992666,0.013996144949959197,0.010726315113715724
1.0,43,fourier_gate_s1p5_p4_cap_lo1_hi2_d0p5,0,0.12079870700836182,2048,0.022623558517346085,1.5503735328870945,0.08564007224731215,0.2641702409126136,0.8948467964061252,0.007893412333970116,0.01089159005914729,0.021299797926809957,0.05666467922026709
1.0,43,fourier_gate_s1p5_p4_cap_lo1_hi2_d0p5,1,0.17627345025539398,2048,0.03046210191051514,0.9803610682281795,0.14086563739221092,0.21624934564914355,0.805626814558549,0.014268115050734446,0.01966379957677901,0.030932525474961333,0.056878587515794145
1.0,43,fourier_gate_s1p5_p4_cap_lo1_hi2_d0p5,2,0.25722402334213257,2048,0.041222527425577714,0.6230337336023313,0.2047461560410864,0.2013348051198851,0.6893975908659832,0.02707439256301994,0.036896793460723776,0.043281433790189866,0.0489947053537598
1.0,43,fourier_gate_s1p5_p4_cap_lo1_hi2_d0p5,3,0.37534967064857483,2048,0.05333307792711846,0.3785511500247044,0.2498246879809097,0.21348201556122384,0.5503921852292823,0.046381199429555306,0.06107038082970791,0.054447615911630665,0.039229550657448424
1.0,43,fourier_gate_s1p5_p4_cap_lo1_hi2_d0p5,4,0.547722578048706,2048,0.06908287883852454,0.23027624552104672,0.2520560642659154,0.27407743209718266,0.4201090420688334,0.08549287120197366,0.09899739844598734,0.06017247629084126,0.04044636895903361
1.0,43,fourier_gate_s1p5_p4_cap_lo1_hi2_d0p5,5,0.7992547750473022,2048,0.09328772290059936,0.14603401078306633,0.22220872841974287,0.4198202454243058,0.31968886890878934,0.15966722555501695,0.1428501522854202,0.07149123299975557,0.05064153103387351
1.0,43,fourier_gate_s1p5_p4_cap_lo1_hi2_d0p5,6,1.166298747062683,2048,0.09970103814498044,0.0732959642019704,0.15901374912875643,0.6269963364252901,0.24955189133181588,0.21998197958234353,0.16637331622663068,0.0681411078466677,0.033576201883804245
1.0,43,fourier_gate_s1p5_p4_cap_lo1_hi2_d0p5,7,1.7019013166427612,2048,0.060081250915277794,0.020742935539223902,0.0735397136673659,0.8169905472713248,0.18042997425763574,0.16990735210003796,0.10156878948867151,0.036099678647858055,0.01590817691463014
1.0,43,fourier_gate_s1p5_p4_cap_lo1_hi2_d0p5,8,2.4834699630737305,2048,0.016679400403940232,0.0027043482146150597,0.01739279602012618,0.9589832701216965,0.1140287908680548,0.05626383251740259,0.027912830836182033,0.008926299617019864,0.004006998100841579
1.0,43,score,0,0.12079870700836182,2048,0.03579478135386466,2.452986411662981,0.08564007224731215,0.41796766880924824,0.907488167759265,0.009524265833063967,0.01710607462822667,0.03543934343277254,0.08495664519068064
1.0,43,score,1,0.17627345025539398,2048,0.05014106501100252,1.6136886482976691,0.14086563739221092,0.3559495838676057,0.825616427107678,0.013792667436264065,0.028055207800792833,0.05468104314624133,0.09244733685977223
1.0,43,score,2,0.25722402334213257,2048,0.06644120796038175,1.0041867019274702,0.2047461560410864,0.3245052764118756,0.714854627112108,0.025866498826750184,0.05102857843616957,0.07543812070221707,0.08239460627517646
1.0,43,score,3,0.37534967064857483,2048,0.07998179957775803,0.5677002601008813,0.2498246879809097,0.3201517040776603,0.5772077067550235,0.050328866012221904,0.08678973108109685,0.08680842095220845,0.05856320369364091
1.0,43,score,4,0.547722578048706,2048,0.09236648103142966,0.30788824700871253,0.2520560642659154,0.3664521276265918,0.44223366367311034,0.09285397367366406,0.12848730338816833,0.08753871768693282,0.04611907356408543
1.0,43,score,5,0.7992547750473022,2048,0.10384033724704846,0.16255323270577215,0.22220872841974287,0.46730989365502534,0.32999535914402606,0.167585838982483,0.1647199650786534,0.08102785833697065,0.0463761960203589
1.0,43,score,6,1.166298747062683,2048,0.09992575805594374,0.0734611687259743,0.15901374912875643,0.628409546994782,0.24972131824422453,0.20580108156213192,0.15691304869864317,0.070777713420337,0.049910230255554605
1.0,43,score,7,1.7019013166427612,2048,0.08171902227261732,0.028213334201706273,0.0735397136673659,1.111223014033587,0.20181751385977145,0.16015181198486836,0.09920231153669079,0.0662984101466936,0.06531949288317015
1.0,43,score,8,2.4834699630737305,2048,0.10416846802753559,0.016889564595073993,0.01739279602012618,5.989173213265792,0.20129572830659048,0.12962175727330652,0.09738267520403943,0.10336534644588947,0.10512539833009693
1.0,43,scalar_gaussian,0,0.12079870700836182,2048,0.02846258220715287,1.9505169400189242,0.08564007224731215,0.3323512166706069,0.9002727203835206,0.010359511866229885,0.01558237349958999,0.030019289654378205,0.055537097520481735
1.0,43,scalar_gaussian,1,0.17627345025539398,2048,0.041457570444857955,1.334227958624101,0.14086563739221092,0.29430577401519165,0.8176461173144258,0.013961841766341177,0.026817494623997715,0.04625000308373036,0.06465503120093419
1.0,43,scalar_gaussian,2,0.25722402334213257,2048,0.06058624544831283,0.9156953021562719,0.2047461560410864,0.2959090740446184,0.7084746396654467,0.021537529139221114,0.05140828008963455,0.06957982917855142,0.06462059883233492
1.0,43,scalar_gaussian,3,0.37534967064857483,2048,0.08482404261880129,0.6020698622901822,0.2498246879809097,0.33953426822765853,0.5822923956007434,0.03728933391092994,0.09474068717605386,0.09341767482691364,0.061137791012967554
1.0,43,scalar_gaussian,4,0.547722578048706,2048,0.10856006802864002,0.3618668662835731,0.2520560642659154,0.4306981002215077,0.4579460179162168,0.0727713900993037,0.15172957790486574,0.10687378500103994,0.05806727409147031
1.0,43,scalar_gaussian,5,0.7992547750473022,2048,0.13100608192692215,0.2050788998371028,0.22220872841974287,0.5895631681913827,0.3573163530170736,0.14111304857920443,0.20428804085674118,0.11356779335477496,0.0609900414063098
1.0,43,scalar_gaussian,6,1.166298747062683,2048,0.12227765657753109,0.08989333417145341,0.15901374912875643,0.768975370038729,0.2718541746116949,0.2023842392837413,0.19978964257602116,0.09262964902631501,0.0519784973813594
1.0,43,scalar_gaussian,7,1.7019013166427612,2048,0.06993444517994464,0.024144731779712346,0.0735397136673659,0.9509752172312149,0.1898218344752725,0.16743713350000372,0.11010984120865969,0.047249580390747926,0.030041736821383905
1.0,43,scalar_gaussian,8,2.4834699630737305,2048,0.024331598344008158,0.003945052756501054,0.01739279602012618,1.398946915484589,0.12240676962034845,0.07278370812180977,0.032290041993653526,0.01635590425565419,0.013395815201863837
1.0,43,fourier_gaussian,0,0.12079870700836182,2048,0.06851338156596595,4.695164703953423,0.08564007224731215,0.8000154573446926,0.9396587513987138,0.006512007027183246,0.022164717817879015,0.07931540888364871,0.14454855532842045
1.0,43,fourier_gaussian,1,0.17627345025539398,2048,0.11034616885771435,3.5512680081637384,0.14086563739221092,0.7833434107885269,0.8852433077395467,0.012709285422006517,0.04304691602814595,0.13210347894687108,0.20203771545997057
1.0,43,fourier_gaussian,2,0.25722402334213257,2048,0.1590274081304513,2.403526567154155,0.2047461560410864,0.7767052197968458,0.8074042108969038,0.02573353246358782,0.08353940122786525,0.19403769477975422,0.23501937954149532
1.0,43,fourier_gaussian,3,0.37534967064857483,2048,0.1921775444595648,1.3640508534592013,0.2498246879809097,0.7692496126493712,0.688789311902176,0.050377898018017356,0.14092624058237213,0.23326708568022028,0.20684139920851313
1.0,43,fourier_gaussian,4,0.547722578048706,2048,0.19438319050976943,0.6479439197607718,0.2520560642659154,0.7711902948095628,0.5446722861254127,0.09759686733612107,0.20057365643989697,0.2179717917485178,0.14803560371740923
1.0,43,fourier_gaussian,5,0.7992547750473022,2048,0.172745930696301,0.27041908969001505,0.22220872841974287,0.7774038937390041,0.3989009515949954,0.16644836243826946,0.23326830394245024,0.16703701894220102,0.09021624947309788
1.0,43,fourier_gaussian,6,1.166298747062683,2048,0.12715572227556066,0.0934794806693235,0.15901374912875643,0.7996523757992793,0.2772240326911105,0.20970948606171352,0.2020341663210848,0.10074781192508529,0.04793850319300647
1.0,43,fourier_gaussian,7,1.7019013166427612,2048,0.06007216208546625,0.020739797638330764,0.0735397136673659,0.8168669565016808,0.18030614241440898,0.15087339073375805,0.10171115321869972,0.03850704778887845,0.01707037149777628
1.0,43,fourier_gaussian,8,2.4834699630737305,2048,0.01489909260800278,0.0024156944205451386,0.01739279602012618,0.8566243512982158,0.11240137020201241,0.04987858663863025,0.0251817031857312,0.00791731311556276,0.0035614552020215165
1.0,43,scalar_normalized,0,0.12079870700836182,2048,0.03799909585489601,2.6040462397593407,0.08564007224731215,0.4437069570091194,0.9106070775913474,0.014857396275409735,0.01959574017486842,0.0400275271977741,0.07590970953489802
1.0,43,scalar_normalized,1,0.17627345025539398,2048,0.053688662889164296,1.7278609025858136,0.14086563739221092,0.38113385125770194,0.8292517872784583,0.016729685454064853,0.03210307553343333,0.05972059151590949,0.08980851972892616
1.0,43,scalar_normalized,2,0.25722402334213257,2048,0.07502494835227924,1.1339206158484962,0.2047461560410864,0.3664290934830737,0.7225979763489735,0.025287433074554687,0.05925435764972905,0.08639261447916058,0.0877489904984415
1.0,43,scalar_normalized,3,0.37534967064857483,2048,0.09654430154864256,0.6852587137294646,0.2498246879809097,0.3864482022530134,0.5947691952882413,0.038673891459125656,0.10228400503245257,0.10812337855937255,0.07474743225328756
1.0,43,scalar_normalized,4,0.547722578048706,2048,0.11394850344876215,0.37982831633661274,0.2520560642659154,0.4520760243584069,0.46357820569807134,0.06699553412539269,0.154847729520483,0.11511713328429235,0.06290892734446064
1.0,43,scalar_normalized,5,0.7992547750473022,2048,0.12700066514456146,0.19880875989372365,0.22220872841974287,0.5715376981261626,0.35306064300085327,0.12395314749984003,0.19893347268949219,0.11181698393925513,0.0581737571984649
1.0,43,scalar_normalized,6,1.166298747062683,2048,0.11303354073785513,0.08309745324312759,0.15901374912875643,0.7108413037059439,0.26350474486532266,0.17411826649620438,0.18720018759638613,0.08688996001605594,0.04601040362818077
1.0,43,scalar_normalized,7,1.7019013166427612,2048,0.06032127179211287,0.020825802282183007,0.0735397136673659,0.8202543739149902,0.18059450050438625,0.1382856168453262,0.09676930625508112,0.041118080903115896,0.024756628853483818
1.0,43,scalar_normalized,8,2.4834699630737305,2048,0.018744260224117085,0.0030391384248678512,0.01739279602012618,1.0777025270938065,0.11666225175639058,0.05311712979070756,0.025974581553120872,0.012532351644133636,0.01026152718216423
1.0,43,fourier_normalized,0,0.12079870700836182,2048,0.050641354316575626,3.470409632586246,0.08564007224731215,0.5913277860197628,0.9216337506552913,0.00582371491479402,0.019112208187813038,0.05827923398078661,0.1027376461483463
1.0,43,fourier_normalized,1,0.17627345025539398,2048,0.07783418168670082,2.504935533575261,0.14086563739221092,0.5525420047615148,0.8528217318056015,0.010646004280363627,0.03660861294843104,0.09350082014007682,0.1292657682899475
1.0,43,fourier_normalized,2,0.25722402334213257,2048,0.10994422095423283,1.6616874982443015,0.2047461560410864,0.5369781932910639,0.7587777313750208,0.019237576708499026,0.06895552584027023,0.13519471654672818,0.13781483127725844
1.0,43,fourier_normalized,3,0.37534967064857483,2048,0.13243168278707618,0.939982610552909,0.2498246879809097,0.5300984616748362,0.6286912411835799,0.037877298486838115,0.11577298765390827,0.15839342316073046,0.116499668445702
1.0,43,fourier_normalized,4,0.547722578048706,2048,0.13440997859289489,0.44803322836737114,0.2520560642659154,0.5332542939776063,0.4851576236675433,0.06959823296076716,0.16252396122296214,0.14470875719908993,0.08152959342277623
1.0,43,fourier_normalized,5,0.7992547750473022,2048,0.12270558651165367,0.1920851789134,0.22220872841974287,0.5522086705787183,0.3480842255926067,0.11764163252313228,0.18570674475365836,0.11221067225294185,0.05316428905240184
1.0,43,fourier_normalized,6,1.166298747062683,2048,0.09530482813394406,0.07006405751786243,0.15901374912875643,0.5993496075410054,0.2460155557754163,0.15828561412482528,0.16390357187107182,0.07106632206846611,0.029929869964810746
1.0,43,fourier_normalized,7,1.7019013166427612,2048,0.04563899516951974,0.015756774708490136,0.0735397136673659,0.6206033841245777,0.1663257706749251,0.11692272252318699,0.0818348249297608,0.02730912879697779,0.010934944473323417
1.0,43,fourier_normalized,8,2.4834699630737305,2048,0.012133341978771944,0.0019672638657834717,0.01739279602012618,0.6976073291914522,0.10933249697281447,0.0400144174737004,0.02149841498572968,0.006172161570632196,0.0025148517888592087
1.0,43,scalar_gate_s1p5_p4,0,0.12079870700836182,2048,0.025142060641523967,1.722964375872805,0.08564007224731215,0.2935782278291231,0.897460485191311,0.010745900404005552,0.014220925615683534,0.02286360430669213,0.06116278030655967
1.0,43,scalar_gate_s1p5_p4,1,0.17627345025539398,2048,0.036169348682744205,1.1640372491660724,0.14086563739221092,0.25676488143121956,0.8114140656184609,0.014124029258020105,0.02381297906571113,0.035959895175123144,0.07117489648888488
1.0,43,scalar_gate_s1p5_p4,2,0.25722402334213257,2048,0.046953871104911345,0.7096567689690986,0.2047461560410864,0.22932724116925113,0.695278678019168,0.02561037407615855,0.04310592372453191,0.04888538070403605,0.05835535075597747
1.0,43,scalar_gate_s1p5_p4,3,0.37534967064857483,2048,0.05742757487597696,0.40761334911400365,0.2498246879809097,0.2298714964486027,0.5543311365635037,0.04572855038417355,0.06706218152002098,0.05866337547238525,0.04213026330669156
1.0,43,scalar_gate_s1p5_p4,4,0.547722578048706,2048,0.070740825874451,0.23580273522623527,0.2520560642659154,0.2806551236149608,0.42107195521707685,0.09230176333643679,0.10507553854244453,0.06066057031799783,0.035804003532404635
1.0,43,scalar_gate_s1p5_p4,5,0.7992547750473022,2048,0.09619641121072803,0.15058731540706824,0.22220872841974287,0.43291013766577646,0.3223532238588971,0.17905223173234616,0.15393815164058758,0.07046092277074101,0.04473637315225196
1.0,43,scalar_gate_s1p5_p4,6,1.166298747062683,2048,0.1077047914577394,0.079179983337662,0.15901374912875643,0.6773300550918323,0.25710699311314766,0.22777308056206347,0.17546465105354817,0.07343024005932151,0.05001985240125591
1.0,43,scalar_gate_s1p5_p4,7,1.7019013166427612,2048,0.0685957063498681,0.023682534790916424,0.0735397136673659,0.9327709196712338,0.18845679973895463,0.19180049330959542,0.10324628891580917,0.04421097566261095,0.030667660517984703
1.0,43,scalar_gate_s1p5_p4,8,2.4834699630737305,2048,0.024880420752068956,0.004034037184204422,0.01739279602012618,1.430501497475071,0.1224500604786298,0.1018385154544208,0.030892321445526574,0.014364094215260855,0.011166444934779461
1.0,43,fourier_gate_s1p5_p4,0,0.12079870700836182,2048,0.024433256682308637,1.6743906337035321,0.08564007224731215,0.28530168227497593,0.8968427201864333,0.010241015676569185,0.012884079006810857,0.022492710379918956,0.0601806591398543
1.0,43,fourier_gate_s1p5_p4,1,0.17627345025539398,2048,0.03459752948456755,1.1134514310005141,0.14086563739221092,0.24560659451842012,0.8099170812916041,0.018040034507159526,0.023234833349442714,0.034169203493368806,0.0656146069012114
1.0,43,fourier_gate_s1p5_p4,2,0.25722402334213257,2048,0.04543453149565935,0.6866936008064684,0.2047461560410864,0.22190663978346925,0.6943128173292245,0.03213970330922794,0.0418257648375847,0.04687033494187042,0.05381198597234546
1.0,43,fourier_gate_s1p5_p4,3,0.37534967064857483,2048,0.05624786921455949,0.39923995398705253,0.2498246879809097,0.22514936241552577,0.5534592505947761,0.050915555498911205,0.0662647198295494,0.05672724498967622,0.03959155614616333
1.0,43,fourier_gate_s1p5_p4,4,0.547722578048706,2048,0.06906231617817862,0.23020770332503532,0.2520560642659154,0.27399585238829605,0.419631161621822,0.08844895561899527,0.10248771923739748,0.05921837486779652,0.03605724488944598
1.0,43,fourier_gate_s1p5_p4,5,0.7992547750473022,2048,0.09224564365534205,0.14440272418921443,0.22220872841974287,0.4151306040557234,0.31869751073125463,0.16545983197123215,0.14805223694022834,0.06841416923532721,0.04238938767121693
1.0,43,fourier_gate_s1p5_p4,6,1.166298747062683,2048,0.10190969203101295,0.07491967263246614,0.15901374912875643,0.6408860402913634,0.25173250522448126,0.22821047627652188,0.167351129825034,0.06839148153992171,0.042026606560481974
1.0,43,fourier_gate_s1p5_p4,7,1.7019013166427612,2048,0.06144753651357261,0.021214642996406567,0.0735397136673659,0.8355694283977158,0.18178177632882092,0.17085014901887902,0.10142701665084664,0.03740435488572435,0.02042347324956422
1.0,43,fourier_gate_s1p5_p4,8,2.4834699630737305,2048,0.017332961627905298,0.0028103146814164696,0.01739279602012618,0.9965598175157321,0.11457378257350878,0.057271876535993374,0.028572729402313608,0.009484028861770685,0.00481438997430569
1.0,43,scalar_gate_s1p5_p4_plateau_lo0p8_hi1,0,0.12079870700836182,2048,0.029677718388281517,2.033789205636683,0.08564007224731215,0.34654009051484613,0.9018409957171333,0.008895080549439108,0.013652710836897397,0.027332350900926474,0.07857280778677368
1.0,43,scalar_gate_s1p5_p4_plateau_lo0p8_hi1,1,0.17627345025539398,2048,0.03939998732224736,1.268008812158883,0.14086563739221092,0.2796990667961579,0.814775050752548,0.018275940906495827,0.0230562829921871,0.03831237652564025,0.08429979492717668
1.0,43,scalar_gate_s1p5_p4_plateau_lo0p8_hi1,2,0.25722402334213257,2048,0.05293218886134121,0.8000125492927116,0.2047461560410864,0.2585259224633224,0.7020292641252478,0.024560244560986776,0.04073724682154656,0.0564782387889047,0.07697808848371103
1.0,43,scalar_gate_s1p5_p4_plateau_lo0p8_hi1,3,0.37534967064857483,2048,0.06570454940349876,0.4663622221942386,0.2498246879809097,0.2630026277007481,0.5624633810170855,0.04412075373409786,0.07126867034731288,0.06872488927700467,0.056393603575363035
1.0,43,scalar_gate_s1p5_p4_plateau_lo0p8_hi1,4,0.547722578048706,2048,0.0871745936218644,0.290581956941716,0.2520560642659154,0.3458539824294665,0.43655596056806123,0.08812749847878876,0.12334806944689801,0.07864193180252045,0.05457130077436825
1.0,43,scalar_gate_s1p5_p4_plateau_lo0p8_hi1,5,0.7992547750473022,2048,0.13055953207961624,0.20437986395982952,0.22220872841974287,0.5875535718515738,0.35592431136848274,0.17671155289900112,0.20925113587011784,0.10080454930332651,0.077431048707272
1.0,43,scalar_gate_s1p5_p4_plateau_lo0p8_hi1,6,1.166298747062683,2048,0.1238927526908094,0.09108068416403269,0.15901374912875643,0.7791323289314505,0.2732572385879936,0.20908261258044214,0.21734108027295163,0.08847908745803423,0.04421965015213337
1.0,43,scalar_gate_s1p5_p4_plateau_lo0p8_hi1,7,1.7019013166427612,2048,0.0655968927046196,0.022647200186694378,0.0735397136673659,0.8919927673546134,0.18595265411569284,0.15876105993983503,0.11110732783164372,0.04164585747754966,0.02341327042816583
1.0,43,scalar_gate_s1p5_p4_plateau_lo0p8_hi1,8,2.4834699630737305,2048,0.019407966335338044,0.0031467497534192956,0.01739279602012618,1.1158623554763707,0.1172136287830539,0.05703899488881209,0.02891189205692761,0.012145439368925145,0.009042184395919759
1.0,43,fourier_gate_s1p5_p4_plateau_lo0p8_hi1,0,0.12079870700836182,2048,0.020727450124824177,1.4204348114875793,0.08564007224731215,0.24202980661865,0.8933888504262198,0.0076681887152186086,0.010739499610623574,0.019708974929785687,0.049586524781107096
1.0,43,fourier_gate_s1p5_p4_plateau_lo0p8_hi1,1,0.17627345025539398,2048,0.028447904203972953,0.915538193529345,0.14086563739221092,0.20195062990959045,0.8031512311048685,0.013540337438856997,0.018434738238430094,0.028892480189035608,0.05285156040198798
1.0,43,fourier_gate_s1p5_p4_plateau_lo0p8_hi1,2,0.25722402334213257,2048,0.03944766165113196,0.5962085649589889,0.2047461560410864,0.19266618926518944,0.6889793882653161,0.02171978355585655,0.031651706483060184,0.042742599098991634,0.050708417199831594
1.0,43,fourier_gate_s1p5_p4_plateau_lo0p8_hi1,3,0.37534967064857483,2048,0.05365175434864465,0.38081307321652447,0.2498246879809097,0.21475761575951388,0.5507971779552974,0.04034660834835861,0.05836034061727348,0.055643908977648905,0.045146764606114026
1.0,43,fourier_gate_s1p5_p4_plateau_lo0p8_hi1,4,0.547722578048706,2048,0.07689692096899733,0.2563230506687372,0.2520560642659154,0.30507863872647084,0.4277612203643075,0.08456234926277609,0.10251592062353784,0.06923084703585637,0.05605418516735854
1.0,43,fourier_gate_s1p5_p4_plateau_lo0p8_hi1,5,0.7992547750473022,2048,0.120293205936868,0.18830880191632735,0.22220872841974287,0.5413522987703671,0.34578862284581624,0.17521339668020058,0.17718583884616995,0.09756334578880732,0.07450789091115355
1.0,43,fourier_gate_s1p5_p4_plateau_lo0p8_hi1,6,1.166298747062683,2048,0.1400665085139369,0.10297094177699263,0.15901374912875643,0.8808452682951485,0.2899963177874482,0.23854915090171006,0.22529894682979976,0.10872711013454094,0.05222287739246925
1.0,43,fourier_gate_s1p5_p4_plateau_lo0p8_hi1,7,1.7019013166427612,2048,0.06867595678784283,0.023710241099233,0.0735397136673659,0.9338621727367232,0.18900524662191218,0.17380140350249132,0.11706836405656976,0.04357670557454661,0.019061378052198232
1.0,43,fourier_gate_s1p5_p4_plateau_lo0p8_hi1,8,2.4834699630737305,2048,0.017102133135368795,0.002772888838367225,0.01739279602012618,0.9832883175067975,0.1147020084726986,0.05666142540307738,0.02955276625778363,0.008949897359749381,0.0037876248102443333
1.0,44,scalar_gate_s1p5_p4_cap_lo1_hi2_d0p5,0,0.12079870700836182,2048,0.022906337447996958,1.5697521363637794,0.08564007224731215,0.2674721873406159,0.894969415696378,0.007382973538065464,0.012708321650030267,0.0206949675025641,0.05801429861042381
1.0,44,scalar_gate_s1p5_p4_cap_lo1_hi2_d0p5,1,0.17627345025539398,2048,0.03270857337543227,1.0526592035164097,0.14086563739221092,0.2321969642913132,0.8085299019337499,0.01471462832576598,0.02291996943040523,0.031570963686623474,0.06440480868523929
1.0,44,scalar_gate_s1p5_p4_cap_lo1_hi2_d0p5,2,0.25722402334213257,2048,0.042248572190303854,0.6385412859173746,0.2047461560410864,0.20634610684376334,0.6900901795942818,0.023911677374755358,0.03803338341660779,0.04398975233311823,0.05335161325710284
1.0,44,scalar_gate_s1p5_p4_cap_lo1_hi2_d0p5,3,0.37534967064857483,2048,0.05327357811279936,0.37812882819344745,0.2498246879809097,0.21324384929030812,0.5504949931199747,0.04344769005201822,0.0624759606898407,0.053959515248476975,0.0397812954970444
1.0,44,scalar_gate_s1p5_p4_cap_lo1_hi2_d0p5,4,0.547722578048706,2048,0.0685955545829998,0.22865183145781873,0.2520560642659154,0.27214403582304814,0.4191302996185937,0.09276138499949732,0.10153587519689738,0.05811100870357236,0.0362178076936314
1.0,44,scalar_gate_s1p5_p4_cap_lo1_hi2_d0p5,5,0.7992547750473022,2048,0.09625445755552184,0.15067818203214997,0.22220872841974287,0.4331713620794465,0.3233835603454174,0.18185960931014655,0.15551861419799903,0.06916732284246536,0.04566671479898418
1.0,44,scalar_gate_s1p5_p4_cap_lo1_hi2_d0p5,6,1.166298747062683,2048,0.10568466138964044,0.07769486960254329,0.15901374912875643,0.6646259330950406,0.2549096817484602,0.22752162569393528,0.17438889620960157,0.0714156548937841,0.04531728830278086
1.0,44,scalar_gate_s1p5_p4_cap_lo1_hi2_d0p5,7,1.7019013166427612,2048,0.06912282674225234,0.023864522085689215,0.0735397136673659,0.9399387527521255,0.18878031938998083,0.22238900806003667,0.10756722139690644,0.04035291729701181,0.02431568230611807
1.0,44,scalar_gate_s1p5_p4_cap_lo1_hi2_d0p5,8,2.4834699630737305,2048,0.023911804698973547,0.0038769886674473544,0.01739279602012618,1.3748108510732753,0.12144791846651323,0.09456889562121758,0.031208158512223312,0.013691458686190358,0.010296765678019343
1.0,44,fourier_gate_s1p5_p4_cap_lo1_hi2_d0p5,0,0.12079870700836182,2048,0.021545515686047904,1.4764961598079707,0.08564007224731215,0.25158217550107353,0.8939167996262336,0.008214836311613988,0.010378257474214454,0.020200183903081828,0.05388671667297588
1.0,44,fourier_gate_s1p5_p4_cap_lo1_hi2_d0p5,1,0.17627345025539398,2048,0.028858623304128028,0.9287563561155175,0.14086563739221092,0.20486630975712852,0.8039241664055194,0.014081938060039646,0.019520799874180678,0.029257912285825888,0.05216004282878052
1.0,44,fourier_gate_s1p5_p4_cap_lo1_hi2_d0p5,2,0.25722402334213257,2048,0.039556101685480766,0.5978475183102668,0.2047461560410864,0.19319582086582884,0.6877581105399326,0.025970351426062167,0.0354480364565246,0.041658026449389415,0.04646636312853604
1.0,44,fourier_gate_s1p5_p4_cap_lo1_hi2_d0p5,3,0.37534967064857483,2048,0.05175901026875743,0.3673786254780519,0.2498246879809097,0.20718132658175312,0.5490254612986192,0.045618532647048696,0.06061761867259651,0.052464016285909326,0.03675839349808566
1.0,44,fourier_gate_s1p5_p4_cap_lo1_hi2_d0p5,4,0.547722578048706,2048,0.06775611827798234,0.2258537106509932,0.2520560642659154,0.2688136803028894,0.41836975523897085,0.08452794190363641,0.09826392441043814,0.05869317131628756,0.0384401383279889
1.0,44,fourier_gate_s1p5_p4_cap_lo1_hi2_d0p5,5,0.7992547750473022,2048,0.09160379585185163,0.14339796594084472,0.22220872841974287,0.41224211354477464,0.31799765163261606,0.15922604069582663,0.14205614117398097,0.06895564046263243,0.04990252183624159
1.0,44,fourier_gate_s1p5_p4_cap_lo1_hi2_d0p5,6,1.166298747062683,2048,0.09851927144772729,0.07242717957195491,0.15901374912875643,0.6195644841249192,0.24782580060556683,0.21969134304902696,0.16452205991213376,0.06706183454587343,0.03270236936173065
1.0,44,fourier_gate_s1p5_p4_cap_lo1_hi2_d0p5,7,1.7019013166427612,2048,0.05980520760850011,0.020647632122079707,0.0735397136673659,0.8132368842094004,0.18013488134705058,0.16906628429123777,0.10104711467302854,0.035898749513085366,0.016098949697162176
1.0,44,fourier_gate_s1p5_p4_cap_lo1_hi2_d0p5,8,2.4834699630737305,2048,0.01671043172066456,0.002709379539719574,0.01739279602012618,0.9607674178049338,0.11399619665853548,0.05543968775161594,0.02817313847509678,0.008994871531100873,0.0039637048561638084
1.0,44,score,0,0.12079870700836182,2048,0.03341677562268596,2.290023668916454,0.08564007224731215,0.39020022690061146,0.9053724166783859,0.008848558995563643,0.016681201440446547,0.03302447856641996,0.07829992784096222
1.0,44,score,1,0.17627345025539398,2048,0.04626131169623342,1.4888266438535203,0.14086563739221092,0.32840735719974395,0.8210898546833676,0.013420234823909406,0.02698904412568955,0.05041186291129277,0.0830883032716005
1.0,44,score,2,0.25722402334213257,2048,0.061891087143525814,0.9354165672969463,0.2047461560410864,0.3022820469025369,0.7100095813021776,0.025733818274979742,0.049586673758644256,0.07013403430179416,0.07271294882349384
1.0,44,score,3,0.37534967064857483,2048,0.07690876407010636,0.5458882595432164,0.2498246879809097,0.30785093615721165,0.5741293804938552,0.05009971060908046,0.08539720744078946,0.08287769363470679,0.054162827200971306
1.0,44,score,4,0.547722578048706,2048,0.08990432551400394,0.2996810625662838,0.2520560642659154,0.3566838424452911,0.4397010764652588,0.09384866486793074,0.12658124410720178,0.08433923681310293,0.04353328346620783
1.0,44,score,5,0.7992547750473022,2048,0.10192407828505676,0.15955349197657867,0.22220872841974287,0.4586862046774621,0.32761845572895043,0.16946526108896134,0.1625748677839195,0.07864471452815736,0.044521836255418286
1.0,44,score,6,1.166298747062683,2048,0.09980444084220548,0.07337198146854262,0.15901374912875643,0.6276466116234511,0.24906501325534441,0.21026944947896134,0.15607508131236889,0.07013731668370544,0.05047409980693975
1.0,44,score,7,1.7019013166427612,2048,0.08173226172175685,0.02821790509588528,0.0735397136673659,1.1114030453184438,0.2013281772321928,0.16078762025625687,0.09935453947490167,0.06660668141687408,0.06362520545988994
1.0,44,score,8,2.4834699630737305,2048,0.10087309706978145,0.016355262980491284,0.01739279602012618,5.79970563404846,0.1972891030714856,0.12463150435984474,0.0897296422373477,0.10249980643740123,0.1013392217775095
1.0,44,scalar_gaussian,0,0.12079870700836182,2048,0.029281308294561346,2.0066235536460013,0.08564007224731215,0.34191129836979267,0.9008627594003215,0.010241018568326871,0.01565706547903017,0.030896560961763304,0.05797805751620629
1.0,44,scalar_gaussian,1,0.17627345025539398,2048,0.04346457995985972,1.3988194959333524,0.14086563739221092,0.30855346104629966,0.8197398600365333,0.014168996057778025,0.027404523849926667,0.04892109263458909,0.06767762288525297
1.0,44,scalar_gaussian,2,0.25722402334213257,2048,0.06369553363975172,0.9626888164247791,0.2047461560410864,0.31109513785924237,0.712022872317503,0.02128068692741497,0.051435348815040305,0.07356400710322308,0.07177432175075611
1.0,44,scalar_gaussian,3,0.37534967064857483,2048,0.0876809795797397,0.6223480238766788,0.2498246879809097,0.35097003538113025,0.5854901756127278,0.03695599113949854,0.09558087198162735,0.0974394300464746,0.06495201823551944
1.0,44,scalar_gaussian,4,0.547722578048706,2048,0.11112583838281512,0.3704194334892577,0.2520560642659154,0.4408774639342896,0.46041264706439017,0.0712358880912926,0.15371251021075572,0.10992885188292861,0.062099232072449016
1.0,44,scalar_gaussian,5,0.7992547750473022,2048,0.13239982682259244,0.2072606891529384,0.22220872841974287,0.595835401085122,0.3583784988698647,0.14000437678758643,0.20678454817060965,0.11502898234981268,0.061558762453844555
1.0,44,scalar_gaussian,6,1.166298747062683,2048,0.1237232683883229,0.0909560865108991,0.15901374912875643,0.7780664820885509,0.27390234879289405,0.20107640777002814,0.20292884322750504,0.09409288891092059,0.05187638037679384
1.0,44,scalar_gaussian,7,1.7019013166427612,2048,0.07050401333479389,0.02434137408228179,0.0735397136673659,0.9587202590113002,0.1905120130081911,0.16561992797135683,0.11175640524812021,0.0478366498375795,0.029956515013599787
1.0,44,scalar_gaussian,8,2.4834699630737305,2048,0.024508965865612874,0.003973810597236689,0.01739279602012618,1.4091446733033708,0.12215298492574944,0.0740351380741795,0.03293103198744554,0.01617347671323685,0.013511489442127225
1.0,44,fourier_gaussian,0,0.12079870700836182,2048,0.07135976981766926,4.890225308870109,0.08564007224731215,0.8332520973545642,0.9419875023254463,0.006784988419886546,0.023711364996419633,0.08207228535460506,0.15147342047023482
1.0,44,fourier_gaussian,1,0.17627345025539398,2048,0.1161235375390085,3.7372009207572208,0.14086563739221092,0.8243567394345208,0.8920008099573629,0.013240298209942696,0.047084860908143684,0.13851068488718496,0.21144265008358257
1.0,44,fourier_gaussian,2,0.25722402334213257,2048,0.1674050439161951,2.5301454337866223,0.2047461560410864,0.817622402066498,0.8162067956613722,0.027122910813646484,0.08943956932220258,0.20411984872716246,0.24524447674327682
1.0,44,fourier_gaussian,3,0.37534967064857483,2048,0.20126614581274058,1.4285605466567761,0.2498246879809097,0.8056295294087199,0.6976705750822703,0.05254484872200212,0.15100294879653253,0.24327857824640925,0.21453224969810597
1.0,44,fourier_gaussian,4,0.547722578048706,2048,0.20746849374191992,0.6915615939293196,0.2520560642659154,0.8231045515454996,0.5570041458398172,0.10198117987549456,0.21779526307361147,0.2321322790832595,0.1545395557885327
1.0,44,fourier_gaussian,5,0.7992547750473022,2048,0.1851472736389545,0.2898323392870885,0.22220872841974287,0.8332133258474849,0.41066021431680394,0.1753995081307943,0.2527837220106921,0.17838970308678248,0.0958487239019376
1.0,44,fourier_gaussian,6,1.166298747062683,2048,0.13463232211843384,0.09897595898722035,0.15901374912875643,0.8466709505064214,0.2851322609421053,0.21899269251701386,0.217720598208221,0.10563636342075985,0.04959324726192509
1.0,44,fourier_gaussian,7,1.7019013166427612,2048,0.06339539695230773,0.021887138041109647,0.0735397136673659,0.8620566193534169,0.1837197821779982,0.1568722496490334,0.10869926114053385,0.04044986895964747,0.017606714869552433
1.0,44,fourier_gaussian,8,2.4834699630737305,2048,0.015590150924380968,0.002527740554029095,0.01739279602012618,0.8963567965921483,0.11308262528091778,0.05050681126611556,0.026836396431234463,0.008321282603623218,0.003658850156318175
1.0,44,scalar_normalized,0,0.12079870700836182,2048,0.03915017684385645,2.682928856661782,0.08564007224731215,0.45714787267808726,0.9111765227742696,0.01198035033910611,0.019702189107622902,0.041625597923118964,0.07946713457814127
1.0,44,scalar_normalized,1,0.17627345025539398,2048,0.056006625864545925,1.80245984737741,0.14086563739221092,0.397588985513956,0.8320619940293401,0.016097527937293854,0.033254313266531874,0.06333197419838828,0.09095336451497328
1.0,44,scalar_normalized,2,0.25722402334213257,2048,0.079169623650011,1.19656288177887,0.2047461560410864,0.3866720879200488,0.7275041222380918,0.02417963327329641,0.06143001531284331,0.09220150463315388,0.09202514941127737
1.0,44,scalar_normalized,3,0.37534967064857483,2048,0.10175677754259842,0.722256180567673,0.2498246879809097,0.4073127374440037,0.5986185494054023,0.03805331076151697,0.10497584109667402,0.11593223747555846,0.07787307524477155
1.0,44,scalar_normalized,4,0.547722578048706,2048,0.11888009507319337,0.3962669538515823,0.2520560642659154,0.4716414795232882,0.46793805201512656,0.06558955680685064,0.15840405860478035,0.12223909021851341,0.06553158839379791
1.0,44,scalar_normalized,5,0.7992547750473022,2048,0.1291497829322495,0.2021730213466023,0.22220872841974287,0.5812093154517811,0.3548734244286693,0.12163595831993859,0.20156987197924953,0.115085759794561,0.057708059042356735
1.0,44,scalar_normalized,6,1.166298747062683,2048,0.11319477987515558,0.08321598940138049,0.15901374912875643,0.7118552986477895,0.26365807619120196,0.17489955736110924,0.18814306533551492,0.08678208057694557,0.0454542600244471
1.0,44,scalar_normalized,7,1.7019013166427612,2048,0.06058158411190852,0.020915674606532597,0.0735397136673659,0.8237941255242104,0.18079536461137194,0.13704403388338815,0.09800504669266082,0.04124457089676675,0.02462278401917359
1.0,44,scalar_normalized,8,2.4834699630737305,2048,0.018223000971748764,0.0029546230049873595,0.01739279602012618,1.0477326906301843,0.1156278236986826,0.0509959117152613,0.025491601988013167,0.01223106285585734,0.009730081634250468
1.0,44,fourier_normalized,0,0.12079870700836182,2048,0.05144035432684778,3.5251644346547484,0.08564007224731215,0.6006575307211076,0.9223068134661747,0.00598384408232005,0.018986513073864203,0.0600545812635763,0.10184705381813741
1.0,44,fourier_normalized,1,0.17627345025539398,2048,0.07950441189103838,2.5586885107047257,0.14086563739221092,0.564398907802298,0.8542327635072364,0.010752394209725614,0.03626148243081612,0.0965982893728718,0.12999942582301438
1.0,44,fourier_normalized,2,0.25722402334213257,2048,0.112486884706958,1.7001170994863821,0.2047461560410864,0.5493968086237735,0.7616361251681638,0.02070979080046923,0.06826555406596876,0.13959057438906458,0.13969814143991893
1.0,44,fourier_normalized,3,0.37534967064857483,2048,0.13471017304248373,0.9561550337474466,0.2498246879809097,0.5392188183290259,0.6304139134685005,0.03949044442886705,0.1142139011999122,0.16272069161969469,0.1182303242562675
1.0,44,fourier_normalized,4,0.547722578048706,2048,0.1374776827219287,0.4582589080304106,0.2520560642659154,0.5454250153525042,0.4881279341158764,0.07148945487730082,0.16173613772928652,0.15009710013854302,0.08333831238198756
1.0,44,fourier_normalized,5,0.7992547750473022,2048,0.1274457992564791,0.19950557955743173,0.22220872841974287,0.5735409232698518,0.352638884649069,0.12431395058094977,0.18817900768349305,0.11848953994610247,0.05505032426739325
1.0,44,fourier_normalized,6,1.166298747062683,2048,0.0959869913117132,0.07056555488226261,0.15901374912875643,0.6036395710284821,0.2466563901976731,0.16266186522187212,0.16204506611374267,0.07260970657161737,0.029823004065045684
1.0,44,fourier_normalized,7,1.7019013166427612,2048,0.04613799731102167,0.015929054231593024,0.0735397136673659,0.6273888625636019,0.1663464560377278,0.12098433790792865,0.08007631127738646,0.02843144365279681,0.011113341525829844
1.0,44,fourier_normalized,8,2.4834699630737305,2048,0.011517344049266225,0.0018673877994668535,0.01739279602012618,0.6621904859885012,0.1089399695145051,0.038994028867018575,0.019972530491137234,0.005928456107751315,0.002334653255133902
1.0,44,scalar_gate_s1p5_p4,0,0.12079870700836182,2048,0.024006606566966366,1.645152658337158,0.08564007224731215,0.28031978415010994,0.8954340270974731,0.009998286585921844,0.013898623449717047,0.021829783372479324,0.057982308610718736
1.0,44,scalar_gate_s1p5_p4,1,0.17627345025539398,2048,0.03440590715956984,1.107284454480543,0.14086563739221092,0.24424627465230422,0.8102143344523564,0.014461823929509987,0.022618820781857913,0.03428349115227281,0.06690323409754641
1.0,44,scalar_gate_s1p5_p4,2,0.25722402334213257,2048,0.04484186408186967,0.6777360764949263,0.2047461560410864,0.21901199489611545,0.6931340731028222,0.02528831823692741,0.04084224558037313,0.04702403564369587,0.054571618764821445
1.0,44,scalar_gate_s1p5_p4,3,0.37534967064857483,2048,0.055647242048568996,0.3949767816133807,0.2498246879809097,0.2227451678147248,0.552763994447686,0.04424969977473085,0.06593960651310612,0.05658234462861778,0.040149063405784356
1.0,44,scalar_gate_s1p5_p4,4,0.547722578048706,2048,0.07038525020334715,0.23461748307813343,0.2520560642659154,0.2792444228958989,0.42035336290654257,0.09246096828363107,0.10407093540723111,0.06039120492692362,0.03599058195166252
1.0,44,scalar_gate_s1p5_p4,5,0.7992547750473022,2048,0.09491386086835962,0.1485795917248553,0.22220872841974287,0.4271383106475969,0.3219708409811568,0.1761503360109881,0.15267182917217226,0.06928311764048423,0.043928905443206205
1.0,44,scalar_gate_s1p5_p4,6,1.166298747062683,2048,0.10527675117290473,0.07739499135453547,0.15901374912875643,0.6620606818575177,0.2546146473939527,0.2279687472205365,0.1704080198600685,0.07185731533442631,0.0475768110924033
1.0,44,scalar_gate_s1p5_p4,7,1.7019013166427612,2048,0.06801750459693898,0.02348291175532771,0.0735397136673659,0.9249084774057602,0.18758678225396522,0.1927213298570791,0.10228406137766327,0.0436981361728965,0.029692448110845135
1.0,44,scalar_gate_s1p5_p4,8,2.4834699630737305,2048,0.02486935063970072,0.0040322423092152984,0.01739279602012618,1.4298650206052552,0.12241652227969449,0.10183468922101169,0.030934998195029206,0.014390754286305865,0.010913264220102328
1.0,44,fourier_gate_s1p5_p4,0,0.12079870700836182,2048,0.02350132766545064,1.6105263180540585,0.08564007224731215,0.27441975524709156,0.895557235391711,0.010320130281232411,0.012488691042115571,0.021629763272225128,0.05747259013924175
1.0,44,fourier_gate_s1p5_p4,1,0.17627345025539398,2048,0.03306949853749081,1.0642748490311402,0.14086563739221092,0.23475915879623435,0.8087333408806103,0.01725918802506948,0.02159965436751505,0.03315980244606628,0.06190269035861892
1.0,44,fourier_gate_s1p5_p4,2,0.25722402334213257,2048,0.043451082135674515,0.6567159177933752,0.2047461560410864,0.21221928155249561,0.6915956975348067,0.03011982966125602,0.04005684228643465,0.04510114346692088,0.05065797265762498
1.0,44,fourier_gate_s1p5_p4,3,0.37534967064857483,2048,0.05545573298117787,0.3936174755219502,0.2498246879809097,0.22197859398673803,0.552668246148792,0.04954167769102958,0.06654869565541971,0.05584115293785848,0.03756446577403691
1.0,44,fourier_gate_s1p5_p4,4,0.547722578048706,2048,0.06931720598489205,0.2310573359503454,0.2520560642659154,0.2750070948968061,0.4199071059668563,0.08716209413279272,0.10438307185271137,0.059423906965004714,0.034438747323953925
1.0,44,fourier_gate_s1p5_p4,5,0.7992547750473022,2048,0.09135364303058474,0.14300637293522245,0.22220872841974287,0.4111163574907894,0.3182711871273202,0.16306502931097303,0.14786122655251546,0.06727220085925717,0.042030394816396366
1.0,44,fourier_gate_s1p5_p4,6,1.166298747062683,2048,0.10024605283300093,0.07369663582792288,0.15901374912875643,0.6304238053769162,0.2500466604977855,0.22517291711273826,0.16492681817549043,0.06721727087920058,0.0406296105608558
1.0,44,fourier_gate_s1p5_p4,7,1.7019013166427612,2048,0.06073628564074202,0.020969085009803625,0.0735397136673659,0.8258977715831718,0.18089605116718793,0.16985554571566902,0.09961621588557278,0.03717043281390583,0.020021153620797996
1.0,44,fourier_gate_s1p5_p4,8,2.4834699630737305,2048,0.017306787695902826,0.002806070918177617,0.01739279602012618,0.9950549455002042,0.1146070610299032,0.05634544969184241,0.028702678698928986,0.009539163218047887,0.004703639498008546
1.0,44,scalar_gate_s1p5_p4_plateau_lo0p8_hi1,0,0.12079870700836182,2048,0.029488139115692463,2.02079749673374,0.08564007224731215,0.3443264156823263,0.9018152461497446,0.00847506149946476,0.01454011822966261,0.026377423081216017,0.079487924385672
1.0,44,scalar_gate_s1p5_p4_plateau_lo0p8_hi1,1,0.17627345025539398,2048,0.03993424522632183,1.2852028209993236,0.14086563739221092,0.28349174408754685,0.8152943574213829,0.016330154457590017,0.025515287151859623,0.03814139426914306,0.08545432473511436
1.0,44,scalar_gate_s1p5_p4_plateau_lo0p8_hi1,2,0.25722402334213257,2048,0.05344817918872263,0.8078111827159419,0.2047461560410864,0.2610460690553682,0.7021456226360252,0.024376981695770298,0.04196789677941135,0.05582500224355113,0.08102912609423078
1.0,44,scalar_gate_s1p5_p4_plateau_lo0p8_hi1,3,0.37534967064857483,2048,0.06599637043381854,0.4684335293627449,0.2498246879809097,0.2641707309521853,0.5630374292630763,0.04518113400140135,0.07297252954684125,0.06848358919974092,0.055762170246303255
1.0,44,scalar_gate_s1p5_p4_plateau_lo0p8_hi1,4,0.547722578048706,2048,0.08832666267228834,0.2944221868217232,0.2520560642659154,0.3504246681369467,0.4399334200488562,0.09091241969347122,0.12576597438929496,0.07863004766310087,0.05696301130943868
1.0,44,scalar_gate_s1p5_p4_plateau_lo0p8_hi1,5,0.7992547750473022,2048,0.13188266802128637,0.20645112095234078,0.22220872841974287,0.5935080451572793,0.3585652197605221,0.1895823546203967,0.21331065878702965,0.10001269634439916,0.07546408488425549
1.0,44,scalar_gate_s1p5_p4_plateau_lo0p8_hi1,6,1.166298747062683,2048,0.12278241368815265,0.09026441013815507,0.15901374912875643,0.7721496685719511,0.27259078376988427,0.2084826126195845,0.21582500876274946,0.08719455965502693,0.04420513827432672
1.0,44,scalar_gate_s1p5_p4_plateau_lo0p8_hi1,7,1.7019013166427612,2048,0.06540254626623429,0.022580102455167634,0.0735397136673659,0.8893500260561583,0.18553495066572512,0.15718646763516247,0.11157306760113962,0.0414592689123454,0.02278293313613391
1.0,44,scalar_gate_s1p5_p4_plateau_lo0p8_hi1,8,2.4834699630737305,2048,0.01913917428755886,0.0031031686127961206,0.01739279602012618,1.1004081382551631,0.11662447435816757,0.05582025389949689,0.029120122529245566,0.011784791393728556,0.008800113005731445
1.0,44,fourier_gate_s1p5_p4_plateau_lo0p8_hi1,0,0.12079870700836182,2048,0.020211585806374895,1.385083061440327,0.08564007224731215,0.23600617416584727,0.8931126945881979,0.007776792503475269,0.010638615040106339,0.018897604734098624,0.04910234749884024
1.0,44,fourier_gate_s1p5_p4_plateau_lo0p8_hi1,1,0.17627345025539398,2048,0.02809627269599463,0.9042216454527554,0.14086563739221092,0.1994544107145622,0.8019115246336543,0.013497954543766452,0.018201678429594276,0.027994171672219494,0.05418255423287253
1.0,44,fourier_gate_s1p5_p4_plateau_lo0p8_hi1,2,0.25722402334213257,2048,0.03906467844963353,0.5904201897952552,0.2047461560410864,0.1907956623214671,0.6876112907253052,0.020931509563523687,0.030157269829961367,0.042463434396630334,0.052134309577123866
1.0,44,fourier_gate_s1p5_p4_plateau_lo0p8_hi1,3,0.37534967064857483,2048,0.052775171573504295,0.37459120434042686,0.2498246879809097,0.2112488241255688,0.5499772029122257,0.0395505336755867,0.056733276697892424,0.05509768939225296,0.0443116050914958
1.0,44,fourier_gate_s1p5_p4_plateau_lo0p8_hi1,4,0.547722578048706,2048,0.07638982530978397,0.2546327319314909,0.2520560642659154,0.30306680195241736,0.4273348424067609,0.0845282666690356,0.10169961532537475,0.0686083787220002,0.05626986274744376
1.0,44,fourier_gate_s1p5_p4_plateau_lo0p8_hi1,5,0.7992547750473022,2048,0.12022167316257953,0.18819682343076696,0.22220872841974287,0.5410303817385872,0.3460415433514036,0.17850962885462404,0.176761760043796,0.09707757277812575,0.0747570336638844
1.0,44,fourier_gate_s1p5_p4_plateau_lo0p8_hi1,6,1.166298747062683,2048,0.1403444763320082,0.10317529189833266,0.15901374912875643,0.8825933424056849,0.29004031158550697,0.2393288054729687,0.22581045570521668,0.10896817435989142,0.05194635981821175
1.0,44,fourier_gate_s1p5_p4_plateau_lo0p8_hi1,7,1.7019013166427612,2048,0.06909740942304618,0.023855746805450516,0.0735397136673659,0.9395931256353117,0.18936134921483042,0.17499096427978206,0.11751512984312532,0.04397771801757803,0.019088321287598606
1.0,44,fourier_gate_s1p5_p4_plateau_lo0p8_hi1,8,2.4834699630737305,2048,0.017192401262855844,0.0027875246432219713,0.01739279602012618,0.9884782896873827,0.11473821275918335,0.056976916162131595,0.029680734780779056,0.009007978842831844,0.0038073403181520557
