spectrum_lambda,seed,method,noise_bin,sigma,n,score_error,unweighted_score_error,reference_error,relative_to_gaussian,dsm_pixel_mean,frequency_band_0,frequency_band_1,frequency_band_2,frequency_band_3
1.0,42,scalar_gate_s1p5_p4_cap_lo1_hi2_d0p5,0,0.6000000238418579,1024,0.07790348289016179,0.21639854638597109,0.2487359788356549,0.31319748455704616,0.3942617601233851,0.1120233655434004,0.11782455376347487,0.06374040188342159,0.04148217255571347
1.0,42,scalar_gate_s1p5_p4_cap_lo1_hi2_d0p5,1,0.800000011920929,1024,0.09724083751765447,0.15193880409320584,0.2204068911372617,0.44118782773037835,0.329476537243334,0.17647259448081482,0.1553707409918981,0.07114120871405834,0.048479741841939955
1.0,42,scalar_gate_s1p5_p4_cap_lo1_hi2_d0p5,2,1.0,1024,0.1105950142035184,0.1105950142035184,0.18655748318132864,0.5928200376503961,0.28500643918397134,0.2210943571598259,0.18214836524357741,0.07665365953675086,0.050223428342142266
1.0,42,scalar_gate_s1p5_p4_cap_lo1_hi2_d0p5,3,1.0594631433486938,1024,0.11390969553738337,0.10148199235298981,0.17966885811214628,0.6339979934991452,0.2731681402326774,0.2345092881102059,0.18506705737633683,0.07916385199223584,0.051670020898233214
1.0,42,scalar_gate_s1p5_p4_cap_lo1_hi2_d0p5,4,1.1224620342254639,1024,0.10754132567691031,0.08535560889676218,0.16478983591935376,0.6525968369162027,0.2635335341677309,0.225545754192943,0.17736973272668088,0.07344571305994135,0.046649567188071735
1.0,42,scalar_gate_s1p5_p4_cap_lo1_hi2_d0p5,5,1.1892070770263672,1024,0.1069629869814922,0.07563425826121747,0.15502431360219943,0.6899755560664173,0.25392981172526363,0.24052544294273037,0.1745170353905046,0.07213783139221899,0.04422723539092565
1.0,42,scalar_gate_s1p5_p4_cap_lo1_hi2_d0p5,6,1.2599210739135742,1024,0.10380720034817262,0.0653944359313445,0.1435283591534027,0.7232521918349515,0.24147202162437542,0.2419617895813347,0.17285073900105877,0.06776983691910951,0.04045173278996786
1.0,42,scalar_gate_s1p5_p4_cap_lo1_hi2_d0p5,7,1.3348398208618164,1024,0.10003198574975669,0.056141056612335045,0.12872578033494197,0.7770936442527318,0.2374725436773689,0.25434311322791253,0.16155910393617187,0.06483358054750452,0.03789379113899585
1.0,42,scalar_gate_s1p5_p4_cap_lo1_hi2_d0p5,8,1.4142135381698608,1024,0.09339919929589652,0.04669960124640751,0.11574789917338583,0.8069191748870376,0.22612568819910597,0.25911135547639363,0.15261091145994707,0.05707574438136271,0.03329356502554712
1.0,42,scalar_gate_s1p5_p4_cap_lo1_hi2_d0p5,9,1.4983071088790894,1024,0.08760451048892204,0.03902337138194239,0.10213604822374311,0.8577237127582248,0.21412888189226503,0.2629206749644729,0.13971724616899206,0.052281903710159394,0.031002736846594863
1.0,42,scalar_gate_s1p5_p4_cap_lo1_hi2_d0p5,10,1.587401032447815,1024,0.08042466646036996,0.03191655082080593,0.08923298266626312,0.9012885600962504,0.20480988465532324,0.2517423804659873,0.12555582913210248,0.04772346786354692,0.028552841962167348
1.0,42,scalar_gate_s1p5_p4_cap_lo1_hi2_d0p5,11,1.6817928552627563,1024,0.07314477431315848,0.025860582201281828,0.07698999767159165,0.9500555465031271,0.19342451690203205,0.2406242035490626,0.11269100940932217,0.04260186260833412,0.025180562118257227
1.0,42,scalar_gate_s1p5_p4_cap_lo1_hi2_d0p5,12,1.7817974090576172,1024,0.06339231170727111,0.019967327590510713,0.06426913678089384,0.9863569806980292,0.18377038348945007,0.21700001046226483,0.09656178186696673,0.03620725399189562,0.021785861262012072
1.0,42,scalar_gate_s1p5_p4_cap_lo1_hi2_d0p5,13,1.8877485990524292,1024,0.056508549322039595,0.015857175946778476,0.05339679810560009,1.0582759889513516,0.1726860062292657,0.20063280777333975,0.08385189173997959,0.03205067018052813,0.02022556264068957
1.0,42,scalar_gate_s1p5_p4_cap_lo1_hi2_d0p5,14,2.0,1024,0.04816117018801475,0.012040292547003688,0.04398673827316609,1.0949020563635485,0.1595870863224756,0.1784768068809113,0.06930157979927859,0.026998183626354283,0.01812970417154275
1.0,42,scalar_gate_s1p5_p4_cap_lo1_hi2_d0p5,15,2.4000000953674316,1024,0.02844181260123744,0.0049378142952926024,0.021520487781540577,1.321615610666302,0.12663922824688495,0.11601758785833112,0.03723450980409308,0.015964642549089737,0.011293118183666703
1.0,42,fourier_gate_s1p5_p4_cap_lo1_hi2_d0p5,0,0.6000000238418579,1024,0.07514036144481037,0.20872320964775368,0.2487359788356549,0.30208883249036195,0.391266276485211,0.09738558111263497,0.11150761168530465,0.06291654110140713,0.044307893610219216
1.0,42,fourier_gate_s1p5_p4_cap_lo1_hi2_d0p5,1,0.800000011920929,1024,0.09121058807102807,0.14251653961365746,0.2204068911372617,0.41382820473714366,0.32293087929942726,0.14922298765718828,0.14130799594861215,0.06959021284273008,0.051596391825470836
1.0,42,fourier_gate_s1p5_p4_cap_lo1_hi2_d0p5,2,1.0,1024,0.10318564723404988,0.10318564723404988,0.18655748318132864,0.5531037698110256,0.2762725058584836,0.1954665945084359,0.16230103033522636,0.07526423702024762,0.05230532293166367
1.0,42,fourier_gate_s1p5_p4_cap_lo1_hi2_d0p5,3,1.0594631433486938,1024,0.10407943749719965,0.09272422887591647,0.17966885811214628,0.5792847942086603,0.2636245037287409,0.21626544403086206,0.16849078984395133,0.07323205933430851,0.04377934719963971
1.0,42,fourier_gate_s1p5_p4_cap_lo1_hi2_d0p5,4,1.1224620342254639,1024,0.09834552237460416,0.07805689479571662,0.16478983591935376,0.5967936179190889,0.2534403015829177,0.2140292879583361,0.1636138595976777,0.06767673096548374,0.03390404286596613
1.0,42,fourier_gate_s1p5_p4_cap_lo1_hi2_d0p5,5,1.1892070770263672,1024,0.09865959070396729,0.06976287007150454,0.15502431360219943,0.6364136593252915,0.24571578262497087,0.22668045008535692,0.16240337776703356,0.06736762569911126,0.03242869295386694
1.0,42,fourier_gate_s1p5_p4_cap_lo1_hi2_d0p5,6,1.2599210739135742,1024,0.09710880649504475,0.0611747123842101,0.1435283591534027,0.6765827120705472,0.23395010191419474,0.22404366050142502,0.16477674770125217,0.0641406705402616,0.030837172398534576
1.0,42,fourier_gate_s1p5_p4_cap_lo1_hi2_d0p5,7,1.3348398208618164,1024,0.09277158215818532,0.052066292665506164,0.12872578033494197,0.7206915500282497,0.2303855095473134,0.2277464154671541,0.15205534900858647,0.06214904106773128,0.028077355594204736
1.0,42,fourier_gate_s1p5_p4_cap_lo1_hi2_d0p5,8,1.4142135381698608,1024,0.08622554966474039,0.04311277630805766,0.11574789917338583,0.7449426752495774,0.21916092462869236,0.2180995426173054,0.1453084454614372,0.05507194539415956,0.025617354963604105
1.0,42,fourier_gate_s1p5_p4_cap_lo1_hi2_d0p5,9,1.4983071088790894,1024,0.07840905615244965,0.03492726231637971,0.10213604822374311,0.7676922841256183,0.20448925544922206,0.2024339051897679,0.13205713493938268,0.049612963849350135,0.022917237544434615
1.0,42,fourier_gate_s1p5_p4_cap_lo1_hi2_d0p5,10,1.587401032447815,1024,0.07089066930773412,0.028132981450363297,0.08923298266626312,0.794444690623753,0.19543119225208963,0.19275006868997208,0.11912251909189511,0.04379631240794839,0.01980195165606188
1.0,42,fourier_gate_s1p5_p4_cap_lo1_hi2_d0p5,11,1.6817928552627563,1024,0.06269318789672487,0.02216538849545671,0.07698999767159165,0.8143030236752155,0.18246449616976668,0.17777783326427155,0.1047057336031807,0.03816521622737468,0.016729529965267234
1.0,42,fourier_gate_s1p5_p4_cap_lo1_hi2_d0p5,12,1.7817974090576172,1024,0.0538441366423793,0.01695984081052675,0.06426913678089384,0.837791502100683,0.17378511414919157,0.1615471772302385,0.09067689636703943,0.031164359625709705,0.014207809979369138
1.0,42,fourier_gate_s1p5_p4_cap_lo1_hi2_d0p5,13,1.8877485990524292,1024,0.04559676648739511,0.012795160333602767,0.05339679810560009,0.8539232333223564,0.16201698116868138,0.1367610791210244,0.07777860629687508,0.02605809255594153,0.011550534659572405
1.0,42,fourier_gate_s1p5_p4_cap_lo1_hi2_d0p5,14,2.0,1024,0.038084610237424876,0.009521152559356219,0.04398673827316609,0.8658202843073322,0.14910972855235133,0.1176078714058763,0.06465944825669435,0.02148367860004568,0.009375494850794218
1.0,42,fourier_gate_s1p5_p4_cap_lo1_hi2_d0p5,15,2.4000000953674316,1024,0.020061058888716423,0.003482822446945625,0.021520487781540577,0.9321842094083019,0.11829254492093919,0.0674919133907991,0.03371191111475283,0.010739726608092704,0.004656324379184282
1.0,42,score,0,0.6000000238418579,1024,0.09584106381306096,0.26622515610082775,0.2487359788356549,0.38531242750525113,0.41112514046004944,0.10667053533743602,0.14176525457346184,0.08535593994281934,0.04779215290194158
1.0,42,score,1,0.800000011920929,1024,0.10151209464581873,0.1586126431570666,0.2204068911372617,0.46056679136497847,0.3342176403456352,0.15823762603051109,0.16431083778771507,0.07803751325093865,0.04703745244938763
1.0,42,score,2,1.0,1024,0.10188668662041254,0.10188668662041254,0.18655748318132864,0.5461409796217155,0.2755135334549549,0.19535677559395176,0.16564189999431408,0.0729044592207578,0.04610467248020598
1.0,42,score,3,1.0594631433486938,1024,0.10526896581745901,0.0937839780336219,0.17966885811214628,0.5859054647731544,0.2641787558321684,0.21539874500584938,0.1686190520264376,0.07409078539379228,0.04924761683068779
1.0,42,score,4,1.1224620342254639,1024,0.09989448434540722,0.07928630675752407,0.16478983591935376,0.6061932387279907,0.2546582416713607,0.20984322385350654,0.1592243625785172,0.06946874138377024,0.048278207837118524
1.0,42,score,5,1.1892070770263672,1024,0.09965838056402931,0.07046912119964187,0.15502431360219943,0.6428564542447063,0.24618294043867056,0.21241276276302004,0.15610335319235955,0.06966125528380511,0.04999291239507216
1.0,42,score,6,1.2599210739135742,1024,0.09660798503279382,0.060859214644974645,0.1435283591534027,0.6730933566204814,0.23436778908844674,0.20631959086825838,0.1498928706837908,0.06718664881736258,0.052075677447392395
1.0,42,score,7,1.3348398208618164,1024,0.09333915975027089,0.05238483483469675,0.12872578033494197,0.7251007491071657,0.2298763920342275,0.20496022201423716,0.13866276087476115,0.06660074791941385,0.051763945632211344
1.0,42,score,8,1.4142135381698608,1024,0.08889862727282813,0.044449315157849306,0.11574789917338583,0.7680366374482656,0.2208101181435607,0.19425339078114445,0.12926649040379493,0.06386061743048514,0.05319115027311822
1.0,42,score,9,1.4983071088790894,1024,0.08666548580773767,0.038605083457426206,0.10213604822374311,0.8485298512615738,0.21397496963083082,0.1842892587297135,0.12032728602567327,0.06453838298352724,0.05617813335510505
1.0,42,score,10,1.587401032447815,1024,0.08374269660604118,0.03323331198911572,0.08923298266626312,0.9384724583200816,0.20977440021231786,0.17444571074063697,0.10981138276073106,0.06449276123632185,0.05972978031964571
1.0,42,score,11,1.6817928552627563,1024,0.08157031929325359,0.028839462108894716,0.07698999767159165,1.059492424473108,0.20137575535334787,0.16350037581383456,0.10104853316271223,0.06580914295757559,0.060967907170899206
1.0,42,score,12,1.7817974090576172,1024,0.07993532864376143,0.02517805156649693,0.06426913678089384,1.2437591766056657,0.19994713376725665,0.15297639193842225,0.09156469135435825,0.06699279793417924,0.0675765424529772
1.0,42,score,13,1.8877485990524292,1024,0.08043752503612814,0.02257201790745324,0.05339679810560009,1.5064110188227202,0.1973060470558924,0.1375799672353367,0.08865841624915052,0.07043613822744622,0.07185982293510418
1.0,42,score,14,2.0,1024,0.0828125614954431,0.020703140373860774,0.04398673827316609,1.8826711128513596,0.19539674047117533,0.130241622175122,0.0851664857503419,0.0756047623755894,0.07950779245080433
1.0,42,score,15,2.4000000953674316,1024,0.09595556244791342,0.016658950489939397,0.021520487781540577,4.4588005356560885,0.1941543580727284,0.12371808147460513,0.090545332684235,0.09499071735830711,0.09379509735147025
1.0,42,scalar_gaussian,0,0.6000000238418579,1024,0.11622284494296944,0.32284121029557816,0.2487359788356549,0.46725385481832654,0.4315561337839624,0.08503435891240363,0.16584434392697528,0.11110259785220722,0.06467693910904192
1.0,42,scalar_gaussian,1,0.800000011920929,1024,0.1289776661534806,0.20152759735882297,0.2204068911372617,0.58517982576669,0.3619565434787776,0.13219127947279624,0.20366415638303614,0.11143125771362895,0.060702774674090625
1.0,42,scalar_gaussian,2,1.0,1024,0.12903981379547713,0.12903981379547713,0.18655748318132864,0.6916892938036372,0.3036189353198502,0.18045665051841747,0.20908042478435868,0.10305946411688836,0.05632847264383394
1.0,42,scalar_gaussian,3,1.0594631433486938,1024,0.13046361831827585,0.11622985957480315,0.17966885811214628,0.7261337311825217,0.28949086797329343,0.19404975597972873,0.2113953601303855,0.10271162391016332,0.05610020193769901
1.0,42,scalar_gaussian,4,1.1224620342254639,1024,0.12306694547823188,0.09767830180853421,0.16478983591935376,0.7468115056468617,0.2781417803545376,0.19393525044179333,0.20208992822712066,0.09404561811849783,0.05284648785944632
1.0,42,scalar_gaussian,5,1.1892070770263672,1024,0.11984487345773294,0.08474312812481115,0.15502431360219943,0.7730714664879034,0.2665336091514654,0.20791880362213008,0.19373295571784002,0.09015925213754047,0.05170400211360456
1.0,42,scalar_gaussian,6,1.2599210739135742,1024,0.11327764719978986,0.07136044337400828,0.1435283591534027,0.78923529724686,0.2514194246902718,0.20318258270107742,0.18617993224841178,0.08323509676624091,0.047220477917153794
1.0,42,scalar_gaussian,7,1.3348398208618164,1024,0.10697972900400496,0.060040345869078304,0.12872578033494197,0.8310668517654023,0.24430876380598202,0.20963946125339192,0.17247418620532146,0.0777661886535478,0.04387421738706541
1.0,42,scalar_gaussian,8,1.4142135381698608,1024,0.09881711509553255,0.04940855923894921,0.11574789917338583,0.8537270723808851,0.23104925191553172,0.20321605076167137,0.16277350318069236,0.06894522434840591,0.03996682595209423
1.0,42,scalar_gaussian,9,1.4983071088790894,1024,0.08961477206315265,0.03991884107349405,0.10213604822374311,0.8774059073329243,0.215652256433919,0.194875572520116,0.14471805354352518,0.06218361587880565,0.03680397254059943
1.0,42,scalar_gaussian,10,1.587401032447815,1024,0.08043365504781502,0.031920117944185165,0.08923298266626312,0.9013892917671695,0.2053841867703213,0.18080727207228953,0.12798654793292688,0.05566964259295967,0.033684994179028385
1.0,42,scalar_gaussian,11,1.6817928552627563,1024,0.07176120073859436,0.025371415087260124,0.07698999767159165,0.9320847241053153,0.19166118631474593,0.16988028980971742,0.1121611397228035,0.04920689457206866,0.03063363857847351
1.0,42,scalar_gaussian,12,1.7817974090576172,1024,0.06276790600645064,0.019770652112966414,0.06426913678089384,0.9766414977758113,0.18233192429739306,0.15696439430197126,0.09737895033090052,0.04202585359858368,0.02726464280630356
1.0,42,scalar_gaussian,13,1.8877485990524292,1024,0.05415043567408008,0.015195452659473883,0.05339679810560009,1.0141139093581895,0.1700182243783365,0.13725226575689733,0.08334621227181793,0.03618690894917675,0.023941361526171386
1.0,42,scalar_gaussian,14,2.0,1024,0.04611757716975377,0.011529394292438443,0.04398673827316609,1.0484427575273885,0.15770883362808327,0.1222220502495226,0.06926848706895192,0.030560681486772594,0.021450635995903276
1.0,42,scalar_gaussian,15,2.4000000953674316,1024,0.027214751977348538,0.004724782953908767,0.021520487781540577,1.2645973573467175,0.1256691186643786,0.08052128250134542,0.03702036111942411,0.018158538948728452,0.014380179097336262
1.0,42,fourier_gaussian,0,0.6000000238418579,1024,0.21656958996864586,0.6015821465478951,0.2487359788356549,0.8706805946707772,0.5315176152263806,0.11933138746314202,0.24800992653907988,0.235001436490759,0.1450654617073933
1.0,42,fourier_gaussian,1,0.800000011920929,1024,0.1909863516276554,0.2984161655247167,0.2204068911372617,0.8665171521734127,0.4230156107866748,0.16921648929155553,0.26592599980963344,0.1842917502216355,0.09514539480249205
1.0,42,fourier_gaussian,2,1.0,1024,0.16425016440786816,0.16425016440786816,0.18655748318132864,0.8804265666910912,0.33909668507026836,0.20851632719142804,0.25485118910073423,0.14061968877659853,0.06786004912559182
1.0,42,fourier_gaussian,3,1.0594631433486938,1024,0.15883322852853476,0.14150430660789134,0.17966885811214628,0.8840331607684273,0.3176776459805545,0.22606333388181707,0.2518608859034034,0.13101826361673585,0.06117942433262976
1.0,42,fourier_gaussian,4,1.1224620342254639,1024,0.1455097373024498,0.11549115793097542,0.16478983591935376,0.8830018944473043,0.3015781144214327,0.21841330085276459,0.23546371148228987,0.11666849587559269,0.05404538217846373
1.0,42,fourier_gaussian,5,1.1892070770263672,1024,0.13864318248386864,0.09803554076099656,0.15502431360219943,0.8943318584182502,0.2859911859089109,0.223625227191886,0.2275385134717911,0.10777524170272938,0.0500070121740785
1.0,42,fourier_gaussian,6,1.2599210739135742,1024,0.13036842272015176,0.08212695688207604,0.1435283591534027,0.9083112458689391,0.2683154174912365,0.22696853328441002,0.21780974467764186,0.09772705447563695,0.04456229118374852
1.0,42,fourier_gaussian,7,1.3348398208618164,1024,0.11567244030081392,0.0649189653763395,0.12872578033494197,0.8985957591388181,0.25304067386533724,0.2227621789329337,0.1945046795792414,0.08376437259228967,0.03657352702019022
1.0,42,fourier_gaussian,8,1.4142135381698608,1024,0.1044983394893561,0.052249171533091006,0.11574789917338583,0.9028098154319127,0.23783293561385083,0.21124598011777582,0.1792677288942199,0.07275973356247387,0.032172135922031365
1.0,42,fourier_gaussian,9,1.4983071088790894,1024,0.09275259183524713,0.04131658082014247,0.10213604822374311,0.9081278691345075,0.21914306782539217,0.20084118582524052,0.15894534841452443,0.06289617565685028,0.027818266818257102
1.0,42,fourier_gaussian,10,1.587401032447815,1024,0.08019997323855006,0.03182738125444113,0.08923298266626312,0.898770508865572,0.2045386256913218,0.1851863472754156,0.1384354085113961,0.0525828627905091,0.0226758533144978
1.0,42,fourier_gaussian,11,1.6817928552627563,1024,0.06961353563244173,0.02461210082947461,0.07698999767159165,0.9041893458600305,0.18989391409232448,0.17110595073326626,0.11917368215390878,0.044851069608649714,0.018669027294812075
1.0,42,fourier_gaussian,12,1.7817974090576172,1024,0.05917584386957698,0.01863922340369914,0.06426913678089384,0.9207505629229018,0.17917820094493775,0.15348091006009373,0.10308226119718816,0.03619808198959204,0.015533165616813175
1.0,42,fourier_gaussian,13,1.8877485990524292,1024,0.04839331052601445,0.013579913992922167,0.05339679810560009,0.906296112180912,0.1642435660379036,0.12939005776785767,0.08491052170419491,0.02888722315447957,0.012165294478468048
1.0,42,fourier_gaussian,14,2.0,1024,0.03956186928081773,0.009890467320204432,0.04398673827316609,0.8994044758474913,0.15088684582587852,0.11012437621330032,0.06981398169937095,0.022870721052707363,0.009634392213760874
1.0,42,fourier_gaussian,15,2.4000000953674316,1024,0.019644557505106883,0.0034105131847044817,0.021520487781540577,0.9128304945744403,0.11823999378930086,0.06297780743764417,0.03419537912244202,0.010448757798041814,0.004442090227347304
1.0,42,scalar_normalized,0,0.6000000238418579,1024,0.12536707146494813,0.3482418375046362,0.2487359788356549,0.5040166366433896,0.44083477909663005,0.08090164757681342,0.17348926206386317,0.12467239893845893,0.06714384210479975
1.0,42,scalar_normalized,1,0.800000011920929,1024,0.12888614535544496,0.20138459611615406,0.2204068911372617,0.5847645901197308,0.3599602932090509,0.12118195015036293,0.20368925032264307,0.11342593136389106,0.058588208940231055
1.0,42,scalar_normalized,2,1.0,1024,0.12461910295487173,0.12461910295487173,0.18655748318132864,0.6679930540966049,0.2989535273387589,0.16212078627425947,0.20372827140822986,0.10096665170743158,0.05250001746179361
1.0,42,scalar_normalized,3,1.0594631433486938,1024,0.12507289775797403,0.11142727398191904,0.17966885811214628,0.6961300866058026,0.28473283931596394,0.1712136803099433,0.2046954009105215,0.09993722246165204,0.05284500852178978
1.0,42,scalar_normalized,4,1.1224620342254639,1024,0.11697033680203497,0.09283942017408735,0.16478983591935376,0.7098152392073435,0.2723271139987183,0.17322639566896564,0.19503708854665447,0.09011343049969298,0.04839105813881984
1.0,42,scalar_normalized,5,1.1892070770263672,1024,0.11287816148955465,0.07981691853490988,0.15502431360219943,0.7281319869553236,0.2601476137950178,0.18008895842313946,0.18709634065129438,0.08605241440911801,0.044937111431675336
1.0,42,scalar_normalized,6,1.2599210739135742,1024,0.10639472263776276,0.06702447276905897,0.1435283591534027,0.7412801432785028,0.2446693540453206,0.18004982156206828,0.17814800107279144,0.0783705053037376,0.043783104834970527
1.0,42,scalar_normalized,7,1.3348398208618164,1024,0.099356903072576,0.05576217925112361,0.12872578033494197,0.77184929711866,0.23612223537347093,0.18421567440183817,0.16502913611337486,0.0718959971100228,0.03920370500898886
1.0,42,scalar_normalized,8,1.4142135381698608,1024,0.09015231615248923,0.045076159619135824,0.11574789917338583,0.778867839471061,0.22225335897287973,0.1749155963589616,0.1520151549799544,0.06318264122380048,0.0349686634084461
1.0,42,scalar_normalized,9,1.4983071088790894,1024,0.08090640221015744,0.036039703469640694,0.10213604822374311,0.7921434558826947,0.20685227763409927,0.16605130936706478,0.1341879207896031,0.05628669942126256,0.03188874240646397
1.0,42,scalar_normalized,10,1.587401032447815,1024,0.07282656305089633,0.02890124141035658,0.08923298266626312,0.8161395133823127,0.19742474206265595,0.15784567654604295,0.11857747226950531,0.05019844448805176,0.029742775957922827
1.0,42,scalar_normalized,11,1.6817928552627563,1024,0.06354521065921329,0.022466624023129,0.07698999767159165,0.8253696919211712,0.18373237849302532,0.14494278846505393,0.10306122620722237,0.04287895263566866,0.026146170104009832
1.0,42,scalar_normalized,12,1.7817974090576172,1024,0.05457940570304065,0.017191436059319488,0.06426913678089384,0.8492319710020785,0.17377458266260132,0.1304385618084691,0.08819034302052237,0.036017778165972715,0.022804356664536295
1.0,42,scalar_normalized,13,1.8877485990524292,1024,0.046708165137561986,0.013107036043635101,0.05339679810560009,0.8747371901436797,0.16312950488217115,0.11561623193809145,0.07386874923925368,0.030903942482406903,0.019845264098179598
1.0,42,scalar_normalized,14,2.0,1024,0.03896335492800625,0.009740838732001562,0.04398673827316609,0.8857977758213471,0.15019136494997212,0.09852852200226428,0.060728049396775875,0.02561820201930789,0.01759382737513291
1.0,42,scalar_normalized,15,2.4000000953674316,1024,0.021540768870519273,0.003739716520592513,0.021520487781540577,1.0009424084242222,0.1198293835540686,0.059987878046377174,0.03104311766558585,0.01420774963729977,0.010990716351531343
1.0,42,fourier_normalized,0,0.6000000238418579,1024,0.12344734099144913,0.34290925327982363,0.2487359788356549,0.4962986921687489,0.43940366092295086,0.08176925437012843,0.15623657756807413,0.12937457823820067,0.06591807226823257
1.0,42,fourier_normalized,1,0.800000011920929,1024,0.11539804567431924,0.1803094409924837,0.2204068911372617,0.5235682291006654,0.3458309375887597,0.11919827934577362,0.1728507056954056,0.10596085661921242,0.046800345583094746
1.0,42,fourier_normalized,2,1.0,1024,0.1020366060515332,0.1020366060515332,0.18655748318132864,0.5469445894719563,0.2757952169967406,0.14871915608666536,0.16499541430579218,0.08337867193351928,0.03466061469249629
1.0,42,fourier_normalized,3,1.0594631433486938,1024,0.10088231816464953,0.08987591962421657,0.17966885811214628,0.5614902839849991,0.25953605656774204,0.16094847841794707,0.1666229049406374,0.07921958291061565,0.03247707471518937
1.0,42,fourier_normalized,4,1.1224620342254639,1024,0.0951267546943372,0.07550215713075781,0.16478983591935376,0.5772610559603394,0.2503271971386765,0.16200254665176386,0.1571766300993157,0.07328539725625513,0.030174442097448566
1.0,42,fourier_normalized,5,1.1892070770263672,1024,0.08945687821726525,0.06325556925123679,0.15502431360219943,0.5770506325015334,0.23641890350249906,0.16401385770155877,0.1506391282956438,0.06611973473023919,0.027430431537638855
1.0,42,fourier_normalized,6,1.2599210739135742,1024,0.08199340647196295,0.05165260741393126,0.1435283591534027,0.5712697264540496,0.21935928195474036,0.16175270957993018,0.14083590998919748,0.05806045199973708,0.023487170943084317
1.0,42,fourier_normalized,7,1.3348398208618164,1024,0.07452429202838634,0.04182534682682737,0.12872578033494197,0.5789383590021795,0.2115860077295901,0.16243166001894535,0.12682488264131442,0.051334814368078456,0.020312730994033457
1.0,42,fourier_normalized,8,1.4142135381698608,1024,0.06861328330977778,0.03430664282915525,0.11574789917338583,0.5927821049002173,0.19916673827717313,0.15356727669541215,0.11887113970387544,0.045742293930889966,0.018470835492939045
1.0,42,fourier_normalized,9,1.4983071088790894,1024,0.05948079995472641,0.026495683084968885,0.10213604822374311,0.5823683311540065,0.18636747453824942,0.14743254906619493,0.10214866763507327,0.03820205682008643,0.015151093080822778
1.0,42,fourier_normalized,10,1.587401032447815,1024,0.05104767963633207,0.020258285587047467,0.08923298266626312,0.5720718742222655,0.1765444339179206,0.13340766336867294,0.08805176728672412,0.031784768668471165,0.012278085396253626
1.0,42,fourier_normalized,11,1.6817928552627563,1024,0.04494704007647246,0.01589117794834485,0.07698999767159165,0.5838036295078024,0.16530457157834724,0.12518166885552282,0.07696499231499639,0.027202979559201437,0.010484559840425825
1.0,42,fourier_normalized,12,1.7817974090576172,1024,0.037232516188424505,0.011727508079942658,0.06426913678089384,0.5793218651023351,0.15649215184024048,0.11032634651134736,0.06412407582827417,0.02142696892179655,0.008527460767662427
1.0,42,fourier_normalized,13,1.8877485990524292,1024,0.031659614739580066,0.0088841792499695,0.05339679810560009,0.5929122318714407,0.1471130491477297,0.09560289352220877,0.055528625809099445,0.017592962847383094,0.00684245844060714
1.0,42,fourier_normalized,14,2.0,1024,0.026541985518890036,0.006635496379722509,0.04398673827316609,0.6034088127666846,0.13841979219029396,0.08191055891626338,0.04618676909842819,0.014654907111672931,0.0057643479173238674
1.0,42,fourier_normalized,15,2.4000000953674316,1024,0.01362231736163849,0.002364985465110076,0.021520487781540577,0.6329929646540435,0.1118399204671646,0.04718371447294893,0.023359079179513187,0.006977836218015418,0.002768671166153754
1.0,42,scalar_gate_s1p5_p4,0,0.6000000238418579,1024,0.07779995006205949,0.21611095521965373,0.2487359788356549,0.31278124872101254,0.39397683854749715,0.11046613013810543,0.11904172504143311,0.06405433741839346,0.03826123115477474
1.0,42,scalar_gate_s1p5_p4,1,0.800000011920929,1024,0.09428396606501083,0.14731869258614022,0.2204068911372617,0.42777231500576846,0.32637963572821727,0.16700018818977552,0.1516842713422665,0.06945939730990151,0.04562278191098897
1.0,42,scalar_gate_s1p5_p4,2,1.0,1024,0.10621573786965843,0.10621573786965843,0.18655748318132864,0.5693458984243464,0.279295593879253,0.21364079931868435,0.17321240115842013,0.07425888812576441,0.04815584580600073
1.0,42,scalar_gate_s1p5_p4,3,1.0594631433486938,1024,0.11042299181298203,0.09837569276165507,0.17966885811214628,0.6145917159670368,0.26923041159545735,0.23054979818763338,0.17829830814034817,0.07697644199039595,0.049372280797072274
1.0,42,scalar_gate_s1p5_p4,4,1.1224620342254639,1024,0.1057251291388514,0.08391409271303994,0.16478983591935376,0.6415755471143989,0.26093637901204986,0.2257671024884112,0.1726791023133305,0.07177246061660887,0.04827149494071605
1.0,42,scalar_gate_s1p5_p4,5,1.1892070770263672,1024,0.10624181959558857,0.07512431587970525,0.15502431360219943,0.6853235929701368,0.25367182964634494,0.23708419258347538,0.17087365509775715,0.0723083204702321,0.04684379040536504
1.0,42,scalar_gate_s1p5_p4,6,1.2599210739135742,1024,0.10315620858199634,0.06498433683222361,0.1435283591534027,0.7187165602007842,0.24046329752564088,0.23157314601395895,0.16908629668292216,0.06846725233100018,0.04565158811080119
1.0,42,scalar_gate_s1p5_p4,7,1.3348398208618164,1024,0.09869394846177883,0.0553901085373693,0.12872578033494197,0.7666991662818364,0.23601320096026995,0.22901728984273623,0.15676567525902899,0.06685952120608314,0.04331685857654155
1.0,42,scalar_gate_s1p5_p4,8,1.4142135381698608,1024,0.0916113441692939,0.045805673652508365,0.11574789917338583,0.7914730619176394,0.2237173485707033,0.22181939354403551,0.14680794127823132,0.060487732199769495,0.038724344874529776
1.0,42,scalar_gate_s1p5_p4,9,1.4983071088790894,1024,0.0854738949376925,0.0380742900907652,0.10213604822374311,0.8368631489486468,0.21260266650636667,0.21618442565197996,0.13414910076843412,0.056032232469646004,0.03754729238772353
1.0,42,scalar_gate_s1p5_p4,10,1.587401032447815,1024,0.0783882141085761,0.031108384149549598,0.08923298266626312,0.8784668153675069,0.20337457320674163,0.2086331498367718,0.12018181538695644,0.051207950397026046,0.03441117711942471
1.0,42,scalar_gate_s1p5_p4,11,1.6817928552627563,1024,0.07102692159123578,0.025111808212712177,0.07698999767159165,0.9225473923795665,0.1910280590426296,0.20208531597461638,0.10681263693729749,0.04562410374237095,0.0305638537476262
1.0,42,scalar_gate_s1p5_p4,12,1.7817974090576172,1024,0.062052719348633975,0.019545382424886085,0.06426913678089384,0.9655135023858175,0.182625046148309,0.18512240887421413,0.09238358818003126,0.03909522147475014,0.02648745032438878
1.0,42,scalar_gate_s1p5_p4,13,1.8877485990524292,1024,0.055302495136543145,0.015518738424488254,0.05339679810560009,1.0356893502710454,0.17135741549663236,0.17394283548731612,0.0803695939655833,0.03438387274482497,0.02385337050319987
1.0,42,scalar_gate_s1p5_p4,14,2.0,1024,0.04740785687395193,0.011851964218487982,0.04398673827316609,1.0777761374244217,0.15875061865040727,0.16134966950544172,0.06653343074469018,0.028815842249700935,0.020342329333426726
1.0,42,scalar_gate_s1p5_p4,15,2.4000000953674316,1024,0.028824426709435087,0.005004240350464514,0.021520487781540577,1.3393946736727567,0.1271661348312521,0.1169598786789811,0.03680058220369531,0.016483732725188355,0.012300854232601216
1.0,42,fourier_gate_s1p5_p4,0,0.6000000238418579,1024,0.076831189415872,0.21341995363855007,0.2487359788356549,0.3088865140279364,0.393213574889964,0.10036049912617809,0.11854107983288707,0.06364226802332527,0.039433248540629504
1.0,42,fourier_gate_s1p5_p4,1,0.800000011920929,1024,0.09178910568789916,0.14342047336307923,0.2204068911372617,0.4164529757408362,0.32433200800948125,0.1531953138242094,0.14828857749332175,0.06874375355067906,0.044291259365362684
1.0,42,fourier_gate_s1p5_p4,2,1.0,1024,0.10207979083895294,0.10207979083895294,0.18655748318132864,0.5471760719441859,0.27556495845130113,0.20118077573741946,0.16858452885992004,0.07165652638479394,0.04372537512935296
1.0,42,fourier_gate_s1p5_p4,3,1.0594631433486938,1024,0.10562172736014108,0.09409825281074254,0.17966885811214628,0.5878688631405102,0.2651155024755478,0.22306214820047407,0.17271065046489725,0.07261138205832861,0.04581360140279241
1.0,42,fourier_gate_s1p5_p4,4,1.1224620342254639,1024,0.10131794646014397,0.0804161094150611,0.16478983591935376,0.6148312843137231,0.25582008210005286,0.21909027255833818,0.1673728286760888,0.06850746771742366,0.04240867216085534
1.0,42,fourier_gate_s1p5_p4,5,1.1892070770263672,1024,0.1012108474787633,0.07156688115273015,0.15502431360219943,0.6528707989539995,0.24792154288239135,0.22950473944992172,0.16606300940143284,0.06795665647909489,0.040270674519899
1.0,42,fourier_gate_s1p5_p4,6,1.2599210739135742,1024,0.09873748950689804,0.06220071835021132,0.1435283591534027,0.6879301769301751,0.2358909669521964,0.22769956807542,0.1650650591741772,0.06452237351348479,0.03843331575767303
1.0,42,fourier_gate_s1p5_p4,7,1.3348398208618164,1024,0.09363021673706842,0.05254818505363665,0.12872578033494197,0.7273618112350488,0.23096963397143963,0.22986462992822992,0.15111640712423663,0.06184306910695191,0.03583153976745331
1.0,42,fourier_gate_s1p5_p4,8,1.4142135381698608,1024,0.08639956859918066,0.043199785778256,0.11574789917338583,0.746446105857675,0.2188747360782492,0.2194008696609055,0.1423615023497765,0.05502613710717959,0.03154392697805605
1.0,42,fourier_gate_s1p5_p4,9,1.4983071088790894,1024,0.07953093449491205,0.03542700228363635,0.10213604822374311,0.7786764406694937,0.20602319799146251,0.20434133644415034,0.13082931060538233,0.05054575291515427,0.02849428407247307
1.0,42,fourier_gate_s1p5_p4,10,1.587401032447815,1024,0.07210743020569135,0.02861585334459189,0.08923298266626312,0.8080804658898113,0.1970224545480045,0.19462550049559818,0.11809121130835651,0.044935163189740245,0.02494367792237598
1.0,42,fourier_gate_s1p5_p4,11,1.6817928552627563,1024,0.06386019743255397,0.02257798866155715,0.07698999767159165,0.8294609606946071,0.1837031899554932,0.17719248952726735,0.10424537728913763,0.0395030972099431,0.02111764958698336
1.0,42,fourier_gate_s1p5_p4,12,1.7817974090576172,1024,0.05514220564327939,0.017368706937632917,0.06426913678089384,0.8579888949072093,0.1754225645234347,0.16078313348035123,0.08902332221401854,0.033494960175685436,0.01799818804116926
1.0,42,fourier_gate_s1p5_p4,13,1.8877485990524292,1024,0.04714929272072489,0.013230823289726431,0.05339679810560009,0.8829985016607207,0.16353267801083712,0.13642557269157235,0.07822664352505793,0.027930755884033473,0.014906097134496279
1.0,42,fourier_gate_s1p5_p4,14,2.0,1024,0.03945761752391802,0.009864404380979505,0.04398673827316609,0.8970344033894634,0.15093351821550938,0.11871176991003274,0.06446617689928569,0.023352845252740853,0.011808122555425574
1.0,42,fourier_gate_s1p5_p4,15,2.4000000953674316,1024,0.020888994925799285,0.0036265613308491705,0.021520487781540577,0.9706562015623568,0.11903267643770118,0.06786585742871601,0.03454569638354975,0.0115760855480195,0.005694259704235031
1.0,42,scalar_gate_s1p5_p4_plateau_lo0p8_hi1,0,0.6000000238418579,1024,0.103039802393768,0.2862216505691687,0.2487359788356549,0.41425371140959294,0.419743600044053,0.10306069275666867,0.15340009877204008,0.08946394468942824,0.06478535440273422
1.0,42,scalar_gate_s1p5_p4_plateau_lo0p8_hi1,1,0.800000011920929,1024,0.1326420637350003,0.20725321840931069,0.2204068911372617,0.6018054292703373,0.36501173159559164,0.1746584954553157,0.21436668141818876,0.10205791167732028,0.07955152244928104
1.0,42,scalar_gate_s1p5_p4_plateau_lo0p8_hi1,2,1.0,1024,0.13596069646571576,0.13596069646571576,0.18655748318132864,0.728787149929364,0.3100251282021793,0.20070678953123916,0.23562351342035906,0.10233382029071712,0.0498471690599429
1.0,42,scalar_gate_s1p5_p4_plateau_lo0p8_hi1,3,1.0594631433486938,1024,0.13563928038726208,0.1208408498511677,0.17966885811214628,0.7549404043220352,0.29529529756999534,0.21354319097296587,0.2359131190188687,0.09991268242651577,0.04906187590183427
1.0,42,scalar_gate_s1p5_p4_plateau_lo0p8_hi1,4,1.1224620342254639,1024,0.127096875282173,0.10087685929386804,0.16478983591935376,0.7712664714610964,0.28301642099750324,0.20813727809469068,0.22265907194868545,0.09177085857670983,0.04563992053316857
1.0,42,scalar_gate_s1p5_p4_plateau_lo0p8_hi1,5,1.1892070770263672,1024,0.1216810166386324,0.08604147750217804,0.15502431360219943,0.7849156936174045,0.26941958315094894,0.21474840895869546,0.2109132171855621,0.08676062995222215,0.043263347414938855
1.0,42,scalar_gate_s1p5_p4_plateau_lo0p8_hi1,6,1.2599210739135742,1024,0.11558559690224206,0.07281436052468339,0.1435283591534027,0.8053153926096549,0.25291967289594175,0.21373273557964884,0.2035348763362648,0.07947430633807431,0.0411255652189427
1.0,42,scalar_gate_s1p5_p4_plateau_lo0p8_hi1,7,1.3348398208618164,1024,0.10765498479451605,0.0604193203868663,0.12872578033494197,0.8363125437220102,0.2454293806142674,0.21412554622432217,0.1872341852982926,0.0732685801808316,0.036934733867384564
1.0,42,scalar_gate_s1p5_p4_plateau_lo0p8_hi1,8,1.4142135381698608,1024,0.098121744410014,0.049060873884289175,0.11574789917338583,0.8477194412231315,0.22997003495465423,0.20501287819419814,0.1739375930929541,0.06416763646437695,0.03222512466598046
1.0,42,scalar_gate_s1p5_p4_plateau_lo0p8_hi1,9,1.4983071088790894,1024,0.08812469653230509,0.03925508791166613,0.10213604822374311,0.8628167827607328,0.21444754795415766,0.1975210093690441,0.1525645005268051,0.057025505047981345,0.03027515012911761
1.0,42,scalar_gate_s1p5_p4_plateau_lo0p8_hi1,10,1.587401032447815,1024,0.07836720523766327,0.031100046773397623,0.08923298266626312,0.8782313769647427,0.20242374266510413,0.18013043872961795,0.13365902844930377,0.05093517509748602,0.027167614784330593
1.0,42,scalar_gate_s1p5_p4_plateau_lo0p8_hi1,11,1.6817928552627563,1024,0.0697213447542939,0.02465021710892021,0.07698999767159165,0.9055896462251772,0.1899899488027018,0.17007251662652118,0.1176571721441358,0.044455275057227406,0.024201041654477694
1.0,42,scalar_gate_s1p5_p4_plateau_lo0p8_hi1,12,1.7817974090576172,1024,0.058914025605164566,0.018556755815534155,0.06426913678089384,0.9166767838506077,0.17855847545888281,0.15109539173384337,0.09980111782289414,0.03622945220014881,0.020711268898883393
1.0,42,scalar_gate_s1p5_p4_plateau_lo0p8_hi1,13,1.8877485990524292,1024,0.05020740614681606,0.014088977378701068,0.05339679810560009,0.9402699773781091,0.16666340777865496,0.13313134650429853,0.08407276779745834,0.030722972358382786,0.017541323992265295
1.0,42,scalar_gate_s1p5_p4_plateau_lo0p8_hi1,14,2.0,1024,0.04182427970517892,0.01045606992629473,0.04398673827316609,0.9508383969150455,0.15334574592391037,0.11100393547728486,0.06960046119850821,0.02556739968230296,0.01542613948562166
1.0,42,scalar_gate_s1p5_p4_plateau_lo0p8_hi1,15,2.4000000953674316,1024,0.022880872807863967,0.003972373435669389,0.021520487781540577,1.063213484756153,0.12109862714761016,0.0668603374441876,0.035427956282290035,0.013981834233141636,0.009760500893211059
1.0,42,fourier_gate_s1p5_p4_plateau_lo0p8_hi1,0,0.6000000238418579,1024,0.08679027602206521,0.24108408090165054,0.2487359788356549,0.34892529994387894,0.4043354010209798,0.10016030999521586,0.11914635195666015,0.07589852233769291,0.06298719162755252
1.0,42,fourier_gate_s1p5_p4_plateau_lo0p8_hi1,1,0.800000011920929,1024,0.11685816587174633,0.18259087873297136,0.2204068911372617,0.5301928867504018,0.3489317763181735,0.16400668261866622,0.1701458684377429,0.09561794795763813,0.07617167523720575
1.0,42,fourier_gate_s1p5_p4_plateau_lo0p8_hi1,2,1.0,1024,0.15723552383850029,0.15723552383850029,0.18655748318132864,0.842826142147682,0.33171803314082526,0.22575862828500956,0.2399764121267638,0.13228924299183556,0.06631372538759334
1.0,42,fourier_gate_s1p5_p4_plateau_lo0p8_hi1,3,1.0594631433486938,1024,0.15424357061221075,0.1374153866316776,0.17966885811214628,0.8584880665069653,0.31365870500365817,0.24280544776161542,0.24195357875487628,0.12459554001290168,0.06111729553963704
1.0,42,fourier_gate_s1p5_p4_plateau_lo0p8_hi1,4,1.1224620342254639,1024,0.14302103650967843,0.11351587475316666,0.16478983591935376,0.8678996232490411,0.29863965472842746,0.23498810154143204,0.2280499302950554,0.11310666597358332,0.053775589009948874
1.0,42,fourier_gate_s1p5_p4_plateau_lo0p8_hi1,5,1.1892070770263672,1024,0.13632221452336618,0.09639436847238958,0.15502431360219943,0.8793602200566821,0.2838522211671848,0.24485342268392518,0.22035989294473782,0.10363583482929292,0.05010866052933854
1.0,42,fourier_gate_s1p5_p4_plateau_lo0p8_hi1,6,1.2599210739135742,1024,0.12754823868725335,0.08035035233600013,0.1435283591534027,0.8886622785879559,0.26503763935413494,0.24129302207884792,0.21048475464485233,0.09380275813866612,0.044396923839743224
1.0,42,fourier_gate_s1p5_p4_plateau_lo0p8_hi1,7,1.3348398208618164,1024,0.11624774404347912,0.06524184370114905,0.12872578033494197,0.9030649784449141,0.2534752838758029,0.23874170741269113,0.1924271836455351,0.0832324510790381,0.03748986741148356
1.0,42,fourier_gate_s1p5_p4_plateau_lo0p8_hi1,8,1.4142135381698608,1024,0.10510932943204984,0.05255466651489452,0.11574789917338583,0.9080884420597576,0.23855725324310972,0.22657779626790991,0.17735264655040775,0.07236760350599188,0.03288524870015479
1.0,42,fourier_gate_s1p5_p4_plateau_lo0p8_hi1,9,1.4983071088790894,1024,0.09434640222154642,0.042026542604870654,0.10213604822374311,0.9237326474083626,0.22084876713456675,0.21539289977651177,0.15976811773403304,0.06318146446877541,0.028527285290391058
1.0,42,fourier_gate_s1p5_p4_plateau_lo0p8_hi1,10,1.587401032447815,1024,0.08268024864531004,0.032811679226114505,0.08923298266626312,0.9265660092808876,0.2067403350570104,0.20020381004374369,0.1396423289384183,0.054192282004579394,0.02374466799008136
1.0,42,fourier_gate_s1p5_p4_plateau_lo0p8_hi1,11,1.6817928552627563,1024,0.0718503535609896,0.025402935368970984,0.07698999767159165,0.9332427033895272,0.19243259148695083,0.1847359508849689,0.12088605742696633,0.04592560141612768,0.01989950072207637
1.0,42,fourier_gate_s1p5_p4_plateau_lo0p8_hi1,12,1.7817974090576172,1024,0.060496502773808615,0.01905520490470336,0.06426913678089384,0.9412994448650076,0.1805920447016763,0.1639768375867847,0.10385282584687525,0.03663748627774722,0.01606358251071319
1.0,42,fourier_gate_s1p5_p4_plateau_lo0p8_hi1,13,1.8877485990524292,1024,0.05043667635861962,0.014153314158383824,0.05339679810560009,0.9445636844904747,0.16647329935690566,0.14156392669496032,0.08687304411313855,0.02983850526743146,0.012849974285996458
1.0,42,fourier_gate_s1p5_p4_plateau_lo0p8_hi1,14,2.0,1024,0.04147456979739392,0.01036864244934848,0.04398673827316609,0.9428880482073682,0.15258284539325467,0.12127427595811313,0.07163078810217051,0.023797445915006536,0.010310590721966096
1.0,42,fourier_gate_s1p5_p4_plateau_lo0p8_hi1,15,2.4000000953674316,1024,0.020981267014196274,0.003642580789367202,0.021520487781540577,0.9749438408265623,0.11931714946028339,0.06897479532530523,0.03612905587814619,0.011115248371393304,0.004660419289369345
1.0,43,scalar_gate_s1p5_p4_cap_lo1_hi2_d0p5,0,0.6000000238418579,1024,0.07655592171730521,0.21265532120329875,0.2487359788356549,0.3077798478357139,0.3932785443949134,0.10873026494407427,0.11820171757412617,0.06170406592719875,0.04075132694182066
1.0,43,scalar_gate_s1p5_p4_cap_lo1_hi2_d0p5,1,0.800000011920929,1024,0.09655243774854119,0.15086317948602246,0.2204068911372617,0.43806451445482125,0.3271030553246288,0.17058211016943642,0.15721563491633997,0.07012489692741074,0.047416534540672295
1.0,43,scalar_gate_s1p5_p4_cap_lo1_hi2_d0p5,2,1.0,1024,0.11148360143701289,0.11148360143701289,0.18655748318132864,0.5975831123785796,0.28532382183200783,0.21929572877300765,0.18489354461859853,0.07650117979457349,0.05323722457674578
1.0,43,scalar_gate_s1p5_p4_cap_lo1_hi2_d0p5,3,1.0594631433486938,1024,0.1137734948280923,0.10136065132689417,0.17966885811214628,0.633239928296738,0.27311881879523414,0.23466793596839536,0.1868025908740436,0.07832841830554994,0.050684034753615076
1.0,43,scalar_gate_s1p5_p4_cap_lo1_hi2_d0p5,4,1.1224620342254639,1024,0.10694877445220105,0.08488530066623569,0.16478983591935376,0.6490010373245383,0.26209533856769895,0.2196581055088768,0.17845144295127738,0.07198901012029588,0.04928684512066502
1.0,43,scalar_gate_s1p5_p4_cap_lo1_hi2_d0p5,5,1.1892070770263672,1024,0.10750397868406106,0.07601679718710169,0.15502431360219943,0.6934652777107077,0.2545191167995539,0.23441124091787757,0.17588386383080962,0.072870647360988,0.0462727332915526
1.0,43,scalar_gate_s1p5_p4_cap_lo1_hi2_d0p5,6,1.2599210739135742,1024,0.10334660387367449,0.06510427834554365,0.1435283591534027,0.7200430945024455,0.24107200013319763,0.23943629886674261,0.1715718471215555,0.0677879352084846,0.04078464472756557
1.0,43,scalar_gate_s1p5_p4_cap_lo1_hi2_d0p5,7,1.3348398208618164,1024,0.09872259892382024,0.05540618806632577,0.12872578033494197,0.7669217360108127,0.2364494777795216,0.24678845739053265,0.16152766533402527,0.06376315278665752,0.03687935600900799
1.0,43,scalar_gate_s1p5_p4_cap_lo1_hi2_d0p5,8,1.4142135381698608,1024,0.09256707697002155,0.04628354006922886,0.11574789917338583,0.7997300826286244,0.22487707095334922,0.2466966240269189,0.15259338869080422,0.05720854383892154,0.03380278848562062
1.0,43,scalar_gate_s1p5_p4_cap_lo1_hi2_d0p5,9,1.4983071088790894,1024,0.08664856579671025,0.038597546449680546,0.10213604822374311,0.8483641897608434,0.2134421722414334,0.24891538235461202,0.1404267585884859,0.05217661061094429,0.03112204455872401
1.0,43,scalar_gate_s1p5_p4_cap_lo1_hi2_d0p5,10,1.587401032447815,1024,0.07966208439352418,0.03161391991958221,0.08923298266626312,0.8927425937499514,0.20405803371637088,0.2405724180864087,0.12634944188033076,0.047375877667923325,0.02923782221764652
1.0,43,scalar_gate_s1p5_p4_cap_lo1_hi2_d0p5,11,1.6817928552627563,1024,0.0724597058895486,0.025618373944456586,0.07698999767159165,0.9411573981159547,0.1932073393061044,0.22790897123271076,0.11248931704562519,0.04307661245102288,0.025938047189197296
1.0,43,scalar_gate_s1p5_p4_cap_lo1_hi2_d0p5,12,1.7817974090576172,1024,0.06229913530596543,0.019622998590175765,0.06426913678089384,0.9693476282146977,0.1827988407726181,0.2033816561286374,0.09674481392115153,0.03577189000932553,0.02289723287590091
1.0,43,scalar_gate_s1p5_p4_cap_lo1_hi2_d0p5,13,1.8877485990524292,1024,0.055201643038228096,0.015490437760486607,0.05339679810560009,1.0338006209484445,0.17148419756949607,0.18952352478384862,0.08251629169783156,0.031806426223659805,0.02040093019529075
1.0,43,scalar_gate_s1p5_p4_cap_lo1_hi2_d0p5,14,2.0,1024,0.04741099536020431,0.011852748840051077,0.04398673827316609,1.0778474881627487,0.1591462295576309,0.16652213775742464,0.06988023636184651,0.02716270994964472,0.01778634379872091
1.0,43,scalar_gate_s1p5_p4_cap_lo1_hi2_d0p5,15,2.4000000953674316,1024,0.027784321748279314,0.004823666586836795,0.021520487781540577,1.2910637542384893,0.12613360285124858,0.10757242295680332,0.03710746763281851,0.01596881312419578,0.011519483195345183
1.0,43,fourier_gate_s1p5_p4_cap_lo1_hi2_d0p5,0,0.6000000238418579,1024,0.07567914392581798,0.21021982753161209,0.2487359788356549,0.30425491430743434,0.39295473908899187,0.0978771335620316,0.11268123323268353,0.06329884472513087,0.04433545456275637
1.0,43,fourier_gate_s1p5_p4_cap_lo1_hi2_d0p5,1,0.800000011920929,1024,0.09278235006833319,0.14497241766125585,0.2204068911372617,0.42095938829131974,0.3251354622487619,0.1509021850460281,0.14305399011899314,0.07134681986348664,0.05210041798674973
1.0,43,fourier_gate_s1p5_p4_cap_lo1_hi2_d0p5,2,1.0,1024,0.10328439181811148,0.10328439181811148,0.18655748318132864,0.55363306824697,0.27726980300142,0.19634780033994956,0.16296637700078015,0.07453416976461016,0.054093141183351054
1.0,43,fourier_gate_s1p5_p4_cap_lo1_hi2_d0p5,3,1.0594631433486938,1024,0.10620276650015606,0.09461589978789943,0.17966885811214628,0.591102807776883,0.26512334620406014,0.21925806888279475,0.17202027035408987,0.07517558909018451,0.04359915076270046
1.0,43,fourier_gate_s1p5_p4_cap_lo1_hi2_d0p5,4,1.1224620342254639,1024,0.09898197763475133,0.07856204968313747,0.16478983591935376,0.600655841924571,0.25484495172702143,0.21379677098680916,0.1672003416379933,0.06707002458804294,0.03447515683207632
1.0,43,fourier_gate_s1p5_p4_cap_lo1_hi2_d0p5,5,1.1892070770263672,1024,0.09986455560651447,0.07061490897960578,0.15502431360219943,0.6441864071901147,0.2467714877858115,0.22402167068991505,0.16701104936835534,0.0677443703238288,0.03285975827372076
1.0,43,fourier_gate_s1p5_p4_cap_lo1_hi2_d0p5,6,1.2599210739135742,1024,0.09753588919900116,0.061443757618332484,0.1435283591534027,0.6795583101089805,0.2347326379783226,0.22849653369324296,0.16378253280029734,0.06485187575820217,0.03048110440958108
1.0,43,fourier_gate_s1p5_p4_cap_lo1_hi2_d0p5,7,1.3348398208618164,1024,0.09271139957181207,0.05203251632923399,0.12872578033494197,0.7202240245161367,0.23030584200890025,0.22943575565038285,0.15304207445715798,0.0614094129915877,0.02775084014617221
1.0,43,fourier_gate_s1p5_p4_cap_lo1_hi2_d0p5,8,1.4142135381698608,1024,0.08602001631518082,0.04301000962976032,0.11574789917338583,0.7431669769342957,0.21883621214127677,0.21653336477922203,0.14559146456941244,0.05486262305799436,0.025313511465895017
1.0,43,fourier_gate_s1p5_p4_cap_lo1_hi2_d0p5,9,1.4983071088790894,1024,0.07813631883571628,0.03480577165863616,0.10213604822374311,0.7650219505707514,0.20448347812844325,0.20223000377839165,0.13259032002419333,0.0490522032411923,0.022261595111805907
1.0,43,fourier_gate_s1p5_p4_cap_lo1_hi2_d0p5,10,1.587401032447815,1024,0.07084680791842884,0.02811557504605421,0.08923298266626312,0.7939531527641556,0.1956353117556456,0.19118739491712708,0.11960638059220985,0.04378917059775251,0.019524982488318705
1.0,43,fourier_gate_s1p5_p4_cap_lo1_hi2_d0p5,11,1.6817928552627563,1024,0.06260287208097076,0.022133457033512684,0.07698999767159165,0.8131299386189025,0.18244655140098304,0.17701095766072536,0.10489879965715704,0.038003669415765176,0.01678038558088603
1.0,43,fourier_gate_s1p5_p4_cap_lo1_hi2_d0p5,12,1.7817974090576172,1024,0.053638028992621725,0.01689492096692452,0.06426913678089384,0.8345845561219274,0.1731374937811006,0.15901158142081043,0.09124930328172476,0.030977111129805893,0.013840590833638042
1.0,43,fourier_gate_s1p5_p4_cap_lo1_hi2_d0p5,13,1.8877485990524292,1024,0.045827568677777084,0.012859927010250781,0.05339679810560009,0.8582456308924417,0.1623286798468992,0.13686957050703874,0.07874842665468665,0.026046101645227027,0.011452695603314982
1.0,43,fourier_gate_s1p5_p4_cap_lo1_hi2_d0p5,14,2.0,1024,0.03854769258357949,0.009636923145894873,0.04398673827316609,0.8763480561843644,0.1498174396095406,0.1186801739388594,0.06602122406577365,0.021574799041531662,0.009307633687815106
1.0,43,fourier_gate_s1p5_p4_cap_lo1_hi2_d0p5,15,2.4000000953674316,1024,0.02028420047529204,0.003521562302647347,0.021520487781540577,0.9425530072181275,0.118232361324007,0.06785890986989324,0.03426135508137443,0.01084286573285993,0.00467279609444401
1.0,43,score,0,0.6000000238418579,1024,0.0956357045557568,0.265654713764762,0.2487359788356549,0.38448681611495106,0.412185758599079,0.10456618959687589,0.14124999351529938,0.0855866353256267,0.047545405140884324
1.0,43,score,1,0.800000011920929,1024,0.10187983535739271,0.1591872380017767,0.2204068911372617,0.46223525422326983,0.33462992196484176,0.1565089941549026,0.1651145617679472,0.07916695174192145,0.04491723828734849
1.0,43,score,2,1.0,1024,0.102619538563334,0.102619538563334,0.18655748318132864,0.5500692698753374,0.27732104037450245,0.19510959937856737,0.16669873955115225,0.07368296543474571,0.04663353484008318
1.0,43,score,3,1.0594631433486938,1024,0.10520074947718579,0.09372320418913661,0.17966885811214628,0.5855257866197449,0.26532259202289143,0.2107411726822502,0.16820757476507597,0.07507334151326253,0.04836969949294418
1.0,43,score,4,1.1224620342254639,1024,0.10021321673529765,0.07953928482937668,0.16478983591935376,0.6081274137826125,0.25579666276588253,0.20632039971599853,0.15965473445249256,0.07039712529939136,0.04822954011776334
1.0,43,score,5,1.1892070770263672,1024,0.10045531350883213,0.0710326379250538,0.15502431360219943,0.6479971507347277,0.2470824250821699,0.20824124788619985,0.1555851572031097,0.071887423568989,0.05048876761543074
1.0,43,score,6,1.2599210739135742,1024,0.0983728430218849,0.061971005467850546,0.1435283591534027,0.6853895885254585,0.23620010057072208,0.20895089416461268,0.150826826470399,0.06942519242553524,0.05304685739810983
1.0,43,score,7,1.3348398208618164,1024,0.09426734586275792,0.052905761703211346,0.12872578033494197,0.7323113180396043,0.23100661020171123,0.20501278959811847,0.14017519777608403,0.06758777500705386,0.051917630285415545
1.0,43,score,8,1.4142135381698608,1024,0.08940845185361523,0.044704227456968136,0.11574789917338583,0.7724412494060463,0.2221184005610313,0.1924193830993742,0.130725202692902,0.06452475407667235,0.052733235715690226
1.0,43,score,9,1.4983071088790894,1024,0.08707591743311315,0.03878790995408184,0.10213604822374311,0.8525483308533861,0.21352459198236723,0.18726437992664602,0.12126181415809757,0.0640347705996815,0.05768506546303108
1.0,43,score,10,1.587401032447815,1024,0.08382192213920168,0.03326475266355941,0.08923298266626312,0.9393603086506799,0.20898214363179082,0.1741790459471653,0.1094002101286205,0.06461376015947132,0.06071517552145885
1.0,43,score,11,1.6817928552627563,1024,0.0829042041989821,0.0293110616260927,0.07698999767159165,1.0768178556468866,0.20317003286188454,0.16720415248599568,0.10176411137782,0.06665539788581745,0.06392655512688476
1.0,43,score,12,1.7817974090576172,1024,0.08064991815407327,0.025403133164893704,0.06426913678089384,1.2548778806384897,0.20206202035855603,0.15322119781346055,0.09416799403032439,0.06713178638881641,0.06736890345427102
1.0,43,score,13,1.8877485990524292,1024,0.08232990434557175,0.02310304891122008,0.05339679810560009,1.5418509586052733,0.19927997255474844,0.14071719613010925,0.09043903057197171,0.07164338037122195,0.07584760841032802
1.0,43,score,14,2.0,1024,0.08477962411812187,0.021194906029530468,0.04398673827316609,1.9273905601189187,0.1974361746649487,0.12890627240514035,0.08904832532746582,0.07738141788950076,0.08062479645017995
1.0,43,score,15,2.4000000953674316,1024,0.09797718654563103,0.017009926867900052,0.021520487781540577,4.5527400466113965,0.19631295849502603,0.12558767922844355,0.09158269736423683,0.0968987695506469,0.09808002446982063
1.0,43,scalar_gaussian,0,0.6000000238418579,1024,0.11671861291168945,0.32421834343257794,0.2487359788356549,0.46924700422534327,0.43329622051111644,0.08653622146570061,0.16908575926787375,0.11183510320367011,0.05883827353431751
1.0,43,scalar_gaussian,1,0.800000011920929,1024,0.12906118371723702,0.20165809354830327,0.2204068911372617,0.5855587502337313,0.35976877111849875,0.13697823225161435,0.20338088822350897,0.11129834920606664,0.059642945784743086
1.0,43,scalar_gaussian,2,1.0,1024,0.1295015170120983,0.1295015170120983,0.18655748318132864,0.6941641514654572,0.304307952721498,0.17920747834602316,0.2098272567316605,0.10367540793767019,0.056651079939646874
1.0,43,scalar_gaussian,3,1.0594631433486938,1024,0.13248348160601398,0.11802935302225122,0.17966885811214628,0.7373758758088172,0.29176131586633325,0.19766568233634482,0.21566663766302227,0.10381309634492418,0.056700325863043605
1.0,43,scalar_gaussian,4,1.1224620342254639,1024,0.12345697967309649,0.09798787216191861,0.16478983591935376,0.7491783639709121,0.2779342581985019,0.19305153820755905,0.20173048215885014,0.09544464749359576,0.051464808746280295
1.0,43,scalar_gaussian,5,1.1892070770263672,1024,0.1208697303387688,0.08546781142142162,0.15502431360219943,0.779682409360166,0.26721361210150335,0.20544641428928362,0.1949402971286639,0.09182499186386402,0.05192624364497632
1.0,43,scalar_gaussian,6,1.2599210739135742,1024,0.11554146726986525,0.07278656059936549,0.1435283591534027,0.8050079298013493,0.2535289696046762,0.20959438115350074,0.19026904382623583,0.08474181066653452,0.046795081735769545
1.0,43,scalar_gaussian,7,1.3348398208618164,1024,0.10900453456153467,0.0611767296225571,0.12872578033494197,0.846796455829648,0.24619561386377914,0.21291618354199482,0.17730586298235052,0.07870140274344305,0.044329754803730304
1.0,43,scalar_gaussian,8,1.4142135381698608,1024,0.09912706173776434,0.04956353256536961,0.11574789917338583,0.8564048457525425,0.23186930783943938,0.20216761819471704,0.16301960492615725,0.06951184090444062,0.040175287852648435
1.0,43,scalar_gaussian,9,1.4983071088790894,1024,0.08992339803714608,0.04005631830992907,0.10213604822374311,0.8804276217947699,0.2162812226357476,0.19654263689862916,0.1447545759990767,0.0624733200719025,0.03691313238381011
1.0,43,scalar_gaussian,10,1.587401032447815,1024,0.0819527036483071,0.03252295279561436,0.08923298266626312,0.9184126900118905,0.2067263769568169,0.18916920125489786,0.1309191504881869,0.055786860782711355,0.03418526142155438
1.0,43,scalar_gaussian,11,1.6817928552627563,1024,0.0729437334486415,0.025789503524076544,0.07698999767159165,0.9474442869811494,0.1936392752718858,0.17588632208297322,0.11430335610944393,0.049513848125265846,0.03073808847644974
1.0,43,scalar_gaussian,12,1.7817974090576172,1024,0.06318433959010933,0.01990182047645819,0.06426913678089384,0.9831210244120315,0.18365506400474507,0.15896013221623603,0.09826436834928229,0.042059948894580715,0.027414324075728497
1.0,43,scalar_gaussian,13,1.8877485990524292,1024,0.05437608087762512,0.015258772205579535,0.05339679810560009,1.0183397283501596,0.17002972541180578,0.14215571640222718,0.08282396268427278,0.03613846622079023,0.023933259966848936
1.0,43,scalar_gaussian,14,2.0,1024,0.04676053088673905,0.011690132721684763,0.04398673827316609,1.0630597476072714,0.15753768946144323,0.1254061035829925,0.06938699535734397,0.031191608619078628,0.0216596488966844
1.0,43,scalar_gaussian,15,2.4000000953674316,1024,0.027468616539419802,0.0047688566590990316,0.021520487781540577,1.276393770357812,0.12624283220369614,0.08310547120568437,0.0373542869466095,0.0181337849891076,0.014249646857670563
1.0,43,fourier_gaussian,0,0.6000000238418579,1024,0.19142841538414515,0.5317455560299513,0.2487359788356549,0.7696048488048685,0.5059845833639326,0.10883564462746027,0.21543573503703084,0.2077391198987189,0.1330153915887837
1.0,43,fourier_gaussian,1,0.800000011920929,1024,0.17347650534222103,0.2710570315190913,0.2204068911372617,0.7870738725414258,0.4049949151521589,0.15793489687325937,0.23752074556605973,0.16754867674066468,0.09064832436625501
1.0,43,fourier_gaussian,2,1.0,1024,0.14862945290177562,0.14862945290177562,0.18655748318132864,0.7966952081858435,0.32290178267706005,0.1949659768607489,0.22593031799833524,0.12754398622680374,0.06511938685835615
1.0,43,fourier_gaussian,3,1.0594631433486938,1024,0.14428037041056754,0.12853918516432628,0.17966885811214628,0.8030349384227186,0.30328851788007205,0.21387479217898644,0.22315306205545143,0.11971465521635719,0.05820249723755828
1.0,43,fourier_gaussian,4,1.1224620342254639,1024,0.13160349844593883,0.10445376855912246,0.16478983591935376,0.798614172480541,0.28732961446464383,0.20966399843387573,0.2078393549098977,0.10543259589081788,0.051573996613837436
1.0,43,fourier_gaussian,5,1.1892070770263672,1024,0.12440008479723483,0.0879641491584321,0.15502431360219943,0.8024553175345902,0.27229970775354206,0.2110094803081311,0.19991084645958465,0.09652535916927155,0.04734691893042072
1.0,43,fourier_gaussian,6,1.2599210739135742,1024,0.1165891424648689,0.0734465545900206,0.1435283591534027,0.8123073596923014,0.25403130680741504,0.2114357410042947,0.1904337293370565,0.087925750897888,0.04090124586767127
1.0,43,fourier_gaussian,7,1.3348398208618164,1024,0.10392261499942618,0.05832459855970494,0.12872578033494197,0.8073178094475059,0.2411254597487798,0.20985938182094585,0.1707301219793333,0.07531669482586813,0.0343667639010775
1.0,43,fourier_gaussian,8,1.4142135381698608,1024,0.09447022591691875,0.04723511457524847,0.11574789917338583,0.8161722725991427,0.22693082187872715,0.19878431996216958,0.15874533104023053,0.06603241110090212,0.029682842755288003
1.0,43,fourier_gaussian,9,1.4983071088790894,1024,0.08421508315712965,0.0375135532138771,0.10213604822374311,0.8245382959466464,0.21098878380384967,0.18861726609284574,0.14187446170060003,0.05715083198334702,0.025951035216518946
1.0,43,fourier_gaussian,10,1.587401032447815,1024,0.07235722967014886,0.028714986330195216,0.08923298266626312,0.8108798732052853,0.1976280398716408,0.17291873798437263,0.12168037442016302,0.04776335609905147,0.02171432343081176
1.0,43,fourier_gaussian,11,1.6817928552627563,1024,0.06343465734747604,0.022427537526073658,0.07698999767159165,0.8239337480962496,0.18410633942798188,0.16137471470956927,0.10558978403361938,0.04120703071449996,0.01805210087330132
1.0,43,fourier_gaussian,12,1.7817974090576172,1024,0.052088332496277805,0.016406797142835983,0.06426913678089384,0.8104719482052046,0.1720819237471995,0.14123932754905066,0.08860563204962518,0.031806904503926,0.014259086232115482
1.0,43,fourier_gaussian,13,1.8877485990524292,1024,0.04348837981495833,0.012203514311367453,0.05339679810560009,0.8144379692758656,0.15950774311868757,0.12078961564685464,0.07469831774029256,0.025901284861149048,0.01149905119992348
1.0,43,fourier_gaussian,14,2.0,1024,0.03627567991095459,0.009068919977738647,0.04398673827316609,0.8246958364058651,0.14736993449757407,0.10487019881406692,0.06226809237885678,0.021134850845625424,0.009157568157531788
1.0,43,fourier_gaussian,15,2.4000000953674316,1024,0.017941958047515767,0.0031149230245863086,0.021520487781540577,0.8337152126684446,0.11701182921089659,0.05884815071977192,0.030321260305930617,0.009723345088984215,0.0042567403913107045
1.0,43,scalar_normalized,0,0.6000000238418579,1024,0.11879634176550691,0.3299898120122846,0.2487359788356549,0.4776001538723843,0.43465713073054196,0.07598070002635501,0.1689915247453241,0.11645598459968609,0.06218827783846175
1.0,43,scalar_normalized,1,0.800000011920929,1024,0.12580760867892898,0.19657438270245337,0.2204068911372617,0.5707970745823024,0.35617320629101146,0.11887697803530732,0.1977433536158391,0.11080122966254774,0.05846295543276322
1.0,43,scalar_normalized,2,1.0,1024,0.12184986388684993,0.12184986388684993,0.18655748318132864,0.653149162440272,0.2967869696227806,0.1553399104564546,0.20024518762915156,0.09893539769210427,0.05044057920868354
1.0,43,scalar_normalized,3,1.0594631433486938,1024,0.12318279623201388,0.10974338511101153,0.17966885811214628,0.6856101693211922,0.28265575315920954,0.17343474561552905,0.20206723005511967,0.09756971541669361,0.051786580635749487
1.0,43,scalar_normalized,4,1.1224620342254639,1024,0.11471893045652284,0.0910524777286077,0.16478983591935376,0.6961529503109947,0.27004270542249453,0.16715774744611545,0.1905067099007298,0.08902890114909603,0.04790364605621601
1.0,43,scalar_normalized,5,1.1892070770263672,1024,0.1115240507742059,0.07885941760445539,0.15502431360219943,0.7193971589539335,0.2583008497216779,0.17807499112847783,0.18391788015326363,0.08510933617198188,0.045640086845242886
1.0,43,scalar_normalized,6,1.2599210739135742,1024,0.10526629888196538,0.06631361037459697,0.1435283591534027,0.7334181168298389,0.24318504531048205,0.1794847607358157,0.17665942047594504,0.07768378383244691,0.0413133274275989
1.0,43,scalar_normalized,7,1.3348398208618164,1024,0.09780300800609391,0.05489008508801028,0.12872578033494197,0.7597779384332524,0.23461208211413093,0.18002972378550722,0.16310165710222582,0.07082594384368227,0.03794836546018497
1.0,43,scalar_normalized,8,1.4142135381698608,1024,0.08975366357612252,0.044876833324129825,0.11574789917338583,0.7754236942277029,0.22166635356929942,0.17292830146822213,0.15132420381170253,0.06285242504144319,0.035713694348269064
1.0,43,scalar_normalized,9,1.4983071088790894,1024,0.07980307371330674,0.03554822651886965,0.10213604822374311,0.7813409183257911,0.2063227157133771,0.16374984841664864,0.1317440331975771,0.05571125918254324,0.03184001468896493
1.0,43,scalar_normalized,10,1.587401032447815,1024,0.07207876450966479,0.028604477355305115,0.08923298266626312,0.807759220368592,0.19733892661869412,0.15905494022810626,0.11806821532568484,0.049138433414509505,0.028663116241526048
1.0,43,scalar_normalized,11,1.6817928552627563,1024,0.06249793289429652,0.022096355429350147,0.07698999767159165,0.8117669149814442,0.18305779319639678,0.14252748853754676,0.1003961144504236,0.04278633146775436,0.02512857349297971
1.0,43,scalar_normalized,12,1.7817974090576172,1024,0.054231927724551904,0.017081987351106855,0.06426913678089384,0.8438253637891425,0.17383287463634645,0.1286509727618984,0.08739663104896184,0.03610328615581521,0.022414520497858068
1.0,43,scalar_normalized,13,1.8877485990524292,1024,0.04571753993371122,0.012829051237030833,0.05339679810560009,0.8561850439664566,0.1623926026393421,0.11176266149200961,0.07208828338475451,0.03056608437897136,0.01938331613959689
1.0,43,scalar_normalized,14,2.0,1024,0.03859281219410089,0.009648203048525223,0.04398673827316609,0.877373811043504,0.1495371145988894,0.09790114291737691,0.06072704019036916,0.025382464480912043,0.016199758937628515
1.0,43,scalar_normalized,15,2.4000000953674316,1024,0.021290965879613228,0.00369634794922906,0.021520487781540577,0.9893347258548562,0.11979143057570456,0.05869576059167819,0.030279408015060235,0.014264536925694979,0.01107535884691806
1.0,43,fourier_normalized,0,0.6000000238418579,1024,0.134335999640752,0.3731555249019072,0.2487359788356549,0.5400746617742446,0.4491842011363956,0.07799550746522883,0.17328637541470215,0.1397839992218717,0.07580982883367916
1.0,43,fourier_normalized,1,0.800000011920929,1024,0.12428516135591469,0.194195558831138,0.2204068911372617,0.5638896348232335,0.3553484563076996,0.11504940016956675,0.18982297409031967,0.11350669908499256,0.05362310795509379
1.0,43,fourier_normalized,2,1.0,1024,0.10805663029622542,0.10805663029622542,0.18655748318132864,0.5792135938669231,0.28187910275730477,0.14568394614286778,0.17894958591241258,0.08751604672677334,0.0387184049927993
1.0,43,fourier_normalized,3,1.0594631433486938,1024,0.10571590431291637,0.09418215492948917,0.17966885811214628,0.5883930327365373,0.2649010501459777,0.15328263201337147,0.17816300493269716,0.08318442663351504,0.035614014610791694
1.0,43,fourier_normalized,4,1.1224620342254639,1024,0.10046474124959738,0.07973891997368404,0.16478983591935376,0.6096537489045359,0.2558058375645424,0.15954221783578898,0.1705752447697997,0.07668249372616497,0.03284707197654266
1.0,43,fourier_normalized,5,1.1892070770263672,1024,0.09268382189514628,0.06553736315410795,0.15502431360219943,0.5978663587763262,0.23958484091046084,0.16097206789750723,0.15992764437709084,0.06790635189441244,0.028805109706483152
1.0,43,fourier_normalized,6,1.2599210739135742,1024,0.08617341921162588,0.05428585033329782,0.1435283591534027,0.6003929796168295,0.22388507771367103,0.15890501666701,0.15071143577626916,0.06121133585258882,0.02533392831118671
1.0,43,fourier_normalized,7,1.3348398208618164,1024,0.07858841241854565,0.04410625738951541,0.12872578033494197,0.610510281732689,0.21533538842662564,0.15756501285553073,0.13904174717088472,0.05350533579847115,0.0219982176252326
1.0,43,fourier_normalized,8,1.4142135381698608,1024,0.07208621007162283,0.03604310626951438,0.11574789917338583,0.6227863363951038,0.2026261159500174,0.15057535432044214,0.1290511302012922,0.04753577796432828,0.01995623766375714
1.0,43,fourier_normalized,9,1.4983071088790894,1024,0.062293703414773596,0.027748689074847142,0.10213604822374311,0.6099090820344903,0.1887658278617891,0.14128181705341408,0.11125499165637737,0.03980791597473442,0.01631543595949247
1.0,43,fourier_normalized,10,1.587401032447815,1024,0.053981387163166514,0.021422528219247023,0.08923298266626312,0.6049488154515719,0.18066146975413436,0.1317604572490035,0.09690553424287565,0.03305600116769546,0.013512656067775939
1.0,43,fourier_normalized,11,1.6817928552627563,1024,0.04766745739333962,0.01685299068623688,0.07698999767159165,0.6191383145206708,0.1674524167539424,0.12326360585730745,0.08401244731843036,0.028964475356229338,0.01171199163116845
1.0,43,fourier_normalized,12,1.7817974090576172,1024,0.03995126809632642,0.012583861295661983,0.06426913678089384,0.6216244701174091,0.15952098275495447,0.10950138658425568,0.07126194485550681,0.023090768337087782,0.009344109343835434
1.0,43,fourier_normalized,13,1.8877485990524292,1024,0.032799189559233596,0.009203961630451113,0.05339679810560009,0.6142538639558187,0.14843925504517871,0.09425284536155568,0.05929502342564301,0.018092801599277557,0.007112030644160764
1.0,43,fourier_normalized,14,2.0,1024,0.02743391357927673,0.006858478394819183,0.04398673827316609,0.6236860166559034,0.1383137655180648,0.0803401273121489,0.04935749545818377,0.015044853385796727,0.005869432229437522
1.0,43,fourier_normalized,15,2.4000000953674316,1024,0.01385805091354702,0.0024059114257305816,0.021520487781540577,0.6439468777019965,0.1129843036759107,0.04587326160233754,0.024383683408064044,0.007101234616152013,0.0028853376641253883
1.0,43,scalar_gate_s1p5_p4,0,0.6000000238418579,1024,0.07729044560264785,0.21469566516709854,0.2487359788356549,0.31073287412801376,0.3938852749665176,0.10843251795103903,0.11922584434190783,0.06321741282328265,0.03860226481690359
1.0,43,scalar_gate_s1p5_p4,1,0.800000011920929,1024,0.09482262860963983,0.1481603527870396,0.2204068911372617,0.4302162610269187,0.32625630966115093,0.16882693626013215,0.15390631714922545,0.06935631078180002,0.04487754541638678
1.0,43,scalar_gate_s1p5_p4,2,1.0,1024,0.1072944181193258,0.1072944181193258,0.18655748318132864,0.5751279245927575,0.2819035721449092,0.2116767707522606,0.17586857280658919,0.07476151490197214,0.05029669270034097
1.0,43,scalar_gate_s1p5_p4,3,1.0594631433486938,1024,0.11090420831061051,0.09880440788289284,0.17966885811214628,0.6172700682573825,0.2700359429823761,0.23162124011999707,0.179700031725991,0.07699806236359841,0.04962538925565407
1.0,43,scalar_gate_s1p5_p4,4,1.1224620342254639,1024,0.10623377164978956,0.0843178025516404,0.16478983591935376,0.6446621604853053,0.26147347724914977,0.22489992714268472,0.17453342136619873,0.07151002249607002,0.05006513812750534
1.0,43,scalar_gate_s1p5_p4,5,1.1892070770263672,1024,0.10744919285930452,0.07597805775642923,0.15502431360219943,0.6931118762120426,0.25438640401209295,0.23445956743941682,0.17290808647970618,0.07337532772615787,0.0492399977148599
1.0,43,scalar_gate_s1p5_p4,6,1.2599210739135742,1024,0.10394434789995993,0.06548083347176958,0.1435283591534027,0.724207735064152,0.2417875094046228,0.23290914592057285,0.16877273163347806,0.0696638377210781,0.046550927482474136
1.0,43,scalar_gate_s1p5_p4,7,1.3348398208618164,1024,0.09883281748645215,0.05546804614619962,0.12872578033494197,0.7677779635850027,0.23545063599703966,0.23030161301286695,0.15719062451980664,0.06653170239329148,0.04407382004219848
1.0,43,scalar_gate_s1p5_p4,8,1.4142135381698608,1024,0.0919464013479617,0.04597320224757652,0.11574789917338583,0.7943677769065128,0.22416200129345426,0.22008727671592637,0.14777800999853202,0.06054098292161491,0.040143524819833076
1.0,43,scalar_gate_s1p5_p4,9,1.4983071088790894,1024,0.08608681339374619,0.03834731421251352,0.10213604822374311,0.842864149248864,0.21247110438452532,0.21454099583140582,0.13543401061797078,0.056630023569527975,0.03827623408791592
1.0,43,scalar_gate_s1p5_p4,10,1.587401032447815,1024,0.07887630048879697,0.0313020813626669,0.08923298266626312,0.8839366132565492,0.2041437836414,0.2079067135427053,0.12124147001944505,0.051531925644790255,0.03517785237061011
1.0,43,scalar_gate_s1p5_p4,11,1.6817928552627563,1024,0.07138488284842606,0.025238366625167055,0.07698999767159165,0.9271968438410045,0.19174478701218983,0.19965341662476407,0.10701822333116999,0.046205866916400294,0.03189715230212432
1.0,43,scalar_gate_s1p5_p4,12,1.7817974090576172,1024,0.062184233589225674,0.01958680681617249,0.06426913678089384,0.9675598071469979,0.18288724319845184,0.18337018371212319,0.09292387940247072,0.03908987753655695,0.02745579160748441
1.0,43,scalar_gate_s1p5_p4,13,1.8877485990524292,1024,0.05536983627291648,0.01553763539248229,0.05339679810560009,1.036950495859591,0.17189152078122263,0.1728141850653309,0.08063747621052089,0.034549100350371516,0.023858840539892803
1.0,43,scalar_gate_s1p5_p4,14,2.0,1024,0.04782297732254112,0.01195574433063528,0.04398673827316609,1.0872135375337733,0.15926854604612753,0.15951011472801713,0.06816886902249895,0.029046932446692326,0.020535818606113768
1.0,43,scalar_gate_s1p5_p4,15,2.4000000953674316,1024,0.028698081104812548,0.004982305351405227,0.021520487781540577,1.3335237284643997,0.12709136216612107,0.11468271769598015,0.03667134265432919,0.01662717296582014,0.012355359880105622
1.0,43,fourier_gate_s1p5_p4,0,0.6000000238418579,1024,0.0749132661355201,0.2080923893943027,0.2487359788356549,0.30117583506090556,0.3907448737364509,0.10007889632250329,0.11633871249213582,0.061410206374849674,0.03829868160463425
1.0,43,fourier_gate_s1p5_p4,1,0.800000011920929,1024,0.09125791975614679,0.14259049536945143,0.2204068911372617,0.41404295158500537,0.32296982069930047,0.15437781996212457,0.14772658818063014,0.06793251448235137,0.04392076236586035
1.0,43,fourier_gate_s1p5_p4,2,1.0,1024,0.1013326101161465,0.1013326101161465,0.18655748318132864,0.543170975444893,0.2758804866744692,0.20137773831398809,0.16745898372157786,0.07031073530189141,0.04538773511709789
1.0,43,fourier_gate_s1p5_p4,3,1.0594631433486938,1024,0.10576427685069935,0.0942252499574078,0.17966885811214628,0.588662264356815,0.26463454975482886,0.2253422212362545,0.17381889411095647,0.07232250207712793,0.04468169287398153
1.0,43,fourier_gate_s1p5_p4,4,1.1224620342254639,1024,0.1012436182321404,0.08035711505991874,0.16478983591935376,0.6143802356941958,0.25600819991892665,0.22079674390448223,0.16867702034110094,0.06758240459873158,0.04210819616889846
1.0,43,fourier_gate_s1p5_p4,5,1.1892070770263672,1024,0.10137714448491073,0.07168447090097828,0.15502431360219943,0.6539435145963609,0.2487510934874927,0.2291859280250114,0.16721759185829826,0.06773772370504967,0.04040483680052995
1.0,43,fourier_gate_s1p5_p4,6,1.2599210739135742,1024,0.09793381668418935,0.061694436216234945,0.1435283591534027,0.6823307760351246,0.23580904785410886,0.2322453895415082,0.16309508871509623,0.06354995736040492,0.037368594487252244
1.0,43,fourier_gate_s1p5_p4,7,1.3348398208618164,1024,0.09386402535926355,0.052679405712676104,0.12872578033494197,0.7291781422107614,0.2311910690222213,0.2342039444406503,0.15357366866514716,0.06072292871830005,0.03494662508056231
1.0,43,fourier_gate_s1p5_p4,8,1.4142135381698608,1024,0.08645969572831168,0.043229849343850546,0.11574789917338583,0.7469655721249716,0.21893840440795545,0.21817890455655847,0.14517671995789194,0.05413067573386323,0.03102838995017053
1.0,43,fourier_gate_s1p5_p4,9,1.4983071088790894,1024,0.07914114758476742,0.03525337196175564,0.10213604822374311,0.7748600906449583,0.2056384253807617,0.20301144930569617,0.13198538690807887,0.049557274763935066,0.028140296265953397
1.0,43,fourier_gate_s1p5_p4,10,1.587401032447815,1024,0.07147698876819314,0.028365662488166406,0.08923298266626312,0.8010153491733153,0.19608768462159282,0.19406789237717495,0.11775083841059603,0.044001183174187095,0.02490379742073218
1.0,43,fourier_gate_s1p5_p4,11,1.6817928552627563,1024,0.06350916249413024,0.022453879072514428,0.07698999767159165,0.8249014731112836,0.1833556281014502,0.17824362564807728,0.103025725717806,0.039153844462015475,0.021525105354503065
1.0,43,fourier_gate_s1p5_p4,12,1.7817974090576172,1024,0.054488904701296983,0.017162930029165076,0.06426913678089384,0.8478238145170738,0.17464102456716435,0.15920498351499332,0.08959763102800486,0.03240168755720526,0.017338389990553784
1.0,43,fourier_gate_s1p5_p4,13,1.8877485990524292,1024,0.04690074926319748,0.013161078138174723,0.05339679810560009,0.8783438507013902,0.16346350264137394,0.135907223678484,0.07815224204024583,0.02754406911457273,0.015019734656979216
1.0,43,fourier_gate_s1p5_p4,14,2.0,1024,0.03977546644034734,0.009943866610086834,0.04398673827316609,0.9042604203415596,0.15110868381743398,0.12003563015665424,0.06617172911844207,0.022917399895049078,0.011945826563579608
1.0,43,fourier_gate_s1p5_p4,15,2.4000000953674316,1024,0.020942452052709483,0.0036358420813112895,0.021520487781540577,0.9731402124943046,0.11926461973653531,0.06837147233545973,0.03470480870801714,0.011507004980480889,0.005771606781275976
1.0,43,scalar_gate_s1p5_p4_plateau_lo0p8_hi1,0,0.6000000238418579,1024,0.09806217082637629,0.27239489731415445,0.2487359788356549,0.3942420042545113,0.4132660666948896,0.10144916429449906,0.1454104043447783,0.08456521768630584,0.06299436006274843
1.0,43,scalar_gate_s1p5_p4_plateau_lo0p8_hi1,1,0.800000011920929,1024,0.1292286306468021,0.20191972936795136,0.2204068911372617,0.5863184675397605,0.36115965921193105,0.16797191606614975,0.20905172415938444,0.0994224896861131,0.0783978383540655
1.0,43,scalar_gate_s1p5_p4_plateau_lo0p8_hi1,2,1.0,1024,0.13332970915062928,0.13332970915062928,0.18655748318132864,0.7146843261228848,0.3083635651111466,0.19726957629137282,0.23382201141902262,0.0985195125032815,0.05065976626305293
1.0,43,scalar_gate_s1p5_p4_plateau_lo0p8_hi1,3,1.0594631433486938,1024,0.13426713719310973,0.11961840935144327,0.17966885811214628,0.7473033368381651,0.2942230298448614,0.2082871272409347,0.23262561564530954,0.0996205724928105,0.049172425452648855
1.0,43,scalar_gate_s1p5_p4_plateau_lo0p8_hi1,4,1.1224620342254639,1024,0.12491383627062885,0.09914418003868061,0.16478983591935376,0.7580190584797976,0.28059888661694593,0.20355410664586074,0.21936615573741125,0.08990825395349292,0.04555287354151157
1.0,43,scalar_gate_s1p5_p4_plateau_lo0p8_hi1,5,1.1892070770263672,1024,0.1211896456132758,0.08569402569587863,0.15502431360219943,0.7817460551656099,0.26858387464835076,0.2106789838906054,0.21034145664119708,0.08669277272072427,0.04330275789253847
1.0,43,scalar_gate_s1p5_p4_plateau_lo0p8_hi1,6,1.2599210739135742,1024,0.1153249743102531,0.07265017858608068,0.1435283591534027,0.8034995661518995,0.25257520173550063,0.21515318452094614,0.20228114504966666,0.07977537987936696,0.03957457739536937
1.0,43,scalar_gate_s1p5_p4_plateau_lo0p8_hi1,7,1.3348398208618164,1024,0.10711673488977495,0.060117237826501586,0.12872578033494197,0.8321311753640902,0.24453833330064975,0.21539731376086588,0.18626157998661338,0.07254688813208776,0.036856109762718886
1.0,43,scalar_gate_s1p5_p4_plateau_lo0p8_hi1,8,1.4142135381698608,1024,0.09725760102204824,0.04862880217551711,0.11574789917338583,0.8402537040984229,0.229773867074408,0.20525392285131644,0.17089228175793336,0.06364899655776546,0.03331938445150518
1.0,43,scalar_gate_s1p5_p4_plateau_lo0p8_hi1,9,1.4983071088790894,1024,0.08814299048079417,0.03926323693894734,0.10213604822374311,0.8629958962941741,0.2140316906616544,0.19031023841813802,0.15440834164952183,0.057247039745866736,0.03029637565870222
1.0,43,scalar_gate_s1p5_p4_plateau_lo0p8_hi1,10,1.587401032447815,1024,0.07750136027837076,0.030756435965141236,0.08923298266626312,0.8685281827710574,0.20225187239821957,0.18045839302037353,0.13329023420022645,0.049639077132980464,0.026380302554322395
1.0,43,scalar_gate_s1p5_p4_plateau_lo0p8_hi1,11,1.6817928552627563,1024,0.06873362571559198,0.02430100570411413,0.07698999767159165,0.892760459725976,0.18885471807275592,0.16764610452342135,0.1161886775599334,0.04368684509472132,0.02403888322236896
1.0,43,scalar_gate_s1p5_p4_plateau_lo0p8_hi1,12,1.7817974090576172,1024,0.05870193277972896,0.018489950759668305,0.06426913678089384,0.9133767111242745,0.17866409468503675,0.15088053926680986,0.09937678922500008,0.03606044785641805,0.020715238538932184
1.0,43,scalar_gate_s1p5_p4_plateau_lo0p8_hi1,13,1.8877485990524292,1024,0.04910746412656167,0.013780316576827923,0.05339679810560009,0.9196705770530355,0.16503361026884494,0.12883482657012918,0.08201630667631286,0.030272585973728373,0.01746386014683672
1.0,43,scalar_gate_s1p5_p4_plateau_lo0p8_hi1,14,2.0,1024,0.04139444202958967,0.010348610507397417,0.04398673827316609,0.9410664135295105,0.1530361283001387,0.11010306968349745,0.06873477228603578,0.025230839388728547,0.015680449520323148
1.0,43,scalar_gate_s1p5_p4_plateau_lo0p8_hi1,15,2.4000000953674316,1024,0.02285522739486801,0.003967921107378097,0.021520487781540577,1.062021810419758,0.12105387694240322,0.06574029039883714,0.03478771925723724,0.014229616162046741,0.010402515961331314
1.0,43,fourier_gate_s1p5_p4_plateau_lo0p8_hi1,0,0.6000000238418579,1024,0.08729474432451897,0.2424853816304345,0.2487359788356549,0.3509534275385084,0.40346299723893997,0.10023586938395054,0.12166904769570211,0.07606817676520097,0.06140683518904402
1.0,43,fourier_gate_s1p5_p4_plateau_lo0p8_hi1,1,0.800000011920929,1024,0.12006567872849619,0.18760261742228157,0.2204068911372617,0.5447455753718856,0.35130536757035596,0.16565380259420587,0.17953109450482307,0.0972588267348081,0.07518186717689816
1.0,43,fourier_gate_s1p5_p4_plateau_lo0p8_hi1,2,1.0,1024,0.15825438647799014,0.15825438647799014,0.18655748318132864,0.848287529287535,0.3326601284174123,0.22562312299383747,0.24019265107374355,0.13368029820324862,0.06799472928131473
1.0,43,fourier_gate_s1p5_p4_plateau_lo0p8_hi1,3,1.0594631433486938,1024,0.15535157758804768,0.13840250853485256,0.17966885811214628,0.8646550059948611,0.3150105753620348,0.24268613013443446,0.24152704643532202,0.12653039780149747,0.06251156074964605
1.0,43,fourier_gate_s1p5_p4_plateau_lo0p8_hi1,4,1.1224620342254639,1024,0.1425696102811609,0.11315757750915793,0.16478983591935376,0.8651602174719856,0.2981338166032278,0.2315568260092035,0.22737329064763573,0.11295607965131912,0.05424350771569547
1.0,43,fourier_gate_s1p5_p4_plateau_lo0p8_hi1,5,1.1892070770263672,1024,0.13729970452288703,0.09708555832373797,0.15502431360219943,0.8856656180733387,0.2847969409647108,0.24587288972835553,0.2212028433551523,0.10461627043277914,0.051290883602896215
1.0,43,fourier_gate_s1p5_p4_plateau_lo0p8_hi1,6,1.2599210739135742,1024,0.12806702235752715,0.08067716555679946,0.1435283591534027,0.892276781487131,0.2660765102313241,0.24112547159903333,0.21047512813903568,0.0947229597669115,0.044719932287445564
1.0,43,fourier_gate_s1p5_p4_plateau_lo0p8_hi1,7,1.3348398208618164,1024,0.1163455398931133,0.06529672976873646,0.12872578033494197,0.9038247007738813,0.2538580697312557,0.23865460000360614,0.19103767824098972,0.08399478737946886,0.03782399226482719
1.0,43,fourier_gate_s1p5_p4_plateau_lo0p8_hi1,8,1.4142135381698608,1024,0.10551469015942198,0.052757346885518044,0.11574789917338583,0.9115905421433619,0.23880905601481467,0.22564026617868418,0.17813622600463053,0.07288746543367002,0.032931710943413045
1.0,43,fourier_gate_s1p5_p4_plateau_lo0p8_hi1,9,1.4983071088790894,1024,0.0944972462390228,0.04209373597290471,0.10213604822374311,0.9252095404358462,0.2208281935590016,0.2155476047726422,0.1593628673413795,0.06360176884089072,0.0286466352646546
1.0,43,fourier_gate_s1p5_p4_plateau_lo0p8_hi1,10,1.587401032447815,1024,0.08285320533301291,0.03288031713480371,0.08923298266626312,0.9285042689079331,0.2066729930000747,0.19972115171898966,0.14044467729063653,0.054226772423206004,0.023686031519854406
1.0,43,fourier_gate_s1p5_p4_plateau_lo0p8_hi1,11,1.6817928552627563,1024,0.07206857020587196,0.02548008660138176,0.07698999767159165,0.9360770539737835,0.19238154592695522,0.18452083624854287,0.12092178889589926,0.04634554852620044,0.019920782189765302
1.0,43,fourier_gate_s1p5_p4_plateau_lo0p8_hi1,12,1.7817974090576172,1024,0.06052087319953789,0.019062881108030724,0.06426913678089384,0.9416786381597979,0.1805451298341901,0.1635900200518085,0.10344171211922146,0.036883746498069886,0.016252334407718075
1.0,43,fourier_gate_s1p5_p4_plateau_lo0p8_hi1,13,1.8877485990524292,1024,0.050651018193654515,0.014213461803858383,0.05339679810560009,0.9485778172220104,0.16658790068954238,0.14132731345907198,0.08684368527816357,0.03024200826801436,0.01303348350393597
1.0,43,fourier_gate_s1p5_p4_plateau_lo0p8_hi1,14,2.0,1024,0.041896159682126975,0.010474039920531744,0.04398673827316609,0.9524725252857754,0.15289616425698968,0.12206743785065584,0.07226623755559222,0.024119296027842286,0.010522351618526021
1.0,43,fourier_gate_s1p5_p4_plateau_lo0p8_hi1,15,2.4000000953674316,1024,0.02121315260588883,0.003682838701392193,0.021520487781540577,0.985718949367153,0.1195203870751923,0.0693092547762607,0.036476608622535614,0.01131664938035405,0.004744852889219391
1.0,44,scalar_gate_s1p5_p4_cap_lo1_hi2_d0p5,0,0.6000000238418579,1024,0.07604380540451657,0.21123277600305068,0.2487359788356549,0.3057209727377651,0.39234700903049263,0.1116296515071484,0.11779140501209578,0.060798863252684965,0.039647939729833014
1.0,44,scalar_gate_s1p5_p4_cap_lo1_hi2_d0p5,1,0.800000011920929,1024,0.0948331864838398,0.1481768494649854,0.2204068911372617,0.43026416276967044,0.32646249922365095,0.17387785708840905,0.15360309906672578,0.06843937433001537,0.04614959302617415
1.0,44,scalar_gate_s1p5_p4_cap_lo1_hi2_d0p5,2,1.0,1024,0.10837542453465965,0.10837542453465965,0.18655748318132864,0.5809224196561538,0.28245757258769466,0.221322604630048,0.1775865759470836,0.0744886716181811,0.05060156632183156
1.0,44,scalar_gate_s1p5_p4_cap_lo1_hi2_d0p5,3,1.0594631433486938,1024,0.11197810160827751,0.09976113795672578,0.17966885811214628,0.6232471380119902,0.2710257730568427,0.23975498551569183,0.18273787682986561,0.07607669758818722,0.05082331423056527
1.0,44,scalar_gate_s1p5_p4_cap_lo1_hi2_d0p5,4,1.1224620342254639,1024,0.10544216430005576,0.08368950336601684,0.16478983591935376,0.6398584215573705,0.26111584474938415,0.2231314049153977,0.17412657491256078,0.07114099596151331,0.047535825481572896
1.0,44,scalar_gate_s1p5_p4_cap_lo1_hi2_d0p5,5,1.1892070770263672,1024,0.1050892618134946,0.07430933440422575,0.15502431360219943,0.6778889025315035,0.2516518724755501,0.23733271389387944,0.17095254186696307,0.07090513960838928,0.04367041889306816
1.0,44,scalar_gate_s1p5_p4_cap_lo1_hi2_d0p5,6,1.2599210739135742,1024,0.10288175927974526,0.06481144461229797,0.1435283591534027,0.7168043993994632,0.24092117597894414,0.24000566863320172,0.17074352168795776,0.06735427580616005,0.04027361403565803
1.0,44,scalar_gate_s1p5_p4_cap_lo1_hi2_d0p5,7,1.3348398208618164,1024,0.09843915654406267,0.05524711140130672,0.12872578033494197,0.7647198275895155,0.23561582567727102,0.2509167152231616,0.16020492726731517,0.0632453478029896,0.03687797568061278
1.0,44,scalar_gate_s1p5_p4_cap_lo1_hi2_d0p5,8,1.4142135381698608,1024,0.09196536353282636,0.045982683340333376,0.11574789917338583,0.7945316000514691,0.22453759813546278,0.2501708675126957,0.1513745675161349,0.056128815361117926,0.0338395695556935
1.0,44,scalar_gate_s1p5_p4_cap_lo1_hi2_d0p5,9,1.4983071088790894,1024,0.08586113033912039,0.038246783844771925,0.10213604822374311,0.8406545175022803,0.2123462447039883,0.25136323325771537,0.13843064353576762,0.05138477992782587,0.030702595699640796
1.0,44,scalar_gate_s1p5_p4_cap_lo1_hi2_d0p5,10,1.587401032447815,1024,0.07902107008714224,0.03135953321725645,0.08923298266626312,0.8855589909247563,0.20376741206468252,0.24069125553588105,0.12539532468958747,0.046777328668618536,0.028570870903474283
1.0,44,scalar_gate_s1p5_p4_cap_lo1_hi2_d0p5,11,1.6817928552627563,1024,0.07210793616669103,0.025494004569893574,0.07698999767159165,0.9365883666378908,0.19282603341104573,0.22968695380299545,0.11235677414398125,0.04243726904800313,0.02509973463527143
1.0,44,scalar_gate_s1p5_p4_cap_lo1_hi2_d0p5,12,1.7817974090576172,1024,0.0629309740315919,0.019822015323895974,0.06426913678089384,0.9791787657913625,0.18337590817285654,0.20558224273032383,0.0966156188484146,0.036617645148099294,0.02320236530669477
1.0,44,scalar_gate_s1p5_p4_cap_lo1_hi2_d0p5,13,1.8877485990524292,1024,0.055444927374877016,0.015558707121098784,0.05339679810560009,1.03835678059247,0.17156389137976708,0.19139713927404226,0.08318345388018694,0.03166058012816884,0.02045496324235406
1.0,44,scalar_gate_s1p5_p4_cap_lo1_hi2_d0p5,14,2.0,1024,0.04754284842238018,0.011885712105595045,0.04398673827316609,1.0808450521411694,0.1586654293082691,0.16978047347238562,0.06972558163076077,0.027041215846512638,0.017647698532977974
1.0,44,scalar_gate_s1p5_p4_cap_lo1_hi2_d0p5,15,2.4000000953674316,1024,0.027780372326675316,0.0048229809234183706,0.021520487781540577,1.290880235089477,0.1260532809781693,0.10864022446331849,0.03702174861321133,0.015961375012139734,0.011078664262943991
1.0,44,fourier_gate_s1p5_p4_cap_lo1_hi2_d0p5,0,0.6000000238418579,1024,0.07495174291281631,0.20819926932274255,0.2487359788356549,0.3013305242919381,0.39128051156710386,0.09779694174273829,0.11300345031765605,0.06230493057668077,0.04238933255743441
1.0,44,fourier_gate_s1p5_p4_cap_lo1_hi2_d0p5,1,0.800000011920929,1024,0.08983873057277025,0.14037301233651173,0.2204068911372617,0.40760400053382106,0.3224022907262931,0.14784525958254713,0.1413656103621917,0.06777743641489359,0.04935220609367904
1.0,44,fourier_gate_s1p5_p4_cap_lo1_hi2_d0p5,2,1.0,1024,0.10169796309693917,0.10169796309693917,0.18655748318132864,0.5451293690432755,0.2757003187576652,0.1942487907313286,0.16115851981452584,0.07324695457076932,0.052054768012099274
1.0,44,fourier_gate_s1p5_p4_cap_lo1_hi2_d0p5,3,1.0594631433486938,1024,0.10372425902589083,0.09240780086037954,0.17966885811214628,0.5773079437124707,0.2628496394695394,0.21980492361985843,0.16816589111053032,0.07270778885713161,0.04184543118297341
1.0,44,fourier_gate_s1p5_p4_cap_lo1_hi2_d0p5,4,1.1224620342254639,1024,0.09729999817029604,0.07722706166400377,0.16478983591935376,0.5904490263459788,0.2519229314011381,0.2117863768938169,0.1639855636162602,0.06611308698726318,0.03296155811141689
1.0,44,fourier_gate_s1p5_p4_cap_lo1_hi2_d0p5,5,1.1892070770263672,1024,0.09777592166363745,0.06913802166085467,0.15502431360219943,0.6307134628864453,0.24388571209987905,0.22403279167804718,0.1629324942969117,0.06586775479166358,0.03234127293504579
1.0,44,fourier_gate_s1p5_p4_cap_lo1_hi2_d0p5,6,1.2599210739135742,1024,0.09692004458240595,0.0610557998351679,0.1435283591534027,0.6752675579522099,0.23471802589633545,0.2252946587269718,0.1637211370105363,0.06403785550531049,0.031064920032220507
1.0,44,fourier_gate_s1p5_p4_cap_lo1_hi2_d0p5,7,1.3348398208618164,1024,0.09221053070801633,0.05175141316980999,0.12872578033494197,0.7163330489672413,0.22967225132473476,0.22745171084519583,0.15279358005552937,0.06077225826670577,0.028140149903399914
1.0,44,fourier_gate_s1p5_p4_cap_lo1_hi2_d0p5,8,1.4142135381698608,1024,0.08524225568868743,0.04262112930320282,0.11574789917338583,0.7364475407108501,0.2181404692098509,0.21677798723411254,0.1444636348816088,0.0539093885303314,0.025253006640936024
1.0,44,fourier_gate_s1p5_p4_cap_lo1_hi2_d0p5,9,1.4983071088790894,1024,0.07787464256398997,0.03468920813609117,0.10213604822374311,0.7624599141861728,0.20454995732024792,0.20332967814171057,0.13124561453526315,0.048937048101964344,0.022615473928423138
1.0,44,fourier_gate_s1p5_p4_cap_lo1_hi2_d0p5,10,1.587401032447815,1024,0.07053521991523913,0.027991921262002045,0.08923298266626312,0.7904613048635304,0.1953808673880449,0.19110600632934707,0.11852830442337312,0.04362552146123467,0.019889271385846747
1.0,44,fourier_gate_s1p5_p4_cap_lo1_hi2_d0p5,11,1.6817928552627563,1024,0.06240962677964345,0.022065134504023556,0.07698999767159165,0.8106199333302724,0.18270869652229113,0.17655342926984452,0.10435181026696894,0.03789409907009517,0.017046737210357717
1.0,44,fourier_gate_s1p5_p4_cap_lo1_hi2_d0p5,12,1.7817974090576172,1024,0.05338417777554568,0.016814962841497368,0.06426913678089384,0.8306347408639215,0.17341341186868586,0.15881970155598896,0.09066502083586836,0.03079382919580668,0.013873149313739834
1.0,44,fourier_gate_s1p5_p4_cap_lo1_hi2_d0p5,13,1.8877485990524292,1024,0.04546385785850889,0.012757864109608713,0.05339679810560009,0.8514341584414362,0.16177965032899946,0.13679751609965224,0.07772871824098691,0.025857310664816006,0.011432363109641432
1.0,44,fourier_gate_s1p5_p4_cap_lo1_hi2_d0p5,14,2.0,1024,0.03813323067950943,0.009533307669877358,0.04398673827316609,0.8669256275083355,0.1494715361805141,0.11829824335346809,0.06506784950726292,0.02127842492895385,0.009387056335625088
1.0,44,fourier_gate_s1p5_p4_cap_lo1_hi2_d0p5,15,2.4000000953674316,1024,0.02017291611636084,0.003502242102979445,0.021520487781540577,0.9373819181582106,0.11816215081097058,0.06753673562689808,0.03412648039417149,0.010749525297909618,0.004652822986325831
1.0,44,score,0,0.6000000238418579,1024,0.09468069223188616,0.26300190196483675,0.2487359788356549,0.38064735417486056,0.41105575964434404,0.10599360039643402,0.14021117167736857,0.0843573856072274,0.046451827041657345
1.0,44,score,1,0.800000011920929,1024,0.09956307488348975,0.15556729986918588,0.2204068911372617,0.4517239654793069,0.33251617270169775,0.15803498305345318,0.16180894248032093,0.07600710793418089,0.04540856975875491
1.0,44,score,2,1.0,1024,0.10201175487462213,0.10201175487462213,0.18655748318132864,0.5468113802514669,0.2761400252423669,0.19909608734539136,0.1654464972067042,0.07276397716253011,0.04579474404617437
1.0,44,score,3,1.0594631433486938,1024,0.10470565244902355,0.09328212292218283,0.17966885811214628,0.5827701781444398,0.26452965109075666,0.21584025948663155,0.16756066078126564,0.07386644720310553,0.047725631322056886
1.0,44,score,4,1.1224620342254639,1024,0.09910211819750511,0.0786574053133801,0.16478983591935376,0.601384895158246,0.25382382493486155,0.2081359140568364,0.15765533784724473,0.0692000056480787,0.04739671075172828
1.0,44,score,5,1.1892070770263672,1024,0.09983782563848427,0.07059600803674354,0.15502431360219943,0.6440139828302894,0.24662598230482619,0.21461660805360255,0.15438502330458664,0.07038212455006274,0.050376132557718
1.0,44,score,6,1.2599210739135742,1024,0.09754278948514404,0.061448104526047605,0.1435283591534027,0.6796063862256697,0.23583116795990597,0.20761723414574504,0.14880363884840672,0.06900143378132495,0.05308282068677092
1.0,44,score,7,1.3348398208618164,1024,0.09386527761866315,0.05268010851953652,0.12872578033494197,0.7291878703273542,0.23136809958953294,0.21016524852067037,0.1379397232372716,0.06703499293520243,0.05225846593309574
1.0,44,score,8,1.4142135381698608,1024,0.09002208997872865,0.04501104653002681,0.11574789917338583,0.7777427549149646,0.22202431465816158,0.2005430296531864,0.12950413879190156,0.06496786149664309,0.05308056653515693
1.0,44,score,9,1.4983071088790894,1024,0.08632422315716076,0.03845306823494593,0.10213604822374311,0.8451885955882651,0.21314524185003408,0.18675184482313942,0.11819386230813204,0.06452507224130105,0.05622631164536033
1.0,44,score,10,1.587401032447815,1024,0.08438208149859194,0.03348705205811815,0.08923298266626312,0.9456378009259889,0.21029715903149102,0.17765077202302165,0.10983884973745031,0.06542016933087892,0.058943555860632
1.0,44,score,11,1.6817928552627563,1024,0.0817469614333746,0.028901914534617597,0.07698999767159165,1.0617867762780593,0.2016673647867141,0.16467356804117217,0.09987561481463492,0.06625764207511631,0.061963113771333345
1.0,44,score,12,1.7817974090576172,1024,0.08145439540238412,0.02565652762746373,0.06426913678089384,1.2673951990374202,0.201787909101627,0.15445679673499604,0.0925444662632831,0.06892420830195965,0.06851808662204963
1.0,44,score,13,1.8877485990524292,1024,0.08207657372135417,0.023031960406398762,0.05339679810560009,1.537106654954021,0.19908715128827748,0.14024513139467606,0.08820159559726776,0.07237836160691986,0.07550947077796977
1.0,44,score,14,2.0,1024,0.08349015186505254,0.020872537966263136,0.04398673827316609,1.8980755369166649,0.19491632170395706,0.1327093656465525,0.08486826522697401,0.07682611300856096,0.07887142280088254
1.0,44,score,15,2.4000000953674316,1024,0.09751018124717867,0.016928849565584405,0.021520487781540577,4.531039548779143,0.19573051734819225,0.12778673976349458,0.08707326252693101,0.09777435276779832,0.09824641182954696
1.0,44,scalar_gaussian,0,0.6000000238418579,1024,0.1197122912195507,0.33253411584909204,0.2487359788356549,0.48128257029774985,0.43542816198677936,0.0870325044735963,0.17115833586771761,0.11512347554832038,0.06374361923965438
1.0,44,scalar_gaussian,1,0.800000011920929,1024,0.1304730447602822,0.2038641263623165,0.2204068911372617,0.5919644530489211,0.36155459765640974,0.13123444573912252,0.20591854363651863,0.1131701394254897,0.06129124414572224
1.0,44,scalar_gaussian,2,1.0,1024,0.13081785068958596,0.13081785068958596,0.18655748318132864,0.7012200661092467,0.3059267525751542,0.17853731653233135,0.21157642097480686,0.10514672966602356,0.05771603524779282
1.0,44,scalar_gaussian,3,1.0594631433486938,1024,0.13266349007438794,0.11818972232114909,0.17966885811214628,0.7383777660098536,0.29333647520044653,0.19800771311162363,0.21645022399390518,0.10378279434928073,0.05651180082496484
1.0,44,scalar_gaussian,4,1.1224620342254639,1024,0.1257079464760206,0.09977446574220619,0.16478983591935376,0.7628379855754005,0.28116167088583416,0.19432345509970758,0.20798686426584415,0.0961221038054423,0.05308332681424852
1.0,44,scalar_gaussian,5,1.1892070770263672,1024,0.12188521871853215,0.08618587018682967,0.15502431360219943,0.7862329197682891,0.2690318861878006,0.20363896255552075,0.19972428014632332,0.0917326593698841,0.05199558714346916
1.0,44,scalar_gaussian,6,1.2599210739135742,1024,0.11630908693441731,0.07327013066776945,0.1435283591534027,0.8103561388178798,0.2539539739297816,0.2096838620487833,0.19198731407218106,0.0852507704042833,0.04722655940647355
1.0,44,scalar_gaussian,7,1.3348398208618164,1024,0.10844435907619884,0.060862341745525905,0.12872578033494197,0.8424447596590887,0.24594529575920004,0.20670980151389537,0.17651617236493458,0.07881830049637098,0.044756555399075956
1.0,44,scalar_gaussian,8,1.4142135381698608,1024,0.09838772190402467,0.04919386263584652,0.11574789917338583,0.8500173446486808,0.22985660452011378,0.19676578069911832,0.1622784159826737,0.06929331306509758,0.04006199982509901
1.0,44,scalar_gaussian,9,1.4983071088790894,1024,0.09094357079046575,0.040510753589623555,0.10213604822374311,0.8904159929043006,0.21701967620047607,0.1940382655239538,0.14727247289458723,0.0631673577234717,0.03846083045095636
1.0,44,scalar_gaussian,10,1.587401032447815,1024,0.08146089641944952,0.032327778962700705,0.08923298266626312,0.9129011939914451,0.20637919962482448,0.18234050447190417,0.13123153672678267,0.0556868420919284,0.03430418108124009
1.0,44,scalar_gaussian,11,1.6817928552627563,1024,0.07231564777748353,0.02556744171199292,0.07698999767159165,0.9392862704835112,0.19311867102442618,0.17129840376025474,0.11331326599549402,0.04947119578438904,0.03074183626228233
1.0,44,scalar_gaussian,12,1.7817974090576172,1024,0.06291248803734092,0.01981619260039679,0.06426913678089384,0.9788911317079301,0.1829166535214846,0.1555390036456529,0.09955070906717464,0.041579961072704744,0.026908243846088874
1.0,44,scalar_gaussian,13,1.8877485990524292,1024,0.055481646590824114,0.015569011102972085,0.05339679810560009,1.0390444475921745,0.17232008538684512,0.14492109907404477,0.08525755957573046,0.036536522190560854,0.02442857541686257
1.0,44,scalar_gaussian,14,2.0,1024,0.04666423409443893,0.011666058523609732,0.04398673827316609,1.060870524307692,0.1580795985130562,0.12607218064315287,0.07055961895810497,0.03062591497490641,0.020657229594647775
1.0,44,scalar_gaussian,15,2.4000000953674316,1024,0.027524190921378457,0.004778504988533407,0.021520487781540577,1.2789761645174056,0.12552156637838116,0.08428606834773078,0.0376315501093346,0.017915173910208353,0.014321906948125546
1.0,44,fourier_gaussian,0,0.6000000238418579,1024,0.2032000001757634,0.5644444000746646,0.2487359788356549,0.8169304703201861,0.5183509705863515,0.11538734282688615,0.23067385973435459,0.21973472351332532,0.14067788243463264
1.0,44,fourier_gaussian,1,0.800000011920929,1024,0.182673723412604,0.2854276843257858,0.2204068911372617,0.8288022324077027,0.41366694879697935,0.16365726626031613,0.2538611377855054,0.17546230544474173,0.09392615304619646
1.0,44,fourier_gaussian,2,1.0,1024,0.1556416043989069,0.1556416043989069,0.18655748318132864,0.8342822906097399,0.3302981692473934,0.20018285408767186,0.23948631566816836,0.1332483279432397,0.06643602337009319
1.0,44,fourier_gaussian,3,1.0594631433486938,1024,0.151313785562794,0.1348052451281105,0.17966885811214628,0.84218148405188,0.3101685000343504,0.21836736666491544,0.2382750710905097,0.12460258423818939,0.06037293790529409
1.0,44,fourier_gaussian,4,1.1224620342254639,1024,0.1389546097713919,0.11028834963111915,0.16478983591935376,0.8432231817949906,0.2946952460901017,0.21288891030386262,0.22312554978829763,0.1110468626557517,0.053672038549049894
1.0,44,fourier_gaussian,5,1.1892070770263672,1024,0.13301725486711805,0.09405740893865079,0.15502431360219943,0.8580412438299668,0.28039108140679636,0.22228646680539263,0.21551414839131772,0.10324834220965384,0.04922244089769753
1.0,44,fourier_gaussian,6,1.2599210739135742,1024,0.1240887949826064,0.07817103944688598,0.1435283591534027,0.8645594202744327,0.2627649549532325,0.2210159051571859,0.20507572165997484,0.09312599902484107,0.043234204410742924
1.0,44,fourier_gaussian,7,1.3348398208618164,1024,0.10947401908825945,0.06144021891746531,0.12872578033494197,0.8504436236735965,0.24669712253478332,0.21521496866060544,0.18257926228751614,0.0791538355213311,0.03530708600222914
1.0,44,fourier_gaussian,8,1.4142135381698608,1024,0.09814326745942129,0.049071635409361165,0.11574789917338583,0.8479053888693608,0.23140697782755587,0.20238121168031084,0.16777375886794602,0.06793589028440358,0.030562516382727875
1.0,44,fourier_gaussian,9,1.4983071088790894,1024,0.08652682772564073,0.038543318306264715,0.10213604822374311,0.847172269051293,0.21352624489487,0.1905273091598999,0.14693765841051526,0.05880331781718396,0.026085009809889745
1.0,44,fourier_gaussian,10,1.587401032447815,1024,0.07564296881609457,0.03001893280645649,0.08923298266626312,0.8477018985121675,0.20060237027554795,0.17880851749481216,0.12860716164285776,0.04972877153252953,0.02206828870714043
1.0,44,fourier_gaussian,11,1.6817928552627563,1024,0.06618018343303647,0.023398227554009478,0.07698999767159165,0.8595945633786678,0.1862408304435017,0.1643416634602748,0.11222601240678957,0.04276348823809362,0.018249847089904903
1.0,44,fourier_gaussian,12,1.7817974090576172,1024,0.05509861017955554,0.01735497522660692,0.06426913678089384,0.8573105683276495,0.1748565360085178,0.14476150886186595,0.09546761610525145,0.033566852883072415,0.014860961274860002
1.0,44,fourier_gaussian,13,1.8877485990524292,1024,0.04531863362972595,0.012717111937146764,0.05339679810560009,0.8487144405194788,0.16109123817722998,0.12464232800019229,0.07843931117691477,0.026957337763753794,0.011733605500359316
1.0,44,fourier_gaussian,14,2.0,1024,0.03747485118040457,0.009368712795101142,0.04398673827316609,0.851957945771713,0.1482733368629028,0.10710381780578185,0.06525504688357976,0.02156619349849266,0.009504450825661839
1.0,44,fourier_gaussian,15,2.4000000953674316,1024,0.01846500547176742,0.0032057298618577636,0.021520487781540577,0.858019839476221,0.11702664958229005,0.06016355583023568,0.0316947010402407,0.009882620046960498,0.004202030311269815
1.0,44,scalar_normalized,0,0.6000000238418579,1024,0.124347644889848,0.34541009724329347,0.2487359788356549,0.49991820834253775,0.4401969641311868,0.07862737617546409,0.1742899057901893,0.12364686392770985,0.06360894732086546
1.0,44,scalar_normalized,1,0.800000011920929,1024,0.12816223173454644,0.20025348111720997,0.2204068911372617,0.5814801482533116,0.3586418642611233,0.11899899580457411,0.20081632929717688,0.11347511169335986,0.05957475396211525
1.0,44,scalar_normalized,2,1.0,1024,0.12352350888107175,0.12352350888107175,0.18655748318132864,0.6621203651263368,0.29870259444118635,0.15996700500429797,0.20289511914275754,0.09992958138659205,0.05130465221542795
1.0,44,scalar_normalized,3,1.0594631433486938,1024,0.125155640572816,0.11150098944277989,0.17966885811214628,0.6965906161361362,0.2855879652764125,0.17266342446846664,0.20709827010902387,0.09916926251121647,0.05125740302134997
1.0,44,scalar_normalized,4,1.1224620342254639,1024,0.11669994555219652,0.09262481049148351,0.16478983591935376,0.7081744144056805,0.271325904551721,0.170691410113037,0.19465734859576234,0.09053763909059731,0.04694912868476515
1.0,44,scalar_normalized,5,1.1892070770263672,1024,0.11244333744236655,0.07950945148288277,0.15502431360219943,0.7253271105002412,0.25870165084506624,0.17876576632229238,0.1868937881004804,0.08546490409425932,0.04515971287638822
1.0,44,scalar_normalized,6,1.2599210739135742,1024,0.10619150560465165,0.06689645406508306,0.1435283591534027,0.7398642765166323,0.24462491434783146,0.1780485841979541,0.17833055399070896,0.07871044683512962,0.04184104238468728
1.0,44,scalar_normalized,7,1.3348398208618164,1024,0.09744672347504979,0.05469012714578282,0.12872578033494197,0.757010159281966,0.23490044033923546,0.18032933529065454,0.161875517840663,0.07085597217891565,0.03731469849068584
1.0,44,scalar_normalized,8,1.4142135381698608,1024,0.08859681340615483,0.04429840821934733,0.11574789917338583,0.7654291269117572,0.22059303442686184,0.16911564525388104,0.14948286782794695,0.062240306303346274,0.03519128135150887
1.0,44,scalar_normalized,9,1.4983071088790894,1024,0.08030521443052545,0.035771904769962656,0.10213604822374311,0.786257309021843,0.20613274027103468,0.16505918989594265,0.1330024127003613,0.055963737464095255,0.031492455232099634
1.0,44,scalar_normalized,10,1.587401032447815,1024,0.07151480151987459,0.028380668488984705,0.08923298266626312,0.8014391022582353,0.19646608666961954,0.15594722497152275,0.1176407179978858,0.04897020743652679,0.02777473684514186
1.0,44,scalar_normalized,11,1.6817928552627563,1024,0.062073044787897644,0.02194613480313245,0.07698999767159165,0.8062481707387014,0.18199576508486204,0.13850198241866907,0.09993086150262509,0.04289958420599644,0.02474281192069143
1.0,44,scalar_normalized,12,1.7817974090576172,1024,0.054141451260858224,0.01705348904995411,0.06426913678089384,0.8424175891055937,0.17413898222636034,0.12838980837670974,0.0880747442267311,0.03566901780052697,0.022351258440640325
1.0,44,scalar_normalized,13,1.8877485990524292,1024,0.04583965138818512,0.012863317606313728,0.05339679810560009,0.8584719124455815,0.16279831593601377,0.11192968650920912,0.07347276889817156,0.030164398268609387,0.01921504586603758
1.0,44,scalar_normalized,14,2.0,1024,0.03827811382494602,0.009569528456236504,0.04398673827316609,0.8702194190265161,0.14918406206303816,0.09625725657849382,0.05998344259858987,0.025285809961753305,0.016562264625225104
1.0,44,scalar_normalized,15,2.4000000953674316,1024,0.02127504962979478,0.0036935847116329593,0.021520487781540577,0.9885951399318967,0.11907101739472856,0.06039253018635552,0.030825153796998912,0.013900734836492583,0.010423675575817557
1.0,44,fourier_normalized,0,0.6000000238418579,1024,0.13781774109643882,0.38282702817685965,0.2487359788356549,0.5540724013533157,0.4539365113818543,0.08289755941818183,0.17071549799658653,0.14633296568036291,0.07767542577816128
1.0,44,fourier_normalized,1,0.800000011920929,1024,0.12581008941567676,0.19657825885350624,0.2204068911372617,0.5708083298417681,0.3564183246181856,0.11983544912002712,0.18682268960510498,0.11725088553039364,0.052997259476456976
1.0,44,fourier_normalized,2,1.0,1024,0.11037547444224059,0.11037547444224059,0.18655748318132864,0.5916432434659227,0.28484393195866486,0.1498660079918045,0.1779206353506243,0.09176816077789807,0.03865029914287249
1.0,44,fourier_normalized,3,1.0594631433486938,1024,0.10797259310764928,0.09619263589802977,0.17966885811214628,0.6009532995431774,0.2665177877061752,0.16061142846461265,0.17639589239883405,0.08703680327644561,0.036178136309555006
1.0,44,fourier_normalized,4,1.1224620342254639,1024,0.10245579553144242,0.08131922084410448,0.16478983591935376,0.6217361341483653,0.25736369058099345,0.1647249955537538,0.16982453658897062,0.07984851067704485,0.03350044308894355
1.0,44,fourier_normalized,5,1.1892070770263672,1024,0.09535400905298688,0.06742547072104461,0.15502431360219943,0.6150906708587035,0.2418673647695927,0.16460844140092812,0.16041843949106815,0.07183638420061618,0.03005358641205326
1.0,44,fourier_normalized,6,1.2599210739135742,1024,0.08820441197135043,0.055565295549596536,0.1435283591534027,0.6145434427845566,0.22668204036662076,0.16173722710546903,0.1515562371488834,0.06391404533089633,0.02649098833405251
1.0,44,fourier_normalized,7,1.3348398208618164,1024,0.08002369599709575,0.044911783102458,0.12872578033494197,0.6216602128095525,0.21693026327897794,0.16229985581397238,0.13704118803326407,0.05637897591947028,0.022274786105561283
1.0,44,fourier_normalized,8,1.4142135381698608,1024,0.07044240515303739,0.035221203782089136,0.11574789917338583,0.6085847402510296,0.20198892679196095,0.15168371360711538,0.12209450620884468,0.04776446148002669,0.01915461912182147
1.0,44,fourier_normalized,9,1.4983071088790894,1024,0.0649316149825322,0.02892374504179285,0.10213604822374311,0.6357365113665895,0.19231984278308667,0.14983099834834093,0.11332042125259728,0.04239638423630303,0.01687384034049953
1.0,44,fourier_normalized,10,1.587401032447815,1024,0.05407318851269346,0.021458959609845816,0.08923298266626312,0.60597759815931,0.1795909008917944,0.13532728665325391,0.09490992093561737,0.03373396446782882,0.013170456074450491
1.0,44,fourier_normalized,11,1.6817928552627563,1024,0.04837386405315046,0.017102743148598155,0.07698999767159165,0.6283136188611655,0.16772549381135124,0.125599481790556,0.0839920270909939,0.029991028732115114,0.011595831122337037
1.0,44,fourier_normalized,12,1.7817974090576172,1024,0.04062889708156424,0.012797301057814039,0.06426913678089384,0.6321680843493536,0.15993423018282293,0.11330406904760489,0.07111516533987605,0.02386479724467476,0.009387035136125354
1.0,44,fourier_normalized,13,1.8877485990524292,1024,0.03378382361358947,0.009480265227525075,0.05339679810560009,0.6326938095946679,0.1479495028918094,0.09798149959895312,0.0594297756622372,0.019234956953155094,0.007488029585765804
1.0,44,fourier_normalized,14,2.0,1024,0.027828751584987727,0.006957187896246932,0.04398673827316609,0.632662313176436,0.13900990861010223,0.08349341195646882,0.04901123241580379,0.015457841896598254,0.005980744279963272
1.0,44,fourier_normalized,15,2.4000000953674316,1024,0.01409921927337664,0.002447780929317957,0.021520487781540577,0.6551533318622264,0.11222731382410014,0.0469806510815467,0.024602505297058406,0.007284136889997269,0.0029051154528366547
1.0,44,scalar_gate_s1p5_p4,0,0.6000000238418579,1024,0.0774013800217882,0.21500381630688764,0.2487359788356549,0.31117886678118617,0.39296298533529006,0.10879615878031854,0.11946347919728943,0.06316253703232905,0.03897395569300371
1.0,44,scalar_gate_s1p5_p4,1,0.800000011920929,1024,0.09362736079517607,0.14629274688259897,0.2204068911372617,0.42479325538359974,0.32542626476361086,0.16747686562010358,0.15153421684694768,0.06871889055660085,0.043753001590573146
1.0,44,scalar_gate_s1p5_p4,2,1.0,1024,0.10437744216815759,0.10437744216815759,0.18655748318132864,0.5594921221503918,0.2781431935855274,0.2109741692383779,0.17060946620499534,0.0726463986188555,0.047284048916575956
1.0,44,scalar_gate_s1p5_p4,3,1.0594631433486938,1024,0.10867319932018044,0.09681680501697197,0.17966885811214628,0.604852729972539,0.2676328617371232,0.2335555174024848,0.17556486867408208,0.07460631135622108,0.04907274273136613
1.0,44,scalar_gate_s1p5_p4,4,1.1224620342254639,1024,0.10418504825571878,0.08269172967536473,0.16478983591935376,0.6322298197244747,0.2590179942432995,0.2248661474407634,0.16937589612294318,0.0704929897838245,0.04852626228278464
1.0,44,scalar_gate_s1p5_p4,5,1.1892070770263672,1024,0.1053406574885225,0.07448709800215242,0.15502431360219943,0.6795105557366452,0.25152969079215687,0.23537801682675327,0.16816045824397435,0.07215725177058616,0.046777567003128434
1.0,44,scalar_gate_s1p5_p4,6,1.2599210739135742,1024,0.1031305872311182,0.06496819639318994,0.1435283591534027,0.7185380494797723,0.2408889771814233,0.2306811142457584,0.16764740328628083,0.06888982004737701,0.046926630819051206
1.0,44,scalar_gate_s1p5_p4,7,1.3348398208618164,1024,0.09771362207140559,0.054839918925836534,0.12872578033494197,0.7590835481218808,0.23528560795137257,0.22942007550042415,0.1549584755719473,0.06587923475599815,0.04303798269030491
1.0,44,scalar_gate_s1p5_p4,8,1.4142135381698608,1024,0.09046219158164454,0.04523109733901677,0.11574789917338583,0.7815449975997897,0.22308196234740374,0.21969686785478393,0.14398159331259627,0.05955287541828236,0.04028807385868791
1.0,44,scalar_gate_s1p5_p4,9,1.4983071088790894,1024,0.0844495896611433,0.0376180139813254,0.10213604822374311,0.8268343168725778,0.21127148709701477,0.21524044678063273,0.13213856890796816,0.05521380002840322,0.03745391121297868
1.0,44,scalar_gate_s1p5_p4,10,1.587401032447815,1024,0.0781086675915436,0.030997446038018305,0.08923298266626312,0.8753340441804445,0.20311367145565562,0.20700593235095663,0.11934616419092045,0.051095607014343396,0.03523731095128941
1.0,44,scalar_gate_s1p5_p4,11,1.6817928552627563,1024,0.07090270068353531,0.02506788949090504,0.07698999767159165,0.9209339242478966,0.191082290416883,0.19885193334721452,0.10699630697012304,0.045716955886617096,0.030799529482581897
1.0,44,scalar_gate_s1p5_p4,12,1.7817974090576172,1024,0.062189023992549414,0.019588315698714862,0.06426913678089384,0.9676343437529596,0.1828495960718834,0.18218613812255322,0.09171634166012493,0.0398267868304022,0.027510514012746994
1.0,44,scalar_gate_s1p5_p4,13,1.8877485990524292,1024,0.055276259592378835,0.015511376323622737,0.05339679810560009,1.0351980184853373,0.17120397286659506,0.17342523384177225,0.08007255560493852,0.03449618876881466,0.024058126320518843
1.0,44,scalar_gate_s1p5_p4,14,2.0,1024,0.04759678887149493,0.011899197217873733,0.04398673827316609,1.082071341046243,0.15898785655254308,0.16068095958683912,0.067389424161952,0.028820534303403453,0.020517859659392342
1.0,44,scalar_gate_s1p5_p4,15,2.4000000953674316,1024,0.028803088224829923,0.005000535752737199,0.021520487781540577,1.3384031308777338,0.12699012566012685,0.11578694190123742,0.036522248332601884,0.01676950041919689,0.01221599436762264
1.0,44,fourier_gate_s1p5_p4,0,0.6000000238418579,1024,0.0762505554167062,0.21180708154682462,0.2487359788356549,0.3065521754176405,0.39159814291260586,0.10138606425698582,0.11828063775151343,0.06275658623136034,0.0385434543882002
1.0,44,fourier_gate_s1p5_p4,1,0.800000011920929,1024,0.08979317143783677,0.14030182619029966,0.2204068911372617,0.4073972958582167,0.3224533435297117,0.1529378047589806,0.14742966657617995,0.0660883204130867,0.04179959877364708
1.0,44,fourier_gate_s1p5_p4,2,1.0,1024,0.0993010613317824,0.0993010613317824,0.18655748318132864,0.5322813088942916,0.272948542827625,0.19789127036095994,0.16420563941373661,0.06897077402993468,0.043723891754634384
1.0,44,fourier_gate_s1p5_p4,3,1.0594631433486938,1024,0.10398974350517264,0.09264432062078459,0.17966885811214628,0.5787855758523494,0.2631344385827255,0.22343349775175558,0.17128253227401602,0.07069641578721055,0.043775271380317525
1.0,44,fourier_gate_s1p5_p4,4,1.1224620342254639,1024,0.09908025474781998,0.07864005228142971,0.16478983591935376,0.6012522204118749,0.25387361416023346,0.21633128620516998,0.16492228999694225,0.06628404167396294,0.04078509066320146
1.0,44,fourier_gate_s1p5_p4,5,1.1892070770263672,1024,0.09954785523178951,0.07039096798273069,0.15502431360219943,0.6421434994205784,0.24544610849173804,0.2263018367452141,0.16366295611272255,0.06670544014002824,0.03921792094932637
1.0,44,fourier_gate_s1p5_p4,6,1.2599210739135742,1024,0.09724835089888417,0.06126261984675459,0.1435283591534027,0.6775549548012697,0.23534272635341622,0.22655539671367236,0.16241289077971308,0.06332675597859165,0.03771127980141112
1.0,44,fourier_gate_s1p5_p4,7,1.3348398208618164,1024,0.09229608840832129,0.051799430807972835,0.12872578033494197,0.7169976998249198,0.2295687534067555,0.23117793354300473,0.15048094403452505,0.05980458167754389,0.034445456536516254
1.0,44,fourier_gate_s1p5_p4,8,1.4142135381698608,1024,0.0850398023350324,0.042519902622910465,0.11574789917338583,0.7346984519144153,0.21763234535364484,0.21734909049916298,0.14183691455763625,0.05326593890640668,0.030596593467361446
1.0,44,fourier_gate_s1p5_p4,9,1.4983071088790894,1024,0.07793646951294651,0.03471674890970064,0.10213604822374311,0.7630652533395057,0.2051089326534214,0.20424244674533468,0.12878333791237861,0.048679521993805194,0.027898295634940975
1.0,44,fourier_gate_s1p5_p4,10,1.587401032447815,1024,0.07134239274236753,0.02831224801860615,0.08923298266626312,0.7995069828517612,0.19642557523629767,0.19277943234125042,0.1179480651491793,0.043935970876606396,0.024558213512642688
1.0,44,fourier_gate_s1p5_p4,11,1.6817928552627563,1024,0.06340161473325547,0.022415855198125827,0.07698999767159165,0.8235045674855225,0.18337653389246106,0.17666741923956372,0.1031580034583824,0.039101889391445835,0.021597105787472752
1.0,44,fourier_gate_s1p5_p4,12,1.7817974090576172,1024,0.054277616670266385,0.0170963784676599,0.06426913678089384,0.8445362640439606,0.17423638047577206,0.15821728764230608,0.08866465347927832,0.032572298898046144,0.017398712275944028
1.0,44,fourier_gate_s1p5_p4,13,1.8877485990524292,1024,0.0467593592273785,0.01312140189976475,0.05339679810560009,0.875695938451308,0.16313286000109867,0.13583903656769283,0.07782664701674916,0.027552862074769823,0.01459779387817771
1.0,44,fourier_gate_s1p5_p4,14,2.0,1024,0.03927746569428882,0.009819366423572205,0.04398673827316609,0.8929388092012691,0.15075827442762013,0.11835856370889483,0.06533748946576658,0.02266668435197059,0.011766431830082772
1.0,44,fourier_gate_s1p5_p4,15,2.4000000953674316,1024,0.020676771636928454,0.0035897170127927743,0.021520487781540577,0.9607947480941473,0.11866755887275784,0.06744843539540443,0.03413568382052605,0.011464963450992717,0.005565723258247755
1.0,44,scalar_gate_s1p5_p4_plateau_lo0p8_hi1,0,0.6000000238418579,1024,0.09792589883244553,0.27201636402776325,0.2487359788356549,0.3936941462623999,0.41491847559330175,0.10586198794063377,0.14675613463222292,0.08314239312147664,0.06255645170306351
1.0,44,scalar_gate_s1p5_p4_plateau_lo0p8_hi1,1,0.800000011920929,1024,0.12958198108241034,0.2024718394071351,0.2204068911372617,0.5879216408061907,0.3621749767326727,0.17995831409315538,0.20988332720461644,0.09835260045066356,0.07681484091245133
1.0,44,scalar_gate_s1p5_p4_plateau_lo0p8_hi1,2,1.0,1024,0.13395265890529423,0.13395265890529423,0.18655748318132864,0.7180235100786388,0.3086589236028543,0.19838936470749183,0.2355117640788552,0.09909284928365614,0.04929758283282
1.0,44,scalar_gate_s1p5_p4_plateau_lo0p8_hi1,3,1.0594631433486938,1024,0.1333384733931435,0.11879106403898265,0.17966885811214628,0.7421345846697366,0.29343711729800537,0.20761903886943864,0.23332841206553342,0.09780045699218046,0.04856633022570246
1.0,44,scalar_gate_s1p5_p4_plateau_lo0p8_hi1,4,1.1224620342254639,1024,0.1252600259466034,0.09941895097348717,0.16478983591935376,0.7601198535564063,0.28141221040300457,0.20400152313350248,0.22220090610532134,0.08943793409478745,0.0445033097785768
1.0,44,scalar_gate_s1p5_p4_plateau_lo0p8_hi1,5,1.1892070770263672,1024,0.12107001860058458,0.08560943661858901,0.15502431360219943,0.7809743890320111,0.2674916105535276,0.21174228074857754,0.213172625967386,0.08513632225206773,0.04270809051622734
1.0,44,scalar_gate_s1p5_p4_plateau_lo0p8_hi1,6,1.2599210739135742,1024,0.11432106378520554,0.07201775460883408,0.1435283591534027,0.796505056279641,0.2529210785566177,0.21408023908239357,0.20223839001211483,0.07816182939108393,0.03920338303894392
1.0,44,scalar_gate_s1p5_p4_plateau_lo0p8_hi1,7,1.3348398208618164,1024,0.10690273830597045,0.0599971362986136,0.12872578033494197,0.8304687532506045,0.24396572598213767,0.21352033323447345,0.18753004992613434,0.07195536829552665,0.036356696060409616
1.0,44,scalar_gate_s1p5_p4_plateau_lo0p8_hi1,8,1.4142135381698608,1024,0.09607405372258235,0.04803702850552861,0.11574789917338583,0.8300284878489861,0.2286979989980921,0.19920336489316176,0.16960020902084488,0.06296844758908045,0.03313245015746757
1.0,44,scalar_gate_s1p5_p4_plateau_lo0p8_hi1,9,1.4983071088790894,1024,0.08654742586679548,0.038552493734648176,0.10213604822374311,0.8473739426181968,0.21332457087059234,0.18789449485421628,0.1502160400470507,0.05654581304519847,0.030394277434918966
1.0,44,scalar_gate_s1p5_p4_plateau_lo0p8_hi1,10,1.587401032447815,1024,0.07757882919093353,0.03078717952422159,0.08923298266626312,0.8693963473246564,0.20238272422538361,0.17817606729374275,0.1344937957548826,0.04940299243655189,0.02695136187001628
1.0,44,scalar_gate_s1p5_p4_plateau_lo0p8_hi1,11,1.6817928552627563,1024,0.06872897068832892,0.02429935990349042,0.07698999767159165,0.8926999969723217,0.18948834725359298,0.16697997382616667,0.11760025425076884,0.04335486589732878,0.023120527377859783
1.0,44,scalar_gate_s1p5_p4_plateau_lo0p8_hi1,12,1.7817974090576172,1024,0.0578781156289501,0.018230464609356546,0.06426913678089384,0.9005584721989967,0.1780214934594787,0.14669870016902578,0.09831389503659771,0.03572583825263126,0.020333897581405788
1.0,44,scalar_gate_s1p5_p4_plateau_lo0p8_hi1,13,1.8877485990524292,1024,0.05000268810199967,0.014031530318122078,0.05339679810560009,0.9364360762439713,0.16601273896241694,0.13198940639001971,0.08434170255135648,0.030261159018348856,0.017986484348035073
1.0,44,scalar_gate_s1p5_p4_plateau_lo0p8_hi1,14,2.0,1024,0.04151871016105532,0.01037967754026383,0.04398673827316609,0.9438915407461258,0.152650075117023,0.11092051020847829,0.0694007024066494,0.025203378005123303,0.015029867620507373
1.0,44,scalar_gate_s1p5_p4_plateau_lo0p8_hi1,15,2.4000000953674316,1024,0.022878079189464325,0.003971888432513552,0.021520487781540577,1.0630836727171322,0.1215514049012774,0.06648157407256172,0.03537489630736026,0.014022318067375293,0.009892449172709365
1.0,44,fourier_gate_s1p5_p4_plateau_lo0p8_hi1,0,0.6000000238418579,1024,0.08731696371669753,0.2425471021593587,0.2487359788356549,0.3510427567633458,0.4028892595392546,0.09876175118959488,0.12124332045351419,0.07603551596123703,0.06326402799804244
1.0,44,fourier_gate_s1p5_p4_plateau_lo0p8_hi1,1,0.800000011920929,1024,0.1188830624907716,0.18575477960590675,0.2204068911372617,0.5393799707321102,0.3509303664803888,0.16989888513678897,0.17534404154317243,0.09645218905738577,0.0749047201203959
1.0,44,fourier_gate_s1p5_p4_plateau_lo0p8_hi1,2,1.0,1024,0.15776453710747843,0.15776453710747843,0.18655748318132864,0.845661800412132,0.3322889027152385,0.22500147046782365,0.23997492750257243,0.1330857129869461,0.06748999343801931
1.0,44,fourier_gate_s1p5_p4_plateau_lo0p8_hi1,3,1.0594631433486938,1024,0.15555617577333067,0.13858478477899816,0.17966885811214628,0.8657937575149229,0.3152758679905698,0.2440785634798551,0.24258220314174375,0.12637526334308463,0.06190313646234554
1.0,44,fourier_gate_s1p5_p4_plateau_lo0p8_hi1,4,1.1224620342254639,1024,0.1438801478319407,0.1141977518786366,0.16478983591935376,0.8731129989252128,0.2997269128813599,0.2346331319511909,0.2283167909883814,0.11438858226192417,0.05476481652985843
1.0,44,fourier_gate_s1p5_p4_plateau_lo0p8_hi1,5,1.1892070770263672,1024,0.1378832377309748,0.09749817863857775,0.15502431360219943,0.889429757997771,0.285373120725259,0.24719266270403456,0.221736889825775,0.10526193523095137,0.05131865179971875
1.0,44,fourier_gate_s1p5_p4_plateau_lo0p8_hi1,6,1.2599210739135742,1024,0.1289783662198117,0.08125127619280258,0.1435283591534027,0.8986263549627848,0.2665148424347479,0.24179808276962422,0.21207434764264743,0.09543844708339136,0.04528091790024049
1.0,44,fourier_gate_s1p5_p4_plateau_lo0p8_hi1,7,1.3348398208618164,1024,0.11722117054926845,0.06578816088319699,0.12872578033494197,0.9106269951851234,0.2548992808502663,0.23885471134467928,0.19352670933128374,0.0843445894436469,0.038193107560583334
1.0,44,fourier_gate_s1p5_p4_plateau_lo0p8_hi1,8,1.4142135381698608,1024,0.10602926903822602,0.0530146363337267,0.11574789917338583,0.9160362286955922,0.2394574614483379,0.22873877147415406,0.1789990274915603,0.0728698337002778,0.03340228615569838
1.0,44,fourier_gate_s1p5_p4_plateau_lo0p8_hi1,9,1.4983071088790894,1024,0.09439576475201517,0.04204853111149073,0.10213604822374311,0.9242159491546825,0.2207936872064345,0.21491900067328834,0.15932014926357466,0.06352265679013333,0.028649024631200122
1.0,44,fourier_gate_s1p5_p4_plateau_lo0p8_hi1,10,1.587401032447815,1024,0.08349620832773746,0.033135493048640656,0.08923298266626312,0.935710158204825,0.20747184267496976,0.20063814435949795,0.14135927739585008,0.054701885124277407,0.024328230957630412
1.0,44,fourier_gate_s1p5_p4_plateau_lo0p8_hi1,11,1.6817928552627563,1024,0.07256949197076712,0.025657189184568652,0.07698999767159165,0.9425833766136658,0.19320414938355251,0.18543451454623514,0.12223852549404907,0.04648039685147237,0.020125001393674926
1.0,44,fourier_gate_s1p5_p4_plateau_lo0p8_hi1,12,1.7817974090576172,1024,0.06073432084098148,0.019130112904211415,0.06426913678089384,0.9449997912378496,0.18061903557618192,0.16394842737641882,0.10402224460852805,0.036931104872364943,0.016360101949318237
1.0,44,fourier_gate_s1p5_p4_plateau_lo0p8_hi1,13,1.8877485990524292,1024,0.05104181175769243,0.014323124543004315,0.05339679810560009,0.9558964875899426,0.166976959353063,0.1410505905162404,0.08787013840960817,0.03053602547102412,0.013030657704729224
1.0,44,fourier_gate_s1p5_p4_plateau_lo0p8_hi1,14,2.0,1024,0.0422030730625506,0.01055076826563765,0.04398673827316609,0.9594499323969286,0.15330084243869374,0.1231721840872598,0.07262904302370776,0.024353900454680652,0.010559827969830305
1.0,44,fourier_gate_s1p5_p4_plateau_lo0p8_hi1,15,2.4000000953674316,1024,0.021085161545866996,0.0036606180330154533,0.021520487781540577,0.9797715442097467,0.11942888246503515,0.06942408621222758,0.036200138446108795,0.011202467680626028,0.004693754621702708
