method,sigma,gate_min,gate_max,max_scale_ratio
fourier_normalized,0.10000000149011612,1.0,1.0,1.0
fourier_normalized,0.10085607320070267,1.0,1.0,1.0
fourier_normalized,0.10171947628259659,1.0,1.0,1.0
fourier_normalized,0.10259027034044266,1.0,1.0,1.0
fourier_normalized,0.10346852242946625,1.0,1.0,1.0
fourier_normalized,0.10435428470373154,1.0,1.0,1.0
fourier_normalized,0.10524763911962509,1.0,1.0,1.0
fourier_normalized,0.1061486303806305,1.0,1.0,1.0
fourier_normalized,0.1070573478937149,1.0,1.0,1.0
fourier_normalized,0.10797383636236191,1.0,1.0,1.0
fourier_normalized,0.10889817029237747,1.0,1.0,1.0
fourier_normalized,0.10983041673898697,1.0,1.0,1.0
fourier_normalized,0.11077065020799637,1.0,1.0,1.0
fourier_normalized,0.11171893030405045,1.0,1.0,1.0
fourier_normalized,0.11267532408237457,1.0,1.0,1.0
fourier_normalized,0.11363990604877472,1.0,1.0,1.0
fourier_normalized,0.11461275070905685,1.0,1.0,1.0
fourier_normalized,0.11559391766786575,1.0,1.0,1.0
fourier_normalized,0.11658348888158798,1.0,1.0,1.0
fourier_normalized,0.11758153140544891,1.0,1.0,1.0
fourier_normalized,0.11858811229467392,1.0,1.0,1.0
fourier_normalized,0.11960331350564957,1.0,1.0,1.0
fourier_normalized,0.12062720954418182,1.0,1.0,1.0
fourier_normalized,0.12165986746549606,1.0,1.0,1.0
fourier_normalized,0.12270136922597885,1.0,1.0,1.0
fourier_normalized,0.12375178188085556,1.0,1.0,1.0
fourier_normalized,0.12481118738651276,1.0,1.0,1.0
fourier_normalized,0.1258796602487564,1.0,1.0,1.0
fourier_normalized,0.12695728242397308,1.0,1.0,1.0
fourier_normalized,0.12804412841796875,1.0,1.0,1.0
fourier_normalized,0.12914028763771057,1.0,1.0,1.0
fourier_normalized,0.13024581968784332,1.0,1.0,1.0
fourier_normalized,0.13136082887649536,1.0,1.0,1.0
fourier_normalized,0.13248537480831146,1.0,1.0,1.0
fourier_normalized,0.1336195468902588,1.0,1.0,1.0
fourier_normalized,0.1347634196281433,1.0,1.0,1.0
fourier_normalized,0.13591709733009338,1.0,1.0,1.0
fourier_normalized,0.13708065450191498,1.0,1.0,1.0
fourier_normalized,0.13825416564941406,1.0,1.0,1.0
fourier_normalized,0.1394377201795578,1.0,1.0,1.0
fourier_normalized,0.14063140749931335,1.0,1.0,1.0
fourier_normalized,0.1418353170156479,1.0,1.0,1.0
fourier_normalized,0.14304953813552856,1.0,1.0,1.0
fourier_normalized,0.14427414536476135,1.0,1.0,1.0
fourier_normalized,0.1455092430114746,1.0,1.0,1.0
fourier_normalized,0.1467549055814743,1.0,1.0,1.0
fourier_normalized,0.1480112373828888,1.0,1.0,1.0
fourier_normalized,0.14927831292152405,1.0,1.0,1.0
fourier_normalized,0.15055625140666962,1.0,1.0,1.0
fourier_normalized,0.15184512734413147,1.0,1.0,1.0
fourier_normalized,0.15314503014087677,1.0,1.0,1.0
fourier_normalized,0.15445606410503387,1.0,1.0,1.0
fourier_normalized,0.15577831864356995,1.0,1.0,1.0
fourier_normalized,0.15711189806461334,1.0,1.0,1.0
fourier_normalized,0.15845689177513123,1.0,1.0,1.0
fourier_normalized,0.15981340408325195,1.0,1.0,1.0
fourier_normalized,0.1611815243959427,1.0,1.0,1.0
fourier_normalized,0.1625613570213318,1.0,1.0,1.0
fourier_normalized,0.1639530062675476,1.0,1.0,1.0
fourier_normalized,0.1653565615415573,1.0,1.0,1.0
fourier_normalized,0.16677214205265045,1.0,1.0,1.0
fourier_normalized,0.1681998372077942,1.0,1.0,1.0
fourier_normalized,0.16963975131511688,1.0,1.0,1.0
fourier_normalized,0.1710919886827469,1.0,1.0,1.0
fourier_normalized,0.17255665361881256,1.0,1.0,1.0
fourier_normalized,0.17403388023376465,1.0,1.0,1.0
fourier_normalized,0.17552372813224792,1.0,1.0,1.0
fourier_normalized,0.17702634632587433,1.0,1.0,1.0
fourier_normalized,0.17854182422161102,1.0,1.0,1.0
fourier_normalized,0.18007026612758636,1.0,1.0,1.0
fourier_normalized,0.1816118061542511,1.0,1.0,1.0
fourier_normalized,0.1831665337085724,1.0,1.0,1.0
fourier_normalized,0.18473458290100098,1.0,1.0,1.0
fourier_normalized,0.18631604313850403,1.0,1.0,1.0
fourier_normalized,0.1879110485315323,1.0,1.0,1.0
fourier_normalized,0.1895197033882141,1.0,1.0,1.0
fourier_normalized,0.19114212691783905,1.0,1.0,1.0
fourier_normalized,0.19277845323085785,1.0,1.0,1.0
fourier_normalized,0.19442877173423767,1.0,1.0,1.0
fourier_normalized,0.19609323143959045,1.0,1.0,1.0
fourier_normalized,0.19777193665504456,1.0,1.0,1.0
fourier_normalized,0.19946500658988953,1.0,1.0,1.0
fourier_normalized,0.2011725753545761,1.0,1.0,1.0
fourier_normalized,0.20289476215839386,1.0,1.0,1.0
fourier_normalized,0.20463168621063232,1.0,1.0,1.0
fourier_normalized,0.20638348162174225,1.0,1.0,1.0
fourier_normalized,0.20815028250217438,1.0,1.0,1.0
fourier_normalized,0.20993220806121826,1.0,1.0,1.0
fourier_normalized,0.21172937750816345,1.0,1.0,1.0
fourier_normalized,0.2135419398546219,1.0,1.0,1.0
fourier_normalized,0.21537001430988312,1.0,1.0,1.0
fourier_normalized,0.21721374988555908,1.0,1.0,1.0
fourier_normalized,0.21907325088977814,1.0,1.0,1.0
fourier_normalized,0.22094868123531342,1.0,1.0,1.0
fourier_normalized,0.22284016013145447,1.0,1.0,1.0
fourier_normalized,0.22474783658981323,1.0,1.0,1.0
fourier_normalized,0.22667184472084045,1.0,1.0,1.0
fourier_normalized,0.22861233353614807,1.0,1.0,1.0
fourier_normalized,0.23056942224502563,1.0,1.0,1.0
fourier_normalized,0.23254325985908508,1.0,1.0,1.0
fourier_normalized,0.23453401029109955,1.0,1.0,1.0
fourier_normalized,0.23654179275035858,1.0,1.0,1.0
fourier_normalized,0.23856677114963531,1.0,1.0,1.0
fourier_normalized,0.2406090646982193,1.0,1.0,1.0
fourier_normalized,0.24266886711120605,1.0,1.0,1.0
fourier_normalized,0.24474628269672394,1.0,1.0,1.0
fourier_normalized,0.24684149026870728,1.0,1.0,1.0
fourier_normalized,0.248954638838768,1.0,1.0,1.0
fourier_normalized,0.25108587741851807,1.0,1.0,1.0
fourier_normalized,0.2532353699207306,1.0,1.0,1.0
fourier_normalized,0.2554032504558563,1.0,1.0,1.0
fourier_normalized,0.2575896680355072,1.0,1.0,1.0
fourier_normalized,0.25979483127593994,1.0,1.0,1.0
fourier_normalized,0.2620188891887665,1.0,1.0,1.0
fourier_normalized,0.26426196098327637,1.0,1.0,1.0
fourier_normalized,0.26652422547340393,1.0,1.0,1.0
fourier_normalized,0.2688058614730835,1.0,1.0,1.0
fourier_normalized,0.2711070477962494,1.0,1.0,1.0
fourier_normalized,0.27342793345451355,1.0,1.0,1.0
fourier_normalized,0.2757686674594879,1.0,1.0,1.0
fourier_normalized,0.2781294584274292,1.0,1.0,1.0
fourier_normalized,0.28051045536994934,1.0,1.0,1.0
fourier_normalized,0.28291183710098267,1.0,1.0,1.0
fourier_normalized,0.2853337526321411,1.0,1.0,1.0
fourier_normalized,0.2877764403820038,1.0,1.0,1.0
fourier_normalized,0.29024001955986023,1.0,1.0,1.0
fourier_normalized,0.2927246689796448,1.0,1.0,1.0
fourier_normalized,0.2952306270599365,1.0,1.0,1.0
fourier_normalized,0.297758013010025,1.0,1.0,1.0
fourier_normalized,0.300307035446167,1.0,1.0,1.0
fourier_normalized,0.30287790298461914,1.0,1.0,1.0
fourier_normalized,0.305470734834671,1.0,1.0,1.0
fourier_normalized,0.3080857992172241,1.0,1.0,1.0
fourier_normalized,0.3107232451438904,1.0,1.0,1.0
fourier_normalized,0.3133832812309265,1.0,1.0,1.0
fourier_normalized,0.31606605648994446,1.0,1.0,1.0
fourier_normalized,0.3187718093395233,1.0,1.0,1.0
fourier_normalized,0.3215007483959198,1.0,1.0,1.0
fourier_normalized,0.32425302267074585,1.0,1.0,1.0
fourier_normalized,0.32702887058258057,1.0,1.0,1.0
fourier_normalized,0.3298284709453583,1.0,1.0,1.0
fourier_normalized,0.3326520621776581,1.0,1.0,1.0
fourier_normalized,0.3354997932910919,1.0,1.0,1.0
fourier_normalized,0.3383719325065613,1.0,1.0,1.0
fourier_normalized,0.3412686288356781,1.0,1.0,1.0
fourier_normalized,0.34419015049934387,1.0,1.0,1.0
fourier_normalized,0.3471366763114929,1.0,1.0,1.0
fourier_normalized,0.35010841488838196,1.0,1.0,1.0
fourier_normalized,0.3531056046485901,1.0,1.0,1.0
fourier_normalized,0.356128454208374,1.0,1.0,1.0
fourier_normalized,0.3591771721839905,1.0,1.0,1.0
fourier_normalized,0.36225199699401855,1.0,1.0,1.0
fourier_normalized,0.36535313725471497,1.0,1.0,1.0
fourier_normalized,0.3684808313846588,1.0,1.0,1.0
fourier_normalized,0.3716353178024292,1.0,1.0,1.0
fourier_normalized,0.37481677532196045,1.0,1.0,1.0
fourier_normalized,0.37802550196647644,1.0,1.0,1.0
fourier_normalized,0.3812616765499115,1.0,1.0,1.0
fourier_normalized,0.3845255374908447,1.0,1.0,1.0
fourier_normalized,0.3878173828125,1.0,1.0,1.0
fourier_normalized,0.39113736152648926,1.0,1.0,1.0
fourier_normalized,0.39448580145835876,1.0,1.0,1.0
fourier_normalized,0.39786288142204285,1.0,1.0,1.0
fourier_normalized,0.4012688994407654,1.0,1.0,1.0
fourier_normalized,0.4047040641307831,1.0,1.0,1.0
fourier_normalized,0.40816861391067505,1.0,1.0,1.0
fourier_normalized,0.41166284680366516,1.0,1.0,1.0
fourier_normalized,0.41518697142601013,1.0,1.0,1.0
fourier_normalized,0.41874128580093384,1.0,1.0,1.0
fourier_normalized,0.4223260283470154,1.0,1.0,1.0
fourier_normalized,0.42594143748283386,1.0,1.0,1.0
fourier_normalized,0.42958781123161316,1.0,1.0,1.0
fourier_normalized,0.43326541781425476,1.0,1.0,1.0
fourier_normalized,0.4369744658470154,1.0,1.0,1.0
fourier_normalized,0.44071531295776367,1.0,1.0,1.0
fourier_normalized,0.44448816776275635,1.0,1.0,1.0
fourier_normalized,0.4482932984828949,1.0,1.0,1.0
fourier_normalized,0.4521310329437256,1.0,1.0,1.0
fourier_normalized,0.4560016095638275,1.0,1.0,1.0
fourier_normalized,0.4599052965641022,1.0,1.0,1.0
fourier_normalized,0.4638424515724182,1.0,1.0,1.0
fourier_normalized,0.46781328320503235,1.0,1.0,1.0
fourier_normalized,0.47181808948516846,1.0,1.0,1.0
fourier_normalized,0.4758571982383728,1.0,1.0,1.0
fourier_normalized,0.47993090748786926,1.0,1.0,1.0
fourier_normalized,0.48403945565223694,1.0,1.0,1.0
fourier_normalized,0.4881832003593445,1.0,1.0,1.0
fourier_normalized,0.4923624098300934,1.0,1.0,1.0
fourier_normalized,0.4965773820877075,1.0,1.0,1.0
fourier_normalized,0.5008284449577332,1.0,1.0,1.0
fourier_normalized,0.5051159262657166,1.0,1.0,1.0
fourier_normalized,0.5094400644302368,1.0,1.0,1.0
fourier_normalized,0.5138012766838074,1.0,1.0,1.0
fourier_normalized,0.5181998014450073,1.0,1.0,1.0
fourier_normalized,0.5226359963417053,1.0,1.0,1.0
fourier_normalized,0.5271100997924805,1.0,1.0,1.0
fourier_normalized,0.531622588634491,1.0,1.0,1.0
fourier_normalized,0.5361736416816711,1.0,1.0,1.0
fourier_normalized,0.5407636761665344,1.0,1.0,1.0
fourier_normalized,0.5453930497169495,1.0,1.0,1.0
fourier_normalized,0.5500620603561401,1.0,1.0,1.0
fourier_normalized,0.5547710061073303,1.0,1.0,1.0
fourier_normalized,0.5595202445983887,1.0,1.0,1.0
fourier_normalized,0.5643101334571838,1.0,1.0,1.0
fourier_normalized,0.5691410303115845,1.0,1.0,1.0
fourier_normalized,0.5740132927894592,1.0,1.0,1.0
fourier_normalized,0.5789272785186768,1.0,1.0,1.0
fourier_normalized,0.5838833451271057,1.0,1.0,1.0
fourier_normalized,0.58888179063797,1.0,1.0,1.0
fourier_normalized,0.5939230918884277,1.0,1.0,1.0
fourier_normalized,0.5990074872970581,1.0,1.0,1.0
fourier_normalized,0.6041354537010193,1.0,1.0,1.0
fourier_normalized,0.6093072891235352,1.0,1.0,1.0
fourier_normalized,0.6145234107971191,1.0,1.0,1.0
fourier_normalized,0.6197841763496399,1.0,1.0,1.0
fourier_normalized,0.6250900030136108,1.0,1.0,1.0
fourier_normalized,0.6304412484169006,1.0,1.0,1.0
fourier_normalized,0.6358382701873779,1.0,1.0,1.0
fourier_normalized,0.6412815451622009,1.0,1.0,1.0
fourier_normalized,0.6467713713645935,1.0,1.0,1.0
fourier_normalized,0.6523082256317139,1.0,1.0,1.0
fourier_normalized,0.6578924655914307,1.0,1.0,1.0
fourier_normalized,0.6635245084762573,1.0,1.0,1.0
fourier_normalized,0.6692047715187073,1.0,1.0,1.0
fourier_normalized,0.6749336123466492,1.0,1.0,1.0
fourier_normalized,0.680711567401886,1.0,1.0,1.0
fourier_normalized,0.6865389347076416,1.0,1.0,1.0
fourier_normalized,0.692416250705719,1.0,1.0,1.0
fourier_normalized,0.698343813419342,1.0,1.0,1.0
fourier_normalized,0.7043221592903137,1.0,1.0,1.0
fourier_normalized,0.7103517055511475,1.0,1.0,1.0
fourier_normalized,0.7164328098297119,1.0,1.0,1.0
fourier_normalized,0.7225660085678101,1.0,1.0,1.0
fourier_normalized,0.7287517189979553,1.0,1.0,1.0
fourier_normalized,0.7349903583526611,1.0,1.0,1.0
fourier_normalized,0.7412824630737305,1.0,1.0,1.0
fourier_normalized,0.747628390789032,1.0,1.0,1.0
fourier_normalized,0.7540286183357239,1.0,1.0,1.0
fourier_normalized,0.7604836821556091,1.0,1.0,1.0
fourier_normalized,0.7669939398765564,1.0,1.0,1.0
fourier_normalized,0.7735599875450134,1.0,1.0,1.0
fourier_normalized,0.7801822423934937,1.0,1.0,1.0
fourier_normalized,0.7868611812591553,1.0,1.0,1.0
fourier_normalized,0.7935972809791565,1.0,1.0,1.0
fourier_normalized,0.8003910779953003,1.0,1.0,1.0
fourier_normalized,0.8072429895401001,1.0,1.0,1.0
fourier_normalized,0.8141536116600037,1.0,1.0,1.0
fourier_normalized,0.8211233615875244,1.0,1.0,1.0
fourier_normalized,0.8281527757644653,1.0,1.0,1.0
fourier_normalized,0.8352423906326294,1.0,1.0,1.0
fourier_normalized,0.8423926830291748,1.0,1.0,1.0
fourier_normalized,0.8496041893959045,1.0,1.0,1.0
fourier_normalized,0.8568774461746216,1.0,1.0,1.0
fourier_normalized,0.8642129302024841,1.0,1.0,1.0
fourier_normalized,0.8716112375259399,1.0,1.0,1.0
fourier_normalized,0.8790728449821472,1.0,1.0,1.0
fourier_normalized,0.8865984082221985,1.0,1.0,1.0
fourier_normalized,0.8941883444786072,1.0,1.0,1.0
fourier_normalized,0.901843249797821,1.0,1.0,1.0
fourier_normalized,0.9095636606216431,1.0,1.0,1.0
fourier_normalized,0.9173502326011658,1.0,1.0,1.0
fourier_normalized,0.9252034425735474,1.0,1.0,1.0
fourier_normalized,0.9331238269805908,1.0,1.0,1.0
fourier_normalized,0.9411121010780334,1.0,1.0,1.0
fourier_normalized,0.9491686820983887,1.0,1.0,1.0
fourier_normalized,0.9572942852973938,1.0,1.0,1.0
fourier_normalized,0.9654894471168518,1.0,1.0,1.0
fourier_normalized,0.9737547039985657,1.0,1.0,1.0
fourier_normalized,0.9820907711982727,1.0,1.0,1.0
fourier_normalized,0.9904981851577759,1.0,1.0,1.0
fourier_normalized,0.9989776015281677,1.0,1.0,1.0
fourier_normalized,1.007529616355896,1.0,1.0,1.0
fourier_normalized,1.0161547660827637,1.0,1.0,1.0
fourier_normalized,1.0248538255691528,1.0,1.0,1.0
fourier_normalized,1.0336273908615112,1.0,1.0,1.0
fourier_normalized,1.042475938796997,1.0,1.0,1.0
fourier_normalized,1.0514003038406372,1.0,1.0,1.0
fourier_normalized,1.0604010820388794,1.0,1.0,1.0
fourier_normalized,1.0694788694381714,1.0,1.0,1.0
fourier_normalized,1.0786343812942505,1.0,1.0,1.0
fourier_normalized,1.087868332862854,1.0,1.0,1.0
fourier_normalized,1.0971813201904297,1.0,1.0,1.0
fourier_normalized,1.1065739393234253,1.0,1.0,1.0
fourier_normalized,1.1160470247268677,1.0,1.0,1.0
fourier_normalized,1.1256012916564941,1.0,1.0,1.0
fourier_normalized,1.135237216949463,1.0,1.0,1.0
fourier_normalized,1.1449557542800903,1.0,1.0,1.0
fourier_normalized,1.1547573804855347,1.0,1.0,1.0
fourier_normalized,1.1646429300308228,1.0,1.0,1.0
fourier_normalized,1.174613118171692,1.0,1.0,1.0
fourier_normalized,1.1846686601638794,1.0,1.0,1.0
fourier_normalized,1.194810390472412,1.0,1.0,1.0
fourier_normalized,1.2050387859344482,1.0,1.0,1.0
fourier_normalized,1.2153548002243042,1.0,1.0,1.0
fourier_normalized,1.2257591485977173,1.0,1.0,1.0
fourier_normalized,1.2362525463104248,1.0,1.0,1.0
fourier_normalized,1.2468358278274536,1.0,1.0,1.0
fourier_normalized,1.2575095891952515,1.0,1.0,1.0
fourier_normalized,1.2682749032974243,1.0,1.0,1.0
fourier_normalized,1.2791322469711304,1.0,1.0,1.0
fourier_normalized,1.290082573890686,1.0,1.0,1.0
fourier_normalized,1.3011265993118286,1.0,1.0,1.0
fourier_normalized,1.312265157699585,1.0,1.0,1.0
fourier_normalized,1.3234992027282715,1.0,1.0,1.0
fourier_normalized,1.334829330444336,1.0,1.0,1.0
fourier_normalized,1.3462563753128052,1.0,1.0,1.0
fourier_normalized,1.3577814102172852,1.0,1.0,1.0
fourier_normalized,1.3694050312042236,1.0,1.0,1.0
fourier_normalized,1.3811280727386475,1.0,1.0,1.0
fourier_normalized,1.3929516077041626,1.0,1.0,1.0
fourier_normalized,1.4048762321472168,1.0,1.0,1.0
fourier_normalized,1.416903018951416,1.0,1.0,1.0
fourier_normalized,1.429032802581787,1.0,1.0,1.0
fourier_normalized,1.441266417503357,1.0,1.0,1.0
fourier_normalized,1.4536046981811523,1.0,1.0,1.0
fourier_normalized,1.4660485982894897,1.0,1.0,1.0
fourier_normalized,1.4785990715026855,1.0,1.0,1.0
fourier_normalized,1.4912569522857666,1.0,1.0,1.0
fourier_normalized,1.5040231943130493,1.0,1.0,1.0
fourier_normalized,1.51689875125885,1.0,1.0,1.0
fourier_normalized,1.5298845767974854,1.0,1.0,1.0
fourier_normalized,1.542981505393982,1.0,1.0,1.0
fourier_normalized,1.5561906099319458,1.0,1.0,1.0
fourier_normalized,1.5695127248764038,1.0,1.0,1.0
fourier_normalized,1.582948923110962,1.0,1.0,1.0
fourier_normalized,1.5965001583099365,1.0,1.0,1.0
fourier_normalized,1.610167384147644,1.0,1.0,1.0
fourier_normalized,1.6239515542984009,1.0,1.0,1.0
fourier_normalized,1.637853741645813,1.0,1.0,1.0
fourier_normalized,1.6518750190734863,1.0,1.0,1.0
fourier_normalized,1.6660163402557373,1.0,1.0,1.0
fourier_normalized,1.6802786588668823,1.0,1.0,1.0
fourier_normalized,1.6946630477905273,1.0,1.0,1.0
fourier_normalized,1.7091705799102783,1.0,1.0,1.0
fourier_normalized,1.7238024473190308,1.0,1.0,1.0
fourier_normalized,1.738559365272522,1.0,1.0,1.0
fourier_normalized,1.7534427642822266,1.0,1.0,1.0
fourier_normalized,1.7684534788131714,1.0,1.0,1.0
fourier_normalized,1.7835928201675415,1.0,1.0,1.0
fourier_normalized,1.7988616228103638,1.0,1.0,1.0
fourier_normalized,1.8142613172531128,1.0,1.0,1.0
fourier_normalized,1.8297927379608154,1.0,1.0,1.0
fourier_normalized,1.8454570770263672,1.0,1.0,1.0
fourier_normalized,1.8612555265426636,1.0,1.0,1.0
fourier_normalized,1.8771892786026,1.0,1.0,1.0
fourier_normalized,1.8932594060897827,1.0,1.0,1.0
fourier_normalized,1.909467101097107,1.0,1.0,1.0
fourier_normalized,1.9258135557174683,1.0,1.0,1.0
fourier_normalized,1.9422999620437622,1.0,1.0,1.0
fourier_normalized,1.9589273929595947,1.0,1.0,1.0
fourier_normalized,1.9756972789764404,1.0,1.0,1.0
fourier_normalized,1.9926106929779053,1.0,1.0,1.0
fourier_normalized,2.009669065475464,1.0,1.0,1.0
fourier_normalized,2.0268731117248535,1.0,1.0,1.0
fourier_normalized,2.044224739074707,1.0,1.0,1.0
fourier_normalized,2.061724901199341,1.0,1.0,1.0
fourier_normalized,2.0793747901916504,1.0,1.0,1.0
fourier_normalized,2.0971755981445312,1.0,1.0,1.0
fourier_normalized,2.115128993988037,1.0,1.0,1.0
fourier_normalized,2.1332361698150635,1.0,1.0,1.0
fourier_normalized,2.151498317718506,1.0,1.0,1.0
fourier_normalized,2.1699166297912598,1.0,1.0,1.0
fourier_normalized,2.188492774963379,1.0,1.0,1.0
fourier_normalized,2.207227945327759,1.0,1.0,1.0
fourier_normalized,2.226123332977295,1.0,1.0,1.0
fourier_normalized,2.245180606842041,1.0,1.0,1.0
fourier_normalized,2.2644009590148926,1.0,1.0,1.0
fourier_normalized,2.2837860584259033,1.0,1.0,1.0
fourier_normalized,2.3033368587493896,1.0,1.0,1.0
fourier_normalized,2.3230550289154053,1.0,1.0,1.0
fourier_normalized,2.342942237854004,1.0,1.0,1.0
fourier_normalized,2.362999439239502,1.0,1.0,1.0
fourier_normalized,2.3832285404205322,1.0,1.0,1.0
fourier_normalized,2.4036307334899902,1.0,1.0,1.0
fourier_normalized,2.4242076873779297,1.0,1.0,1.0
fourier_normalized,2.444960594177246,1.0,1.0,1.0
fourier_normalized,2.4658913612365723,1.0,1.0,1.0
fourier_normalized,2.4870011806488037,1.0,1.0,1.0
fourier_normalized,2.508291721343994,1.0,1.0,1.0
fourier_normalized,2.529764413833618,1.0,1.0,1.0
fourier_normalized,2.5514211654663086,1.0,1.0,1.0
fourier_normalized,2.573263168334961,1.0,1.0,1.0
fourier_normalized,2.595292329788208,1.0,1.0,1.0
fourier_normalized,2.6175098419189453,1.0,1.0,1.0
fourier_normalized,2.6399176120758057,1.0,1.0,1.0
fourier_normalized,2.6625173091888428,1.0,1.0,1.0
fourier_normalized,2.6853103637695312,1.0,1.0,1.0
fourier_normalized,2.708298683166504,1.0,1.0,1.0
fourier_normalized,2.7314836978912354,1.0,1.0,1.0
fourier_normalized,2.7548673152923584,1.0,1.0,1.0
fourier_normalized,2.7784509658813477,1.0,1.0,1.0
fourier_normalized,2.802236557006836,1.0,1.0,1.0
fourier_normalized,2.826225757598877,1.0,1.0,1.0
fourier_normalized,2.8504204750061035,1.0,1.0,1.0
fourier_normalized,2.8748221397399902,1.0,1.0,1.0
fourier_normalized,2.89943265914917,1.0,1.0,1.0
fourier_normalized,2.9242539405822754,1.0,1.0,1.0
fourier_normalized,2.9492876529693604,1.0,1.0,1.0
fourier_normalized,2.9745359420776367,1.0,1.0,1.0
fourier_normalized,3.0,1.0,1.0,1.0
fourier_gate_s1p5_p4,0.10000000149011612,1.9752693333430216e-05,1.9752693333430216e-05,1.0568252801895142
fourier_gate_s1p5_p4,0.10085607320070267,2.043781387328636e-05,2.043781387328636e-05,1.057775616645813
fourier_gate_s1p5_p4,0.10171947628259659,2.114667950081639e-05,2.114667950081639e-05,1.0587414503097534
fourier_gate_s1p5_p4,0.10259027034044266,2.188014696002938e-05,2.188014696002938e-05,1.059722900390625
fourier_gate_s1p5_p4,0.10346852242946625,2.2639036615146324e-05,2.2639036615146324e-05,1.0607203245162964
fourier_gate_s1p5_p4,0.10435428470373154,2.3424267055816017e-05,2.3424267055816017e-05,1.0617338418960571
fourier_gate_s1p5_p4,0.10524763911962509,2.423671139695216e-05,2.423671139695216e-05,1.062764048576355
fourier_gate_s1p5_p4,0.1061486303806305,2.5077357349800877e-05,2.5077357349800877e-05,1.0638108253479004
fourier_gate_s1p5_p4,0.1070573478937149,2.5947134417947382e-05,2.5947134417947382e-05,1.0648744106292725
fourier_gate_s1p5_p4,0.10797383636236191,2.6847104891203344e-05,2.6847104891203344e-05,1.0659552812576294
fourier_gate_s1p5_p4,0.10889817029237747,2.7778260118793696e-05,2.7778260118793696e-05,1.0670535564422607
fourier_gate_s1p5_p4,0.10983041673898697,2.874173878808506e-05,2.874173878808506e-05,1.0681695938110352
fourier_gate_s1p5_p4,0.11077065020799637,2.9738608645857312e-05,2.9738608645857312e-05,1.0693036317825317
fourier_gate_s1p5_p4,0.11171893030405045,3.0770079320063815e-05,3.0770079320063815e-05,1.0704559087753296
fourier_gate_s1p5_p4,0.11267532408237457,3.18372949550394e-05,3.18372949550394e-05,1.0716267824172974
fourier_gate_s1p5_p4,0.11363990604877472,3.29415597661864e-05,3.29415597661864e-05,1.0728163719177246
fourier_gate_s1p5_p4,0.11461275070905685,3.408411794225685e-05,3.408411794225685e-05,1.0740249156951904
fourier_gate_s1p5_p4,0.11559391766786575,3.52662755176425e-05,3.52662755176425e-05,1.0752531290054321
fourier_gate_s1p5_p4,0.11658348888158798,3.648946221801452e-05,3.648946221801452e-05,1.0765008926391602
fourier_gate_s1p5_p4,0.11758153140544891,3.775503864744678e-05,3.775503864744678e-05,1.0777685642242432
fourier_gate_s1p5_p4,0.11858811229467392,3.906454730895348e-05,3.906454730895348e-05,1.0790566205978394
fourier_gate_s1p5_p4,0.11960331350564957,4.041943248012103e-05,4.041943248012103e-05,1.0803653001785278
fourier_gate_s1p5_p4,0.12062720954418182,4.1821349441306666e-05,4.1821349441306666e-05,1.0816946029663086
fourier_gate_s1p5_p4,0.12165986746549606,4.3271844333503395e-05,4.3271844333503395e-05,1.083045244216919
fourier_gate_s1p5_p4,0.12270136922597885,4.477269249036908e-05,4.477269249036908e-05,1.0844172239303589
fourier_gate_s1p5_p4,0.12375178188085556,4.6325545554282144e-05,4.6325545554282144e-05,1.0858112573623657
fourier_gate_s1p5_p4,0.12481118738651276,4.7932302550179884e-05,4.7932302550179884e-05,1.08722722530365
fourier_gate_s1p5_p4,0.1258796602487564,4.959473881172016e-05,4.959473881172016e-05,1.0886657238006592
fourier_gate_s1p5_p4,0.12695728242397308,5.1314873417140916e-05,5.1314873417140916e-05,1.0901269912719727
fourier_gate_s1p5_p4,0.12804412841796875,5.309461630531587e-05,5.309461630531587e-05,1.0916112661361694
fourier_gate_s1p5_p4,0.12914028763771057,5.493613934959285e-05,5.493613934959285e-05,1.0931190252304077
fourier_gate_s1p5_p4,0.13024581968784332,5.6841468904167414e-05,5.6841468904167414e-05,1.0946506261825562
fourier_gate_s1p5_p4,0.13136082887649536,5.881294055143371e-05,5.881294055143371e-05,1.0962063074111938
fourier_gate_s1p5_p4,0.13248537480831146,6.085278437240049e-05,6.085278437240049e-05,1.0977863073349
fourier_gate_s1p5_p4,0.1336195468902588,6.296330684563145e-05,6.296330684563145e-05,1.0993913412094116
fourier_gate_s1p5_p4,0.1347634196281433,6.51470254524611e-05,6.51470254524611e-05,1.1010212898254395
fourier_gate_s1p5_p4,0.13591709733009338,6.74065449857153e-05,6.74065449857153e-05,1.1026771068572998
fourier_gate_s1p5_p4,0.13708065450191498,6.974441930651665e-05,6.974441930651665e-05,1.1043586730957031
fourier_gate_s1p5_p4,0.13825416564941406,7.216331141535193e-05,7.216331141535193e-05,1.1060664653778076
fourier_gate_s1p5_p4,0.1394377201795578,7.466615352313966e-05,7.466615352313966e-05,1.1078009605407715
fourier_gate_s1p5_p4,0.14063140749931335,7.725572504568845e-05,7.725572504568845e-05,1.1095623970031738
fourier_gate_s1p5_p4,0.1418353170156479,7.993517647264525e-05,7.993517647264525e-05,1.1113512516021729
fourier_gate_s1p5_p4,0.14304953813552856,8.270747639471665e-05,8.270747639471665e-05,1.1131680011749268
fourier_gate_s1p5_p4,0.14427414536476135,8.557599358027801e-05,8.557599358027801e-05,1.115012764930725
fourier_gate_s1p5_p4,0.1455092430114746,8.854398765834048e-05,8.854398765834048e-05,1.1168862581253052
fourier_gate_s1p5_p4,0.1467549055814743,9.161482739727944e-05,9.161482739727944e-05,1.118788480758667
fourier_gate_s1p5_p4,0.1480112373828888,9.479215077590197e-05,9.479215077590197e-05,1.1207202672958374
fourier_gate_s1p5_p4,0.14927831292152405,9.80797631200403e-05,9.80797631200403e-05,1.122681736946106
fourier_gate_s1p5_p4,0.15055625140666962,0.00010148128058062866,0.00010148128058062866,1.1246734857559204
fourier_gate_s1p5_p4,0.15184512734413147,0.00010500085772946477,0.00010500085772946477,1.1266956329345703
fourier_gate_s1p5_p4,0.15314503014087677,0.0001086423872038722,0.0001086423872038722,1.128748893737793
fourier_gate_s1p5_p4,0.15445606410503387,0.00011241029278608039,0.00011241029278608039,1.1308335065841675
fourier_gate_s1p5_p4,0.15577831864356995,0.00011630874359980226,0.00011630874359980226,1.1329500675201416
fourier_gate_s1p5_p4,0.15711189806461334,0.0001203425126732327,0.0001203425126732327,1.135098934173584
fourier_gate_s1p5_p4,0.15845689177513123,0.0001245160383405164,0.0001245160383405164,1.1372804641723633
fourier_gate_s1p5_p4,0.15981340408325195,0.0001288343919441104,0.0001288343919441104,1.1394952535629272
fourier_gate_s1p5_p4,0.1611815243959427,0.00013330251385923475,0.00013330251385923475,1.1417436599731445
fourier_gate_s1p5_p4,0.1625613570213318,0.00013792542449664325,0.00013792542449664325,1.1440261602401733
fourier_gate_s1p5_p4,0.1639530062675476,0.0001427087845513597,0.0001427087845513597,1.1463429927825928
fourier_gate_s1p5_p4,0.1653565615415573,0.00014765786181669682,0.00014765786181669682,1.1486949920654297
fourier_gate_s1p5_p4,0.16677214205265045,0.00015277868078555912,0.00015277868078555912,1.1510823965072632
fourier_gate_s1p5_p4,0.1681998372077942,0.00015807691670488566,0.00015807691670488566,1.1535056829452515
fourier_gate_s1p5_p4,0.16963975131511688,0.00016355901607312262,0.00016355901607312262,1.1559652090072632
fourier_gate_s1p5_p4,0.1710919886827469,0.00016923104703892022,0.00016923104703892022,1.1584616899490356
fourier_gate_s1p5_p4,0.17255665361881256,0.00017509992176201195,0.00017509992176201195,1.160995602607727
fourier_gate_s1p5_p4,0.17403388023376465,0.0001811721158446744,0.0001811721158446744,1.163567304611206
fourier_gate_s1p5_p4,0.17552372813224792,0.0001874550071079284,0.0001874550071079284,1.1661771535873413
fourier_gate_s1p5_p4,0.17702634632587433,0.00019395555136725307,0.00019395555136725307,1.1688261032104492
fourier_gate_s1p5_p4,0.17854182422161102,0.0002006816939683631,0.0002006816939683631,1.1715140342712402
fourier_gate_s1p5_p4,0.18007026612758636,0.0002076408127322793,0.0002076408127322793,1.1742417812347412
fourier_gate_s1p5_p4,0.1816118061542511,0.00021484143508132547,0.00021484143508132547,1.1770098209381104
fourier_gate_s1p5_p4,0.1831665337085724,0.00022229147725738585,0.00022229147725738585,1.179818868637085
fourier_gate_s1p5_p4,0.18473458290100098,0.00023000001965556294,0.00023000001965556294,1.1826691627502441
fourier_gate_s1p5_p4,0.18631604313850403,0.00023797560425009578,0.00023797560425009578,1.185561180114746
fourier_gate_s1p5_p4,0.1879110485315323,0.0002462279226165265,0.0002462279226165265,1.1884957551956177
fourier_gate_s1p5_p4,0.1895197033882141,0.00025476631708443165,0.00025476631708443165,1.1914730072021484
fourier_gate_s1p5_p4,0.19114212691783905,0.00026360046467743814,0.00026360046467743814,1.1944938898086548
fourier_gate_s1p5_p4,0.19277845323085785,0.00027274113381281495,0.00027274113381281495,1.1975586414337158
fourier_gate_s1p5_p4,0.19442877173423767,0.00028219842351973057,0.00028219842351973057,1.2006677389144897
fourier_gate_s1p5_p4,0.19609323143959045,0.00029198380070738494,0.00029198380070738494,1.203822135925293
fourier_gate_s1p5_p4,0.19777193665504456,0.000302108092000708,0.000302108092000708,1.2070221900939941
fourier_gate_s1p5_p4,0.19946500658988953,0.00031258363742381334,0.00031258363742381334,1.210268259048462
fourier_gate_s1p5_p4,0.2011725753545761,0.00032342199119739234,0.00032342199119739234,1.213560938835144
fourier_gate_s1p5_p4,0.20289476215839386,0.0003346363373566419,0.0003346363373566419,1.2169009447097778
fourier_gate_s1p5_p4,0.20463168621063232,0.00034623907413333654,0.00034623907413333654,1.2202887535095215
fourier_gate_s1p5_p4,0.20638348162174225,0.0003582441422622651,0.0003582441422622651,1.2237248420715332
fourier_gate_s1p5_p4,0.20815028250217438,0.0003706652787514031,0.0003706652787514031,1.2272099256515503
fourier_gate_s1p5_p4,0.20993220806121826,0.00038351694820448756,0.00038351694820448756,1.23074471950531
fourier_gate_s1p5_p4,0.21172937750816345,0.0003968140226788819,0.0003968140226788819,1.2343294620513916
fourier_gate_s1p5_p4,0.2135419398546219,0.0004105719563085586,0.0004105719563085586,1.2379649877548218
fourier_gate_s1p5_p4,0.21537001430988312,0.00042480663978494704,0.00042480663978494704,1.2416517734527588
fourier_gate_s1p5_p4,0.21721374988555908,0.0004395348660182208,0.0004395348660182208,1.2453901767730713
fourier_gate_s1p5_p4,0.21907325088977814,0.0004547730495687574,0.0004547730495687574,1.2491813898086548
fourier_gate_s1p5_p4,0.22094868123531342,0.0004705397295765579,0.0004705397295765579,1.2530256509780884
fourier_gate_s1p5_p4,0.22284016013145447,0.0004868523101322353,0.0004868523101322353,1.2569234371185303
fourier_gate_s1p5_p4,0.22474783658981323,0.000503730378113687,0.000503730378113687,1.2608754634857178
fourier_gate_s1p5_p4,0.22667184472084045,0.0005211932002566755,0.0005211932002566755,1.2648825645446777
fourier_gate_s1p5_p4,0.22861233353614807,0.000539261382073164,0.000539261382073164,1.2689449787139893
fourier_gate_s1p5_p4,0.23056942224502563,0.0005579553544521332,0.0005579553544521332,1.2730635404586792
fourier_gate_s1p5_p4,0.23254325985908508,0.0005772969452664256,0.0005772969452664256,1.2772387266159058
fourier_gate_s1p5_p4,0.23453401029109955,0.0005973086226731539,0.0005973086226731539,1.2814712524414062
fourier_gate_s1p5_p4,0.23654179275035858,0.0006180136115290225,0.0006180136115290225,1.2857619524002075
fourier_gate_s1p5_p4,0.23856677114963531,0.0006394357769750059,0.0006394357769750059,1.2901111841201782
fourier_gate_s1p5_p4,0.2406090646982193,0.0006615999736823142,0.0006615999736823142,1.294519305229187
fourier_gate_s1p5_p4,0.24266886711120605,0.000684531987644732,0.000684531987644732,1.2989877462387085
fourier_gate_s1p5_p4,0.24474628269672394,0.000708258303347975,0.000708258303347975,1.303516149520874
fourier_gate_s1p5_p4,0.24684149026870728,0.0007328063948079944,0.0007328063948079944,1.3081061840057373
fourier_gate_s1p5_p4,0.248954638838768,0.000758204550947994,0.000758204550947994,1.3127577304840088
fourier_gate_s1p5_p4,0.25108587741851807,0.0007844823994673789,0.0007844823994673789,1.3174716234207153
fourier_gate_s1p5_p4,0.2532353699207306,0.0008116706158034503,0.0008116706158034503,1.3222488164901733
fourier_gate_s1p5_p4,0.2554032504558563,0.0008397999336011708,0.0008397999336011708,1.327089548110962
fourier_gate_s1p5_p4,0.2575896680355072,0.0008689028327353299,0.0008689028327353299,1.331994652748108
fourier_gate_s1p5_p4,0.25979483127593994,0.0008990137139335275,0.0008990137139335275,1.336964726448059
fourier_gate_s1p5_p4,0.2620188891887665,0.0009301676182076335,0.0009301676182076335,1.3420004844665527
fourier_gate_s1p5_p4,0.26426196098327637,0.0009623995865695179,0.0009623995865695179,1.3471022844314575
fourier_gate_s1p5_p4,0.26652422547340393,0.0009957468137145042,0.0009957468137145042,1.3522714376449585
fourier_gate_s1p5_p4,0.2688058614730835,0.0010302489390596747,0.0010302489390596747,1.3575079441070557
fourier_gate_s1p5_p4,0.2711070477962494,0.001065945252776146,0.001065945252776146,1.3628127574920654
fourier_gate_s1p5_p4,0.27342793345451355,0.0011028774315491319,0.0011028774315491319,1.368186593055725
fourier_gate_s1p5_p4,0.2757686674594879,0.0011410872684791684,0.0011410872684791684,1.3736300468444824
fourier_gate_s1p5_p4,0.2781294584274292,0.0011806193506345153,0.0011806193506345153,1.3791438341140747
fourier_gate_s1p5_p4,0.28051045536994934,0.0012215194292366505,0.0012215194292366505,1.3847284317016602
fourier_gate_s1p5_p4,0.28291183710098267,0.0012638344196602702,0.0012638344196602702,1.390384554862976
fourier_gate_s1p5_p4,0.2853337526321411,0.0013076133327558637,0.0013076133327558637,1.3961131572723389
fourier_gate_s1p5_p4,0.2877764403820038,0.0013529068091884255,0.0013529068091884255,1.4019145965576172
fourier_gate_s1p5_p4,0.29024001955986023,0.0013997668866068125,0.0013997668866068125,1.4077893495559692
fourier_gate_s1p5_p4,0.2927246689796448,0.001448247698135674,0.001448247698135674,1.41373872756958
fourier_gate_s1p5_p4,0.2952306270599365,0.0014984052395448089,0.0014984052395448089,1.4197630882263184
fourier_gate_s1p5_p4,0.297758013010025,0.0015502971364185214,0.0015502971364185214,1.4258627891540527
fourier_gate_s1p5_p4,0.300307035446167,0.0016039832262322307,0.0016039832262322307,1.4320389032363892
fourier_gate_s1p5_p4,0.30287790298461914,0.001659525209106505,0.001659525209106505,1.4382919073104858
fourier_gate_s1p5_p4,0.305470734834671,0.0017169872298836708,0.0017169872298836708,1.4446223974227905
fourier_gate_s1p5_p4,0.3080857992172241,0.001776435412466526,0.001776435412466526,1.4510313272476196
fourier_gate_s1p5_p4,0.3107232451438904,0.001837938092648983,0.001837938092648983,1.4575191736221313
fourier_gate_s1p5_p4,0.3133832812309265,0.0019015669822692871,0.0019015669822692871,1.464086651802063
fourier_gate_s1p5_p4,0.31606605648994446,0.0019673926290124655,0.0019673926290124655,1.4707342386245728
fourier_gate_s1p5_p4,0.3187718093395233,0.002035493031144142,0.002035493031144142,1.4774627685546875
fourier_gate_s1p5_p4,0.3215007483959198,0.0021059466525912285,0.0021059466525912285,1.4842729568481445
fourier_gate_s1p5_p4,0.32425302267074585,0.002178831724449992,0.002178831724449992,1.4911651611328125
fourier_gate_s1p5_p4,0.32702887058258057,0.0022542355582118034,0.0022542355582118034,1.4981403350830078
fourier_gate_s1p5_p4,0.3298284709453583,0.0023322405759245157,0.0023322405759245157,1.5051989555358887
fourier_gate_s1p5_p4,0.3326520621776581,0.0024129406083375216,0.0024129406083375216,1.5123419761657715
fourier_gate_s1p5_p4,0.3354997932910919,0.0024964238982647657,0.0024964238982647657,1.5195696353912354
fourier_gate_s1p5_p4,0.3383719325065613,0.002582790330052376,0.002582790330052376,1.5268826484680176
fourier_gate_s1p5_p4,0.3412686288356781,0.002672133967280388,0.002672133967280388,1.5342817306518555
fourier_gate_s1p5_p4,0.34419015049934387,0.0027645626105368137,0.0027645626105368137,1.5417675971984863
fourier_gate_s1p5_p4,0.3471366763114929,0.002860177541151643,0.002860177541151643,1.5493407249450684
fourier_gate_s1p5_p4,0.35010841488838196,0.002959089819341898,0.002959089819341898,1.5570018291473389
fourier_gate_s1p5_p4,0.3531056046485901,0.0030614121351391077,0.0030614121351391077,1.564751386642456
fourier_gate_s1p5_p4,0.356128454208374,0.00316726160235703,0.00316726160235703,1.5725902318954468
fourier_gate_s1p5_p4,0.3591771721839905,0.00327675836160779,0.00327675836160779,1.5805187225341797
fourier_gate_s1p5_p4,0.36225199699401855,0.0033900283742696047,0.0033900283742696047,1.588537573814392
fourier_gate_s1p5_p4,0.36535313725471497,0.00350719946436584,0.00350719946436584,1.5966471433639526
fourier_gate_s1p5_p4,0.3684808313846588,0.003628405975177884,0.003628405975177884,1.6048485040664673
fourier_gate_s1p5_p4,0.3716353178024292,0.0037537869065999985,0.0037537869065999985,1.6131415367126465
fourier_gate_s1p5_p4,0.37481677532196045,0.00388348032720387,0.00388348032720387,1.6215276718139648
fourier_gate_s1p5_p4,0.37802550196647644,0.004017640370875597,0.004017640370875597,1.630007028579712
fourier_gate_s1p5_p4,0.3812616765499115,0.004156413488090038,0.004156413488090038,1.6385796070098877
fourier_gate_s1p5_p4,0.3845255374908447,0.004299957305192947,0.004299957305192947,1.6472464799880981
fourier_gate_s1p5_p4,0.3878173828125,0.004448441322892904,0.004448441322892904,1.656008005142212
fourier_gate_s1p5_p4,0.39113736152648926,0.004602023400366306,0.004602023400366306,1.6648650169372559
fourier_gate_s1p5_p4,0.39448580145835876,0.004760887939482927,0.004760887939482927,1.6738176345825195
fourier_gate_s1p5_p4,0.39786288142204285,0.004925206769257784,0.004925206769257784,1.6828665733337402
fourier_gate_s1p5_p4,0.4012688994407654,0.005095168016850948,0.005095168016850948,1.6920121908187866
fourier_gate_s1p5_p4,0.4047040641307831,0.005270963069051504,0.005270963069051504,1.7012548446655273
fourier_gate_s1p5_p4,0.40816861391067505,0.005452790763229132,0.005452790763229132,1.7105947732925415
fourier_gate_s1p5_p4,0.41166284680366516,0.0056408545933663845,0.0056408545933663845,1.720033049583435
fourier_gate_s1p5_p4,0.41518697142601013,0.005835366901010275,0.005835366901010275,1.7295693159103394
fourier_gate_s1p5_p4,0.41874128580093384,0.006036545615643263,0.006036545615643263,1.7392042875289917
fourier_gate_s1p5_p4,0.4223260283470154,0.00624461704865098,0.00624461704865098,1.7489384412765503
fourier_gate_s1p5_p4,0.42594143748283386,0.0064598130993545055,0.0064598130993545055,1.7587721347808838
fourier_gate_s1p5_p4,0.42958781123161316,0.0066823759116232395,0.0066823759116232395,1.7687056064605713
fourier_gate_s1p5_p4,0.43326541781425476,0.006912552751600742,0.006912552751600742,1.7787389755249023
fourier_gate_s1p5_p4,0.4369744658470154,0.0071506015956401825,0.0071506015956401825,1.7888723611831665
fourier_gate_s1p5_p4,0.44071531295776367,0.007396790664643049,0.007396790664643049,1.7991067171096802
fourier_gate_s1p5_p4,0.44448816776275635,0.007651386316865683,0.007651386316865683,1.8094416856765747
fourier_gate_s1p5_p4,0.4482932984828949,0.007914671674370766,0.007914671674370766,1.81987726688385
fourier_gate_s1p5_p4,0.4521310329437256,0.008186949416995049,0.008186949416995049,1.8304145336151123
fourier_gate_s1p5_p4,0.4560016095638275,0.008468510583043098,0.008468510583043098,1.8410524129867554
fourier_gate_s1p5_p4,0.4599052965641022,0.008759665302932262,0.008759665302932262,1.8517919778823853
fourier_gate_s1p5_p4,0.4638424515724182,0.009060746990144253,0.009060746990144253,1.8626328706741333
fourier_gate_s1p5_p4,0.46781328320503235,0.009372075088322163,0.009372075088322163,1.8735753297805786
fourier_gate_s1p5_p4,0.47181808948516846,0.009693996049463749,0.009693996049463749,1.884618878364563
fourier_gate_s1p5_p4,0.4758571982383728,0.010026862844824791,0.010026862844824791,1.8957639932632446
fourier_gate_s1p5_p4,0.47993090748786926,0.010371038690209389,0.010371038690209389,1.9070104360580444
fourier_gate_s1p5_p4,0.48403945565223694,0.010726901702582836,0.010726901702582836,1.9183580875396729
fourier_gate_s1p5_p4,0.4881832003593445,0.011094838380813599,0.011094838380813599,1.9298067092895508
fourier_gate_s1p5_p4,0.4923624098300934,0.011475247330963612,0.011475247330963612,1.9413559436798096
fourier_gate_s1p5_p4,0.4965773820877075,0.011868544854223728,0.011868544854223728,1.9530060291290283
fourier_gate_s1p5_p4,0.5008284449577332,0.012275154702365398,0.012275154702365398,1.9647561311721802
fourier_gate_s1p5_p4,0.5051159262657166,0.012695514596998692,0.012695514596998692,1.9766063690185547
fourier_gate_s1p5_p4,0.5094400644302368,0.01313007902354002,0.01313007902354002,1.9885557889938354
fourier_gate_s1p5_p4,0.5138012766838074,0.013579313643276691,0.013579313643276691,2.0006046295166016
fourier_gate_s1p5_p4,0.5181998014450073,0.014043699949979782,0.014043699949979782,2.012751817703247
fourier_gate_s1p5_p4,0.5226359963417053,0.01452373992651701,0.01452373992651701,2.0249969959259033
fourier_gate_s1p5_p4,0.5271100997924805,0.015019924379885197,0.015019924379885197,2.037339210510254
fourier_gate_s1p5_p4,0.531622588634491,0.015532810240983963,0.015532810240983963,2.049778461456299
fourier_gate_s1p5_p4,0.5361736416816711,0.01606290601193905,0.01606290601193905,2.0623130798339844
fourier_gate_s1p5_p4,0.5407636761665344,0.016610795632004738,0.016610795632004738,2.0749428272247314
fourier_gate_s1p5_p4,0.5453930497169495,0.017177054658532143,0.017177054658532143,2.0876667499542236
fourier_gate_s1p5_p4,0.5500620603561401,0.017762262374162674,0.017762262374162674,2.1004838943481445
fourier_gate_s1p5_p4,0.5547710061073303,0.018367040902376175,0.018367040902376175,2.1133928298950195
fourier_gate_s1p5_p4,0.5595202445983887,0.018991997465491295,0.018991997465491295,2.1263926029205322
fourier_gate_s1p5_p4,0.5643101334571838,0.019637802615761757,0.019637802615761757,2.139482021331787
fourier_gate_s1p5_p4,0.5691410303115845,0.02030511200428009,0.02030511200428009,2.1526594161987305
fourier_gate_s1p5_p4,0.5740132927894592,0.020994611084461212,0.020994611084461212,2.165924072265625
fourier_gate_s1p5_p4,0.5789272785186768,0.02170700579881668,0.02170700579881668,2.1792736053466797
fourier_gate_s1p5_p4,0.5838833451271057,0.022443030029535294,0.022443030029535294,2.192707061767578
fourier_gate_s1p5_p4,0.58888179063797,0.023203397169709206,0.023203397169709206,2.2062222957611084
fourier_gate_s1p5_p4,0.5939230918884277,0.023988915607333183,0.023988915607333183,2.219818353652954
fourier_gate_s1p5_p4,0.5990074872970581,0.02480032667517662,0.02480032667517662,2.233491897583008
fourier_gate_s1p5_p4,0.6041354537010193,0.025638490915298462,0.025638490915298462,2.2472422122955322
fourier_gate_s1p5_p4,0.6093072891235352,0.026504194363951683,0.026504194363951683,2.261066198348999
fourier_gate_s1p5_p4,0.6145234107971191,0.027398310601711273,0.027398310601711273,2.2749619483947754
fourier_gate_s1p5_p4,0.6197841763496399,0.028321711346507072,0.028321711346507072,2.2889270782470703
fourier_gate_s1p5_p4,0.6250900030136108,0.02927529625594616,0.02927529625594616,2.3029587268829346
fourier_gate_s1p5_p4,0.6304412484169006,0.030259987339377403,0.030259987339377403,2.3170547485351562
fourier_gate_s1p5_p4,0.6358382701873779,0.03127673268318176,0.03127673268318176,2.331212043762207
fourier_gate_s1p5_p4,0.6412815451622009,0.032326504588127136,0.032326504588127136,2.3454270362854004
fourier_gate_s1p5_p4,0.6467713713645935,0.033410292118787766,0.033410292118787766,2.3596975803375244
fourier_gate_s1p5_p4,0.6523082256317139,0.03452911972999573,0.03452911972999573,2.3740200996398926
fourier_gate_s1p5_p4,0.6578924655914307,0.03568403795361519,0.03568403795361519,2.3883907794952393
fourier_gate_s1p5_p4,0.6635245084762573,0.03687610477209091,0.03687610477209091,2.402806043624878
fourier_gate_s1p5_p4,0.6692047715187073,0.038106419146060944,0.038106419146060944,2.4172627925872803
fourier_gate_s1p5_p4,0.6749336123466492,0.039376091212034225,0.039376091212034225,2.4317562580108643
fourier_gate_s1p5_p4,0.680711567401886,0.040686290711164474,0.040686290711164474,2.4462826251983643
fourier_gate_s1p5_p4,0.6865389347076416,0.04203817620873451,0.04203817620873451,2.4608380794525146
fourier_gate_s1p5_p4,0.692416250705719,0.04343295842409134,0.04343295842409134,2.4754176139831543
fourier_gate_s1p5_p4,0.698343813419342,0.04487182945013046,0.04487182945013046,2.490016460418701
fourier_gate_s1p5_p4,0.7043221592903137,0.046356067061424255,0.046356067061424255,2.5046300888061523
fourier_gate_s1p5_p4,0.7103517055511475,0.047886960208415985,0.047886960208415985,2.5192527770996094
fourier_gate_s1p5_p4,0.7164328098297119,0.04946574196219444,0.04946574196219444,2.5338797569274902
fourier_gate_s1p5_p4,0.7225660085678101,0.05109382048249245,0.05109382048249245,2.5485053062438965
fourier_gate_s1p5_p4,0.7287517189979553,0.052772507071495056,0.052772507071495056,2.563124179840088
fourier_gate_s1p5_p4,0.7349903583526611,0.05450315773487091,0.05450315773487091,2.5777294635772705
fourier_gate_s1p5_p4,0.7412824630737305,0.05628721043467522,0.05628721043467522,2.592315673828125
fourier_gate_s1p5_p4,0.747628390789032,0.0581260621547699,0.0581260621547699,2.6068761348724365
fourier_gate_s1p5_p4,0.7540286183357239,0.06002116575837135,0.06002116575837135,2.6214046478271484
fourier_gate_s1p5_p4,0.7604836821556091,0.06197398155927658,0.06197398155927658,2.6358935832977295
fourier_gate_s1p5_p4,0.7669939398765564,0.06398602575063705,0.06398602575063705,2.6503357887268066
fourier_gate_s1p5_p4,0.7735599875450134,0.06605877727270126,0.06605877727270126,2.664724588394165
fourier_gate_s1p5_p4,0.7801822423934937,0.06819378584623337,0.06819378584623337,2.679051637649536
fourier_gate_s1p5_p4,0.7868611812591553,0.07039260119199753,0.07039260119199753,2.6933090686798096
fourier_gate_s1p5_p4,0.7935972809791565,0.0726567804813385,0.0726567804813385,2.707489252090454
fourier_gate_s1p5_p4,0.8003910779953003,0.07498791813850403,0.07498791813850403,2.721583604812622
fourier_gate_s1p5_p4,0.8072429895401001,0.07738760113716125,0.07738760113716125,2.7355830669403076
fourier_gate_s1p5_p4,0.8141536116600037,0.07985745370388031,0.07985745370388031,2.749478578567505
fourier_gate_s1p5_p4,0.8211233615875244,0.08239908516407013,0.08239908516407013,2.763261318206787
fourier_gate_s1p5_p4,0.8281527757644653,0.08501414209604263,0.08501414209604263,2.7769219875335693
fourier_gate_s1p5_p4,0.8352423906326294,0.08770427852869034,0.08770427852869034,2.790449857711792
fourier_gate_s1p5_p4,0.8423926830291748,0.09047109633684158,0.09047109633684158,2.803835868835449
fourier_gate_s1p5_p4,0.8496041893959045,0.09331627190113068,0.09331627190113068,2.8170690536499023
fourier_gate_s1p5_p4,0.8568774461746216,0.09624148160219193,0.09624148160219193,2.830139636993408
fourier_gate_s1p5_p4,0.8642129302024841,0.09924830496311188,0.09924830496311188,2.8430356979370117
fourier_gate_s1p5_p4,0.8716112375259399,0.10233845561742783,0.10233845561742783,2.855747699737549
fourier_gate_s1p5_p4,0.8790728449821472,0.1055135428905487,0.1055135428905487,2.868262767791748
fourier_gate_s1p5_p4,0.8865984082221985,0.10877523571252823,0.10877523571252823,2.88057017326355
fourier_gate_s1p5_p4,0.8941883444786072,0.11212509125471115,0.11212509125471115,2.8926570415496826
fourier_gate_s1p5_p4,0.901843249797821,0.11556471884250641,0.11556471884250641,2.904512882232666
fourier_gate_s1p5_p4,0.9095636606216431,0.11909570544958115,0.11909570544958115,2.9161248207092285
fourier_gate_s1p5_p4,0.9173502326011658,0.12271963804960251,0.12271963804960251,2.9274797439575195
fourier_gate_s1p5_p4,0.9252034425735474,0.12643802165985107,0.12643802165985107,2.938565492630005
fourier_gate_s1p5_p4,0.9331238269805908,0.13025230169296265,0.13025230169296265,2.949368953704834
fourier_gate_s1p5_p4,0.9411121010780334,0.1341640055179596,0.1341640055179596,2.9598772525787354
fourier_gate_s1p5_p4,0.9491686820983887,0.13817450404167175,0.13817450404167175,2.9700770378112793
fourier_gate_s1p5_p4,0.9572942852973938,0.14228519797325134,0.14228519797325134,2.9799540042877197
fourier_gate_s1p5_p4,0.9654894471168518,0.14649741351604462,0.14649741351604462,2.9894967079162598
fourier_gate_s1p5_p4,0.9737547039985657,0.15081235766410828,0.15081235766410828,2.9986894130706787
fourier_gate_s1p5_p4,0.9820907711982727,0.155231311917305,0.155231311917305,3.0075197219848633
fourier_gate_s1p5_p4,0.9904981851577759,0.1597553789615631,0.1597553789615631,3.0159730911254883
fourier_gate_s1p5_p4,0.9989776015281677,0.1643856316804886,0.1643856316804886,3.024035692214966
fourier_gate_s1p5_p4,1.007529616355896,0.169123113155365,0.169123113155365,3.03169322013855
fourier_gate_s1p5_p4,1.0161547660827637,0.1739686280488968,0.1739686280488968,3.0389323234558105
fourier_gate_s1p5_p4,1.0248538255691528,0.1789231300354004,0.1789231300354004,3.04573917388916
fourier_gate_s1p5_p4,1.0336273908615112,0.1839873343706131,0.1839873343706131,3.0520992279052734
fourier_gate_s1p5_p4,1.042475938796997,0.1891617476940155,0.1891617476940155,3.0579988956451416
fourier_gate_s1p5_p4,1.0514003038406372,0.1944470852613449,0.1944470852613449,3.063425302505493
fourier_gate_s1p5_p4,1.0604010820388794,0.19984370470046997,0.19984370470046997,3.0683634281158447
fourier_gate_s1p5_p4,1.0694788694381714,0.20535188913345337,0.20535188913345337,3.072800874710083
fourier_gate_s1p5_p4,1.0786343812942505,0.21097184717655182,0.21097184717655182,3.0767242908477783
fourier_gate_s1p5_p4,1.087868332862854,0.21670374274253845,0.21670374274253845,3.080120325088501
fourier_gate_s1p5_p4,1.0971813201904297,0.22254739701747894,0.22254739701747894,3.0829763412475586
fourier_gate_s1p5_p4,1.1065739393234253,0.22850264608860016,0.22850264608860016,3.085280418395996
fourier_gate_s1p5_p4,1.1160470247268677,0.23456916213035583,0.23456916213035583,3.0870203971862793
fourier_gate_s1p5_p4,1.1256012916564941,0.24074657261371613,0.24074657261371613,3.088184118270874
fourier_gate_s1p5_p4,1.135237216949463,0.24703404307365417,0.24703404307365417,3.0887610912323
fourier_gate_s1p5_p4,1.1449557542800903,0.2534310221672058,0.2534310221672058,3.088740110397339
fourier_gate_s1p5_p4,1.1547573804855347,0.2599363625049591,0.2599363625049591,3.08811092376709
fourier_gate_s1p5_p4,1.1646429300308228,0.26654908061027527,0.26654908061027527,3.0868639945983887
fourier_gate_s1p5_p4,1.174613118171692,0.2732679545879364,0.2732679545879364,3.0849900245666504
fourier_gate_s1p5_p4,1.1846686601638794,0.2800914943218231,0.2800914943218231,3.0824801921844482
fourier_gate_s1p5_p4,1.194810390472412,0.28701817989349365,0.28701817989349365,3.0793275833129883
fourier_gate_s1p5_p4,1.2050387859344482,0.2940461039543152,0.2940461039543152,3.07552433013916
fourier_gate_s1p5_p4,1.2153548002243042,0.30117347836494446,0.30117347836494446,3.0710642337799072
fourier_gate_s1p5_p4,1.2257591485977173,0.30839812755584717,0.30839812755584717,3.065941572189331
fourier_gate_s1p5_p4,1.2362525463104248,0.31571778655052185,0.31571778655052185,3.0601518154144287
fourier_gate_s1p5_p4,1.2468358278274536,0.3231300115585327,0.3231300115585327,3.0536906719207764
fourier_gate_s1p5_p4,1.2575095891952515,0.33063212037086487,0.33063212037086487,3.046555280685425
fourier_gate_s1p5_p4,1.2682749032974243,0.3382215201854706,0.3382215201854706,3.038743019104004
fourier_gate_s1p5_p4,1.2791322469711304,0.345894992351532,0.345894992351532,3.0302531719207764
fourier_gate_s1p5_p4,1.290082573890686,0.3536495268344879,0.3536495268344879,3.021085023880005
fourier_gate_s1p5_p4,1.3011265993118286,0.36148181557655334,0.36148181557655334,3.0112392902374268
fourier_gate_s1p5_p4,1.312265157699585,0.3693884611129761,0.3693884611129761,3.0007174015045166
fourier_gate_s1p5_p4,1.3234992027282715,0.3773658871650696,0.3773658871650696,2.989522695541382
fourier_gate_s1p5_p4,1.334829330444336,0.38541027903556824,0.38541027903556824,2.9776580333709717
fourier_gate_s1p5_p4,1.3462563753128052,0.3935176432132721,0.3935176432132721,2.9651288986206055
fourier_gate_s1p5_p4,1.3577814102172852,0.4016842842102051,0.4016842842102051,2.9519410133361816
fourier_gate_s1p5_p4,1.3694050312042236,0.4099057614803314,0.4099057614803314,2.938101053237915
fourier_gate_s1p5_p4,1.3811280727386475,0.41817787289619446,0.41817787289619446,2.923616409301758
fourier_gate_s1p5_p4,1.3929516077041626,0.42649632692337036,0.42649632692337036,2.908496618270874
fourier_gate_s1p5_p4,1.4048762321472168,0.43485650420188904,0.43485650420188904,2.8927512168884277
fourier_gate_s1p5_p4,1.416903018951416,0.4432539641857147,0.4432539641857147,2.8763914108276367
fourier_gate_s1p5_p4,1.429032802581787,0.45168396830558777,0.45168396830558777,2.8594295978546143
fourier_gate_s1p5_p4,1.441266417503357,0.4601418077945709,0.4601418077945709,2.8418781757354736
fourier_gate_s1p5_p4,1.4536046981811523,0.4686226546764374,0.4686226546764374,2.823751449584961
fourier_gate_s1p5_p4,1.4660485982894897,0.47712165117263794,0.47712165117263794,2.8050644397735596
fourier_gate_s1p5_p4,1.4785990715026855,0.4856339693069458,0.4856339693069458,2.785832405090332
fourier_gate_s1p5_p4,1.4912569522857666,0.49415457248687744,0.49415457248687744,2.7660727500915527
fourier_gate_s1p5_p4,1.5040231943130493,0.5026785135269165,0.5026785135269165,2.745802640914917
fourier_gate_s1p5_p4,1.51689875125885,0.511201024055481,0.511201024055481,2.725040912628174
fourier_gate_s1p5_p4,1.5298845767974854,0.5197169780731201,0.5197169780731201,2.703806161880493
fourier_gate_s1p5_p4,1.542981505393982,0.5282214879989624,0.5282214879989624,2.6821184158325195
fourier_gate_s1p5_p4,1.5561906099319458,0.5367096662521362,0.5367096662521362,2.659998655319214
fourier_gate_s1p5_p4,1.5695127248764038,0.5451765656471252,0.5451765656471252,2.637467861175537
fourier_gate_s1p5_p4,1.582948923110962,0.5536174774169922,0.5536174774169922,2.6145477294921875
fourier_gate_s1p5_p4,1.5965001583099365,0.5620275735855103,0.5620275735855103,2.5912601947784424
fourier_gate_s1p5_p4,1.610167384147644,0.5704021453857422,0.5704021453857422,2.5676286220550537
fourier_gate_s1p5_p4,1.6239515542984009,0.5787366032600403,0.5787366032600403,2.5436761379241943
fourier_gate_s1p5_p4,1.637853741645813,0.5870264768600464,0.5870264768600464,2.519425868988037
fourier_gate_s1p5_p4,1.6518750190734863,0.5952672958374023,0.5952672958374023,2.494901657104492
fourier_gate_s1p5_p4,1.6660163402557373,0.6034547686576843,0.6034547686576843,2.470127820968628
fourier_gate_s1p5_p4,1.6802786588668823,0.6115846633911133,0.6115846633911133,2.445128917694092
fourier_gate_s1p5_p4,1.6946630477905273,0.6196529269218445,0.6196529269218445,2.4199283123016357
fourier_gate_s1p5_p4,1.7091705799102783,0.6276556849479675,0.6276556849479675,2.3945515155792236
fourier_gate_s1p5_p4,1.7238024473190308,0.635589063167572,0.635589063167572,2.3690223693847656
fourier_gate_s1p5_p4,1.738559365272522,0.6434493660926819,0.6434493660926819,2.3433656692504883
fourier_gate_s1p5_p4,1.7534427642822266,0.6512331366539001,0.6512331366539001,2.317605495452881
fourier_gate_s1p5_p4,1.7684534788131714,0.6589371562004089,0.6589371562004089,2.2917656898498535
fourier_gate_s1p5_p4,1.7835928201675415,0.6665581464767456,0.6665581464767456,2.2658708095550537
fourier_gate_s1p5_p4,1.7988616228103638,0.6740929484367371,0.6740929484367371,2.2399439811706543
fourier_gate_s1p5_p4,1.8142613172531128,0.6815389394760132,0.6815389394760132,2.2140090465545654
fourier_gate_s1p5_p4,1.8297927379608154,0.6888932585716248,0.6888932585716248,2.1880886554718018
fourier_gate_s1p5_p4,1.8454570770263672,0.6961535215377808,0.6961535215377808,2.162205457687378
fourier_gate_s1p5_p4,1.8612555265426636,0.7033172845840454,0.7033172845840454,2.1363816261291504
fourier_gate_s1p5_p4,1.8771892786026,0.7103824019432068,0.7103824019432068,2.1106393337249756
fourier_gate_s1p5_p4,1.8932594060897827,0.7173469066619873,0.7173469066619873,2.0849990844726562
fourier_gate_s1p5_p4,1.909467101097107,0.7242089509963989,0.7242089509963989,2.059481620788574
fourier_gate_s1p5_p4,1.9258135557174683,0.7309668660163879,0.7309668660163879,2.0341074466705322
fourier_gate_s1p5_p4,1.9422999620437622,0.7376192212104797,0.7376192212104797,2.0088953971862793
fourier_gate_s1p5_p4,1.9589273929595947,0.7441645860671997,0.7441645860671997,1.9838650226593018
fourier_gate_s1p5_p4,1.9756972789764404,0.7506018877029419,0.7506018877029419,1.9590333700180054
fourier_gate_s1p5_p4,1.9926106929779053,0.7569302320480347,0.7569302320480347,1.9344186782836914
fourier_gate_s1p5_p4,2.009669065475464,0.7631486654281616,0.7631486654281616,1.9100366830825806
fourier_gate_s1p5_p4,2.0268731117248535,0.7692563533782959,0.7692563533782959,1.8859055042266846
fourier_gate_s1p5_p4,2.044224739074707,0.7752529978752136,0.7752529978752136,1.8620376586914062
fourier_gate_s1p5_p4,2.061724901199341,0.7811381816864014,0.7811381816864014,1.838449478149414
fourier_gate_s1p5_p4,2.0793747901916504,0.7869115471839905,0.7869115471839905,1.8151538372039795
fourier_gate_s1p5_p4,2.0971755981445312,0.7925730347633362,0.7925730347633362,1.7921648025512695
fourier_gate_s1p5_p4,2.115128993988037,0.798122763633728,0.798122763633728,1.769492745399475
fourier_gate_s1p5_p4,2.1332361698150635,0.8035608530044556,0.8035608530044556,1.7471504211425781
fourier_gate_s1p5_p4,2.151498317718506,0.8088874816894531,0.8088874816894531,1.7251479625701904
fourier_gate_s1p5_p4,2.1699166297912598,0.8141030073165894,0.8141030073165894,1.7034958600997925
fourier_gate_s1p5_p4,2.188492774963379,0.8192081451416016,0.8192081451416016,1.6822021007537842
fourier_gate_s1p5_p4,2.207227945327759,0.8242033123970032,0.8242033123970032,1.6612752676010132
fourier_gate_s1p5_p4,2.226123332977295,0.8290892243385315,0.8290892243385315,1.640723705291748
fourier_gate_s1p5_p4,2.245180606842041,0.8338667750358582,0.8338667750358582,1.6205534934997559
fourier_gate_s1p5_p4,2.2644009590148926,0.8385366797447205,0.8385366797447205,1.6007707118988037
fourier_gate_s1p5_p4,2.2837860584259033,0.8431001901626587,0.8431001901626587,1.5813803672790527
fourier_gate_s1p5_p4,2.3033368587493896,0.8475580215454102,0.8475580215454102,1.5623879432678223
fourier_gate_s1p5_p4,2.3230550289154053,0.8519114255905151,0.8519114255905151,1.5437963008880615
fourier_gate_s1p5_p4,2.342942237854004,0.8561617732048035,0.8561617732048035,1.525608777999878
fourier_gate_s1p5_p4,2.362999439239502,0.8603099584579468,0.8603099584579468,1.5078284740447998
fourier_gate_s1p5_p4,2.3832285404205322,0.8643575310707092,0.8643575310707092,1.490456223487854
fourier_gate_s1p5_p4,2.4036307334899902,0.8683057427406311,0.8683057427406311,1.473494052886963
fourier_gate_s1p5_p4,2.4242076873779297,0.8721561431884766,0.8721561431884766,1.4569422006607056
fourier_gate_s1p5_p4,2.444960594177246,0.8759099245071411,0.8759099245071411,1.440800428390503
fourier_gate_s1p5_p4,2.4658913612365723,0.8795687556266785,0.8795687556266785,1.4250682592391968
fourier_gate_s1p5_p4,2.4870011806488037,0.8831340670585632,0.8831340670585632,1.4097446203231812
fourier_gate_s1p5_p4,2.508291721343994,0.8866075277328491,0.8866075277328491,1.3948272466659546
fourier_gate_s1p5_p4,2.529764413833618,0.889990508556366,0.889990508556366,1.3803142309188843
fourier_gate_s1p5_p4,2.5514211654663086,0.893284797668457,0.893284797668457,1.3662028312683105
fourier_gate_s1p5_p4,2.573263168334961,0.8964918851852417,0.8964918851852417,1.352489709854126
fourier_gate_s1p5_p4,2.595292329788208,0.8996133804321289,0.8996133804321289,1.339171051979065
fourier_gate_s1p5_p4,2.6175098419189453,0.9026509523391724,0.9026509523391724,1.326243281364441
fourier_gate_s1p5_p4,2.6399176120758057,0.9056063294410706,0.9056063294410706,1.3137011528015137
fourier_gate_s1p5_p4,2.6625173091888428,0.9084809422492981,0.9084809422492981,1.3015402555465698
fourier_gate_s1p5_p4,2.6853103637695312,0.9112767577171326,0.9112767577171326,1.2897552251815796
fourier_gate_s1p5_p4,2.708298683166504,0.9139952063560486,0.9139952063560486,1.2783408164978027
fourier_gate_s1p5_p4,2.7314836978912354,0.9166378974914551,0.9166378974914551,1.267290472984314
fourier_gate_s1p5_p4,2.7548673152923584,0.9192067384719849,0.9192067384719849,1.256598711013794
fourier_gate_s1p5_p4,2.7784509658813477,0.9217029809951782,0.9217029809951782,1.246259331703186
fourier_gate_s1p5_p4,2.802236557006836,0.9241285920143127,0.9241285920143127,1.2362650632858276
fourier_gate_s1p5_p4,2.826225757598877,0.9264849424362183,0.9264849424362183,1.226609706878662
fourier_gate_s1p5_p4,2.8504204750061035,0.9287739396095276,0.9287739396095276,1.2172858715057373
fourier_gate_s1p5_p4,2.8748221397399902,0.930996835231781,0.930996835231781,1.2082868814468384
fourier_gate_s1p5_p4,2.89943265914917,0.9331552982330322,0.9331552982330322,1.199605107307434
fourier_gate_s1p5_p4,2.9242539405822754,0.9352510571479797,0.9352510571479797,1.191233515739441
fourier_gate_s1p5_p4,2.9492876529693604,0.9372854232788086,0.9372854232788086,1.183164358139038
fourier_gate_s1p5_p4,2.9745359420776367,0.9392601251602173,0.9392601251602173,1.1753904819488525
fourier_gate_s1p5_p4,3.0,0.9411764740943909,0.9411764740943909,1.167904019355774
fourier_gate_s1p5_p4_plateau_lo0p8_hi1,0.10000000149011612,1.9752693333430216e-05,1.9752693333430216e-05,1.0568252801895142
fourier_gate_s1p5_p4_plateau_lo0p8_hi1,0.10085607320070267,2.043781387328636e-05,2.043781387328636e-05,1.057775616645813
fourier_gate_s1p5_p4_plateau_lo0p8_hi1,0.10171947628259659,2.114667950081639e-05,2.114667950081639e-05,1.0587414503097534
fourier_gate_s1p5_p4_plateau_lo0p8_hi1,0.10259027034044266,2.188014696002938e-05,2.188014696002938e-05,1.059722900390625
fourier_gate_s1p5_p4_plateau_lo0p8_hi1,0.10346852242946625,2.2639036615146324e-05,2.2639036615146324e-05,1.0607203245162964
fourier_gate_s1p5_p4_plateau_lo0p8_hi1,0.10435428470373154,2.3424267055816017e-05,2.3424267055816017e-05,1.0617338418960571
fourier_gate_s1p5_p4_plateau_lo0p8_hi1,0.10524763911962509,2.423671139695216e-05,2.423671139695216e-05,1.062764048576355
fourier_gate_s1p5_p4_plateau_lo0p8_hi1,0.1061486303806305,2.5077357349800877e-05,2.5077357349800877e-05,1.0638108253479004
fourier_gate_s1p5_p4_plateau_lo0p8_hi1,0.1070573478937149,2.5947134417947382e-05,2.5947134417947382e-05,1.0648744106292725
fourier_gate_s1p5_p4_plateau_lo0p8_hi1,0.10797383636236191,2.6847104891203344e-05,2.6847104891203344e-05,1.0659552812576294
fourier_gate_s1p5_p4_plateau_lo0p8_hi1,0.10889817029237747,2.7778260118793696e-05,2.7778260118793696e-05,1.0670535564422607
fourier_gate_s1p5_p4_plateau_lo0p8_hi1,0.10983041673898697,2.874173878808506e-05,2.874173878808506e-05,1.0681695938110352
fourier_gate_s1p5_p4_plateau_lo0p8_hi1,0.11077065020799637,2.9738608645857312e-05,2.9738608645857312e-05,1.0693036317825317
fourier_gate_s1p5_p4_plateau_lo0p8_hi1,0.11171893030405045,3.0770079320063815e-05,3.0770079320063815e-05,1.0704559087753296
fourier_gate_s1p5_p4_plateau_lo0p8_hi1,0.11267532408237457,3.18372949550394e-05,3.18372949550394e-05,1.0716267824172974
fourier_gate_s1p5_p4_plateau_lo0p8_hi1,0.11363990604877472,3.29415597661864e-05,3.29415597661864e-05,1.0728163719177246
fourier_gate_s1p5_p4_plateau_lo0p8_hi1,0.11461275070905685,3.408411794225685e-05,3.408411794225685e-05,1.0740249156951904
fourier_gate_s1p5_p4_plateau_lo0p8_hi1,0.11559391766786575,3.52662755176425e-05,3.52662755176425e-05,1.0752531290054321
fourier_gate_s1p5_p4_plateau_lo0p8_hi1,0.11658348888158798,3.648946221801452e-05,3.648946221801452e-05,1.0765008926391602
fourier_gate_s1p5_p4_plateau_lo0p8_hi1,0.11758153140544891,3.775503864744678e-05,3.775503864744678e-05,1.0777685642242432
fourier_gate_s1p5_p4_plateau_lo0p8_hi1,0.11858811229467392,3.906454730895348e-05,3.906454730895348e-05,1.0790566205978394
fourier_gate_s1p5_p4_plateau_lo0p8_hi1,0.11960331350564957,4.041943248012103e-05,4.041943248012103e-05,1.0803653001785278
fourier_gate_s1p5_p4_plateau_lo0p8_hi1,0.12062720954418182,4.1821349441306666e-05,4.1821349441306666e-05,1.0816946029663086
fourier_gate_s1p5_p4_plateau_lo0p8_hi1,0.12165986746549606,4.3271844333503395e-05,4.3271844333503395e-05,1.083045244216919
fourier_gate_s1p5_p4_plateau_lo0p8_hi1,0.12270136922597885,4.477269249036908e-05,4.477269249036908e-05,1.0844172239303589
fourier_gate_s1p5_p4_plateau_lo0p8_hi1,0.12375178188085556,4.6325545554282144e-05,4.6325545554282144e-05,1.0858112573623657
fourier_gate_s1p5_p4_plateau_lo0p8_hi1,0.12481118738651276,4.7932302550179884e-05,4.7932302550179884e-05,1.08722722530365
fourier_gate_s1p5_p4_plateau_lo0p8_hi1,0.1258796602487564,4.959473881172016e-05,4.959473881172016e-05,1.0886657238006592
fourier_gate_s1p5_p4_plateau_lo0p8_hi1,0.12695728242397308,5.1314873417140916e-05,5.1314873417140916e-05,1.0901269912719727
fourier_gate_s1p5_p4_plateau_lo0p8_hi1,0.12804412841796875,5.309461630531587e-05,5.309461630531587e-05,1.0916112661361694
fourier_gate_s1p5_p4_plateau_lo0p8_hi1,0.12914028763771057,5.493613934959285e-05,5.493613934959285e-05,1.0931190252304077
fourier_gate_s1p5_p4_plateau_lo0p8_hi1,0.13024581968784332,5.6841468904167414e-05,5.6841468904167414e-05,1.0946506261825562
fourier_gate_s1p5_p4_plateau_lo0p8_hi1,0.13136082887649536,5.881294055143371e-05,5.881294055143371e-05,1.0962063074111938
fourier_gate_s1p5_p4_plateau_lo0p8_hi1,0.13248537480831146,6.085278437240049e-05,6.085278437240049e-05,1.0977863073349
fourier_gate_s1p5_p4_plateau_lo0p8_hi1,0.1336195468902588,6.296330684563145e-05,6.296330684563145e-05,1.0993913412094116
fourier_gate_s1p5_p4_plateau_lo0p8_hi1,0.1347634196281433,6.51470254524611e-05,6.51470254524611e-05,1.1010212898254395
fourier_gate_s1p5_p4_plateau_lo0p8_hi1,0.13591709733009338,6.74065449857153e-05,6.74065449857153e-05,1.1026771068572998
fourier_gate_s1p5_p4_plateau_lo0p8_hi1,0.13708065450191498,6.974441930651665e-05,6.974441930651665e-05,1.1043586730957031
fourier_gate_s1p5_p4_plateau_lo0p8_hi1,0.13825416564941406,7.216331141535193e-05,7.216331141535193e-05,1.1060664653778076
fourier_gate_s1p5_p4_plateau_lo0p8_hi1,0.1394377201795578,7.466615352313966e-05,7.466615352313966e-05,1.1078009605407715
fourier_gate_s1p5_p4_plateau_lo0p8_hi1,0.14063140749931335,7.725572504568845e-05,7.725572504568845e-05,1.1095623970031738
fourier_gate_s1p5_p4_plateau_lo0p8_hi1,0.1418353170156479,7.993517647264525e-05,7.993517647264525e-05,1.1113512516021729
fourier_gate_s1p5_p4_plateau_lo0p8_hi1,0.14304953813552856,8.270747639471665e-05,8.270747639471665e-05,1.1131680011749268
fourier_gate_s1p5_p4_plateau_lo0p8_hi1,0.14427414536476135,8.557599358027801e-05,8.557599358027801e-05,1.115012764930725
fourier_gate_s1p5_p4_plateau_lo0p8_hi1,0.1455092430114746,8.854398765834048e-05,8.854398765834048e-05,1.1168862581253052
fourier_gate_s1p5_p4_plateau_lo0p8_hi1,0.1467549055814743,9.161482739727944e-05,9.161482739727944e-05,1.118788480758667
fourier_gate_s1p5_p4_plateau_lo0p8_hi1,0.1480112373828888,9.479215077590197e-05,9.479215077590197e-05,1.1207202672958374
fourier_gate_s1p5_p4_plateau_lo0p8_hi1,0.14927831292152405,9.80797631200403e-05,9.80797631200403e-05,1.122681736946106
fourier_gate_s1p5_p4_plateau_lo0p8_hi1,0.15055625140666962,0.00010148128058062866,0.00010148128058062866,1.1246734857559204
fourier_gate_s1p5_p4_plateau_lo0p8_hi1,0.15184512734413147,0.00010500085772946477,0.00010500085772946477,1.1266956329345703
fourier_gate_s1p5_p4_plateau_lo0p8_hi1,0.15314503014087677,0.0001086423872038722,0.0001086423872038722,1.128748893737793
fourier_gate_s1p5_p4_plateau_lo0p8_hi1,0.15445606410503387,0.00011241029278608039,0.00011241029278608039,1.1308335065841675
fourier_gate_s1p5_p4_plateau_lo0p8_hi1,0.15577831864356995,0.00011630874359980226,0.00011630874359980226,1.1329500675201416
fourier_gate_s1p5_p4_plateau_lo0p8_hi1,0.15711189806461334,0.0001203425126732327,0.0001203425126732327,1.135098934173584
fourier_gate_s1p5_p4_plateau_lo0p8_hi1,0.15845689177513123,0.0001245160383405164,0.0001245160383405164,1.1372804641723633
fourier_gate_s1p5_p4_plateau_lo0p8_hi1,0.15981340408325195,0.0001288343919441104,0.0001288343919441104,1.1394952535629272
fourier_gate_s1p5_p4_plateau_lo0p8_hi1,0.1611815243959427,0.00013330251385923475,0.00013330251385923475,1.1417436599731445
fourier_gate_s1p5_p4_plateau_lo0p8_hi1,0.1625613570213318,0.00013792542449664325,0.00013792542449664325,1.1440261602401733
fourier_gate_s1p5_p4_plateau_lo0p8_hi1,0.1639530062675476,0.0001427087845513597,0.0001427087845513597,1.1463429927825928
fourier_gate_s1p5_p4_plateau_lo0p8_hi1,0.1653565615415573,0.00014765786181669682,0.00014765786181669682,1.1486949920654297
fourier_gate_s1p5_p4_plateau_lo0p8_hi1,0.16677214205265045,0.00015277868078555912,0.00015277868078555912,1.1510823965072632
fourier_gate_s1p5_p4_plateau_lo0p8_hi1,0.1681998372077942,0.00015807691670488566,0.00015807691670488566,1.1535056829452515
fourier_gate_s1p5_p4_plateau_lo0p8_hi1,0.16963975131511688,0.00016355901607312262,0.00016355901607312262,1.1559652090072632
fourier_gate_s1p5_p4_plateau_lo0p8_hi1,0.1710919886827469,0.00016923104703892022,0.00016923104703892022,1.1584616899490356
fourier_gate_s1p5_p4_plateau_lo0p8_hi1,0.17255665361881256,0.00017509992176201195,0.00017509992176201195,1.160995602607727
fourier_gate_s1p5_p4_plateau_lo0p8_hi1,0.17403388023376465,0.0001811721158446744,0.0001811721158446744,1.163567304611206
fourier_gate_s1p5_p4_plateau_lo0p8_hi1,0.17552372813224792,0.0001874550071079284,0.0001874550071079284,1.1661771535873413
fourier_gate_s1p5_p4_plateau_lo0p8_hi1,0.17702634632587433,0.00019395555136725307,0.00019395555136725307,1.1688261032104492
fourier_gate_s1p5_p4_plateau_lo0p8_hi1,0.17854182422161102,0.0002006816939683631,0.0002006816939683631,1.1715140342712402
fourier_gate_s1p5_p4_plateau_lo0p8_hi1,0.18007026612758636,0.0002076408127322793,0.0002076408127322793,1.1742417812347412
fourier_gate_s1p5_p4_plateau_lo0p8_hi1,0.1816118061542511,0.00021484143508132547,0.00021484143508132547,1.1770098209381104
fourier_gate_s1p5_p4_plateau_lo0p8_hi1,0.1831665337085724,0.00022229147725738585,0.00022229147725738585,1.179818868637085
fourier_gate_s1p5_p4_plateau_lo0p8_hi1,0.18473458290100098,0.00023000001965556294,0.00023000001965556294,1.1826691627502441
fourier_gate_s1p5_p4_plateau_lo0p8_hi1,0.18631604313850403,0.00023797560425009578,0.00023797560425009578,1.185561180114746
fourier_gate_s1p5_p4_plateau_lo0p8_hi1,0.1879110485315323,0.0002462279226165265,0.0002462279226165265,1.1884957551956177
fourier_gate_s1p5_p4_plateau_lo0p8_hi1,0.1895197033882141,0.00025476631708443165,0.00025476631708443165,1.1914730072021484
fourier_gate_s1p5_p4_plateau_lo0p8_hi1,0.19114212691783905,0.00026360046467743814,0.00026360046467743814,1.1944938898086548
fourier_gate_s1p5_p4_plateau_lo0p8_hi1,0.19277845323085785,0.00027274113381281495,0.00027274113381281495,1.1975586414337158
fourier_gate_s1p5_p4_plateau_lo0p8_hi1,0.19442877173423767,0.00028219842351973057,0.00028219842351973057,1.2006677389144897
fourier_gate_s1p5_p4_plateau_lo0p8_hi1,0.19609323143959045,0.00029198380070738494,0.00029198380070738494,1.203822135925293
fourier_gate_s1p5_p4_plateau_lo0p8_hi1,0.19777193665504456,0.000302108092000708,0.000302108092000708,1.2070221900939941
fourier_gate_s1p5_p4_plateau_lo0p8_hi1,0.19946500658988953,0.00031258363742381334,0.00031258363742381334,1.210268259048462
fourier_gate_s1p5_p4_plateau_lo0p8_hi1,0.2011725753545761,0.00032342199119739234,0.00032342199119739234,1.213560938835144
fourier_gate_s1p5_p4_plateau_lo0p8_hi1,0.20289476215839386,0.0003346363373566419,0.0003346363373566419,1.2169009447097778
fourier_gate_s1p5_p4_plateau_lo0p8_hi1,0.20463168621063232,0.00034623907413333654,0.00034623907413333654,1.2202887535095215
fourier_gate_s1p5_p4_plateau_lo0p8_hi1,0.20638348162174225,0.0003582441422622651,0.0003582441422622651,1.2237248420715332
fourier_gate_s1p5_p4_plateau_lo0p8_hi1,0.20815028250217438,0.0003706652787514031,0.0003706652787514031,1.2272099256515503
fourier_gate_s1p5_p4_plateau_lo0p8_hi1,0.20993220806121826,0.00038351694820448756,0.00038351694820448756,1.23074471950531
fourier_gate_s1p5_p4_plateau_lo0p8_hi1,0.21172937750816345,0.0003968140226788819,0.0003968140226788819,1.2343294620513916
fourier_gate_s1p5_p4_plateau_lo0p8_hi1,0.2135419398546219,0.0004105719563085586,0.0004105719563085586,1.2379649877548218
fourier_gate_s1p5_p4_plateau_lo0p8_hi1,0.21537001430988312,0.00042480663978494704,0.00042480663978494704,1.2416517734527588
fourier_gate_s1p5_p4_plateau_lo0p8_hi1,0.21721374988555908,0.0004395348660182208,0.0004395348660182208,1.2453901767730713
fourier_gate_s1p5_p4_plateau_lo0p8_hi1,0.21907325088977814,0.0004547730495687574,0.0004547730495687574,1.2491813898086548
fourier_gate_s1p5_p4_plateau_lo0p8_hi1,0.22094868123531342,0.0004705397295765579,0.0004705397295765579,1.2530256509780884
fourier_gate_s1p5_p4_plateau_lo0p8_hi1,0.22284016013145447,0.0004868523101322353,0.0004868523101322353,1.2569234371185303
fourier_gate_s1p5_p4_plateau_lo0p8_hi1,0.22474783658981323,0.000503730378113687,0.000503730378113687,1.2608754634857178
fourier_gate_s1p5_p4_plateau_lo0p8_hi1,0.22667184472084045,0.0005211932002566755,0.0005211932002566755,1.2648825645446777
fourier_gate_s1p5_p4_plateau_lo0p8_hi1,0.22861233353614807,0.000539261382073164,0.000539261382073164,1.2689449787139893
fourier_gate_s1p5_p4_plateau_lo0p8_hi1,0.23056942224502563,0.0005579553544521332,0.0005579553544521332,1.2730635404586792
fourier_gate_s1p5_p4_plateau_lo0p8_hi1,0.23254325985908508,0.0005772969452664256,0.0005772969452664256,1.2772387266159058
fourier_gate_s1p5_p4_plateau_lo0p8_hi1,0.23453401029109955,0.0005973086226731539,0.0005973086226731539,1.2814712524414062
fourier_gate_s1p5_p4_plateau_lo0p8_hi1,0.23654179275035858,0.0006180136115290225,0.0006180136115290225,1.2857619524002075
fourier_gate_s1p5_p4_plateau_lo0p8_hi1,0.23856677114963531,0.0006394357769750059,0.0006394357769750059,1.2901111841201782
fourier_gate_s1p5_p4_plateau_lo0p8_hi1,0.2406090646982193,0.0006615999736823142,0.0006615999736823142,1.294519305229187
fourier_gate_s1p5_p4_plateau_lo0p8_hi1,0.24266886711120605,0.000684531987644732,0.000684531987644732,1.2989877462387085
fourier_gate_s1p5_p4_plateau_lo0p8_hi1,0.24474628269672394,0.000708258303347975,0.000708258303347975,1.303516149520874
fourier_gate_s1p5_p4_plateau_lo0p8_hi1,0.24684149026870728,0.0007328063948079944,0.0007328063948079944,1.3081061840057373
fourier_gate_s1p5_p4_plateau_lo0p8_hi1,0.248954638838768,0.000758204550947994,0.000758204550947994,1.3127577304840088
fourier_gate_s1p5_p4_plateau_lo0p8_hi1,0.25108587741851807,0.0007844823994673789,0.0007844823994673789,1.3174716234207153
fourier_gate_s1p5_p4_plateau_lo0p8_hi1,0.2532353699207306,0.0008116706158034503,0.0008116706158034503,1.3222488164901733
fourier_gate_s1p5_p4_plateau_lo0p8_hi1,0.2554032504558563,0.0008397999336011708,0.0008397999336011708,1.327089548110962
fourier_gate_s1p5_p4_plateau_lo0p8_hi1,0.2575896680355072,0.0008689028327353299,0.0008689028327353299,1.331994652748108
fourier_gate_s1p5_p4_plateau_lo0p8_hi1,0.25979483127593994,0.0008990137139335275,0.0008990137139335275,1.336964726448059
fourier_gate_s1p5_p4_plateau_lo0p8_hi1,0.2620188891887665,0.0009301676182076335,0.0009301676182076335,1.3420004844665527
fourier_gate_s1p5_p4_plateau_lo0p8_hi1,0.26426196098327637,0.0009623995865695179,0.0009623995865695179,1.3471022844314575
fourier_gate_s1p5_p4_plateau_lo0p8_hi1,0.26652422547340393,0.0009957468137145042,0.0009957468137145042,1.3522714376449585
fourier_gate_s1p5_p4_plateau_lo0p8_hi1,0.2688058614730835,0.0010302489390596747,0.0010302489390596747,1.3575079441070557
fourier_gate_s1p5_p4_plateau_lo0p8_hi1,0.2711070477962494,0.001065945252776146,0.001065945252776146,1.3628127574920654
fourier_gate_s1p5_p4_plateau_lo0p8_hi1,0.27342793345451355,0.0011028774315491319,0.0011028774315491319,1.368186593055725
fourier_gate_s1p5_p4_plateau_lo0p8_hi1,0.2757686674594879,0.0011410872684791684,0.0011410872684791684,1.3736300468444824
fourier_gate_s1p5_p4_plateau_lo0p8_hi1,0.2781294584274292,0.0011806193506345153,0.0011806193506345153,1.3791438341140747
fourier_gate_s1p5_p4_plateau_lo0p8_hi1,0.28051045536994934,0.0012215194292366505,0.0012215194292366505,1.3847284317016602
fourier_gate_s1p5_p4_plateau_lo0p8_hi1,0.28291183710098267,0.0012638344196602702,0.0012638344196602702,1.390384554862976
fourier_gate_s1p5_p4_plateau_lo0p8_hi1,0.2853337526321411,0.0013076133327558637,0.0013076133327558637,1.3961131572723389
fourier_gate_s1p5_p4_plateau_lo0p8_hi1,0.2877764403820038,0.0013529068091884255,0.0013529068091884255,1.4019145965576172
fourier_gate_s1p5_p4_plateau_lo0p8_hi1,0.29024001955986023,0.0013997668866068125,0.0013997668866068125,1.4077893495559692
fourier_gate_s1p5_p4_plateau_lo0p8_hi1,0.2927246689796448,0.001448247698135674,0.001448247698135674,1.41373872756958
fourier_gate_s1p5_p4_plateau_lo0p8_hi1,0.2952306270599365,0.0014984052395448089,0.0014984052395448089,1.4197630882263184
fourier_gate_s1p5_p4_plateau_lo0p8_hi1,0.297758013010025,0.0015502971364185214,0.0015502971364185214,1.4258627891540527
fourier_gate_s1p5_p4_plateau_lo0p8_hi1,0.300307035446167,0.0016039832262322307,0.0016039832262322307,1.4320389032363892
fourier_gate_s1p5_p4_plateau_lo0p8_hi1,0.30287790298461914,0.001659525209106505,0.001659525209106505,1.4382919073104858
fourier_gate_s1p5_p4_plateau_lo0p8_hi1,0.305470734834671,0.0017169872298836708,0.0017169872298836708,1.4446223974227905
fourier_gate_s1p5_p4_plateau_lo0p8_hi1,0.3080857992172241,0.001776435412466526,0.001776435412466526,1.4510313272476196
fourier_gate_s1p5_p4_plateau_lo0p8_hi1,0.3107232451438904,0.001837938092648983,0.001837938092648983,1.4575191736221313
fourier_gate_s1p5_p4_plateau_lo0p8_hi1,0.3133832812309265,0.0019015669822692871,0.0019015669822692871,1.464086651802063
fourier_gate_s1p5_p4_plateau_lo0p8_hi1,0.31606605648994446,0.0019673926290124655,0.0019673926290124655,1.4707342386245728
fourier_gate_s1p5_p4_plateau_lo0p8_hi1,0.3187718093395233,0.002035493031144142,0.002035493031144142,1.4774627685546875
fourier_gate_s1p5_p4_plateau_lo0p8_hi1,0.3215007483959198,0.0021059466525912285,0.0021059466525912285,1.4842729568481445
fourier_gate_s1p5_p4_plateau_lo0p8_hi1,0.32425302267074585,0.002178831724449992,0.002178831724449992,1.4911651611328125
fourier_gate_s1p5_p4_plateau_lo0p8_hi1,0.32702887058258057,0.0022542355582118034,0.0022542355582118034,1.4981403350830078
fourier_gate_s1p5_p4_plateau_lo0p8_hi1,0.3298284709453583,0.0023322405759245157,0.0023322405759245157,1.5051989555358887
fourier_gate_s1p5_p4_plateau_lo0p8_hi1,0.3326520621776581,0.0024129406083375216,0.0024129406083375216,1.5123419761657715
fourier_gate_s1p5_p4_plateau_lo0p8_hi1,0.3354997932910919,0.0024964238982647657,0.0024964238982647657,1.5195696353912354
fourier_gate_s1p5_p4_plateau_lo0p8_hi1,0.3383719325065613,0.002582790330052376,0.002582790330052376,1.5268826484680176
fourier_gate_s1p5_p4_plateau_lo0p8_hi1,0.3412686288356781,0.002672133967280388,0.002672133967280388,1.5342817306518555
fourier_gate_s1p5_p4_plateau_lo0p8_hi1,0.34419015049934387,0.0027645626105368137,0.0027645626105368137,1.5417675971984863
fourier_gate_s1p5_p4_plateau_lo0p8_hi1,0.3471366763114929,0.002860177541151643,0.002860177541151643,1.5493407249450684
fourier_gate_s1p5_p4_plateau_lo0p8_hi1,0.35010841488838196,0.002959089819341898,0.002959089819341898,1.5570018291473389
fourier_gate_s1p5_p4_plateau_lo0p8_hi1,0.3531056046485901,0.0030614121351391077,0.0030614121351391077,1.564751386642456
fourier_gate_s1p5_p4_plateau_lo0p8_hi1,0.356128454208374,0.00316726160235703,0.00316726160235703,1.5725902318954468
fourier_gate_s1p5_p4_plateau_lo0p8_hi1,0.3591771721839905,0.00327675836160779,0.00327675836160779,1.5805187225341797
fourier_gate_s1p5_p4_plateau_lo0p8_hi1,0.36225199699401855,0.0033900283742696047,0.0033900283742696047,1.588537573814392
fourier_gate_s1p5_p4_plateau_lo0p8_hi1,0.36535313725471497,0.00350719946436584,0.00350719946436584,1.5966471433639526
fourier_gate_s1p5_p4_plateau_lo0p8_hi1,0.3684808313846588,0.003628405975177884,0.003628405975177884,1.6048485040664673
fourier_gate_s1p5_p4_plateau_lo0p8_hi1,0.3716353178024292,0.0037537869065999985,0.0037537869065999985,1.6131415367126465
fourier_gate_s1p5_p4_plateau_lo0p8_hi1,0.37481677532196045,0.00388348032720387,0.00388348032720387,1.6215276718139648
fourier_gate_s1p5_p4_plateau_lo0p8_hi1,0.37802550196647644,0.004017640370875597,0.004017640370875597,1.630007028579712
fourier_gate_s1p5_p4_plateau_lo0p8_hi1,0.3812616765499115,0.004156413488090038,0.004156413488090038,1.6385796070098877
fourier_gate_s1p5_p4_plateau_lo0p8_hi1,0.3845255374908447,0.004299957305192947,0.004299957305192947,1.6472464799880981
fourier_gate_s1p5_p4_plateau_lo0p8_hi1,0.3878173828125,0.004448441322892904,0.004448441322892904,1.656008005142212
fourier_gate_s1p5_p4_plateau_lo0p8_hi1,0.39113736152648926,0.004602023400366306,0.004602023400366306,1.6648650169372559
fourier_gate_s1p5_p4_plateau_lo0p8_hi1,0.39448580145835876,0.004760887939482927,0.004760887939482927,1.6738176345825195
fourier_gate_s1p5_p4_plateau_lo0p8_hi1,0.39786288142204285,0.004925206769257784,0.004925206769257784,1.6828665733337402
fourier_gate_s1p5_p4_plateau_lo0p8_hi1,0.4012688994407654,0.005095168016850948,0.005095168016850948,1.6920121908187866
fourier_gate_s1p5_p4_plateau_lo0p8_hi1,0.4047040641307831,0.005270963069051504,0.005270963069051504,1.7012548446655273
fourier_gate_s1p5_p4_plateau_lo0p8_hi1,0.40816861391067505,0.005452790763229132,0.005452790763229132,1.7105947732925415
fourier_gate_s1p5_p4_plateau_lo0p8_hi1,0.41166284680366516,0.0056408545933663845,0.0056408545933663845,1.720033049583435
fourier_gate_s1p5_p4_plateau_lo0p8_hi1,0.41518697142601013,0.005835366901010275,0.005835366901010275,1.7295693159103394
fourier_gate_s1p5_p4_plateau_lo0p8_hi1,0.41874128580093384,0.006036545615643263,0.006036545615643263,1.7392042875289917
fourier_gate_s1p5_p4_plateau_lo0p8_hi1,0.4223260283470154,0.00624461704865098,0.00624461704865098,1.7489384412765503
fourier_gate_s1p5_p4_plateau_lo0p8_hi1,0.42594143748283386,0.0064598130993545055,0.0064598130993545055,1.7587721347808838
fourier_gate_s1p5_p4_plateau_lo0p8_hi1,0.42958781123161316,0.0066823759116232395,0.0066823759116232395,1.7687056064605713
fourier_gate_s1p5_p4_plateau_lo0p8_hi1,0.43326541781425476,0.006912552751600742,0.006912552751600742,1.7787389755249023
fourier_gate_s1p5_p4_plateau_lo0p8_hi1,0.4369744658470154,0.0071506015956401825,0.0071506015956401825,1.7888723611831665
fourier_gate_s1p5_p4_plateau_lo0p8_hi1,0.44071531295776367,0.007396790664643049,0.007396790664643049,1.7991067171096802
fourier_gate_s1p5_p4_plateau_lo0p8_hi1,0.44448816776275635,0.007651386316865683,0.007651386316865683,1.8094416856765747
fourier_gate_s1p5_p4_plateau_lo0p8_hi1,0.4482932984828949,0.007914671674370766,0.007914671674370766,1.81987726688385
fourier_gate_s1p5_p4_plateau_lo0p8_hi1,0.4521310329437256,0.008186949416995049,0.008186949416995049,1.8304145336151123
fourier_gate_s1p5_p4_plateau_lo0p8_hi1,0.4560016095638275,0.008468510583043098,0.008468510583043098,1.8410524129867554
fourier_gate_s1p5_p4_plateau_lo0p8_hi1,0.4599052965641022,0.008759665302932262,0.008759665302932262,1.8517919778823853
fourier_gate_s1p5_p4_plateau_lo0p8_hi1,0.4638424515724182,0.009060746990144253,0.009060746990144253,1.8626328706741333
fourier_gate_s1p5_p4_plateau_lo0p8_hi1,0.46781328320503235,0.009372075088322163,0.009372075088322163,1.8735753297805786
fourier_gate_s1p5_p4_plateau_lo0p8_hi1,0.47181808948516846,0.009693996049463749,0.009693996049463749,1.884618878364563
fourier_gate_s1p5_p4_plateau_lo0p8_hi1,0.4758571982383728,0.010026862844824791,0.010026862844824791,1.8957639932632446
fourier_gate_s1p5_p4_plateau_lo0p8_hi1,0.47993090748786926,0.010371038690209389,0.010371038690209389,1.9070104360580444
fourier_gate_s1p5_p4_plateau_lo0p8_hi1,0.48403945565223694,0.010726901702582836,0.010726901702582836,1.9183580875396729
fourier_gate_s1p5_p4_plateau_lo0p8_hi1,0.4881832003593445,0.011094838380813599,0.011094838380813599,1.9298067092895508
fourier_gate_s1p5_p4_plateau_lo0p8_hi1,0.4923624098300934,0.011475247330963612,0.011475247330963612,1.9413559436798096
fourier_gate_s1p5_p4_plateau_lo0p8_hi1,0.4965773820877075,0.011868544854223728,0.011868544854223728,1.9530060291290283
fourier_gate_s1p5_p4_plateau_lo0p8_hi1,0.5008284449577332,0.012275154702365398,0.012275154702365398,1.9647561311721802
fourier_gate_s1p5_p4_plateau_lo0p8_hi1,0.5051159262657166,0.012695514596998692,0.012695514596998692,1.9766063690185547
fourier_gate_s1p5_p4_plateau_lo0p8_hi1,0.5094400644302368,0.01313007902354002,0.01313007902354002,1.9885557889938354
fourier_gate_s1p5_p4_plateau_lo0p8_hi1,0.5138012766838074,0.013579313643276691,0.013579313643276691,2.0006046295166016
fourier_gate_s1p5_p4_plateau_lo0p8_hi1,0.5181998014450073,0.014043699949979782,0.014043699949979782,2.012751817703247
fourier_gate_s1p5_p4_plateau_lo0p8_hi1,0.5226359963417053,0.01452373992651701,0.01452373992651701,2.0249969959259033
fourier_gate_s1p5_p4_plateau_lo0p8_hi1,0.5271100997924805,0.015019924379885197,0.015019924379885197,2.037339210510254
fourier_gate_s1p5_p4_plateau_lo0p8_hi1,0.531622588634491,0.015532810240983963,0.015532810240983963,2.049778461456299
fourier_gate_s1p5_p4_plateau_lo0p8_hi1,0.5361736416816711,0.01606290601193905,0.01606290601193905,2.0623130798339844
fourier_gate_s1p5_p4_plateau_lo0p8_hi1,0.5407636761665344,0.016610795632004738,0.016610795632004738,2.0749428272247314
fourier_gate_s1p5_p4_plateau_lo0p8_hi1,0.5453930497169495,0.017177054658532143,0.017177054658532143,2.0876667499542236
fourier_gate_s1p5_p4_plateau_lo0p8_hi1,0.5500620603561401,0.017762262374162674,0.017762262374162674,2.1004838943481445
fourier_gate_s1p5_p4_plateau_lo0p8_hi1,0.5547710061073303,0.018367040902376175,0.018367040902376175,2.1133928298950195
fourier_gate_s1p5_p4_plateau_lo0p8_hi1,0.5595202445983887,0.018991997465491295,0.018991997465491295,2.1263926029205322
fourier_gate_s1p5_p4_plateau_lo0p8_hi1,0.5643101334571838,0.019637802615761757,0.019637802615761757,2.139482021331787
fourier_gate_s1p5_p4_plateau_lo0p8_hi1,0.5691410303115845,0.02030511200428009,0.02030511200428009,2.1526594161987305
fourier_gate_s1p5_p4_plateau_lo0p8_hi1,0.5740132927894592,0.020994611084461212,0.020994611084461212,2.165924072265625
fourier_gate_s1p5_p4_plateau_lo0p8_hi1,0.5789272785186768,0.02170700579881668,0.02170700579881668,2.1792736053466797
fourier_gate_s1p5_p4_plateau_lo0p8_hi1,0.5838833451271057,0.022443030029535294,0.022443030029535294,2.192707061767578
fourier_gate_s1p5_p4_plateau_lo0p8_hi1,0.58888179063797,0.023203397169709206,0.023203397169709206,2.2062222957611084
fourier_gate_s1p5_p4_plateau_lo0p8_hi1,0.5939230918884277,0.023988915607333183,0.023988915607333183,2.219818353652954
fourier_gate_s1p5_p4_plateau_lo0p8_hi1,0.5990074872970581,0.02480032667517662,0.02480032667517662,2.233491897583008
fourier_gate_s1p5_p4_plateau_lo0p8_hi1,0.6041354537010193,0.025638490915298462,0.025638490915298462,2.2472422122955322
fourier_gate_s1p5_p4_plateau_lo0p8_hi1,0.6093072891235352,0.026504194363951683,0.026504194363951683,2.261066198348999
fourier_gate_s1p5_p4_plateau_lo0p8_hi1,0.6145234107971191,0.027398310601711273,0.027398310601711273,2.2749619483947754
fourier_gate_s1p5_p4_plateau_lo0p8_hi1,0.6197841763496399,0.028321711346507072,0.028321711346507072,2.2889270782470703
fourier_gate_s1p5_p4_plateau_lo0p8_hi1,0.6250900030136108,0.02927529625594616,0.02927529625594616,2.3029587268829346
fourier_gate_s1p5_p4_plateau_lo0p8_hi1,0.6304412484169006,0.030259987339377403,0.030259987339377403,2.3170547485351562
fourier_gate_s1p5_p4_plateau_lo0p8_hi1,0.6358382701873779,0.03127673268318176,0.03127673268318176,2.331212043762207
fourier_gate_s1p5_p4_plateau_lo0p8_hi1,0.6412815451622009,0.032326504588127136,0.032326504588127136,2.3454270362854004
fourier_gate_s1p5_p4_plateau_lo0p8_hi1,0.6467713713645935,0.033410292118787766,0.033410292118787766,2.3596975803375244
fourier_gate_s1p5_p4_plateau_lo0p8_hi1,0.6523082256317139,0.03452911972999573,0.03452911972999573,2.3740200996398926
fourier_gate_s1p5_p4_plateau_lo0p8_hi1,0.6578924655914307,0.03568403795361519,0.03568403795361519,2.3883907794952393
fourier_gate_s1p5_p4_plateau_lo0p8_hi1,0.6635245084762573,0.03687610477209091,0.03687610477209091,2.402806043624878
fourier_gate_s1p5_p4_plateau_lo0p8_hi1,0.6692047715187073,0.038106419146060944,0.038106419146060944,2.4172627925872803
fourier_gate_s1p5_p4_plateau_lo0p8_hi1,0.6749336123466492,0.039376091212034225,0.039376091212034225,2.4317562580108643
fourier_gate_s1p5_p4_plateau_lo0p8_hi1,0.680711567401886,0.040686290711164474,0.040686290711164474,2.4462826251983643
fourier_gate_s1p5_p4_plateau_lo0p8_hi1,0.6865389347076416,0.04203817620873451,0.04203817620873451,2.4608380794525146
fourier_gate_s1p5_p4_plateau_lo0p8_hi1,0.692416250705719,0.04343295842409134,0.04343295842409134,2.4754176139831543
fourier_gate_s1p5_p4_plateau_lo0p8_hi1,0.698343813419342,0.04487182945013046,0.04487182945013046,2.490016460418701
fourier_gate_s1p5_p4_plateau_lo0p8_hi1,0.7043221592903137,0.046356067061424255,0.046356067061424255,2.5046300888061523
fourier_gate_s1p5_p4_plateau_lo0p8_hi1,0.7103517055511475,0.047886960208415985,0.047886960208415985,2.5192527770996094
fourier_gate_s1p5_p4_plateau_lo0p8_hi1,0.7164328098297119,0.04946574196219444,0.04946574196219444,2.5338797569274902
fourier_gate_s1p5_p4_plateau_lo0p8_hi1,0.7225660085678101,0.05109382048249245,0.05109382048249245,2.5485053062438965
fourier_gate_s1p5_p4_plateau_lo0p8_hi1,0.7287517189979553,0.052772507071495056,0.052772507071495056,2.563124179840088
fourier_gate_s1p5_p4_plateau_lo0p8_hi1,0.7349903583526611,0.05450315773487091,0.05450315773487091,2.5777294635772705
fourier_gate_s1p5_p4_plateau_lo0p8_hi1,0.7412824630737305,0.05628721043467522,0.05628721043467522,2.592315673828125
fourier_gate_s1p5_p4_plateau_lo0p8_hi1,0.747628390789032,0.0581260621547699,0.0581260621547699,2.6068761348724365
fourier_gate_s1p5_p4_plateau_lo0p8_hi1,0.7540286183357239,0.06002116575837135,0.06002116575837135,2.6214046478271484
fourier_gate_s1p5_p4_plateau_lo0p8_hi1,0.7604836821556091,0.06197398155927658,0.06197398155927658,2.6358935832977295
fourier_gate_s1p5_p4_plateau_lo0p8_hi1,0.7669939398765564,0.06398602575063705,0.06398602575063705,2.6503357887268066
fourier_gate_s1p5_p4_plateau_lo0p8_hi1,0.7735599875450134,0.06605877727270126,0.06605877727270126,2.664724588394165
fourier_gate_s1p5_p4_plateau_lo0p8_hi1,0.7801822423934937,0.06819378584623337,0.06819378584623337,2.679051637649536
fourier_gate_s1p5_p4_plateau_lo0p8_hi1,0.7868611812591553,0.07039260119199753,0.07039260119199753,2.6933090686798096
fourier_gate_s1p5_p4_plateau_lo0p8_hi1,0.7935972809791565,0.0726567804813385,0.0726567804813385,2.707489252090454
fourier_gate_s1p5_p4_plateau_lo0p8_hi1,0.8003910779953003,0.07500120997428894,0.07500120997428894,2.7215495109558105
fourier_gate_s1p5_p4_plateau_lo0p8_hi1,0.8072429895401001,0.08178155869245529,0.08178155869245529,2.724299192428589
fourier_gate_s1p5_p4_plateau_lo0p8_hi1,0.8141536116600037,0.09601449966430664,0.09601449966430664,2.7076356410980225
fourier_gate_s1p5_p4_plateau_lo0p8_hi1,0.8211233615875244,0.11702531576156616,0.11702531576156616,2.6728758811950684
fourier_gate_s1p5_p4_plateau_lo0p8_hi1,0.8281527757644653,0.14414289593696594,0.14414289593696594,2.6214346885681152
fourier_gate_s1p5_p4_plateau_lo0p8_hi1,0.8352423906326294,0.17669987678527832,0.17669987678527832,2.5548205375671387
fourier_gate_s1p5_p4_plateau_lo0p8_hi1,0.8423926830291748,0.21403302252292633,0.21403302252292633,2.4746367931365967
fourier_gate_s1p5_p4_plateau_lo0p8_hi1,0.8496041893959045,0.2554836869239807,0.2554836869239807,2.382580041885376
fourier_gate_s1p5_p4_plateau_lo0p8_hi1,0.8568774461746216,0.30039849877357483,0.30039849877357483,2.280449151992798
fourier_gate_s1p5_p4_plateau_lo0p8_hi1,0.8642129302024841,0.34812894463539124,0.34812894463539124,2.1701502799987793
fourier_gate_s1p5_p4_plateau_lo0p8_hi1,0.8716112375259399,0.3980332911014557,0.3980332911014557,2.0537068843841553
fourier_gate_s1p5_p4_plateau_lo0p8_hi1,0.8790728449821472,0.44947561621665955,0.44947561621665955,1.9332703351974487
fourier_gate_s1p5_p4_plateau_lo0p8_hi1,0.8865984082221985,0.5018280744552612,0.5018280744552612,1.811126470565796
fourier_gate_s1p5_p4_plateau_lo0p8_hi1,0.8941883444786072,0.5544685125350952,0.5544685125350952,1.689709186553955
fourier_gate_s1p5_p4_plateau_lo0p8_hi1,0.901843249797821,0.6067842841148376,0.6067842841148376,1.57158362865448
fourier_gate_s1p5_p4_plateau_lo0p8_hi1,0.9095636606216431,0.6581709384918213,0.6581709384918213,1.4594182968139648
fourier_gate_s1p5_p4_plateau_lo0p8_hi1,0.9173502326011658,0.7080340385437012,0.7080340385437012,1.3559045791625977
fourier_gate_s1p5_p4_plateau_lo0p8_hi1,0.9252034425735474,0.7557882070541382,0.7557882070541382,1.2636104822158813
fourier_gate_s1p5_p4_plateau_lo0p8_hi1,0.9331238269805908,0.8008586168289185,0.8008586168289185,1.184739112854004
fourier_gate_s1p5_p4_plateau_lo0p8_hi1,0.9411121010780334,0.8426828384399414,0.8426828384399414,1.1208065748214722
fourier_gate_s1p5_p4_plateau_lo0p8_hi1,0.9491686820983887,0.880709171295166,0.880709171295166,1.0723108053207397
fourier_gate_s1p5_p4_plateau_lo0p8_hi1,0.9572942852973938,0.9143993854522705,0.9143993854522705,1.0385024547576904
fourier_gate_s1p5_p4_plateau_lo0p8_hi1,0.9654894471168518,0.9432287812232971,0.9432287812232971,1.017406702041626
fourier_gate_s1p5_p4_plateau_lo0p8_hi1,0.9737547039985657,0.9666858911514282,0.9666858911514282,1.0061312913894653
fourier_gate_s1p5_p4_plateau_lo0p8_hi1,0.9820907711982727,0.9842755198478699,0.9842755198478699,1.0013928413391113
fourier_gate_s1p5_p4_plateau_lo0p8_hi1,0.9904981851577759,0.9955171346664429,0.9955171346664429,1.0001152753829956
fourier_gate_s1p5_p4_plateau_lo0p8_hi1,0.9989776015281677,0.9999474883079529,0.9999474883079529,1.0
fourier_gate_s1p5_p4_plateau_lo0p8_hi1,1.007529616355896,1.0,1.0,1.0
fourier_gate_s1p5_p4_plateau_lo0p8_hi1,1.0161547660827637,1.0,1.0,1.0
fourier_gate_s1p5_p4_plateau_lo0p8_hi1,1.0248538255691528,1.0,1.0,1.0
fourier_gate_s1p5_p4_plateau_lo0p8_hi1,1.0336273908615112,1.0,1.0,1.0
fourier_gate_s1p5_p4_plateau_lo0p8_hi1,1.042475938796997,1.0,1.0,1.0
fourier_gate_s1p5_p4_plateau_lo0p8_hi1,1.0514003038406372,1.0,1.0,1.0
fourier_gate_s1p5_p4_plateau_lo0p8_hi1,1.0604010820388794,1.0,1.0,1.0
fourier_gate_s1p5_p4_plateau_lo0p8_hi1,1.0694788694381714,1.0,1.0,1.0
fourier_gate_s1p5_p4_plateau_lo0p8_hi1,1.0786343812942505,1.0,1.0,1.0
fourier_gate_s1p5_p4_plateau_lo0p8_hi1,1.087868332862854,1.0,1.0,1.0
fourier_gate_s1p5_p4_plateau_lo0p8_hi1,1.0971813201904297,1.0,1.0,1.0
fourier_gate_s1p5_p4_plateau_lo0p8_hi1,1.1065739393234253,1.0,1.0,1.0
fourier_gate_s1p5_p4_plateau_lo0p8_hi1,1.1160470247268677,1.0,1.0,1.0
fourier_gate_s1p5_p4_plateau_lo0p8_hi1,1.1256012916564941,1.0,1.0,1.0
fourier_gate_s1p5_p4_plateau_lo0p8_hi1,1.135237216949463,1.0,1.0,1.0
fourier_gate_s1p5_p4_plateau_lo0p8_hi1,1.1449557542800903,1.0,1.0,1.0
fourier_gate_s1p5_p4_plateau_lo0p8_hi1,1.1547573804855347,1.0,1.0,1.0
fourier_gate_s1p5_p4_plateau_lo0p8_hi1,1.1646429300308228,1.0,1.0,1.0
fourier_gate_s1p5_p4_plateau_lo0p8_hi1,1.174613118171692,1.0,1.0,1.0
fourier_gate_s1p5_p4_plateau_lo0p8_hi1,1.1846686601638794,1.0,1.0,1.0
fourier_gate_s1p5_p4_plateau_lo0p8_hi1,1.194810390472412,1.0,1.0,1.0
fourier_gate_s1p5_p4_plateau_lo0p8_hi1,1.2050387859344482,1.0,1.0,1.0
fourier_gate_s1p5_p4_plateau_lo0p8_hi1,1.2153548002243042,1.0,1.0,1.0
fourier_gate_s1p5_p4_plateau_lo0p8_hi1,1.2257591485977173,1.0,1.0,1.0
fourier_gate_s1p5_p4_plateau_lo0p8_hi1,1.2362525463104248,1.0,1.0,1.0
fourier_gate_s1p5_p4_plateau_lo0p8_hi1,1.2468358278274536,1.0,1.0,1.0
fourier_gate_s1p5_p4_plateau_lo0p8_hi1,1.2575095891952515,1.0,1.0,1.0
fourier_gate_s1p5_p4_plateau_lo0p8_hi1,1.2682749032974243,1.0,1.0,1.0
fourier_gate_s1p5_p4_plateau_lo0p8_hi1,1.2791322469711304,1.0,1.0,1.0
fourier_gate_s1p5_p4_plateau_lo0p8_hi1,1.290082573890686,1.0,1.0,1.0
fourier_gate_s1p5_p4_plateau_lo0p8_hi1,1.3011265993118286,1.0,1.0,1.0
fourier_gate_s1p5_p4_plateau_lo0p8_hi1,1.312265157699585,1.0,1.0,1.0
fourier_gate_s1p5_p4_plateau_lo0p8_hi1,1.3234992027282715,1.0,1.0,1.0
fourier_gate_s1p5_p4_plateau_lo0p8_hi1,1.334829330444336,1.0,1.0,1.0
fourier_gate_s1p5_p4_plateau_lo0p8_hi1,1.3462563753128052,1.0,1.0,1.0
fourier_gate_s1p5_p4_plateau_lo0p8_hi1,1.3577814102172852,1.0,1.0,1.0
fourier_gate_s1p5_p4_plateau_lo0p8_hi1,1.3694050312042236,1.0,1.0,1.0
fourier_gate_s1p5_p4_plateau_lo0p8_hi1,1.3811280727386475,1.0,1.0,1.0
fourier_gate_s1p5_p4_plateau_lo0p8_hi1,1.3929516077041626,1.0,1.0,1.0
fourier_gate_s1p5_p4_plateau_lo0p8_hi1,1.4048762321472168,1.0,1.0,1.0
fourier_gate_s1p5_p4_plateau_lo0p8_hi1,1.416903018951416,1.0,1.0,1.0
fourier_gate_s1p5_p4_plateau_lo0p8_hi1,1.429032802581787,1.0,1.0,1.0
fourier_gate_s1p5_p4_plateau_lo0p8_hi1,1.441266417503357,1.0,1.0,1.0
fourier_gate_s1p5_p4_plateau_lo0p8_hi1,1.4536046981811523,1.0,1.0,1.0
fourier_gate_s1p5_p4_plateau_lo0p8_hi1,1.4660485982894897,1.0,1.0,1.0
fourier_gate_s1p5_p4_plateau_lo0p8_hi1,1.4785990715026855,1.0,1.0,1.0
fourier_gate_s1p5_p4_plateau_lo0p8_hi1,1.4912569522857666,1.0,1.0,1.0
fourier_gate_s1p5_p4_plateau_lo0p8_hi1,1.5040231943130493,1.0,1.0,1.0
fourier_gate_s1p5_p4_plateau_lo0p8_hi1,1.51689875125885,1.0,1.0,1.0
fourier_gate_s1p5_p4_plateau_lo0p8_hi1,1.5298845767974854,1.0,1.0,1.0
fourier_gate_s1p5_p4_plateau_lo0p8_hi1,1.542981505393982,1.0,1.0,1.0
fourier_gate_s1p5_p4_plateau_lo0p8_hi1,1.5561906099319458,1.0,1.0,1.0
fourier_gate_s1p5_p4_plateau_lo0p8_hi1,1.5695127248764038,1.0,1.0,1.0
fourier_gate_s1p5_p4_plateau_lo0p8_hi1,1.582948923110962,1.0,1.0,1.0
fourier_gate_s1p5_p4_plateau_lo0p8_hi1,1.5965001583099365,1.0,1.0,1.0
fourier_gate_s1p5_p4_plateau_lo0p8_hi1,1.610167384147644,1.0,1.0,1.0
fourier_gate_s1p5_p4_plateau_lo0p8_hi1,1.6239515542984009,1.0,1.0,1.0
fourier_gate_s1p5_p4_plateau_lo0p8_hi1,1.637853741645813,1.0,1.0,1.0
fourier_gate_s1p5_p4_plateau_lo0p8_hi1,1.6518750190734863,1.0,1.0,1.0
fourier_gate_s1p5_p4_plateau_lo0p8_hi1,1.6660163402557373,1.0,1.0,1.0
fourier_gate_s1p5_p4_plateau_lo0p8_hi1,1.6802786588668823,1.0,1.0,1.0
fourier_gate_s1p5_p4_plateau_lo0p8_hi1,1.6946630477905273,1.0,1.0,1.0
fourier_gate_s1p5_p4_plateau_lo0p8_hi1,1.7091705799102783,1.0,1.0,1.0
fourier_gate_s1p5_p4_plateau_lo0p8_hi1,1.7238024473190308,1.0,1.0,1.0
fourier_gate_s1p5_p4_plateau_lo0p8_hi1,1.738559365272522,1.0,1.0,1.0
fourier_gate_s1p5_p4_plateau_lo0p8_hi1,1.7534427642822266,1.0,1.0,1.0
fourier_gate_s1p5_p4_plateau_lo0p8_hi1,1.7684534788131714,1.0,1.0,1.0
fourier_gate_s1p5_p4_plateau_lo0p8_hi1,1.7835928201675415,1.0,1.0,1.0
fourier_gate_s1p5_p4_plateau_lo0p8_hi1,1.7988616228103638,1.0,1.0,1.0
fourier_gate_s1p5_p4_plateau_lo0p8_hi1,1.8142613172531128,1.0,1.0,1.0
fourier_gate_s1p5_p4_plateau_lo0p8_hi1,1.8297927379608154,1.0,1.0,1.0
fourier_gate_s1p5_p4_plateau_lo0p8_hi1,1.8454570770263672,1.0,1.0,1.0
fourier_gate_s1p5_p4_plateau_lo0p8_hi1,1.8612555265426636,1.0,1.0,1.0
fourier_gate_s1p5_p4_plateau_lo0p8_hi1,1.8771892786026,1.0,1.0,1.0
fourier_gate_s1p5_p4_plateau_lo0p8_hi1,1.8932594060897827,1.0,1.0,1.0
fourier_gate_s1p5_p4_plateau_lo0p8_hi1,1.909467101097107,1.0,1.0,1.0
fourier_gate_s1p5_p4_plateau_lo0p8_hi1,1.9258135557174683,1.0,1.0,1.0
fourier_gate_s1p5_p4_plateau_lo0p8_hi1,1.9422999620437622,1.0,1.0,1.0
fourier_gate_s1p5_p4_plateau_lo0p8_hi1,1.9589273929595947,1.0,1.0,1.0
fourier_gate_s1p5_p4_plateau_lo0p8_hi1,1.9756972789764404,1.0,1.0,1.0
fourier_gate_s1p5_p4_plateau_lo0p8_hi1,1.9926106929779053,1.0,1.0,1.0
fourier_gate_s1p5_p4_plateau_lo0p8_hi1,2.009669065475464,1.0,1.0,1.0
fourier_gate_s1p5_p4_plateau_lo0p8_hi1,2.0268731117248535,1.0,1.0,1.0
fourier_gate_s1p5_p4_plateau_lo0p8_hi1,2.044224739074707,1.0,1.0,1.0
fourier_gate_s1p5_p4_plateau_lo0p8_hi1,2.061724901199341,1.0,1.0,1.0
fourier_gate_s1p5_p4_plateau_lo0p8_hi1,2.0793747901916504,1.0,1.0,1.0
fourier_gate_s1p5_p4_plateau_lo0p8_hi1,2.0971755981445312,1.0,1.0,1.0
fourier_gate_s1p5_p4_plateau_lo0p8_hi1,2.115128993988037,1.0,1.0,1.0
fourier_gate_s1p5_p4_plateau_lo0p8_hi1,2.1332361698150635,1.0,1.0,1.0
fourier_gate_s1p5_p4_plateau_lo0p8_hi1,2.151498317718506,1.0,1.0,1.0
fourier_gate_s1p5_p4_plateau_lo0p8_hi1,2.1699166297912598,1.0,1.0,1.0
fourier_gate_s1p5_p4_plateau_lo0p8_hi1,2.188492774963379,1.0,1.0,1.0
fourier_gate_s1p5_p4_plateau_lo0p8_hi1,2.207227945327759,1.0,1.0,1.0
fourier_gate_s1p5_p4_plateau_lo0p8_hi1,2.226123332977295,1.0,1.0,1.0
fourier_gate_s1p5_p4_plateau_lo0p8_hi1,2.245180606842041,1.0,1.0,1.0
fourier_gate_s1p5_p4_plateau_lo0p8_hi1,2.2644009590148926,1.0,1.0,1.0
fourier_gate_s1p5_p4_plateau_lo0p8_hi1,2.2837860584259033,1.0,1.0,1.0
fourier_gate_s1p5_p4_plateau_lo0p8_hi1,2.3033368587493896,1.0,1.0,1.0
fourier_gate_s1p5_p4_plateau_lo0p8_hi1,2.3230550289154053,1.0,1.0,1.0
fourier_gate_s1p5_p4_plateau_lo0p8_hi1,2.342942237854004,1.0,1.0,1.0
fourier_gate_s1p5_p4_plateau_lo0p8_hi1,2.362999439239502,1.0,1.0,1.0
fourier_gate_s1p5_p4_plateau_lo0p8_hi1,2.3832285404205322,1.0,1.0,1.0
fourier_gate_s1p5_p4_plateau_lo0p8_hi1,2.4036307334899902,1.0,1.0,1.0
fourier_gate_s1p5_p4_plateau_lo0p8_hi1,2.4242076873779297,1.0,1.0,1.0
fourier_gate_s1p5_p4_plateau_lo0p8_hi1,2.444960594177246,1.0,1.0,1.0
fourier_gate_s1p5_p4_plateau_lo0p8_hi1,2.4658913612365723,1.0,1.0,1.0
fourier_gate_s1p5_p4_plateau_lo0p8_hi1,2.4870011806488037,1.0,1.0,1.0
fourier_gate_s1p5_p4_plateau_lo0p8_hi1,2.508291721343994,1.0,1.0,1.0
fourier_gate_s1p5_p4_plateau_lo0p8_hi1,2.529764413833618,1.0,1.0,1.0
fourier_gate_s1p5_p4_plateau_lo0p8_hi1,2.5514211654663086,1.0,1.0,1.0
fourier_gate_s1p5_p4_plateau_lo0p8_hi1,2.573263168334961,1.0,1.0,1.0
fourier_gate_s1p5_p4_plateau_lo0p8_hi1,2.595292329788208,1.0,1.0,1.0
fourier_gate_s1p5_p4_plateau_lo0p8_hi1,2.6175098419189453,1.0,1.0,1.0
fourier_gate_s1p5_p4_plateau_lo0p8_hi1,2.6399176120758057,1.0,1.0,1.0
fourier_gate_s1p5_p4_plateau_lo0p8_hi1,2.6625173091888428,1.0,1.0,1.0
fourier_gate_s1p5_p4_plateau_lo0p8_hi1,2.6853103637695312,1.0,1.0,1.0
fourier_gate_s1p5_p4_plateau_lo0p8_hi1,2.708298683166504,1.0,1.0,1.0
fourier_gate_s1p5_p4_plateau_lo0p8_hi1,2.7314836978912354,1.0,1.0,1.0
fourier_gate_s1p5_p4_plateau_lo0p8_hi1,2.7548673152923584,1.0,1.0,1.0
fourier_gate_s1p5_p4_plateau_lo0p8_hi1,2.7784509658813477,1.0,1.0,1.0
fourier_gate_s1p5_p4_plateau_lo0p8_hi1,2.802236557006836,1.0,1.0,1.0
fourier_gate_s1p5_p4_plateau_lo0p8_hi1,2.826225757598877,1.0,1.0,1.0
fourier_gate_s1p5_p4_plateau_lo0p8_hi1,2.8504204750061035,1.0,1.0,1.0
fourier_gate_s1p5_p4_plateau_lo0p8_hi1,2.8748221397399902,1.0,1.0,1.0
fourier_gate_s1p5_p4_plateau_lo0p8_hi1,2.89943265914917,1.0,1.0,1.0
fourier_gate_s1p5_p4_plateau_lo0p8_hi1,2.9242539405822754,1.0,1.0,1.0
fourier_gate_s1p5_p4_plateau_lo0p8_hi1,2.9492876529693604,1.0,1.0,1.0
fourier_gate_s1p5_p4_plateau_lo0p8_hi1,2.9745359420776367,1.0,1.0,1.0
fourier_gate_s1p5_p4_plateau_lo0p8_hi1,3.0,1.0,1.0,1.0
fourier_gate_s1p5_p4_cap_lo1_hi2_d0p5,0.10000000149011612,1.9752693333430216e-05,1.9752693333430216e-05,1.0568252801895142
fourier_gate_s1p5_p4_cap_lo1_hi2_d0p5,0.10085607320070267,2.043781387328636e-05,2.043781387328636e-05,1.057775616645813
fourier_gate_s1p5_p4_cap_lo1_hi2_d0p5,0.10171947628259659,2.114667950081639e-05,2.114667950081639e-05,1.0587414503097534
fourier_gate_s1p5_p4_cap_lo1_hi2_d0p5,0.10259027034044266,2.188014696002938e-05,2.188014696002938e-05,1.059722900390625
fourier_gate_s1p5_p4_cap_lo1_hi2_d0p5,0.10346852242946625,2.2639036615146324e-05,2.2639036615146324e-05,1.0607203245162964
fourier_gate_s1p5_p4_cap_lo1_hi2_d0p5,0.10435428470373154,2.3424267055816017e-05,2.3424267055816017e-05,1.0617338418960571
fourier_gate_s1p5_p4_cap_lo1_hi2_d0p5,0.10524763911962509,2.423671139695216e-05,2.423671139695216e-05,1.062764048576355
fourier_gate_s1p5_p4_cap_lo1_hi2_d0p5,0.1061486303806305,2.5077357349800877e-05,2.5077357349800877e-05,1.0638108253479004
fourier_gate_s1p5_p4_cap_lo1_hi2_d0p5,0.1070573478937149,2.5947134417947382e-05,2.5947134417947382e-05,1.0648744106292725
fourier_gate_s1p5_p4_cap_lo1_hi2_d0p5,0.10797383636236191,2.6847104891203344e-05,2.6847104891203344e-05,1.0659552812576294
fourier_gate_s1p5_p4_cap_lo1_hi2_d0p5,0.10889817029237747,2.7778260118793696e-05,2.7778260118793696e-05,1.0670535564422607
fourier_gate_s1p5_p4_cap_lo1_hi2_d0p5,0.10983041673898697,2.874173878808506e-05,2.874173878808506e-05,1.0681695938110352
fourier_gate_s1p5_p4_cap_lo1_hi2_d0p5,0.11077065020799637,2.9738608645857312e-05,2.9738608645857312e-05,1.0693036317825317
fourier_gate_s1p5_p4_cap_lo1_hi2_d0p5,0.11171893030405045,3.0770079320063815e-05,3.0770079320063815e-05,1.0704559087753296
fourier_gate_s1p5_p4_cap_lo1_hi2_d0p5,0.11267532408237457,3.18372949550394e-05,3.18372949550394e-05,1.0716267824172974
fourier_gate_s1p5_p4_cap_lo1_hi2_d0p5,0.11363990604877472,3.29415597661864e-05,3.29415597661864e-05,1.0728163719177246
fourier_gate_s1p5_p4_cap_lo1_hi2_d0p5,0.11461275070905685,3.408411794225685e-05,3.408411794225685e-05,1.0740249156951904
fourier_gate_s1p5_p4_cap_lo1_hi2_d0p5,0.11559391766786575,3.52662755176425e-05,3.52662755176425e-05,1.0752531290054321
fourier_gate_s1p5_p4_cap_lo1_hi2_d0p5,0.11658348888158798,3.648946221801452e-05,3.648946221801452e-05,1.0765008926391602
fourier_gate_s1p5_p4_cap_lo1_hi2_d0p5,0.11758153140544891,3.775503864744678e-05,3.775503864744678e-05,1.0777685642242432
fourier_gate_s1p5_p4_cap_lo1_hi2_d0p5,0.11858811229467392,3.906454730895348e-05,3.906454730895348e-05,1.0790566205978394
fourier_gate_s1p5_p4_cap_lo1_hi2_d0p5,0.11960331350564957,4.041943248012103e-05,4.041943248012103e-05,1.0803653001785278
fourier_gate_s1p5_p4_cap_lo1_hi2_d0p5,0.12062720954418182,4.1821349441306666e-05,4.1821349441306666e-05,1.0816946029663086
fourier_gate_s1p5_p4_cap_lo1_hi2_d0p5,0.12165986746549606,4.3271844333503395e-05,4.3271844333503395e-05,1.083045244216919
fourier_gate_s1p5_p4_cap_lo1_hi2_d0p5,0.12270136922597885,4.477269249036908e-05,4.477269249036908e-05,1.0844172239303589
fourier_gate_s1p5_p4_cap_lo1_hi2_d0p5,0.12375178188085556,4.6325545554282144e-05,4.6325545554282144e-05,1.0858112573623657
fourier_gate_s1p5_p4_cap_lo1_hi2_d0p5,0.12481118738651276,4.7932302550179884e-05,4.7932302550179884e-05,1.08722722530365
fourier_gate_s1p5_p4_cap_lo1_hi2_d0p5,0.1258796602487564,4.959473881172016e-05,4.959473881172016e-05,1.0886657238006592
fourier_gate_s1p5_p4_cap_lo1_hi2_d0p5,0.12695728242397308,5.1314873417140916e-05,5.1314873417140916e-05,1.0901269912719727
fourier_gate_s1p5_p4_cap_lo1_hi2_d0p5,0.12804412841796875,5.309461630531587e-05,5.309461630531587e-05,1.0916112661361694
fourier_gate_s1p5_p4_cap_lo1_hi2_d0p5,0.12914028763771057,5.493613934959285e-05,5.493613934959285e-05,1.0931190252304077
fourier_gate_s1p5_p4_cap_lo1_hi2_d0p5,0.13024581968784332,5.6841468904167414e-05,5.6841468904167414e-05,1.0946506261825562
fourier_gate_s1p5_p4_cap_lo1_hi2_d0p5,0.13136082887649536,5.881294055143371e-05,5.881294055143371e-05,1.0962063074111938
fourier_gate_s1p5_p4_cap_lo1_hi2_d0p5,0.13248537480831146,6.085278437240049e-05,6.085278437240049e-05,1.0977863073349
fourier_gate_s1p5_p4_cap_lo1_hi2_d0p5,0.1336195468902588,6.296330684563145e-05,6.296330684563145e-05,1.0993913412094116
fourier_gate_s1p5_p4_cap_lo1_hi2_d0p5,0.1347634196281433,6.51470254524611e-05,6.51470254524611e-05,1.1010212898254395
fourier_gate_s1p5_p4_cap_lo1_hi2_d0p5,0.13591709733009338,6.74065449857153e-05,6.74065449857153e-05,1.1026771068572998
fourier_gate_s1p5_p4_cap_lo1_hi2_d0p5,0.13708065450191498,6.974441930651665e-05,6.974441930651665e-05,1.1043586730957031
fourier_gate_s1p5_p4_cap_lo1_hi2_d0p5,0.13825416564941406,7.216331141535193e-05,7.216331141535193e-05,1.1060664653778076
fourier_gate_s1p5_p4_cap_lo1_hi2_d0p5,0.1394377201795578,7.466615352313966e-05,7.466615352313966e-05,1.1078009605407715
fourier_gate_s1p5_p4_cap_lo1_hi2_d0p5,0.14063140749931335,7.725572504568845e-05,7.725572504568845e-05,1.1095623970031738
fourier_gate_s1p5_p4_cap_lo1_hi2_d0p5,0.1418353170156479,7.993517647264525e-05,7.993517647264525e-05,1.1113512516021729
fourier_gate_s1p5_p4_cap_lo1_hi2_d0p5,0.14304953813552856,8.270747639471665e-05,8.270747639471665e-05,1.1131680011749268
fourier_gate_s1p5_p4_cap_lo1_hi2_d0p5,0.14427414536476135,8.557599358027801e-05,8.557599358027801e-05,1.115012764930725
fourier_gate_s1p5_p4_cap_lo1_hi2_d0p5,0.1455092430114746,8.854398765834048e-05,8.854398765834048e-05,1.1168862581253052
fourier_gate_s1p5_p4_cap_lo1_hi2_d0p5,0.1467549055814743,9.161482739727944e-05,9.161482739727944e-05,1.118788480758667
fourier_gate_s1p5_p4_cap_lo1_hi2_d0p5,0.1480112373828888,9.479215077590197e-05,9.479215077590197e-05,1.1207202672958374
fourier_gate_s1p5_p4_cap_lo1_hi2_d0p5,0.14927831292152405,9.80797631200403e-05,9.80797631200403e-05,1.122681736946106
fourier_gate_s1p5_p4_cap_lo1_hi2_d0p5,0.15055625140666962,0.00010148128058062866,0.00010148128058062866,1.1246734857559204
fourier_gate_s1p5_p4_cap_lo1_hi2_d0p5,0.15184512734413147,0.00010500085772946477,0.00010500085772946477,1.1266956329345703
fourier_gate_s1p5_p4_cap_lo1_hi2_d0p5,0.15314503014087677,0.0001086423872038722,0.0001086423872038722,1.128748893737793
fourier_gate_s1p5_p4_cap_lo1_hi2_d0p5,0.15445606410503387,0.00011241029278608039,0.00011241029278608039,1.1308335065841675
fourier_gate_s1p5_p4_cap_lo1_hi2_d0p5,0.15577831864356995,0.00011630874359980226,0.00011630874359980226,1.1329500675201416
fourier_gate_s1p5_p4_cap_lo1_hi2_d0p5,0.15711189806461334,0.0001203425126732327,0.0001203425126732327,1.135098934173584
fourier_gate_s1p5_p4_cap_lo1_hi2_d0p5,0.15845689177513123,0.0001245160383405164,0.0001245160383405164,1.1372804641723633
fourier_gate_s1p5_p4_cap_lo1_hi2_d0p5,0.15981340408325195,0.0001288343919441104,0.0001288343919441104,1.1394952535629272
fourier_gate_s1p5_p4_cap_lo1_hi2_d0p5,0.1611815243959427,0.00013330251385923475,0.00013330251385923475,1.1417436599731445
fourier_gate_s1p5_p4_cap_lo1_hi2_d0p5,0.1625613570213318,0.00013792542449664325,0.00013792542449664325,1.1440261602401733
fourier_gate_s1p5_p4_cap_lo1_hi2_d0p5,0.1639530062675476,0.0001427087845513597,0.0001427087845513597,1.1463429927825928
fourier_gate_s1p5_p4_cap_lo1_hi2_d0p5,0.1653565615415573,0.00014765786181669682,0.00014765786181669682,1.1486949920654297
fourier_gate_s1p5_p4_cap_lo1_hi2_d0p5,0.16677214205265045,0.00015277868078555912,0.00015277868078555912,1.1510823965072632
fourier_gate_s1p5_p4_cap_lo1_hi2_d0p5,0.1681998372077942,0.00015807691670488566,0.00015807691670488566,1.1535056829452515
fourier_gate_s1p5_p4_cap_lo1_hi2_d0p5,0.16963975131511688,0.00016355901607312262,0.00016355901607312262,1.1559652090072632
fourier_gate_s1p5_p4_cap_lo1_hi2_d0p5,0.1710919886827469,0.00016923104703892022,0.00016923104703892022,1.1584616899490356
fourier_gate_s1p5_p4_cap_lo1_hi2_d0p5,0.17255665361881256,0.00017509992176201195,0.00017509992176201195,1.160995602607727
fourier_gate_s1p5_p4_cap_lo1_hi2_d0p5,0.17403388023376465,0.0001811721158446744,0.0001811721158446744,1.163567304611206
fourier_gate_s1p5_p4_cap_lo1_hi2_d0p5,0.17552372813224792,0.0001874550071079284,0.0001874550071079284,1.1661771535873413
fourier_gate_s1p5_p4_cap_lo1_hi2_d0p5,0.17702634632587433,0.00019395555136725307,0.00019395555136725307,1.1688261032104492
fourier_gate_s1p5_p4_cap_lo1_hi2_d0p5,0.17854182422161102,0.0002006816939683631,0.0002006816939683631,1.1715140342712402
fourier_gate_s1p5_p4_cap_lo1_hi2_d0p5,0.18007026612758636,0.0002076408127322793,0.0002076408127322793,1.1742417812347412
fourier_gate_s1p5_p4_cap_lo1_hi2_d0p5,0.1816118061542511,0.00021484143508132547,0.00021484143508132547,1.1770098209381104
fourier_gate_s1p5_p4_cap_lo1_hi2_d0p5,0.1831665337085724,0.00022229147725738585,0.00022229147725738585,1.179818868637085
fourier_gate_s1p5_p4_cap_lo1_hi2_d0p5,0.18473458290100098,0.00023000001965556294,0.00023000001965556294,1.1826691627502441
fourier_gate_s1p5_p4_cap_lo1_hi2_d0p5,0.18631604313850403,0.00023797560425009578,0.00023797560425009578,1.185561180114746
fourier_gate_s1p5_p4_cap_lo1_hi2_d0p5,0.1879110485315323,0.0002462279226165265,0.0002462279226165265,1.1884957551956177
fourier_gate_s1p5_p4_cap_lo1_hi2_d0p5,0.1895197033882141,0.00025476631708443165,0.00025476631708443165,1.1914730072021484
fourier_gate_s1p5_p4_cap_lo1_hi2_d0p5,0.19114212691783905,0.00026360046467743814,0.00026360046467743814,1.1944938898086548
fourier_gate_s1p5_p4_cap_lo1_hi2_d0p5,0.19277845323085785,0.00027274113381281495,0.00027274113381281495,1.1975586414337158
fourier_gate_s1p5_p4_cap_lo1_hi2_d0p5,0.19442877173423767,0.00028219842351973057,0.00028219842351973057,1.2006677389144897
fourier_gate_s1p5_p4_cap_lo1_hi2_d0p5,0.19609323143959045,0.00029198380070738494,0.00029198380070738494,1.203822135925293
fourier_gate_s1p5_p4_cap_lo1_hi2_d0p5,0.19777193665504456,0.000302108092000708,0.000302108092000708,1.2070221900939941
fourier_gate_s1p5_p4_cap_lo1_hi2_d0p5,0.19946500658988953,0.00031258363742381334,0.00031258363742381334,1.210268259048462
fourier_gate_s1p5_p4_cap_lo1_hi2_d0p5,0.2011725753545761,0.00032342199119739234,0.00032342199119739234,1.213560938835144
fourier_gate_s1p5_p4_cap_lo1_hi2_d0p5,0.20289476215839386,0.0003346363373566419,0.0003346363373566419,1.2169009447097778
fourier_gate_s1p5_p4_cap_lo1_hi2_d0p5,0.20463168621063232,0.00034623907413333654,0.00034623907413333654,1.2202887535095215
fourier_gate_s1p5_p4_cap_lo1_hi2_d0p5,0.20638348162174225,0.0003582441422622651,0.0003582441422622651,1.2237248420715332
fourier_gate_s1p5_p4_cap_lo1_hi2_d0p5,0.20815028250217438,0.0003706652787514031,0.0003706652787514031,1.2272099256515503
fourier_gate_s1p5_p4_cap_lo1_hi2_d0p5,0.20993220806121826,0.00038351694820448756,0.00038351694820448756,1.23074471950531
fourier_gate_s1p5_p4_cap_lo1_hi2_d0p5,0.21172937750816345,0.0003968140226788819,0.0003968140226788819,1.2343294620513916
fourier_gate_s1p5_p4_cap_lo1_hi2_d0p5,0.2135419398546219,0.0004105719563085586,0.0004105719563085586,1.2379649877548218
fourier_gate_s1p5_p4_cap_lo1_hi2_d0p5,0.21537001430988312,0.00042480663978494704,0.00042480663978494704,1.2416517734527588
fourier_gate_s1p5_p4_cap_lo1_hi2_d0p5,0.21721374988555908,0.0004395348660182208,0.0004395348660182208,1.2453901767730713
fourier_gate_s1p5_p4_cap_lo1_hi2_d0p5,0.21907325088977814,0.0004547730495687574,0.0004547730495687574,1.2491813898086548
fourier_gate_s1p5_p4_cap_lo1_hi2_d0p5,0.22094868123531342,0.0004705397295765579,0.0004705397295765579,1.2530256509780884
fourier_gate_s1p5_p4_cap_lo1_hi2_d0p5,0.22284016013145447,0.0004868523101322353,0.0004868523101322353,1.2569234371185303
fourier_gate_s1p5_p4_cap_lo1_hi2_d0p5,0.22474783658981323,0.000503730378113687,0.000503730378113687,1.2608754634857178
fourier_gate_s1p5_p4_cap_lo1_hi2_d0p5,0.22667184472084045,0.0005211932002566755,0.0005211932002566755,1.2648825645446777
fourier_gate_s1p5_p4_cap_lo1_hi2_d0p5,0.22861233353614807,0.000539261382073164,0.000539261382073164,1.2689449787139893
fourier_gate_s1p5_p4_cap_lo1_hi2_d0p5,0.23056942224502563,0.0005579553544521332,0.0005579553544521332,1.2730635404586792
fourier_gate_s1p5_p4_cap_lo1_hi2_d0p5,0.23254325985908508,0.0005772969452664256,0.0005772969452664256,1.2772387266159058
fourier_gate_s1p5_p4_cap_lo1_hi2_d0p5,0.23453401029109955,0.0005973086226731539,0.0005973086226731539,1.2814712524414062
fourier_gate_s1p5_p4_cap_lo1_hi2_d0p5,0.23654179275035858,0.0006180136115290225,0.0006180136115290225,1.2857619524002075
fourier_gate_s1p5_p4_cap_lo1_hi2_d0p5,0.23856677114963531,0.0006394357769750059,0.0006394357769750059,1.2901111841201782
fourier_gate_s1p5_p4_cap_lo1_hi2_d0p5,0.2406090646982193,0.0006615999736823142,0.0006615999736823142,1.294519305229187
fourier_gate_s1p5_p4_cap_lo1_hi2_d0p5,0.24266886711120605,0.000684531987644732,0.000684531987644732,1.2989877462387085
fourier_gate_s1p5_p4_cap_lo1_hi2_d0p5,0.24474628269672394,0.000708258303347975,0.000708258303347975,1.303516149520874
fourier_gate_s1p5_p4_cap_lo1_hi2_d0p5,0.24684149026870728,0.0007328063948079944,0.0007328063948079944,1.3081061840057373
fourier_gate_s1p5_p4_cap_lo1_hi2_d0p5,0.248954638838768,0.000758204550947994,0.000758204550947994,1.3127577304840088
fourier_gate_s1p5_p4_cap_lo1_hi2_d0p5,0.25108587741851807,0.0007844823994673789,0.0007844823994673789,1.3174716234207153
fourier_gate_s1p5_p4_cap_lo1_hi2_d0p5,0.2532353699207306,0.0008116706158034503,0.0008116706158034503,1.3222488164901733
fourier_gate_s1p5_p4_cap_lo1_hi2_d0p5,0.2554032504558563,0.0008397999336011708,0.0008397999336011708,1.327089548110962
fourier_gate_s1p5_p4_cap_lo1_hi2_d0p5,0.2575896680355072,0.0008689028327353299,0.0008689028327353299,1.331994652748108
fourier_gate_s1p5_p4_cap_lo1_hi2_d0p5,0.25979483127593994,0.0008990137139335275,0.0008990137139335275,1.336964726448059
fourier_gate_s1p5_p4_cap_lo1_hi2_d0p5,0.2620188891887665,0.0009301676182076335,0.0009301676182076335,1.3420004844665527
fourier_gate_s1p5_p4_cap_lo1_hi2_d0p5,0.26426196098327637,0.0009623995865695179,0.0009623995865695179,1.3471022844314575
fourier_gate_s1p5_p4_cap_lo1_hi2_d0p5,0.26652422547340393,0.0009957468137145042,0.0009957468137145042,1.3522714376449585
fourier_gate_s1p5_p4_cap_lo1_hi2_d0p5,0.2688058614730835,0.0010302489390596747,0.0010302489390596747,1.3575079441070557
fourier_gate_s1p5_p4_cap_lo1_hi2_d0p5,0.2711070477962494,0.001065945252776146,0.001065945252776146,1.3628127574920654
fourier_gate_s1p5_p4_cap_lo1_hi2_d0p5,0.27342793345451355,0.0011028774315491319,0.0011028774315491319,1.368186593055725
fourier_gate_s1p5_p4_cap_lo1_hi2_d0p5,0.2757686674594879,0.0011410872684791684,0.0011410872684791684,1.3736300468444824
fourier_gate_s1p5_p4_cap_lo1_hi2_d0p5,0.2781294584274292,0.0011806193506345153,0.0011806193506345153,1.3791438341140747
fourier_gate_s1p5_p4_cap_lo1_hi2_d0p5,0.28051045536994934,0.0012215194292366505,0.0012215194292366505,1.3847284317016602
fourier_gate_s1p5_p4_cap_lo1_hi2_d0p5,0.28291183710098267,0.0012638344196602702,0.0012638344196602702,1.390384554862976
fourier_gate_s1p5_p4_cap_lo1_hi2_d0p5,0.2853337526321411,0.0013076133327558637,0.0013076133327558637,1.3961131572723389
fourier_gate_s1p5_p4_cap_lo1_hi2_d0p5,0.2877764403820038,0.0013529068091884255,0.0013529068091884255,1.4019145965576172
fourier_gate_s1p5_p4_cap_lo1_hi2_d0p5,0.29024001955986023,0.0013997668866068125,0.0013997668866068125,1.4077893495559692
fourier_gate_s1p5_p4_cap_lo1_hi2_d0p5,0.2927246689796448,0.001448247698135674,0.001448247698135674,1.41373872756958
fourier_gate_s1p5_p4_cap_lo1_hi2_d0p5,0.2952306270599365,0.0014984052395448089,0.0014984052395448089,1.4197630882263184
fourier_gate_s1p5_p4_cap_lo1_hi2_d0p5,0.297758013010025,0.0015502971364185214,0.0015502971364185214,1.4258627891540527
fourier_gate_s1p5_p4_cap_lo1_hi2_d0p5,0.300307035446167,0.0016039832262322307,0.0016039832262322307,1.4320389032363892
fourier_gate_s1p5_p4_cap_lo1_hi2_d0p5,0.30287790298461914,0.001659525209106505,0.001659525209106505,1.4382919073104858
fourier_gate_s1p5_p4_cap_lo1_hi2_d0p5,0.305470734834671,0.0017169872298836708,0.0017169872298836708,1.4446223974227905
fourier_gate_s1p5_p4_cap_lo1_hi2_d0p5,0.3080857992172241,0.001776435412466526,0.001776435412466526,1.4510313272476196
fourier_gate_s1p5_p4_cap_lo1_hi2_d0p5,0.3107232451438904,0.001837938092648983,0.001837938092648983,1.4575191736221313
fourier_gate_s1p5_p4_cap_lo1_hi2_d0p5,0.3133832812309265,0.0019015669822692871,0.0019015669822692871,1.464086651802063
fourier_gate_s1p5_p4_cap_lo1_hi2_d0p5,0.31606605648994446,0.0019673926290124655,0.0019673926290124655,1.4707342386245728
fourier_gate_s1p5_p4_cap_lo1_hi2_d0p5,0.3187718093395233,0.002035493031144142,0.002035493031144142,1.4774627685546875
fourier_gate_s1p5_p4_cap_lo1_hi2_d0p5,0.3215007483959198,0.0021059466525912285,0.0021059466525912285,1.4842729568481445
fourier_gate_s1p5_p4_cap_lo1_hi2_d0p5,0.32425302267074585,0.002178831724449992,0.002178831724449992,1.4911651611328125
fourier_gate_s1p5_p4_cap_lo1_hi2_d0p5,0.32702887058258057,0.0022542355582118034,0.0022542355582118034,1.4981403350830078
fourier_gate_s1p5_p4_cap_lo1_hi2_d0p5,0.3298284709453583,0.0023322405759245157,0.0023322405759245157,1.5051989555358887
fourier_gate_s1p5_p4_cap_lo1_hi2_d0p5,0.3326520621776581,0.0024129406083375216,0.0024129406083375216,1.5123419761657715
fourier_gate_s1p5_p4_cap_lo1_hi2_d0p5,0.3354997932910919,0.0024964238982647657,0.0024964238982647657,1.5195696353912354
fourier_gate_s1p5_p4_cap_lo1_hi2_d0p5,0.3383719325065613,0.002582790330052376,0.002582790330052376,1.5268826484680176
fourier_gate_s1p5_p4_cap_lo1_hi2_d0p5,0.3412686288356781,0.002672133967280388,0.002672133967280388,1.5342817306518555
fourier_gate_s1p5_p4_cap_lo1_hi2_d0p5,0.34419015049934387,0.0027645626105368137,0.0027645626105368137,1.5417675971984863
fourier_gate_s1p5_p4_cap_lo1_hi2_d0p5,0.3471366763114929,0.002860177541151643,0.002860177541151643,1.5493407249450684
fourier_gate_s1p5_p4_cap_lo1_hi2_d0p5,0.35010841488838196,0.002959089819341898,0.002959089819341898,1.5570018291473389
fourier_gate_s1p5_p4_cap_lo1_hi2_d0p5,0.3531056046485901,0.0030614121351391077,0.0030614121351391077,1.564751386642456
fourier_gate_s1p5_p4_cap_lo1_hi2_d0p5,0.356128454208374,0.00316726160235703,0.00316726160235703,1.5725902318954468
fourier_gate_s1p5_p4_cap_lo1_hi2_d0p5,0.3591771721839905,0.00327675836160779,0.00327675836160779,1.5805187225341797
fourier_gate_s1p5_p4_cap_lo1_hi2_d0p5,0.36225199699401855,0.0033900283742696047,0.0033900283742696047,1.588537573814392
fourier_gate_s1p5_p4_cap_lo1_hi2_d0p5,0.36535313725471497,0.00350719946436584,0.00350719946436584,1.5966471433639526
fourier_gate_s1p5_p4_cap_lo1_hi2_d0p5,0.3684808313846588,0.003628405975177884,0.003628405975177884,1.6048485040664673
fourier_gate_s1p5_p4_cap_lo1_hi2_d0p5,0.3716353178024292,0.0037537869065999985,0.0037537869065999985,1.6131415367126465
fourier_gate_s1p5_p4_cap_lo1_hi2_d0p5,0.37481677532196045,0.00388348032720387,0.00388348032720387,1.6215276718139648
fourier_gate_s1p5_p4_cap_lo1_hi2_d0p5,0.37802550196647644,0.004017640370875597,0.004017640370875597,1.630007028579712
fourier_gate_s1p5_p4_cap_lo1_hi2_d0p5,0.3812616765499115,0.004156413488090038,0.004156413488090038,1.6385796070098877
fourier_gate_s1p5_p4_cap_lo1_hi2_d0p5,0.3845255374908447,0.004299957305192947,0.004299957305192947,1.6472464799880981
fourier_gate_s1p5_p4_cap_lo1_hi2_d0p5,0.3878173828125,0.004448441322892904,0.004448441322892904,1.656008005142212
fourier_gate_s1p5_p4_cap_lo1_hi2_d0p5,0.39113736152648926,0.004602023400366306,0.004602023400366306,1.6648650169372559
fourier_gate_s1p5_p4_cap_lo1_hi2_d0p5,0.39448580145835876,0.004760887939482927,0.004760887939482927,1.6738176345825195
fourier_gate_s1p5_p4_cap_lo1_hi2_d0p5,0.39786288142204285,0.004925206769257784,0.004925206769257784,1.6828665733337402
fourier_gate_s1p5_p4_cap_lo1_hi2_d0p5,0.4012688994407654,0.005095168016850948,0.005095168016850948,1.6920121908187866
fourier_gate_s1p5_p4_cap_lo1_hi2_d0p5,0.4047040641307831,0.005270963069051504,0.005270963069051504,1.7012548446655273
fourier_gate_s1p5_p4_cap_lo1_hi2_d0p5,0.40816861391067505,0.005452790763229132,0.005452790763229132,1.7105947732925415
fourier_gate_s1p5_p4_cap_lo1_hi2_d0p5,0.41166284680366516,0.0056408545933663845,0.0056408545933663845,1.720033049583435
fourier_gate_s1p5_p4_cap_lo1_hi2_d0p5,0.41518697142601013,0.005835366901010275,0.005835366901010275,1.7295693159103394
fourier_gate_s1p5_p4_cap_lo1_hi2_d0p5,0.41874128580093384,0.006036545615643263,0.006036545615643263,1.7392042875289917
fourier_gate_s1p5_p4_cap_lo1_hi2_d0p5,0.4223260283470154,0.00624461704865098,0.00624461704865098,1.7489384412765503
fourier_gate_s1p5_p4_cap_lo1_hi2_d0p5,0.42594143748283386,0.0064598130993545055,0.0064598130993545055,1.7587721347808838
fourier_gate_s1p5_p4_cap_lo1_hi2_d0p5,0.42958781123161316,0.0066823759116232395,0.0066823759116232395,1.7687056064605713
fourier_gate_s1p5_p4_cap_lo1_hi2_d0p5,0.43326541781425476,0.006912552751600742,0.006912552751600742,1.7787389755249023
fourier_gate_s1p5_p4_cap_lo1_hi2_d0p5,0.4369744658470154,0.0071506015956401825,0.0071506015956401825,1.7888723611831665
fourier_gate_s1p5_p4_cap_lo1_hi2_d0p5,0.44071531295776367,0.007396790664643049,0.007396790664643049,1.7991067171096802
fourier_gate_s1p5_p4_cap_lo1_hi2_d0p5,0.44448816776275635,0.007651386316865683,0.007651386316865683,1.8094416856765747
fourier_gate_s1p5_p4_cap_lo1_hi2_d0p5,0.4482932984828949,0.007914671674370766,0.007914671674370766,1.81987726688385
fourier_gate_s1p5_p4_cap_lo1_hi2_d0p5,0.4521310329437256,0.008186949416995049,0.008186949416995049,1.8304145336151123
fourier_gate_s1p5_p4_cap_lo1_hi2_d0p5,0.4560016095638275,0.008468510583043098,0.008468510583043098,1.8410524129867554
fourier_gate_s1p5_p4_cap_lo1_hi2_d0p5,0.4599052965641022,0.008759665302932262,0.008759665302932262,1.8517919778823853
fourier_gate_s1p5_p4_cap_lo1_hi2_d0p5,0.4638424515724182,0.009060746990144253,0.009060746990144253,1.8626328706741333
fourier_gate_s1p5_p4_cap_lo1_hi2_d0p5,0.46781328320503235,0.009372075088322163,0.009372075088322163,1.8735753297805786
fourier_gate_s1p5_p4_cap_lo1_hi2_d0p5,0.47181808948516846,0.009693996049463749,0.009693996049463749,1.884618878364563
fourier_gate_s1p5_p4_cap_lo1_hi2_d0p5,0.4758571982383728,0.010026862844824791,0.010026862844824791,1.8957639932632446
fourier_gate_s1p5_p4_cap_lo1_hi2_d0p5,0.47993090748786926,0.010371038690209389,0.010371038690209389,1.9070104360580444
fourier_gate_s1p5_p4_cap_lo1_hi2_d0p5,0.48403945565223694,0.010726901702582836,0.010726901702582836,1.9183580875396729
fourier_gate_s1p5_p4_cap_lo1_hi2_d0p5,0.4881832003593445,0.011094838380813599,0.011094838380813599,1.9298067092895508
fourier_gate_s1p5_p4_cap_lo1_hi2_d0p5,0.4923624098300934,0.011475247330963612,0.011475247330963612,1.9413559436798096
fourier_gate_s1p5_p4_cap_lo1_hi2_d0p5,0.4965773820877075,0.011868544854223728,0.011868544854223728,1.9530060291290283
fourier_gate_s1p5_p4_cap_lo1_hi2_d0p5,0.5008284449577332,0.012275154702365398,0.012275154702365398,1.9647561311721802
fourier_gate_s1p5_p4_cap_lo1_hi2_d0p5,0.5051159262657166,0.012695514596998692,0.012695514596998692,1.9766063690185547
fourier_gate_s1p5_p4_cap_lo1_hi2_d0p5,0.5094400644302368,0.01313007902354002,0.01313007902354002,1.9885557889938354
fourier_gate_s1p5_p4_cap_lo1_hi2_d0p5,0.5138012766838074,0.013579313643276691,0.013579313643276691,2.0006046295166016
fourier_gate_s1p5_p4_cap_lo1_hi2_d0p5,0.5181998014450073,0.014043699949979782,0.014043699949979782,2.012751817703247
fourier_gate_s1p5_p4_cap_lo1_hi2_d0p5,0.5226359963417053,0.01452373992651701,0.01452373992651701,2.0249969959259033
fourier_gate_s1p5_p4_cap_lo1_hi2_d0p5,0.5271100997924805,0.015019924379885197,0.015019924379885197,2.037339210510254
fourier_gate_s1p5_p4_cap_lo1_hi2_d0p5,0.531622588634491,0.015532810240983963,0.015532810240983963,2.049778461456299
fourier_gate_s1p5_p4_cap_lo1_hi2_d0p5,0.5361736416816711,0.01606290601193905,0.01606290601193905,2.0623130798339844
fourier_gate_s1p5_p4_cap_lo1_hi2_d0p5,0.5407636761665344,0.016610795632004738,0.016610795632004738,2.0749428272247314
fourier_gate_s1p5_p4_cap_lo1_hi2_d0p5,0.5453930497169495,0.017177054658532143,0.017177054658532143,2.0876667499542236
fourier_gate_s1p5_p4_cap_lo1_hi2_d0p5,0.5500620603561401,0.017762262374162674,0.017762262374162674,2.1004838943481445
fourier_gate_s1p5_p4_cap_lo1_hi2_d0p5,0.5547710061073303,0.018367040902376175,0.018367040902376175,2.1133928298950195
fourier_gate_s1p5_p4_cap_lo1_hi2_d0p5,0.5595202445983887,0.018991997465491295,0.018991997465491295,2.1263926029205322
fourier_gate_s1p5_p4_cap_lo1_hi2_d0p5,0.5643101334571838,0.019637802615761757,0.019637802615761757,2.139482021331787
fourier_gate_s1p5_p4_cap_lo1_hi2_d0p5,0.5691410303115845,0.02030511200428009,0.02030511200428009,2.1526594161987305
fourier_gate_s1p5_p4_cap_lo1_hi2_d0p5,0.5740132927894592,0.020994611084461212,0.020994611084461212,2.165924072265625
fourier_gate_s1p5_p4_cap_lo1_hi2_d0p5,0.5789272785186768,0.02170700579881668,0.02170700579881668,2.1792736053466797
fourier_gate_s1p5_p4_cap_lo1_hi2_d0p5,0.5838833451271057,0.022443030029535294,0.022443030029535294,2.192707061767578
fourier_gate_s1p5_p4_cap_lo1_hi2_d0p5,0.58888179063797,0.023203397169709206,0.023203397169709206,2.2062222957611084
fourier_gate_s1p5_p4_cap_lo1_hi2_d0p5,0.5939230918884277,0.023988915607333183,0.023988915607333183,2.219818353652954
fourier_gate_s1p5_p4_cap_lo1_hi2_d0p5,0.5990074872970581,0.02480032667517662,0.02480032667517662,2.233491897583008
fourier_gate_s1p5_p4_cap_lo1_hi2_d0p5,0.6041354537010193,0.025638490915298462,0.025638490915298462,2.2472422122955322
fourier_gate_s1p5_p4_cap_lo1_hi2_d0p5,0.6093072891235352,0.026504194363951683,0.026504194363951683,2.261066198348999
fourier_gate_s1p5_p4_cap_lo1_hi2_d0p5,0.6145234107971191,0.027398310601711273,0.027398310601711273,2.2749619483947754
fourier_gate_s1p5_p4_cap_lo1_hi2_d0p5,0.6197841763496399,0.028321711346507072,0.028321711346507072,2.2889270782470703
fourier_gate_s1p5_p4_cap_lo1_hi2_d0p5,0.6250900030136108,0.02927529625594616,0.02927529625594616,2.3029587268829346
fourier_gate_s1p5_p4_cap_lo1_hi2_d0p5,0.6304412484169006,0.030259987339377403,0.030259987339377403,2.3170547485351562
fourier_gate_s1p5_p4_cap_lo1_hi2_d0p5,0.6358382701873779,0.03127673268318176,0.03127673268318176,2.331212043762207
fourier_gate_s1p5_p4_cap_lo1_hi2_d0p5,0.6412815451622009,0.032326504588127136,0.032326504588127136,2.3454270362854004
fourier_gate_s1p5_p4_cap_lo1_hi2_d0p5,0.6467713713645935,0.033410292118787766,0.033410292118787766,2.3596975803375244
fourier_gate_s1p5_p4_cap_lo1_hi2_d0p5,0.6523082256317139,0.03452911972999573,0.03452911972999573,2.3740200996398926
fourier_gate_s1p5_p4_cap_lo1_hi2_d0p5,0.6578924655914307,0.03568403795361519,0.03568403795361519,2.3883907794952393
fourier_gate_s1p5_p4_cap_lo1_hi2_d0p5,0.6635245084762573,0.03687610477209091,0.03687610477209091,2.402806043624878
fourier_gate_s1p5_p4_cap_lo1_hi2_d0p5,0.6692047715187073,0.038106419146060944,0.038106419146060944,2.4172627925872803
fourier_gate_s1p5_p4_cap_lo1_hi2_d0p5,0.6749336123466492,0.039376091212034225,0.039376091212034225,2.4317562580108643
fourier_gate_s1p5_p4_cap_lo1_hi2_d0p5,0.680711567401886,0.040686290711164474,0.040686290711164474,2.4462826251983643
fourier_gate_s1p5_p4_cap_lo1_hi2_d0p5,0.6865389347076416,0.04203817620873451,0.04203817620873451,2.4608380794525146
fourier_gate_s1p5_p4_cap_lo1_hi2_d0p5,0.692416250705719,0.04343295842409134,0.04343295842409134,2.4754176139831543
fourier_gate_s1p5_p4_cap_lo1_hi2_d0p5,0.698343813419342,0.04487182945013046,0.04487182945013046,2.490016460418701
fourier_gate_s1p5_p4_cap_lo1_hi2_d0p5,0.7043221592903137,0.046356067061424255,0.046356067061424255,2.5046300888061523
fourier_gate_s1p5_p4_cap_lo1_hi2_d0p5,0.7103517055511475,0.047886960208415985,0.047886960208415985,2.5192527770996094
fourier_gate_s1p5_p4_cap_lo1_hi2_d0p5,0.7164328098297119,0.04946574196219444,0.04946574196219444,2.5338797569274902
fourier_gate_s1p5_p4_cap_lo1_hi2_d0p5,0.7225660085678101,0.05109382048249245,0.05109382048249245,2.5485053062438965
fourier_gate_s1p5_p4_cap_lo1_hi2_d0p5,0.7287517189979553,0.052772507071495056,0.052772507071495056,2.563124179840088
fourier_gate_s1p5_p4_cap_lo1_hi2_d0p5,0.7349903583526611,0.05450315773487091,0.05450315773487091,2.5777294635772705
fourier_gate_s1p5_p4_cap_lo1_hi2_d0p5,0.7412824630737305,0.05628721043467522,0.05628721043467522,2.592315673828125
fourier_gate_s1p5_p4_cap_lo1_hi2_d0p5,0.747628390789032,0.0581260621547699,0.0581260621547699,2.6068761348724365
fourier_gate_s1p5_p4_cap_lo1_hi2_d0p5,0.7540286183357239,0.06002116575837135,0.06002116575837135,2.6214046478271484
fourier_gate_s1p5_p4_cap_lo1_hi2_d0p5,0.7604836821556091,0.06197398155927658,0.06197398155927658,2.6358935832977295
fourier_gate_s1p5_p4_cap_lo1_hi2_d0p5,0.7669939398765564,0.06398602575063705,0.06398602575063705,2.6503357887268066
fourier_gate_s1p5_p4_cap_lo1_hi2_d0p5,0.7735599875450134,0.06605877727270126,0.06605877727270126,2.664724588394165
fourier_gate_s1p5_p4_cap_lo1_hi2_d0p5,0.7801822423934937,0.06819378584623337,0.06819378584623337,2.679051637649536
fourier_gate_s1p5_p4_cap_lo1_hi2_d0p5,0.7868611812591553,0.07039260119199753,0.07039260119199753,2.6933090686798096
fourier_gate_s1p5_p4_cap_lo1_hi2_d0p5,0.7935972809791565,0.0726567804813385,0.0726567804813385,2.707489252090454
fourier_gate_s1p5_p4_cap_lo1_hi2_d0p5,0.8003910779953003,0.07498791813850403,0.07498791813850403,2.721583604812622
fourier_gate_s1p5_p4_cap_lo1_hi2_d0p5,0.8072429895401001,0.07738760113716125,0.07738760113716125,2.7355830669403076
fourier_gate_s1p5_p4_cap_lo1_hi2_d0p5,0.8141536116600037,0.07985745370388031,0.07985745370388031,2.749478578567505
fourier_gate_s1p5_p4_cap_lo1_hi2_d0p5,0.8211233615875244,0.08239908516407013,0.08239908516407013,2.763261318206787
fourier_gate_s1p5_p4_cap_lo1_hi2_d0p5,0.8281527757644653,0.08501414209604263,0.08501414209604263,2.7769219875335693
fourier_gate_s1p5_p4_cap_lo1_hi2_d0p5,0.8352423906326294,0.08770427852869034,0.08770427852869034,2.790449857711792
fourier_gate_s1p5_p4_cap_lo1_hi2_d0p5,0.8423926830291748,0.09047109633684158,0.09047109633684158,2.803835868835449
fourier_gate_s1p5_p4_cap_lo1_hi2_d0p5,0.8496041893959045,0.09331627190113068,0.09331627190113068,2.8170690536499023
fourier_gate_s1p5_p4_cap_lo1_hi2_d0p5,0.8568774461746216,0.09624148160219193,0.09624148160219193,2.830139636993408
fourier_gate_s1p5_p4_cap_lo1_hi2_d0p5,0.8642129302024841,0.09924830496311188,0.09924830496311188,2.8430356979370117
fourier_gate_s1p5_p4_cap_lo1_hi2_d0p5,0.8716112375259399,0.10233845561742783,0.10233845561742783,2.855747699737549
fourier_gate_s1p5_p4_cap_lo1_hi2_d0p5,0.8790728449821472,0.1055135428905487,0.1055135428905487,2.868262767791748
fourier_gate_s1p5_p4_cap_lo1_hi2_d0p5,0.8865984082221985,0.10877523571252823,0.10877523571252823,2.88057017326355
fourier_gate_s1p5_p4_cap_lo1_hi2_d0p5,0.8941883444786072,0.11212509125471115,0.11212509125471115,2.8926570415496826
fourier_gate_s1p5_p4_cap_lo1_hi2_d0p5,0.901843249797821,0.11556471884250641,0.11556471884250641,2.904512882232666
fourier_gate_s1p5_p4_cap_lo1_hi2_d0p5,0.9095636606216431,0.11909570544958115,0.11909570544958115,2.9161248207092285
fourier_gate_s1p5_p4_cap_lo1_hi2_d0p5,0.9173502326011658,0.12271963804960251,0.12271963804960251,2.9274797439575195
fourier_gate_s1p5_p4_cap_lo1_hi2_d0p5,0.9252034425735474,0.12643802165985107,0.12643802165985107,2.938565492630005
fourier_gate_s1p5_p4_cap_lo1_hi2_d0p5,0.9331238269805908,0.13025230169296265,0.13025230169296265,2.949368953704834
fourier_gate_s1p5_p4_cap_lo1_hi2_d0p5,0.9411121010780334,0.1341640055179596,0.1341640055179596,2.9598772525787354
fourier_gate_s1p5_p4_cap_lo1_hi2_d0p5,0.9491686820983887,0.13817450404167175,0.13817450404167175,2.9700770378112793
fourier_gate_s1p5_p4_cap_lo1_hi2_d0p5,0.9572942852973938,0.14228519797325134,0.14228519797325134,2.9799540042877197
fourier_gate_s1p5_p4_cap_lo1_hi2_d0p5,0.9654894471168518,0.14649741351604462,0.14649741351604462,2.9894967079162598
fourier_gate_s1p5_p4_cap_lo1_hi2_d0p5,0.9737547039985657,0.15081235766410828,0.15081235766410828,2.9986894130706787
fourier_gate_s1p5_p4_cap_lo1_hi2_d0p5,0.9820907711982727,0.155231311917305,0.155231311917305,3.0075197219848633
fourier_gate_s1p5_p4_cap_lo1_hi2_d0p5,0.9904981851577759,0.1597553789615631,0.1597553789615631,3.0159730911254883
fourier_gate_s1p5_p4_cap_lo1_hi2_d0p5,0.9989776015281677,0.1643856316804886,0.1643856316804886,3.024035692214966
fourier_gate_s1p5_p4_cap_lo1_hi2_d0p5,1.007529616355896,0.16916553676128387,0.17383094131946564,3.0163893699645996
fourier_gate_s1p5_p4_cap_lo1_hi2_d0p5,1.0161547660827637,0.17416051030158997,0.19464635848999023,2.97119140625
fourier_gate_s1p5_p4_cap_lo1_hi2_d0p5,1.0248538255691528,0.17936904728412628,0.22472530603408813,2.8946330547332764
fourier_gate_s1p5_p4_cap_lo1_hi2_d0p5,1.0336273908615112,0.18478813767433167,0.2612059414386749,2.795715808868408
fourier_gate_s1p5_p4_cap_lo1_hi2_d0p5,1.042475938796997,0.1904141753911972,0.3012368977069855,2.683698892593384
fourier_gate_s1p5_p4_cap_lo1_hi2_d0p5,1.0514003038406372,0.19624339044094086,0.3424343466758728,2.5664961338043213
fourier_gate_s1p5_p4_cap_lo1_hi2_d0p5,1.0604010820388794,0.2022712379693985,0.3830539584159851,2.450010061264038
fourier_gate_s1p5_p4_cap_lo1_hi2_d0p5,1.0694788694381714,0.20849278569221497,0.42196476459503174,2.3381476402282715
fourier_gate_s1p5_p4_cap_lo1_hi2_d0p5,1.0786343812942505,0.21490269899368286,0.4585275650024414,2.2331833839416504
fourier_gate_s1p5_p4_cap_lo1_hi2_d0p5,1.087868332862854,0.22149533033370972,0.49245384335517883,2.1362037658691406
fourier_gate_s1p5_p4_cap_lo1_hi2_d0p5,1.0971813201904297,0.22826437652111053,0.5236837863922119,2.047511339187622
fourier_gate_s1p5_p4_cap_lo1_hi2_d0p5,1.1065739393234253,0.23520341515541077,0.5522964000701904,1.9669239521026611
fourier_gate_s1p5_p4_cap_lo1_hi2_d0p5,1.1160470247268677,0.24230562150478363,0.5784473419189453,1.8939828872680664
fourier_gate_s1p5_p4_cap_lo1_hi2_d0p5,1.1256012916564941,0.2495640367269516,0.6023274660110474,1.8280993700027466
fourier_gate_s1p5_p4_cap_lo1_hi2_d0p5,1.135237216949463,0.2569710612297058,0.6241376399993896,1.7686371803283691
fourier_gate_s1p5_p4_cap_lo1_hi2_d0p5,1.1449557542800903,0.26451942324638367,0.6440765857696533,1.7149627208709717
fourier_gate_s1p5_p4_cap_lo1_hi2_d0p5,1.1547573804855347,0.27220115065574646,0.6623302698135376,1.6664761304855347
fourier_gate_s1p5_p4_cap_lo1_hi2_d0p5,1.1646429300308228,0.280008465051651,0.6790704131126404,1.6226238012313843
fourier_gate_s1p5_p4_cap_lo1_hi2_d0p5,1.174613118171692,0.28793346881866455,0.6944522857666016,1.5829031467437744
fourier_gate_s1p5_p4_cap_lo1_hi2_d0p5,1.1846686601638794,0.2959679663181305,0.7086148858070374,1.5468641519546509
fourier_gate_s1p5_p4_cap_lo1_hi2_d0p5,1.194810390472412,0.3041040301322937,0.7216823101043701,1.5141059160232544
fourier_gate_s1p5_p4_cap_lo1_hi2_d0p5,1.2050387859344482,0.312333345413208,0.7337642908096313,1.4842745065689087
fourier_gate_s1p5_p4_cap_lo1_hi2_d0p5,1.2153548002243042,0.32064804434776306,0.7449585199356079,1.4570555686950684
fourier_gate_s1p5_p4_cap_lo1_hi2_d0p5,1.2257591485977173,0.3290400505065918,0.7553514242172241,1.4321730136871338
fourier_gate_s1p5_p4_cap_lo1_hi2_d0p5,1.2362525463104248,0.3375014066696167,0.7650192379951477,1.4093828201293945
fourier_gate_s1p5_p4_cap_lo1_hi2_d0p5,1.2468358278274536,0.34602439403533936,0.7740299105644226,1.388469934463501
fourier_gate_s1p5_p4_cap_lo1_hi2_d0p5,1.2575095891952515,0.3546011447906494,0.7824432849884033,1.3692445755004883
fourier_gate_s1p5_p4_cap_lo1_hi2_d0p5,1.2682749032974243,0.36322447657585144,0.790313184261322,1.351538896560669
fourier_gate_s1p5_p4_cap_lo1_hi2_d0p5,1.2791322469711304,0.3718867003917694,0.7976869940757751,1.3352049589157104
fourier_gate_s1p5_p4_cap_lo1_hi2_d0p5,1.290082573890686,0.3805808126926422,0.8046072721481323,1.3201106786727905
fourier_gate_s1p5_p4_cap_lo1_hi2_d0p5,1.3011265993118286,0.38929983973503113,0.8111118078231812,1.3061398267745972
fourier_gate_s1p5_p4_cap_lo1_hi2_d0p5,1.312265157699585,0.3980371057987213,0.8172347545623779,1.2931886911392212
fourier_gate_s1p5_p4_cap_lo1_hi2_d0p5,1.3234992027282715,0.406786173582077,0.8230068683624268,1.2811646461486816
fourier_gate_s1p5_p4_cap_lo1_hi2_d0p5,1.334829330444336,0.4155406951904297,0.8284552097320557,1.269985556602478
fourier_gate_s1p5_p4_cap_lo1_hi2_d0p5,1.3462563753128052,0.4242945611476898,0.8336045742034912,1.2595776319503784
fourier_gate_s1p5_p4_cap_lo1_hi2_d0p5,1.3577814102172852,0.43304237723350525,0.838477611541748,1.2498751878738403
fourier_gate_s1p5_p4_cap_lo1_hi2_d0p5,1.3694050312042236,0.4417783319950104,0.8430944681167603,1.2408188581466675
fourier_gate_s1p5_p4_cap_lo1_hi2_d0p5,1.3811280727386475,0.45049726963043213,0.8474732637405396,1.2323554754257202
fourier_gate_s1p5_p4_cap_lo1_hi2_d0p5,1.3929516077041626,0.4591943025588989,0.8516308069229126,1.2244377136230469
fourier_gate_s1p5_p4_cap_lo1_hi2_d0p5,1.4048762321472168,0.4678645431995392,0.8555822372436523,1.2170218229293823
fourier_gate_s1p5_p4_cap_lo1_hi2_d0p5,1.416903018951416,0.4765036702156067,0.8593415021896362,1.2100692987442017
fourier_gate_s1p5_p4_cap_lo1_hi2_d0p5,1.429032802581787,0.485107421875,0.8629211187362671,1.2035448551177979
fourier_gate_s1p5_p4_cap_lo1_hi2_d0p5,1.441266417503357,0.4936717450618744,0.8663326501846313,1.1974165439605713
fourier_gate_s1p5_p4_cap_lo1_hi2_d0p5,1.4536046981811523,0.5021929144859314,0.8695865869522095,1.1916553974151611
fourier_gate_s1p5_p4_cap_lo1_hi2_d0p5,1.4660485982894897,0.5106674432754517,0.8726929426193237,1.1862354278564453
fourier_gate_s1p5_p4_cap_lo1_hi2_d0p5,1.4785990715026855,0.5190919637680054,0.8756603002548218,1.181132197380066
fourier_gate_s1p5_p4_cap_lo1_hi2_d0p5,1.4912569522857666,0.527463436126709,0.8784969449043274,1.176324486732483
fourier_gate_s1p5_p4_cap_lo1_hi2_d0p5,1.5040231943130493,0.535778820514679,0.8812105655670166,1.171791911125183
fourier_gate_s1p5_p4_cap_lo1_hi2_d0p5,1.51689875125885,0.5440356731414795,0.8838082551956177,1.167516827583313
fourier_gate_s1p5_p4_cap_lo1_hi2_d0p5,1.5298845767974854,0.5522312521934509,0.886296272277832,1.1634821891784668
fourier_gate_s1p5_p4_cap_lo1_hi2_d0p5,1.542981505393982,0.5603633522987366,0.8886805772781372,1.1596732139587402
fourier_gate_s1p5_p4_cap_lo1_hi2_d0p5,1.5561906099319458,0.5684298276901245,0.8909668922424316,1.1560755968093872
fourier_gate_s1p5_p4_cap_lo1_hi2_d0p5,1.5695127248764038,0.5764284729957581,0.8931602239608765,1.1526769399642944
fourier_gate_s1p5_p4_cap_lo1_hi2_d0p5,1.582948923110962,0.5843576788902283,0.8952653408050537,1.1494653224945068
fourier_gate_s1p5_p4_cap_lo1_hi2_d0p5,1.5965001583099365,0.5922154784202576,0.8972867727279663,1.1464300155639648
fourier_gate_s1p5_p4_cap_lo1_hi2_d0p5,1.610167384147644,0.6000004410743713,0.899228572845459,1.1435612440109253
fourier_gate_s1p5_p4_cap_lo1_hi2_d0p5,1.6239515542984009,0.6077109575271606,0.9010945558547974,1.1408497095108032
fourier_gate_s1p5_p4_cap_lo1_hi2_d0p5,1.637853741645813,0.61534583568573,0.9028884172439575,1.1382874250411987
fourier_gate_s1p5_p4_cap_lo1_hi2_d0p5,1.6518750190734863,0.6229036450386047,0.9046133756637573,1.1358662843704224
fourier_gate_s1p5_p4_cap_lo1_hi2_d0p5,1.6660163402557373,0.630383312702179,0.9062725305557251,1.1335794925689697
fourier_gate_s1p5_p4_cap_lo1_hi2_d0p5,1.6802786588668823,0.6377836465835571,0.9078689217567444,1.1314204931259155
fourier_gate_s1p5_p4_cap_lo1_hi2_d0p5,1.6946630477905273,0.6451038122177124,0.9094051122665405,1.1293829679489136
fourier_gate_s1p5_p4_cap_lo1_hi2_d0p5,1.7091705799102783,0.6523427367210388,0.9108837246894836,1.1274619102478027
fourier_gate_s1p5_p4_cap_lo1_hi2_d0p5,1.7238024473190308,0.6594997048377991,0.9123070240020752,1.1256518363952637
fourier_gate_s1p5_p4_cap_lo1_hi2_d0p5,1.738559365272522,0.6665737628936768,0.9136773943901062,1.1239484548568726
fourier_gate_s1p5_p4_cap_lo1_hi2_d0p5,1.7534427642822266,0.6735641956329346,0.9149967432022095,1.1223472356796265
fourier_gate_s1p5_p4_cap_lo1_hi2_d0p5,1.7684534788131714,0.6804705262184143,0.9162671566009521,1.1208443641662598
fourier_gate_s1p5_p4_cap_lo1_hi2_d0p5,1.7835928201675415,0.6872919797897339,0.9174904227256775,1.1194363832473755
fourier_gate_s1p5_p4_cap_lo1_hi2_d0p5,1.7988616228103638,0.694027841091156,0.9186681509017944,1.1181199550628662
fourier_gate_s1p5_p4_cap_lo1_hi2_d0p5,1.8142613172531128,0.7006778120994568,0.9198019504547119,1.1168920993804932
fourier_gate_s1p5_p4_cap_lo1_hi2_d0p5,1.8297927379608154,0.7072412371635437,0.9208933115005493,1.1157501935958862
fourier_gate_s1p5_p4_cap_lo1_hi2_d0p5,1.8454570770263672,0.7137177586555481,0.921943724155426,1.1146920919418335
fourier_gate_s1p5_p4_cap_lo1_hi2_d0p5,1.8612555265426636,0.7201067805290222,0.9229543209075928,1.1137152910232544
fourier_gate_s1p5_p4_cap_lo1_hi2_d0p5,1.8771892786026,0.7264080047607422,0.9239264130592346,1.1128181219100952
fourier_gate_s1p5_p4_cap_lo1_hi2_d0p5,1.8932594060897827,0.7326210737228394,0.9248610734939575,1.1119990348815918
fourier_gate_s1p5_p4_cap_lo1_hi2_d0p5,1.909467101097107,0.7387456893920898,0.9257592558860779,1.1112563610076904
fourier_gate_s1p5_p4_cap_lo1_hi2_d0p5,1.9258135557174683,0.7447813749313354,0.9266219735145569,1.1105893850326538
fourier_gate_s1p5_p4_cap_lo1_hi2_d0p5,1.9422999620437622,0.7507280707359314,0.9274501800537109,1.1099969148635864
fourier_gate_s1p5_p4_cap_lo1_hi2_d0p5,1.9589273929595947,0.7565853595733643,0.9282445907592773,1.109478235244751
fourier_gate_s1p5_p4_cap_lo1_hi2_d0p5,1.9756972789764404,0.7623530626296997,0.9290059208869934,1.1090328693389893
fourier_gate_s1p5_p4_cap_lo1_hi2_d0p5,1.9926106929779053,0.7680312395095825,0.9297350645065308,1.1086608171463013
fourier_gate_s1p5_p4_cap_lo1_hi2_d0p5,2.009669065475464,0.7736208438873291,0.9304369688034058,1.10834801197052
fourier_gate_s1p5_p4_cap_lo1_hi2_d0p5,2.0268731117248535,0.7791279554367065,0.9311337471008301,1.1080304384231567
fourier_gate_s1p5_p4_cap_lo1_hi2_d0p5,2.044224739074707,0.7845522165298462,0.9318282604217529,1.1076995134353638
fourier_gate_s1p5_p4_cap_lo1_hi2_d0p5,2.061724901199341,0.7898924350738525,0.9325206279754639,1.1073548793792725
fourier_gate_s1p5_p4_cap_lo1_hi2_d0p5,2.0793747901916504,0.7951474785804749,0.933211088180542,1.106995940208435
fourier_gate_s1p5_p4_cap_lo1_hi2_d0p5,2.0971755981445312,0.8003164529800415,0.9338995814323425,1.1066220998764038
fourier_gate_s1p5_p4_cap_lo1_hi2_d0p5,2.115128993988037,0.8053985834121704,0.9345864057540894,1.10623300075531
fourier_gate_s1p5_p4_cap_lo1_hi2_d0p5,2.1332361698150635,0.8103930950164795,0.9352715611457825,1.1058281660079956
fourier_gate_s1p5_p4_cap_lo1_hi2_d0p5,2.151498317718506,0.815299391746521,0.935955286026001,1.1054068803787231
fourier_gate_s1p5_p4_cap_lo1_hi2_d0p5,2.1699166297912598,0.8201168775558472,0.9366375803947449,1.1049686670303345
fourier_gate_s1p5_p4_cap_lo1_hi2_d0p5,2.188492774963379,0.8248453736305237,0.937318742275238,1.1045130491256714
fourier_gate_s1p5_p4_cap_lo1_hi2_d0p5,2.207227945327759,0.8294845819473267,0.9379987716674805,1.1040393114089966
fourier_gate_s1p5_p4_cap_lo1_hi2_d0p5,2.226123332977295,0.8340342044830322,0.9386777877807617,1.103547215461731
fourier_gate_s1p5_p4_cap_lo1_hi2_d0p5,2.245180606842041,0.8384943604469299,0.9393560290336609,1.103035807609558
fourier_gate_s1p5_p4_cap_lo1_hi2_d0p5,2.2644009590148926,0.842864990234375,0.9400334358215332,1.1025047302246094
fourier_gate_s1p5_p4_cap_lo1_hi2_d0p5,2.2837860584259033,0.8471464514732361,0.9407104253768921,1.101953387260437
fourier_gate_s1p5_p4_cap_lo1_hi2_d0p5,2.3033368587493896,0.8513386845588684,0.9413868188858032,1.1013814210891724
fourier_gate_s1p5_p4_cap_lo1_hi2_d0p5,2.3230550289154053,0.8554421663284302,0.9420627951622009,1.1007879972457886
fourier_gate_s1p5_p4_cap_lo1_hi2_d0p5,2.342942237854004,0.8594574928283691,0.9427385926246643,1.100172758102417
fourier_gate_s1p5_p4_cap_lo1_hi2_d0p5,2.362999439239502,0.8633848428726196,0.9434142112731934,1.0995351076126099
fourier_gate_s1p5_p4_cap_lo1_hi2_d0p5,2.3832285404205322,0.8672250509262085,0.9440897703170776,1.0988744497299194
fourier_gate_s1p5_p4_cap_lo1_hi2_d0p5,2.4036307334899902,0.8709786534309387,0.9447653293609619,1.0981905460357666
fourier_gate_s1p5_p4_cap_lo1_hi2_d0p5,2.4242076873779297,0.8746465444564819,0.9454411864280701,1.0974829196929932
fourier_gate_s1p5_p4_cap_lo1_hi2_d0p5,2.444960594177246,0.8782293200492859,0.9461171627044678,1.0967508554458618
fourier_gate_s1p5_p4_cap_lo1_hi2_d0p5,2.4658913612365723,0.881727933883667,0.9467934370040894,1.0959941148757935
fourier_gate_s1p5_p4_cap_lo1_hi2_d0p5,2.4870011806488037,0.8851433396339417,0.9474700689315796,1.0952123403549194
fourier_gate_s1p5_p4_cap_lo1_hi2_d0p5,2.508291721343994,0.8884764909744263,0.9481472969055176,1.0944050550460815
fourier_gate_s1p5_p4_cap_lo1_hi2_d0p5,2.529764413833618,0.8917282819747925,0.9488248825073242,1.0935720205307007
fourier_gate_s1p5_p4_cap_lo1_hi2_d0p5,2.5514211654663086,0.8949000239372253,0.9495030641555786,1.0927131175994873
fourier_gate_s1p5_p4_cap_lo1_hi2_d0p5,2.573263168334961,0.8979926109313965,0.9501819014549255,1.0918279886245728
fourier_gate_s1p5_p4_cap_lo1_hi2_d0p5,2.595292329788208,0.9010072350502014,0.9508611559867859,1.090916395187378
fourier_gate_s1p5_p4_cap_lo1_hi2_d0p5,2.6175098419189453,0.9039450883865356,0.9515411257743835,1.0899782180786133
fourier_gate_s1p5_p4_cap_lo1_hi2_d0p5,2.6399176120758057,0.9068074822425842,0.9522217512130737,1.089013695716858
fourier_gate_s1p5_p4_cap_lo1_hi2_d0p5,2.6625173091888428,0.9095953702926636,0.9529029130935669,1.0880224704742432
fourier_gate_s1p5_p4_cap_lo1_hi2_d0p5,2.6853103637695312,0.9123104214668274,0.9535847902297974,1.0870047807693481
fourier_gate_s1p5_p4_cap_lo1_hi2_d0p5,2.708298683166504,0.9149537086486816,0.954267144203186,1.085960865020752
fourier_gate_s1p5_p4_cap_lo1_hi2_d0p5,2.7314836978912354,0.917526364326477,0.9549499154090881,1.0848908424377441
fourier_gate_s1p5_p4_cap_lo1_hi2_d0p5,2.7548673152923584,0.9200300574302673,0.955633282661438,1.0837949514389038
fourier_gate_s1p5_p4_cap_lo1_hi2_d0p5,2.7784509658813477,0.9224657416343689,0.9563168883323669,1.0826737880706787
fourier_gate_s1p5_p4_cap_lo1_hi2_d0p5,2.802236557006836,0.9248350262641907,0.9570007920265198,1.0815277099609375
fourier_gate_s1p5_p4_cap_lo1_hi2_d0p5,2.826225757598877,0.9271390438079834,0.9576848149299622,1.0803570747375488
fourier_gate_s1p5_p4_cap_lo1_hi2_d0p5,2.8504204750061035,0.929379403591156,0.9583690166473389,1.079162836074829
fourier_gate_s1p5_p4_cap_lo1_hi2_d0p5,2.8748221397399902,0.9315571784973145,0.9590529203414917,1.077945590019226
fourier_gate_s1p5_p4_cap_lo1_hi2_d0p5,2.89943265914917,0.9336737394332886,0.9597365260124207,1.0767059326171875
fourier_gate_s1p5_p4_cap_lo1_hi2_d0p5,2.9242539405822754,0.9357305765151978,0.9604198336601257,1.0754451751708984
fourier_gate_s1p5_p4_cap_lo1_hi2_d0p5,2.9492876529693604,0.9377288818359375,0.9611024260520935,1.0741639137268066
fourier_gate_s1p5_p4_cap_lo1_hi2_d0p5,2.9745359420776367,0.9396701455116272,0.9617842435836792,1.0728634595870972
fourier_gate_s1p5_p4_cap_lo1_hi2_d0p5,3.0,0.9415554404258728,0.9624649882316589,1.0715450048446655
fourier_gate_s1p5_p4_linear_sigma,0.10000000149011612,0.0,0.0,1.0568275451660156
fourier_gate_s1p5_p4_linear_sigma,0.10085607320070267,0.0,0.0,1.0577778816223145
fourier_gate_s1p5_p4_linear_sigma,0.10171947628259659,0.0,0.0,1.0587438344955444
fourier_gate_s1p5_p4_linear_sigma,0.10259027034044266,0.0,0.0,1.0597254037857056
fourier_gate_s1p5_p4_linear_sigma,0.10346852242946625,0.0,0.0,1.0607229471206665
fourier_gate_s1p5_p4_linear_sigma,0.10435428470373154,0.0,0.0,1.0617367029190063
fourier_gate_s1p5_p4_linear_sigma,0.10524763911962509,0.0,0.0,1.0627670288085938
fourier_gate_s1p5_p4_linear_sigma,0.1061486303806305,0.0,0.0,1.0638139247894287
fourier_gate_s1p5_p4_linear_sigma,0.1070573478937149,0.0,0.0,1.0648776292800903
fourier_gate_s1p5_p4_linear_sigma,0.10797383636236191,0.0,0.0,1.0659586191177368
fourier_gate_s1p5_p4_linear_sigma,0.10889817029237747,0.0,0.0,1.0670571327209473
fourier_gate_s1p5_p4_linear_sigma,0.10983041673898697,0.0,0.0,1.0681734085083008
fourier_gate_s1p5_p4_linear_sigma,0.11077065020799637,0.0,0.0,1.069307565689087
fourier_gate_s1p5_p4_linear_sigma,0.11171893030405045,0.0,0.0,1.0704600811004639
fourier_gate_s1p5_p4_linear_sigma,0.11267532408237457,0.0,0.0,1.0716311931610107
fourier_gate_s1p5_p4_linear_sigma,0.11363990604877472,0.0,0.0,1.0728209018707275
fourier_gate_s1p5_p4_linear_sigma,0.11461275070905685,0.0,0.0,1.0740299224853516
fourier_gate_s1p5_p4_linear_sigma,0.11559391766786575,0.0,0.0,1.0752582550048828
fourier_gate_s1p5_p4_linear_sigma,0.11658348888158798,0.0,0.0,1.07650625705719
fourier_gate_s1p5_p4_linear_sigma,0.11758153140544891,0.0,0.0,1.0777742862701416
fourier_gate_s1p5_p4_linear_sigma,0.11858811229467392,0.0,0.0,1.079062581062317
fourier_gate_s1p5_p4_linear_sigma,0.11960331350564957,0.0,0.0,1.0803714990615845
fourier_gate_s1p5_p4_linear_sigma,0.12062720954418182,0.0,0.0,1.0817012786865234
fourier_gate_s1p5_p4_linear_sigma,0.12165986746549606,0.0,0.0,1.083052158355713
fourier_gate_s1p5_p4_linear_sigma,0.12270136922597885,0.0,0.0,1.084424614906311
fourier_gate_s1p5_p4_linear_sigma,0.12375178188085556,0.0,0.0,1.085818886756897
fourier_gate_s1p5_p4_linear_sigma,0.12481118738651276,0.0,0.0,1.0872353315353394
fourier_gate_s1p5_p4_linear_sigma,0.1258796602487564,0.0,0.0,1.0886740684509277
fourier_gate_s1p5_p4_linear_sigma,0.12695728242397308,0.0,0.0,1.0901358127593994
fourier_gate_s1p5_p4_linear_sigma,0.12804412841796875,0.0,0.0,1.0916205644607544
fourier_gate_s1p5_p4_linear_sigma,0.12914028763771057,0.0,0.0,1.0931288003921509
fourier_gate_s1p5_p4_linear_sigma,0.13024581968784332,0.0,0.0,1.0946608781814575
fourier_gate_s1p5_p4_linear_sigma,0.13136082887649536,0.0,0.0,1.096217155456543
fourier_gate_s1p5_p4_linear_sigma,0.13248537480831146,0.0,0.0,1.0977977514266968
fourier_gate_s1p5_p4_linear_sigma,0.1336195468902588,0.0,0.0,1.0994032621383667
fourier_gate_s1p5_p4_linear_sigma,0.1347634196281433,0.0,0.0,1.1010340452194214
fourier_gate_s1p5_p4_linear_sigma,0.13591709733009338,0.0,0.0,1.1026902198791504
fourier_gate_s1p5_p4_linear_sigma,0.13708065450191498,0.0,0.0,1.104372501373291
fourier_gate_s1p5_p4_linear_sigma,0.13825416564941406,0.0,0.0,1.1060811281204224
fourier_gate_s1p5_p4_linear_sigma,0.1394377201795578,0.0,0.0,1.107816219329834
fourier_gate_s1p5_p4_linear_sigma,0.14063140749931335,0.0,0.0,1.1095784902572632
fourier_gate_s1p5_p4_linear_sigma,0.1418353170156479,0.0,0.0,1.111368179321289
fourier_gate_s1p5_p4_linear_sigma,0.14304953813552856,0.0,0.0,1.1131857633590698
fourier_gate_s1p5_p4_linear_sigma,0.14427414536476135,0.0,0.0,1.1150314807891846
fourier_gate_s1p5_p4_linear_sigma,0.1455092430114746,0.0,0.0,1.1169058084487915
fourier_gate_s1p5_p4_linear_sigma,0.1467549055814743,0.0,0.0,1.1188092231750488
fourier_gate_s1p5_p4_linear_sigma,0.1480112373828888,0.0,0.0,1.120741844177246
fourier_gate_s1p5_p4_linear_sigma,0.14927831292152405,0.0,0.0,1.1227045059204102
fourier_gate_s1p5_p4_linear_sigma,0.15055625140666962,0.0,0.0,1.1246973276138306
fourier_gate_s1p5_p4_linear_sigma,0.15184512734413147,0.0,0.0,1.1267207860946655
fourier_gate_s1p5_p4_linear_sigma,0.15314503014087677,0.0,0.0,1.1287752389907837
fourier_gate_s1p5_p4_linear_sigma,0.15445606410503387,0.0,0.0,1.1308612823486328
fourier_gate_s1p5_p4_linear_sigma,0.15577831864356995,0.0,0.0,1.1329792737960815
fourier_gate_s1p5_p4_linear_sigma,0.15711189806461334,0.0,0.0,1.135129690170288
fourier_gate_s1p5_p4_linear_sigma,0.15845689177513123,0.0,0.0,1.137312650680542
fourier_gate_s1p5_p4_linear_sigma,0.15981340408325195,0.0,0.0,1.1395291090011597
fourier_gate_s1p5_p4_linear_sigma,0.1611815243959427,0.0,0.0,1.1417791843414307
fourier_gate_s1p5_p4_linear_sigma,0.1625613570213318,0.0,0.0,1.1440633535385132
fourier_gate_s1p5_p4_linear_sigma,0.1639530062675476,0.0,0.0,1.146382212638855
fourier_gate_s1p5_p4_linear_sigma,0.1653565615415573,0.0,0.0,1.1487361192703247
fourier_gate_s1p5_p4_linear_sigma,0.16677214205265045,0.0,0.0,1.1511255502700806
fourier_gate_s1p5_p4_linear_sigma,0.1681998372077942,0.0,0.0,1.1535509824752808
fourier_gate_s1p5_p4_linear_sigma,0.16963975131511688,0.0,0.0,1.1560128927230835
fourier_gate_s1p5_p4_linear_sigma,0.1710919886827469,0.0,0.0,1.158511757850647
fourier_gate_s1p5_p4_linear_sigma,0.17255665361881256,0.0,0.0,1.1610480546951294
fourier_gate_s1p5_p4_linear_sigma,0.17403388023376465,0.0,0.0,1.1636223793029785
fourier_gate_s1p5_p4_linear_sigma,0.17552372813224792,0.0,0.0,1.166235089302063
fourier_gate_s1p5_p4_linear_sigma,0.17702634632587433,0.0,0.0,1.1688867807388306
fourier_gate_s1p5_p4_linear_sigma,0.17854182422161102,0.0,0.0,1.17157781124115
fourier_gate_s1p5_p4_linear_sigma,0.18007026612758636,0.0,0.0,1.1743087768554688
fourier_gate_s1p5_p4_linear_sigma,0.1816118061542511,0.0,0.0,1.1770802736282349
fourier_gate_s1p5_p4_linear_sigma,0.1831665337085724,0.0,0.0,1.1798927783966064
fourier_gate_s1p5_p4_linear_sigma,0.18473458290100098,0.0,0.0,1.1827467679977417
fourier_gate_s1p5_p4_linear_sigma,0.18631604313850403,0.0,0.0,1.1856427192687988
fourier_gate_s1p5_p4_linear_sigma,0.1879110485315323,0.0,0.0,1.1885813474655151
fourier_gate_s1p5_p4_linear_sigma,0.1895197033882141,0.0,0.0,1.1915628910064697
fourier_gate_s1p5_p4_linear_sigma,0.19114212691783905,0.0,0.0,1.1945881843566895
fourier_gate_s1p5_p4_linear_sigma,0.19277845323085785,0.0,0.0,1.1976577043533325
fourier_gate_s1p5_p4_linear_sigma,0.19442877173423767,0.0,0.0,1.200771689414978
fourier_gate_s1p5_p4_linear_sigma,0.19609323143959045,0.0,0.0,1.203931212425232
fourier_gate_s1p5_p4_linear_sigma,0.19777193665504456,0.0,0.0,1.2071365118026733
fourier_gate_s1p5_p4_linear_sigma,0.19946500658988953,0.0,0.0,1.2103883028030396
fourier_gate_s1p5_p4_linear_sigma,0.2011725753545761,0.0,0.0,1.2136869430541992
fourier_gate_s1p5_p4_linear_sigma,0.20289476215839386,0.0,0.0,1.2170331478118896
fourier_gate_s1p5_p4_linear_sigma,0.20463168621063232,0.0,0.0,1.2204275131225586
fourier_gate_s1p5_p4_linear_sigma,0.20638348162174225,0.0,0.0,1.2238705158233643
fourier_gate_s1p5_p4_linear_sigma,0.20815028250217438,0.0,0.0,1.2273629903793335
fourier_gate_s1p5_p4_linear_sigma,0.20993220806121826,0.0,0.0,1.2309051752090454
fourier_gate_s1p5_p4_linear_sigma,0.21172937750816345,0.0,0.0,1.2344979047775269
fourier_gate_s1p5_p4_linear_sigma,0.2135419398546219,0.0,0.0,1.238141655921936
fourier_gate_s1p5_p4_linear_sigma,0.21537001430988312,0.0,0.0,1.2418371438980103
fourier_gate_s1p5_p4_linear_sigma,0.21721374988555908,0.0,0.0,1.2455848455429077
fourier_gate_s1p5_p4_linear_sigma,0.21907325088977814,0.0,0.0,1.2493855953216553
fourier_gate_s1p5_p4_linear_sigma,0.22094868123531342,0.0,0.0,1.2532397508621216
fourier_gate_s1p5_p4_linear_sigma,0.22284016013145447,0.0,0.0,1.2571481466293335
fourier_gate_s1p5_p4_linear_sigma,0.22474783658981323,0.0,0.0,1.2611113786697388
fourier_gate_s1p5_p4_linear_sigma,0.22667184472084045,0.0,0.0,1.265129804611206
fourier_gate_s1p5_p4_linear_sigma,0.22861233353614807,0.0,0.0,1.2692043781280518
fourier_gate_s1p5_p4_linear_sigma,0.23056942224502563,0.0,0.0,1.2733358144760132
fourier_gate_s1p5_p4_linear_sigma,0.23254325985908508,0.0,0.0,1.2775243520736694
fourier_gate_s1p5_p4_linear_sigma,0.23453401029109955,0.0,0.0,1.281770944595337
fourier_gate_s1p5_p4_linear_sigma,0.23654179275035858,0.0,0.0,1.2860761880874634
fourier_gate_s1p5_p4_linear_sigma,0.23856677114963531,0.0,0.0,1.2904406785964966
fourier_gate_s1p5_p4_linear_sigma,0.2406090646982193,0.0,0.0,1.2948651313781738
fourier_gate_s1p5_p4_linear_sigma,0.24266886711120605,0.0,0.0,1.2993502616882324
fourier_gate_s1p5_p4_linear_sigma,0.24474628269672394,0.0,0.0,1.3038965463638306
fourier_gate_s1p5_p4_linear_sigma,0.24684149026870728,0.0,0.0,1.3085049390792847
fourier_gate_s1p5_p4_linear_sigma,0.248954638838768,0.0,0.0,1.3131757974624634
fourier_gate_s1p5_p4_linear_sigma,0.25108587741851807,0.0,0.0,1.3179101943969727
fourier_gate_s1p5_p4_linear_sigma,0.2532353699207306,0.0,0.0,1.3227086067199707
fourier_gate_s1p5_p4_linear_sigma,0.2554032504558563,0.0,0.0,1.3275717496871948
fourier_gate_s1p5_p4_linear_sigma,0.2575896680355072,0.0,0.0,1.3325001001358032
fourier_gate_s1p5_p4_linear_sigma,0.25979483127593994,0.0,0.0,1.3374947309494019
fourier_gate_s1p5_p4_linear_sigma,0.2620188891887665,0.0,0.0,1.3425562381744385
fourier_gate_s1p5_p4_linear_sigma,0.26426196098327637,0.0,0.0,1.3476849794387817
fourier_gate_s1p5_p4_linear_sigma,0.26652422547340393,0.0,0.0,1.3528822660446167
fourier_gate_s1p5_p4_linear_sigma,0.2688058614730835,0.0,0.0,1.3581483364105225
fourier_gate_s1p5_p4_linear_sigma,0.2711070477962494,0.0,0.0,1.3634841442108154
fourier_gate_s1p5_p4_linear_sigma,0.27342793345451355,0.0,0.0,1.3688905239105225
fourier_gate_s1p5_p4_linear_sigma,0.2757686674594879,0.0,0.0,1.3743678331375122
fourier_gate_s1p5_p4_linear_sigma,0.2781294584274292,0.0,0.0,1.3799171447753906
fourier_gate_s1p5_p4_linear_sigma,0.28051045536994934,0.0,0.0,1.385538935661316
fourier_gate_s1p5_p4_linear_sigma,0.28291183710098267,0.0,0.0,1.391234040260315
fourier_gate_s1p5_p4_linear_sigma,0.2853337526321411,0.0,0.0,1.397003412246704
fourier_gate_s1p5_p4_linear_sigma,0.2877764403820038,0.0,0.0,1.4028476476669312
fourier_gate_s1p5_p4_linear_sigma,0.29024001955986023,0.0,0.0,1.4087674617767334
fourier_gate_s1p5_p4_linear_sigma,0.2927246689796448,0.0,0.0,1.4147635698318481
fourier_gate_s1p5_p4_linear_sigma,0.2952306270599365,0.0,0.0,1.4208369255065918
fourier_gate_s1p5_p4_linear_sigma,0.297758013010025,0.0,0.0,1.4269882440567017
fourier_gate_s1p5_p4_linear_sigma,0.300307035446167,0.0,0.0,1.4332181215286255
fourier_gate_s1p5_p4_linear_sigma,0.30287790298461914,0.0,0.0,1.4395276308059692
fourier_gate_s1p5_p4_linear_sigma,0.305470734834671,0.0,0.0,1.4459171295166016
fourier_gate_s1p5_p4_linear_sigma,0.3080857992172241,0.0,0.0,1.4523876905441284
fourier_gate_s1p5_p4_linear_sigma,0.3107232451438904,0.0,0.0,1.4589402675628662
fourier_gate_s1p5_p4_linear_sigma,0.3133832812309265,0.0,0.0,1.4655753374099731
fourier_gate_s1p5_p4_linear_sigma,0.31606605648994446,0.0,0.0,1.472293734550476
fourier_gate_s1p5_p4_linear_sigma,0.3187718093395233,0.0,0.0,1.479096531867981
fourier_gate_s1p5_p4_linear_sigma,0.3215007483959198,0.0,0.0,1.4859843254089355
fourier_gate_s1p5_p4_linear_sigma,0.32425302267074585,0.0,0.0,1.4929578304290771
fourier_gate_s1p5_p4_linear_sigma,0.32702887058258057,0.0,0.0,1.5000181198120117
fourier_gate_s1p5_p4_linear_sigma,0.3298284709453583,0.0,0.0,1.5071656703948975
fourier_gate_s1p5_p4_linear_sigma,0.3326520621776581,0.0,0.0,1.5144016742706299
fourier_gate_s1p5_p4_linear_sigma,0.3354997932910919,0.0,0.0,1.5217268466949463
fourier_gate_s1p5_p4_linear_sigma,0.3383719325065613,0.0,0.0,1.5291417837142944
fourier_gate_s1p5_p4_linear_sigma,0.3412686288356781,0.0,0.0,1.5366476774215698
fourier_gate_s1p5_p4_linear_sigma,0.34419015049934387,0.0,0.0,1.5442451238632202
fourier_gate_s1p5_p4_linear_sigma,0.3471366763114929,0.0,0.0,1.551935076713562
fourier_gate_s1p5_p4_linear_sigma,0.35010841488838196,0.0,0.0,1.5597182512283325
fourier_gate_s1p5_p4_linear_sigma,0.3531056046485901,0.0,0.0,1.5675958395004272
fourier_gate_s1p5_p4_linear_sigma,0.356128454208374,0.0,0.0,1.5755681991577148
fourier_gate_s1p5_p4_linear_sigma,0.3591771721839905,0.0,0.0,1.58363676071167
fourier_gate_s1p5_p4_linear_sigma,0.36225199699401855,0.0,0.0,1.5918018817901611
fourier_gate_s1p5_p4_linear_sigma,0.36535313725471497,0.0,0.0,1.600064754486084
fourier_gate_s1p5_p4_linear_sigma,0.3684808313846588,0.0,0.0,1.6084260940551758
fourier_gate_s1p5_p4_linear_sigma,0.3716353178024292,0.0,0.0,1.616886854171753
fourier_gate_s1p5_p4_linear_sigma,0.37481677532196045,0.0,0.0,1.6254479885101318
fourier_gate_s1p5_p4_linear_sigma,0.37802550196647644,0.0,0.0,1.634110450744629
fourier_gate_s1p5_p4_linear_sigma,0.3812616765499115,0.0,0.0,1.6428747177124023
fourier_gate_s1p5_p4_linear_sigma,0.3845255374908447,0.0,0.0,1.6517419815063477
fourier_gate_s1p5_p4_linear_sigma,0.3878173828125,0.0,0.0,1.6607131958007812
fourier_gate_s1p5_p4_linear_sigma,0.39113736152648926,0.0,0.0,1.6697893142700195
fourier_gate_s1p5_p4_linear_sigma,0.39448580145835876,0.0,0.0,1.6789710521697998
fourier_gate_s1p5_p4_linear_sigma,0.39786288142204285,0.0,0.0,1.6882596015930176
fourier_gate_s1p5_p4_linear_sigma,0.4012688994407654,0.0,0.0,1.6976556777954102
fourier_gate_s1p5_p4_linear_sigma,0.4047040641307831,0.0,0.0,1.707160234451294
fourier_gate_s1p5_p4_linear_sigma,0.40816861391067505,0.0,0.0,1.7167741060256958
fourier_gate_s1p5_p4_linear_sigma,0.41166284680366516,0.0,0.0,1.7264984846115112
fourier_gate_s1p5_p4_linear_sigma,0.41518697142601013,0.0,0.0,1.736334204673767
fourier_gate_s1p5_p4_linear_sigma,0.41874128580093384,0.0,0.0,1.7462819814682007
fourier_gate_s1p5_p4_linear_sigma,0.4223260283470154,0.0,0.0,1.7563432455062866
fourier_gate_s1p5_p4_linear_sigma,0.42594143748283386,0.0,0.0,1.7665187120437622
fourier_gate_s1p5_p4_linear_sigma,0.42958781123161316,0.0,0.0,1.7768094539642334
fourier_gate_s1p5_p4_linear_sigma,0.43326541781425476,0.0,0.0,1.787216067314148
fourier_gate_s1p5_p4_linear_sigma,0.4369744658470154,0.0,0.0,1.7977399826049805
fourier_gate_s1p5_p4_linear_sigma,0.44071531295776367,0.0,0.0,1.8083820343017578
fourier_gate_s1p5_p4_linear_sigma,0.44448816776275635,0.0,0.0,1.819143295288086
fourier_gate_s1p5_p4_linear_sigma,0.4482932984828949,0.0,0.0,1.8300244808197021
fourier_gate_s1p5_p4_linear_sigma,0.4521310329437256,0.0,0.0,1.8410269021987915
fourier_gate_s1p5_p4_linear_sigma,0.4560016095638275,0.0,0.0,1.8521515130996704
fourier_gate_s1p5_p4_linear_sigma,0.4599052965641022,0.0,0.0,1.8633990287780762
fourier_gate_s1p5_p4_linear_sigma,0.4638424515724182,0.0,0.0,1.8747708797454834
fourier_gate_s1p5_p4_linear_sigma,0.46781328320503235,0.0,0.0,1.886267900466919
fourier_gate_s1p5_p4_linear_sigma,0.47181808948516846,0.0,0.0,1.8978911638259888
fourier_gate_s1p5_p4_linear_sigma,0.4758571982383728,0.0,0.0,1.9096416234970093
fourier_gate_s1p5_p4_linear_sigma,0.47993090748786926,0.0,0.0,1.921520709991455
fourier_gate_s1p5_p4_linear_sigma,0.48403945565223694,0.0,0.0,1.933529019355774
fourier_gate_s1p5_p4_linear_sigma,0.4881832003593445,0.0,0.0,1.9456676244735718
fourier_gate_s1p5_p4_linear_sigma,0.4923624098300934,0.0,0.0,1.9579379558563232
fourier_gate_s1p5_p4_linear_sigma,0.4965773820877075,0.0,0.0,1.970340609550476
fourier_gate_s1p5_p4_linear_sigma,0.5008284449577332,0.0,0.0,1.9828770160675049
fourier_gate_s1p5_p4_linear_sigma,0.5051159262657166,0.0,0.0,1.9955483675003052
fourier_gate_s1p5_p4_linear_sigma,0.5094400644302368,0.0,0.0,2.0083553791046143
fourier_gate_s1p5_p4_linear_sigma,0.5138012766838074,0.0,0.0,2.0212996006011963
fourier_gate_s1p5_p4_linear_sigma,0.5181998014450073,0.0,0.0,2.034381628036499
fourier_gate_s1p5_p4_linear_sigma,0.5226359963417053,0.0,0.0,2.047603130340576
fourier_gate_s1p5_p4_linear_sigma,0.5271100997924805,0.0,0.0,2.060964584350586
fourier_gate_s1p5_p4_linear_sigma,0.531622588634491,0.0,0.0,2.074467897415161
fourier_gate_s1p5_p4_linear_sigma,0.5361736416816711,0.0,0.0,2.08811354637146
fourier_gate_s1p5_p4_linear_sigma,0.5407636761665344,0.0,0.0,2.101903200149536
fourier_gate_s1p5_p4_linear_sigma,0.5453930497169495,0.0,0.0,2.115837574005127
fourier_gate_s1p5_p4_linear_sigma,0.5500620603561401,0.0,0.0,2.129918098449707
fourier_gate_s1p5_p4_linear_sigma,0.5547710061073303,0.0,0.0,2.144145965576172
fourier_gate_s1p5_p4_linear_sigma,0.5595202445983887,0.0,0.0,2.158522129058838
fourier_gate_s1p5_p4_linear_sigma,0.5643101334571838,0.0,0.0,2.1730477809906006
fourier_gate_s1p5_p4_linear_sigma,0.5691410303115845,0.0,0.0,2.1877241134643555
fourier_gate_s1p5_p4_linear_sigma,0.5740132927894592,0.0,0.0,2.2025527954101562
fourier_gate_s1p5_p4_linear_sigma,0.5789272785186768,0.0,0.0,2.2175347805023193
fourier_gate_s1p5_p4_linear_sigma,0.5838833451271057,0.0,0.0,2.232671022415161
fourier_gate_s1p5_p4_linear_sigma,0.58888179063797,0.0,0.0,2.2479629516601562
fourier_gate_s1p5_p4_linear_sigma,0.5939230918884277,0.0,0.0,2.2634122371673584
fourier_gate_s1p5_p4_linear_sigma,0.5990074872970581,0.0,0.0,2.279019355773926
fourier_gate_s1p5_p4_linear_sigma,0.6041354537010193,0.0,0.0,2.294786214828491
fourier_gate_s1p5_p4_linear_sigma,0.6093072891235352,0.0,0.0,2.310713291168213
fourier_gate_s1p5_p4_linear_sigma,0.6145234107971191,0.0,0.0,2.3268027305603027
fourier_gate_s1p5_p4_linear_sigma,0.6197841763496399,0.0,0.0,2.343055486679077
fourier_gate_s1p5_p4_linear_sigma,0.6250900030136108,0.0,0.0,2.3594729900360107
fourier_gate_s1p5_p4_linear_sigma,0.6304412484169006,0.0,0.0,2.37605619430542
fourier_gate_s1p5_p4_linear_sigma,0.6358382701873779,0.0,0.0,2.3928067684173584
fourier_gate_s1p5_p4_linear_sigma,0.6412815451622009,0.0,0.0,2.4097256660461426
fourier_gate_s1p5_p4_linear_sigma,0.6467713713645935,0.0,0.0,2.426814556121826
fourier_gate_s1p5_p4_linear_sigma,0.6523082256317139,0.0,0.0,2.444075107574463
fourier_gate_s1p5_p4_linear_sigma,0.6578924655914307,0.0,0.0,2.461507797241211
fourier_gate_s1p5_p4_linear_sigma,0.6635245084762573,0.0,0.0,2.479114532470703
fourier_gate_s1p5_p4_linear_sigma,0.6692047715187073,0.0,0.0,2.496896743774414
fourier_gate_s1p5_p4_linear_sigma,0.6749336123466492,0.0,0.0,2.5148556232452393
fourier_gate_s1p5_p4_linear_sigma,0.680711567401886,0.0,0.0,2.5329926013946533
fourier_gate_s1p5_p4_linear_sigma,0.6865389347076416,0.0,0.0,2.551309585571289
fourier_gate_s1p5_p4_linear_sigma,0.692416250705719,0.0,0.0,2.569807291030884
fourier_gate_s1p5_p4_linear_sigma,0.698343813419342,0.0,0.0,2.588487386703491
fourier_gate_s1p5_p4_linear_sigma,0.7043221592903137,0.0,0.0,2.607351541519165
fourier_gate_s1p5_p4_linear_sigma,0.7103517055511475,0.0,0.0,2.626400947570801
fourier_gate_s1p5_p4_linear_sigma,0.7164328098297119,0.0,0.0,2.645637273788452
fourier_gate_s1p5_p4_linear_sigma,0.7225660085678101,0.0,0.0,2.6650617122650146
fourier_gate_s1p5_p4_linear_sigma,0.7287517189979553,0.0,0.0,2.6846764087677
fourier_gate_s1p5_p4_linear_sigma,0.7349903583526611,0.0,0.0,2.704482078552246
fourier_gate_s1p5_p4_linear_sigma,0.7412824630737305,0.0,0.0,2.724480628967285
fourier_gate_s1p5_p4_linear_sigma,0.747628390789032,0.0,0.0,2.744673490524292
fourier_gate_s1p5_p4_linear_sigma,0.7540286183357239,0.002685725688934326,0.002685725688934326,2.758608818054199
fourier_gate_s1p5_p4_linear_sigma,0.7604836821556091,0.006989121437072754,0.006989121437072754,2.7686960697174072
fourier_gate_s1p5_p4_linear_sigma,0.7669939398765564,0.011329293251037598,0.011329293251037598,2.7786965370178223
fourier_gate_s1p5_p4_linear_sigma,0.7735599875450134,0.015706658363342285,0.015706658363342285,2.788604736328125
fourier_gate_s1p5_p4_linear_sigma,0.7801822423934937,0.020121514797210693,0.020121514797210693,2.798417568206787
fourier_gate_s1p5_p4_linear_sigma,0.7868611812591553,0.024574100971221924,0.024574100971221924,2.8081300258636475
fourier_gate_s1p5_p4_linear_sigma,0.7935972809791565,0.029064834117889404,0.029064834117889404,2.8177378177642822
fourier_gate_s1p5_p4_linear_sigma,0.8003910779953003,0.03359407186508179,0.03359407186508179,2.827237129211426
fourier_gate_s1p5_p4_linear_sigma,0.8072429895401001,0.0381619930267334,0.0381619930267334,2.836622714996338
fourier_gate_s1p5_p4_linear_sigma,0.8141536116600037,0.04276907444000244,0.04276907444000244,2.8458902835845947
fourier_gate_s1p5_p4_linear_sigma,0.8211233615875244,0.04741555452346802,0.04741555452346802,2.855034828186035
fourier_gate_s1p5_p4_linear_sigma,0.8281527757644653,0.052101850509643555,0.052101850509643555,2.8640518188476562
fourier_gate_s1p5_p4_linear_sigma,0.8352423906326294,0.05682826042175293,0.05682826042175293,2.8729357719421387
fourier_gate_s1p5_p4_linear_sigma,0.8423926830291748,0.061595141887664795,0.061595141887664795,2.8816821575164795
fourier_gate_s1p5_p4_linear_sigma,0.8496041893959045,0.06640279293060303,0.06640279293060303,2.8902857303619385
fourier_gate_s1p5_p4_linear_sigma,0.8568774461746216,0.07125163078308105,0.07125163078308105,2.8987410068511963
fourier_gate_s1p5_p4_linear_sigma,0.8642129302024841,0.07614195346832275,0.07614195346832275,2.9070425033569336
fourier_gate_s1p5_p4_linear_sigma,0.8716112375259399,0.08107417821884155,0.08107417821884155,2.9151854515075684
fourier_gate_s1p5_p4_linear_sigma,0.8790728449821472,0.08604854345321655,0.08604854345321655,2.923163414001465
fourier_gate_s1p5_p4_linear_sigma,0.8865984082221985,0.09106558561325073,0.09106558561325073,2.9309709072113037
fourier_gate_s1p5_p4_linear_sigma,0.8941883444786072,0.0961255431175232,0.0961255431175232,2.9386022090911865
fourier_gate_s1p5_p4_linear_sigma,0.901843249797821,0.10122883319854736,0.10122883319854736,2.9460513591766357
fourier_gate_s1p5_p4_linear_sigma,0.9095636606216431,0.10637575387954712,0.10637575387954712,2.9533119201660156
fourier_gate_s1p5_p4_linear_sigma,0.9173502326011658,0.11156684160232544,0.11156684160232544,2.9603779315948486
fourier_gate_s1p5_p4_linear_sigma,0.9252034425735474,0.11680227518081665,0.11680227518081665,2.9672436714172363
fourier_gate_s1p5_p4_linear_sigma,0.9331238269805908,0.12208253145217896,0.12208253145217896,2.9739015102386475
fourier_gate_s1p5_p4_linear_sigma,0.9411121010780334,0.12740808725357056,0.12740808725357056,2.9803454875946045
fourier_gate_s1p5_p4_linear_sigma,0.9491686820983887,0.13277912139892578,0.13277912139892578,2.9865686893463135
fourier_gate_s1p5_p4_linear_sigma,0.9572942852973938,0.1381961703300476,0.1381961703300476,2.9925646781921387
fourier_gate_s1p5_p4_linear_sigma,0.9654894471168518,0.14365965127944946,0.14365965127944946,2.998325824737549
fourier_gate_s1p5_p4_linear_sigma,0.9737547039985657,0.14916980266571045,0.14916980266571045,3.00384521484375
fourier_gate_s1p5_p4_linear_sigma,0.9820907711982727,0.15472716093063354,0.15472716093063354,3.0091161727905273
fourier_gate_s1p5_p4_linear_sigma,0.9904981851577759,0.16033214330673218,0.16033214330673218,3.0141303539276123
fourier_gate_s1p5_p4_linear_sigma,0.9989776015281677,0.16598504781723022,0.16598504781723022,3.018880844116211
fourier_gate_s1p5_p4_linear_sigma,1.007529616355896,0.17168641090393066,0.17168641090393066,3.023359537124634
fourier_gate_s1p5_p4_linear_sigma,1.0161547660827637,0.17743653059005737,0.17743653059005737,3.0275580883026123
fourier_gate_s1p5_p4_linear_sigma,1.0248538255691528,0.18323588371276855,0.18323588371276855,3.0314698219299316
fourier_gate_s1p5_p4_linear_sigma,1.0336273908615112,0.1890849471092224,0.1890849471092224,3.0350852012634277
fourier_gate_s1p5_p4_linear_sigma,1.042475938796997,0.19498395919799805,0.19498395919799805,3.0383970737457275
fourier_gate_s1p5_p4_linear_sigma,1.0514003038406372,0.2009335160255432,0.2009335160255432,3.041395664215088
fourier_gate_s1p5_p4_linear_sigma,1.0604010820388794,0.20693403482437134,0.20693403482437134,3.0440738201141357
fourier_gate_s1p5_p4_linear_sigma,1.0694788694381714,0.21298593282699585,0.21298593282699585,3.0464208126068115
fourier_gate_s1p5_p4_linear_sigma,1.0786343812942505,0.2190895676612854,0.2190895676612854,3.048429489135742
fourier_gate_s1p5_p4_linear_sigma,1.087868332862854,0.22524553537368774,0.22524553537368774,3.0500893592834473
fourier_gate_s1p5_p4_linear_sigma,1.0971813201904297,0.23145419359207153,0.23145419359207153,3.051392078399658
fourier_gate_s1p5_p4_linear_sigma,1.1065739393234253,0.2377159595489502,0.2377159595489502,3.0523273944854736
fourier_gate_s1p5_p4_linear_sigma,1.1160470247268677,0.2440313696861267,0.2440313696861267,3.0528855323791504
fourier_gate_s1p5_p4_linear_sigma,1.1256012916564941,0.2504008412361145,0.2504008412361145,3.0530576705932617
fourier_gate_s1p5_p4_linear_sigma,1.135237216949463,0.256824791431427,0.256824791431427,3.052832841873169
fourier_gate_s1p5_p4_linear_sigma,1.1449557542800903,0.26330381631851196,0.26330381631851196,3.05220103263855
fourier_gate_s1p5_p4_linear_sigma,1.1547573804855347,0.26983827352523804,0.26983827352523804,3.0511515140533447
fourier_gate_s1p5_p4_linear_sigma,1.1646429300308228,0.2764286398887634,0.2764286398887634,3.0496740341186523
fourier_gate_s1p5_p4_linear_sigma,1.174613118171692,0.28307539224624634,0.28307539224624634,3.047758102416992
fourier_gate_s1p5_p4_linear_sigma,1.1846686601638794,0.2897791266441345,0.2897791266441345,3.0453922748565674
fourier_gate_s1p5_p4_linear_sigma,1.194810390472412,0.2965402603149414,0.2965402603149414,3.04256534576416
fourier_gate_s1p5_p4_linear_sigma,1.2050387859344482,0.3033592104911804,0.3033592104911804,3.0392661094665527
fourier_gate_s1p5_p4_linear_sigma,1.2153548002243042,0.31023651361465454,0.31023651361465454,3.0354835987091064
fourier_gate_s1p5_p4_linear_sigma,1.2257591485977173,0.3171727657318115,0.3171727657318115,3.03120493888855
fourier_gate_s1p5_p4_linear_sigma,1.2362525463104248,0.3241683840751648,0.3241683840751648,3.0264182090759277
fourier_gate_s1p5_p4_linear_sigma,1.2468358278274536,0.33122390508651733,0.33122390508651733,3.0211122035980225
fourier_gate_s1p5_p4_linear_sigma,1.2575095891952515,0.33833974599838257,0.33833974599838257,3.0152740478515625
fourier_gate_s1p5_p4_linear_sigma,1.2682749032974243,0.3455166220664978,0.3455166220664978,3.0088911056518555
fourier_gate_s1p5_p4_linear_sigma,1.2791322469711304,0.3527548313140869,0.3527548313140869,3.001950740814209
fourier_gate_s1p5_p4_linear_sigma,1.290082573890686,0.36005502939224243,0.36005502939224243,2.9944398403167725
fourier_gate_s1p5_p4_linear_sigma,1.3011265993118286,0.36741775274276733,0.36741775274276733,2.9863452911376953
fourier_gate_s1p5_p4_linear_sigma,1.312265157699585,0.37484341859817505,0.37484341859817505,2.977654218673706
fourier_gate_s1p5_p4_linear_sigma,1.3234992027282715,0.38233280181884766,0.38233280181884766,2.9683520793914795
fourier_gate_s1p5_p4_linear_sigma,1.334829330444336,0.38988620042800903,0.38988620042800903,2.9584262371063232
fourier_gate_s1p5_p4_linear_sigma,1.3462563753128052,0.3975042700767517,0.3975042700767517,2.947861909866333
fourier_gate_s1p5_p4_linear_sigma,1.3577814102172852,0.40518760681152344,0.40518760681152344,2.936645269393921
fourier_gate_s1p5_p4_linear_sigma,1.3694050312042236,0.4129366874694824,0.4129366874694824,2.924762010574341
fourier_gate_s1p5_p4_linear_sigma,1.3811280727386475,0.42075204849243164,0.42075204849243164,2.9121975898742676
fourier_gate_s1p5_p4_linear_sigma,1.3929516077041626,0.4286344051361084,0.4286344051361084,2.898937463760376
fourier_gate_s1p5_p4_linear_sigma,1.4048762321472168,0.4365841746330261,0.4365841746330261,2.8849663734436035
fourier_gate_s1p5_p4_linear_sigma,1.416903018951416,0.44460201263427734,0.44460201263427734,2.870269775390625
fourier_gate_s1p5_p4_linear_sigma,1.429032802581787,0.4526885151863098,0.4526885151863098,2.854832172393799
fourier_gate_s1p5_p4_linear_sigma,1.441266417503357,0.4608442783355713,0.4608442783355713,2.8386385440826416
fourier_gate_s1p5_p4_linear_sigma,1.4536046981811523,0.46906977891921997,0.46906977891921997,2.821673631668091
fourier_gate_s1p5_p4_linear_sigma,1.4660485982894897,0.47736573219299316,0.47736573219299316,2.8039214611053467
fourier_gate_s1p5_p4_linear_sigma,1.4785990715026855,0.4857327342033386,0.4857327342033386,2.7853660583496094
fourier_gate_s1p5_p4_linear_sigma,1.4912569522857666,0.4941713213920593,0.4941713213920593,2.7659928798675537
fourier_gate_s1p5_p4_linear_sigma,1.5040231943130493,0.502682089805603,0.502682089805603,2.74578595161438
fourier_gate_s1p5_p4_linear_sigma,1.51689875125885,0.5112658739089966,0.5112658739089966,2.7247278690338135
fourier_gate_s1p5_p4_linear_sigma,1.5298845767974854,0.5199230909347534,0.5199230909347534,2.7028043270111084
fourier_gate_s1p5_p4_linear_sigma,1.542981505393982,0.5286543369293213,0.5286543369293213,2.680000066757202
fourier_gate_s1p5_p4_linear_sigma,1.5561906099319458,0.537460446357727,0.537460446357727,2.6562976837158203
fourier_gate_s1p5_p4_linear_sigma,1.5695127248764038,0.5463417768478394,0.5463417768478394,2.631683111190796
fourier_gate_s1p5_p4_linear_sigma,1.582948923110962,0.5552992820739746,0.5552992820739746,2.606140375137329
fourier_gate_s1p5_p4_linear_sigma,1.5965001583099365,0.564333438873291,0.564333438873291,2.5796539783477783
fourier_gate_s1p5_p4_linear_sigma,1.610167384147644,0.5734449625015259,0.5734449625015259,2.5522093772888184
fourier_gate_s1p5_p4_linear_sigma,1.6239515542984009,0.5826343297958374,0.5826343297958374,2.5237927436828613
fourier_gate_s1p5_p4_linear_sigma,1.637853741645813,0.591902494430542,0.591902494430542,2.4943885803222656
fourier_gate_s1p5_p4_linear_sigma,1.6518750190734863,0.6012500524520874,0.6012500524520874,2.4639840126037598
fourier_gate_s1p5_p4_linear_sigma,1.6660163402557373,0.6106775999069214,0.6106775999069214,2.4325668811798096
fourier_gate_s1p5_p4_linear_sigma,1.6802786588668823,0.6201857328414917,0.6201857328414917,2.40012526512146
fourier_gate_s1p5_p4_linear_sigma,1.6946630477905273,0.6297754049301147,0.6297754049301147,2.3666465282440186
fourier_gate_s1p5_p4_linear_sigma,1.7091705799102783,0.6394470930099487,0.6394470930099487,2.332123279571533
fourier_gate_s1p5_p4_linear_sigma,1.7238024473190308,0.6492016315460205,0.6492016315460205,2.2965452671051025
fourier_gate_s1p5_p4_linear_sigma,1.738559365272522,0.6590396165847778,0.6590396165847778,2.259906530380249
fourier_gate_s1p5_p4_linear_sigma,1.7534427642822266,0.6689618825912476,0.6689618825912476,2.2222023010253906
fourier_gate_s1p5_p4_linear_sigma,1.7684534788131714,0.6789690256118774,0.6789690256118774,2.183429718017578
fourier_gate_s1p5_p4_linear_sigma,1.7835928201675415,0.6890618801116943,0.6890618801116943,2.1435892581939697
fourier_gate_s1p5_p4_linear_sigma,1.7988616228103638,0.699241042137146,0.699241042137146,2.1026852130889893
fourier_gate_s1p5_p4_linear_sigma,1.8142613172531128,0.7095075845718384,0.7095075845718384,2.060722827911377
fourier_gate_s1p5_p4_linear_sigma,1.8297927379608154,0.7198618650436401,0.7198618650436401,2.0177156925201416
fourier_gate_s1p5_p4_linear_sigma,1.8454570770263672,0.7303047180175781,0.7303047180175781,1.9736813306808472
fourier_gate_s1p5_p4_linear_sigma,1.8612555265426636,0.7408369779586792,0.7408369779586792,1.9286421537399292
fourier_gate_s1p5_p4_linear_sigma,1.8771892786026,0.7514594793319702,0.7514594793319702,1.8826292753219604
fourier_gate_s1p5_p4_linear_sigma,1.8932594060897827,0.7621729373931885,0.7621729373931885,1.8356832265853882
fourier_gate_s1p5_p4_linear_sigma,1.909467101097107,0.7729780673980713,0.7729780673980713,1.7878551483154297
fourier_gate_s1p5_p4_linear_sigma,1.9258135557174683,0.7838757038116455,0.7838757038116455,1.7392088174819946
fourier_gate_s1p5_p4_linear_sigma,1.9422999620437622,0.794866681098938,0.794866681098938,1.6898235082626343
fourier_gate_s1p5_p4_linear_sigma,1.9589273929595947,0.8059515953063965,0.8059515953063965,1.6397978067398071
fourier_gate_s1p5_p4_linear_sigma,1.9756972789764404,0.817131519317627,0.817131519317627,1.5892517566680908
fourier_gate_s1p5_p4_linear_sigma,1.9926106929779053,0.8284071683883667,0.8284071683883667,1.5383331775665283
fourier_gate_s1p5_p4_linear_sigma,2.009669065475464,0.8397793769836426,0.8397793769836426,1.4872230291366577
fourier_gate_s1p5_p4_linear_sigma,2.0268731117248535,0.8512487411499023,0.8512487411499023,1.4361424446105957
fourier_gate_s1p5_p4_linear_sigma,2.044224739074707,0.8628164529800415,0.8628164529800415,1.3853579759597778
fourier_gate_s1p5_p4_linear_sigma,2.061724901199341,0.8744832277297974,0.8744832277297974,1.335195541381836
fourier_gate_s1p5_p4_linear_sigma,2.0793747901916504,0.8862498998641968,0.8862498998641968,1.2860487699508667
fourier_gate_s1p5_p4_linear_sigma,2.0971755981445312,0.8981170654296875,0.8981170654296875,1.23839271068573
fourier_gate_s1p5_p4_linear_sigma,2.115128993988037,0.9100860357284546,0.9100860357284546,1.192791223526001
fourier_gate_s1p5_p4_linear_sigma,2.1332361698150635,0.9221574068069458,0.9221574068069458,1.1499158143997192
fourier_gate_s1p5_p4_linear_sigma,2.151498317718506,0.9343322515487671,0.9343322515487671,1.1105471849441528
fourier_gate_s1p5_p4_linear_sigma,2.1699166297912598,0.9466110467910767,0.9466110467910767,1.0755798816680908
fourier_gate_s1p5_p4_linear_sigma,2.188492774963379,0.9589952230453491,0.9589952230453491,1.046005368232727
fourier_gate_s1p5_p4_linear_sigma,2.207227945327759,0.9714852571487427,0.9714852571487427,1.0228885412216187
fourier_gate_s1p5_p4_linear_sigma,2.226123332977295,0.9840822219848633,0.9840822219848633,1.0073115825653076
fourier_gate_s1p5_p4_linear_sigma,2.245180606842041,0.9967870712280273,0.9967870712280273,1.000304102897644
fourier_gate_s1p5_p4_linear_sigma,2.2644009590148926,1.0,1.0,1.0
fourier_gate_s1p5_p4_linear_sigma,2.2837860584259033,1.0,1.0,1.0
fourier_gate_s1p5_p4_linear_sigma,2.3033368587493896,1.0,1.0,1.0
fourier_gate_s1p5_p4_linear_sigma,2.3230550289154053,1.0,1.0,1.0
fourier_gate_s1p5_p4_linear_sigma,2.342942237854004,1.0,1.0,1.0
fourier_gate_s1p5_p4_linear_sigma,2.362999439239502,1.0,1.0,1.0
fourier_gate_s1p5_p4_linear_sigma,2.3832285404205322,1.0,1.0,1.0
fourier_gate_s1p5_p4_linear_sigma,2.4036307334899902,1.0,1.0,1.0
fourier_gate_s1p5_p4_linear_sigma,2.4242076873779297,1.0,1.0,1.0
fourier_gate_s1p5_p4_linear_sigma,2.444960594177246,1.0,1.0,1.0
fourier_gate_s1p5_p4_linear_sigma,2.4658913612365723,1.0,1.0,1.0
fourier_gate_s1p5_p4_linear_sigma,2.4870011806488037,1.0,1.0,1.0
fourier_gate_s1p5_p4_linear_sigma,2.508291721343994,1.0,1.0,1.0
fourier_gate_s1p5_p4_linear_sigma,2.529764413833618,1.0,1.0,1.0
fourier_gate_s1p5_p4_linear_sigma,2.5514211654663086,1.0,1.0,1.0
fourier_gate_s1p5_p4_linear_sigma,2.573263168334961,1.0,1.0,1.0
fourier_gate_s1p5_p4_linear_sigma,2.595292329788208,1.0,1.0,1.0
fourier_gate_s1p5_p4_linear_sigma,2.6175098419189453,1.0,1.0,1.0
fourier_gate_s1p5_p4_linear_sigma,2.6399176120758057,1.0,1.0,1.0
fourier_gate_s1p5_p4_linear_sigma,2.6625173091888428,1.0,1.0,1.0
fourier_gate_s1p5_p4_linear_sigma,2.6853103637695312,1.0,1.0,1.0
fourier_gate_s1p5_p4_linear_sigma,2.708298683166504,1.0,1.0,1.0
fourier_gate_s1p5_p4_linear_sigma,2.7314836978912354,1.0,1.0,1.0
fourier_gate_s1p5_p4_linear_sigma,2.7548673152923584,1.0,1.0,1.0
fourier_gate_s1p5_p4_linear_sigma,2.7784509658813477,1.0,1.0,1.0
fourier_gate_s1p5_p4_linear_sigma,2.802236557006836,1.0,1.0,1.0
fourier_gate_s1p5_p4_linear_sigma,2.826225757598877,1.0,1.0,1.0
fourier_gate_s1p5_p4_linear_sigma,2.8504204750061035,1.0,1.0,1.0
fourier_gate_s1p5_p4_linear_sigma,2.8748221397399902,1.0,1.0,1.0
fourier_gate_s1p5_p4_linear_sigma,2.89943265914917,1.0,1.0,1.0
fourier_gate_s1p5_p4_linear_sigma,2.9242539405822754,1.0,1.0,1.0
fourier_gate_s1p5_p4_linear_sigma,2.9492876529693604,1.0,1.0,1.0
fourier_gate_s1p5_p4_linear_sigma,2.9745359420776367,1.0,1.0,1.0
fourier_gate_s1p5_p4_linear_sigma,3.0,1.0,1.0,1.0
fourier_gate_s1p5_p4_tanh_sigma,0.10000000149011612,0.023354515433311462,0.023354515433311462,1.0542715787887573
fourier_gate_s1p5_p4_tanh_sigma,0.10085607320070267,0.02340664155781269,0.02340664155781269,1.055174708366394
fourier_gate_s1p5_p4_tanh_sigma,0.10171947628259659,0.023459332063794136,0.023459332063794136,1.0560921430587769
fourier_gate_s1p5_p4_tanh_sigma,0.10259027034044266,0.023512588813900948,0.023512588813900948,1.057024598121643
fourier_gate_s1p5_p4_tanh_sigma,0.10346852242946625,0.02356642112135887,0.02356642112135887,1.0579720735549927
fourier_gate_s1p5_p4_tanh_sigma,0.10435428470373154,0.023620834574103355,0.023620834574103355,1.0589346885681152
fourier_gate_s1p5_p4_tanh_sigma,0.10524763911962509,0.023675838485360146,0.023675838485360146,1.0599128007888794
fourier_gate_s1p5_p4_tanh_sigma,0.1061486303806305,0.02373143658041954,0.02373143658041954,1.0609067678451538
fourier_gate_s1p5_p4_tanh_sigma,0.1070573478937149,0.023787645623087883,0.023787645623087883,1.0619165897369385
fourier_gate_s1p5_p4_tanh_sigma,0.10797383636236191,0.023844465613365173,0.023844465613365173,1.0629425048828125
fourier_gate_s1p5_p4_tanh_sigma,0.10889817029237747,0.02390190213918686,0.02390190213918686,1.0639851093292236
fourier_gate_s1p5_p4_tanh_sigma,0.10983041673898697,0.023959971964359283,0.023959971964359283,1.0650440454483032
fourier_gate_s1p5_p4_tanh_sigma,0.11077065020799637,0.024018682539463043,0.024018682539463043,1.0661200284957886
fourier_gate_s1p5_p4_tanh_sigma,0.11171893030405045,0.02407802827656269,0.02407802827656269,1.0672132968902588
fourier_gate_s1p5_p4_tanh_sigma,0.11267532408237457,0.024138031527400017,0.024138031527400017,1.0683238506317139
fourier_gate_s1p5_p4_tanh_sigma,0.11363990604877472,0.02419869601726532,0.02419869601726532,1.069452166557312
fourier_gate_s1p5_p4_tanh_sigma,0.11461275070905685,0.024260031059384346,0.024260031059384346,1.0705983638763428
fourier_gate_s1p5_p4_tanh_sigma,0.11559391766786575,0.024322040379047394,0.024322040379047394,1.0717628002166748
fourier_gate_s1p5_p4_tanh_sigma,0.11658348888158798,0.024384740740060806,0.024384740740060806,1.0729457139968872
fourier_gate_s1p5_p4_tanh_sigma,0.11758153140544891,0.02444813773036003,0.02444813773036003,1.0741474628448486
fourier_gate_s1p5_p4_tanh_sigma,0.11858811229467392,0.024512242525815964,0.024512242525815964,1.075368046760559
fourier_gate_s1p5_p4_tanh_sigma,0.11960331350564957,0.024577055126428604,0.024577055126428604,1.0766080617904663
fourier_gate_s1p5_p4_tanh_sigma,0.12062720954418182,0.024642594158649445,0.024642594158649445,1.0778676271438599
fourier_gate_s1p5_p4_tanh_sigma,0.12165986746549606,0.02470887266099453,0.02470887266099453,1.0791469812393188
fourier_gate_s1p5_p4_tanh_sigma,0.12270136922597885,0.02477589249610901,0.02477589249610901,1.0804466009140015
fourier_gate_s1p5_p4_tanh_sigma,0.12375178188085556,0.02484365925192833,0.02484365925192833,1.0817667245864868
fourier_gate_s1p5_p4_tanh_sigma,0.12481118738651276,0.024912195280194283,0.024912195280194283,1.083107352256775
fourier_gate_s1p5_p4_tanh_sigma,0.1258796602487564,0.02498149871826172,0.02498149871826172,1.0844690799713135
fourier_gate_s1p5_p4_tanh_sigma,0.12695728242397308,0.02505159005522728,0.02505159005522728,1.0858521461486816
fourier_gate_s1p5_p4_tanh_sigma,0.12804412841796875,0.025122471153736115,0.025122471153736115,1.0872570276260376
fourier_gate_s1p5_p4_tanh_sigma,0.12914028763771057,0.025194168090820312,0.025194168090820312,1.0886837244033813
fourier_gate_s1p5_p4_tanh_sigma,0.13024581968784332,0.02526666969060898,0.02526666969060898,1.090132713317871
fourier_gate_s1p5_p4_tanh_sigma,0.13136082887649536,0.0253400020301342,0.0253400020301342,1.0916041135787964
fourier_gate_s1p5_p4_tanh_sigma,0.13248537480831146,0.02541417069733143,0.02541417069733143,1.093098521232605
fourier_gate_s1p5_p4_tanh_sigma,0.1336195468902588,0.025489186868071556,0.025489186868071556,1.094616174697876
fourier_gate_s1p5_p4_tanh_sigma,0.1347634196281433,0.025565065443515778,0.025565065443515778,1.0961573123931885
fourier_gate_s1p5_p4_tanh_sigma,0.13591709733009338,0.02564181759953499,0.02564181759953499,1.0977222919464111
fourier_gate_s1p5_p4_tanh_sigma,0.13708065450191498,0.025719454512000084,0.025719454512000084,1.0993115901947021
fourier_gate_s1p5_p4_tanh_sigma,0.13825416564941406,0.02579798921942711,0.02579798921942711,1.1009254455566406
fourier_gate_s1p5_p4_tanh_sigma,0.1394377201795578,0.025877423584461212,0.025877423584461212,1.1025639772415161
fourier_gate_s1p5_p4_tanh_sigma,0.14063140749931335,0.02595779113471508,0.02595779113471508,1.104227900505066
fourier_gate_s1p5_p4_tanh_sigma,0.1418353170156479,0.026039084419608116,0.026039084419608116,1.1059173345565796
fourier_gate_s1p5_p4_tanh_sigma,0.14304953813552856,0.02612132951617241,0.02612132951617241,1.1076327562332153
fourier_gate_s1p5_p4_tanh_sigma,0.14427414536476135,0.026204532012343407,0.026204532012343407,1.1093744039535522
fourier_gate_s1p5_p4_tanh_sigma,0.1455092430114746,0.026288704946637154,0.026288704946637154,1.111142635345459
fourier_gate_s1p5_p4_tanh_sigma,0.1467549055814743,0.02637387253344059,0.02637387253344059,1.1129378080368042
fourier_gate_s1p5_p4_tanh_sigma,0.1480112373828888,0.026460038498044014,0.026460038498044014,1.114760398864746
fourier_gate_s1p5_p4_tanh_sigma,0.14927831292152405,0.02654721774160862,0.02654721774160862,1.1166108846664429
fourier_gate_s1p5_p4_tanh_sigma,0.15055625140666962,0.02663542330265045,0.02663542330265045,1.1184892654418945
fourier_gate_s1p5_p4_tanh_sigma,0.15184512734413147,0.02672467567026615,0.02672467567026615,1.1203960180282593
fourier_gate_s1p5_p4_tanh_sigma,0.15314503014087677,0.026814986020326614,0.026814986020326614,1.122331976890564
fourier_gate_s1p5_p4_tanh_sigma,0.15445606410503387,0.026906372979283333,0.026906372979283333,1.1242969036102295
fourier_gate_s1p5_p4_tanh_sigma,0.15577831864356995,0.026998845860362053,0.026998845860362053,1.1262916326522827
fourier_gate_s1p5_p4_tanh_sigma,0.15711189806461334,0.027092425152659416,0.027092425152659416,1.1283162832260132
fourier_gate_s1p5_p4_tanh_sigma,0.15845689177513123,0.027187122032046318,0.027187122032046318,1.130371332168579
fourier_gate_s1p5_p4_tanh_sigma,0.15981340408325195,0.027282962575554848,0.027282962575554848,1.1324572563171387
fourier_gate_s1p5_p4_tanh_sigma,0.1611815243959427,0.027379948645830154,0.027379948645830154,1.134574294090271
fourier_gate_s1p5_p4_tanh_sigma,0.1625613570213318,0.027478106319904327,0.027478106319904327,1.1367231607437134
fourier_gate_s1p5_p4_tanh_sigma,0.1639530062675476,0.02757744863629341,0.02757744863629341,1.1389037370681763
fourier_gate_s1p5_p4_tanh_sigma,0.1653565615415573,0.027678001672029495,0.027678001672029495,1.141116976737976
fourier_gate_s1p5_p4_tanh_sigma,0.16677214205265045,0.027779771015048027,0.027779771015048027,1.143363118171692
fourier_gate_s1p5_p4_tanh_sigma,0.1681998372077942,0.027882777154445648,0.027882777154445648,1.1456423997879028
fourier_gate_s1p5_p4_tanh_sigma,0.16963975131511688,0.02798704244196415,0.02798704244196415,1.147955298423767
fourier_gate_s1p5_p4_tanh_sigma,0.1710919886827469,0.02809259295463562,0.02809259295463562,1.150302529335022
fourier_gate_s1p5_p4_tanh_sigma,0.17255665361881256,0.02819943055510521,0.02819943055510521,1.152684211730957
fourier_gate_s1p5_p4_tanh_sigma,0.17403388023376465,0.028307581320405006,0.028307581320405006,1.15510094165802
fourier_gate_s1p5_p4_tanh_sigma,0.17552372813224792,0.02841706946492195,0.02841706946492195,1.1575528383255005
fourier_gate_s1p5_p4_tanh_sigma,0.17702634632587433,0.02852790430188179,0.02852790430188179,1.1600409746170044
fourier_gate_s1p5_p4_tanh_sigma,0.17854182422161102,0.02864011749625206,0.02864011749625206,1.1625653505325317
fourier_gate_s1p5_p4_tanh_sigma,0.18007026612758636,0.028753727674484253,0.028753727674484253,1.1651262044906616
fourier_gate_s1p5_p4_tanh_sigma,0.1816118061542511,0.02886875532567501,0.02886875532567501,1.1677244901657104
fourier_gate_s1p5_p4_tanh_sigma,0.1831665337085724,0.02898521162569523,0.02898521162569523,1.1703603267669678
fourier_gate_s1p5_p4_tanh_sigma,0.18473458290100098,0.029103130102157593,0.029103130102157593,1.173034429550171
fourier_gate_s1p5_p4_tanh_sigma,0.18631604313850403,0.029222533106803894,0.029222533106803894,1.1757469177246094
fourier_gate_s1p5_p4_tanh_sigma,0.1879110485315323,0.029343437403440475,0.029343437403440475,1.1784987449645996
fourier_gate_s1p5_p4_tanh_sigma,0.1895197033882141,0.02946586348116398,0.02946586348116398,1.1812899112701416
fourier_gate_s1p5_p4_tanh_sigma,0.19114212691783905,0.02958984114229679,0.02958984114229679,1.1841211318969727
fourier_gate_s1p5_p4_tanh_sigma,0.19277845323085785,0.029715392738580704,0.029715392738580704,1.1869926452636719
fourier_gate_s1p5_p4_tanh_sigma,0.19442877173423767,0.029842546209692955,0.029842546209692955,1.189905047416687
fourier_gate_s1p5_p4_tanh_sigma,0.19609323143959045,0.029971323907375336,0.029971323907375336,1.1928590536117554
fourier_gate_s1p5_p4_tanh_sigma,0.19777193665504456,0.03010174259543419,0.03010174259543419,1.195854902267456
fourier_gate_s1p5_p4_tanh_sigma,0.19946500658988953,0.03023383393883705,0.03023383393883705,1.1988931894302368
fourier_gate_s1p5_p4_tanh_sigma,0.2011725753545761,0.03036762960255146,0.03036762960255146,1.2019743919372559
fourier_gate_s1p5_p4_tanh_sigma,0.20289476215839386,0.030503151938319206,0.030503151938319206,1.2050986289978027
fourier_gate_s1p5_p4_tanh_sigma,0.20463168621063232,0.03064042516052723,0.03064042516052723,1.208267092704773
fourier_gate_s1p5_p4_tanh_sigma,0.20638348162174225,0.030779477208852768,0.030779477208852768,1.2114797830581665
fourier_gate_s1p5_p4_tanh_sigma,0.20815028250217438,0.030920343473553658,0.030920343473553658,1.2147372961044312
fourier_gate_s1p5_p4_tanh_sigma,0.20993220806121826,0.03106304258108139,0.03106304258108139,1.218040108680725
fourier_gate_s1p5_p4_tanh_sigma,0.21172937750816345,0.03120761178433895,0.03120761178433895,1.2213889360427856
fourier_gate_s1p5_p4_tanh_sigma,0.2135419398546219,0.03135407716035843,0.03135407716035843,1.2247838973999023
fourier_gate_s1p5_p4_tanh_sigma,0.21537001430988312,0.03150247037410736,0.03150247037410736,1.228225827217102
fourier_gate_s1p5_p4_tanh_sigma,0.21721374988555908,0.03165282681584358,0.03165282681584358,1.231715202331543
fourier_gate_s1p5_p4_tanh_sigma,0.21907325088977814,0.031805165112018585,0.031805165112018585,1.2352524995803833
fourier_gate_s1p5_p4_tanh_sigma,0.22094868123531342,0.03195952624082565,0.03195952624082565,1.2388380765914917
fourier_gate_s1p5_p4_tanh_sigma,0.22284016013145447,0.03211594745516777,0.03211594745516777,1.242472767829895
fourier_gate_s1p5_p4_tanh_sigma,0.22474783658981323,0.032274454832077026,0.032274454832077026,1.246156930923462
fourier_gate_s1p5_p4_tanh_sigma,0.22667184472084045,0.032435089349746704,0.032435089349746704,1.249890923500061
fourier_gate_s1p5_p4_tanh_sigma,0.22861233353614807,0.03259788081049919,0.03259788081049919,1.2536755800247192
fourier_gate_s1p5_p4_tanh_sigma,0.23056942224502563,0.03276285529136658,0.03276285529136658,1.2575112581253052
fourier_gate_s1p5_p4_tanh_sigma,0.23254325985908508,0.03293006494641304,0.03293006494641304,1.2613983154296875
fourier_gate_s1p5_p4_tanh_sigma,0.23453401029109955,0.033099543303251266,0.033099543303251266,1.265337586402893
fourier_gate_s1p5_p4_tanh_sigma,0.23654179275035858,0.03327132761478424,0.03327132761478424,1.26932954788208
fourier_gate_s1p5_p4_tanh_sigma,0.23856677114963531,0.03344545140862465,0.03344545140862465,1.2733746767044067
fourier_gate_s1p5_p4_tanh_sigma,0.2406090646982193,0.033621955662965775,0.033621955662965775,1.2774733304977417
fourier_gate_s1p5_p4_tanh_sigma,0.24266886711120605,0.0338008813560009,0.0338008813560009,1.2816264629364014
fourier_gate_s1p5_p4_tanh_sigma,0.24474628269672394,0.03398227319121361,0.03398227319121361,1.2858341932296753
fourier_gate_s1p5_p4_tanh_sigma,0.24684149026870728,0.034166160970926285,0.034166160970926285,1.2900973558425903
fourier_gate_s1p5_p4_tanh_sigma,0.248954638838768,0.03435260057449341,0.03435260057449341,1.2944163084030151
fourier_gate_s1p5_p4_tanh_sigma,0.25108587741851807,0.03454162925481796,0.03454162925481796,1.2987916469573975
fourier_gate_s1p5_p4_tanh_sigma,0.2532353699207306,0.03473329916596413,0.03473329916596413,1.3032240867614746
fourier_gate_s1p5_p4_tanh_sigma,0.2554032504558563,0.03492763638496399,0.03492763638496399,1.3077141046524048
fourier_gate_s1p5_p4_tanh_sigma,0.2575896680355072,0.035124704241752625,0.035124704241752625,1.312261700630188
fourier_gate_s1p5_p4_tanh_sigma,0.25979483127593994,0.03532453998923302,0.03532453998923302,1.3168683052062988
fourier_gate_s1p5_p4_tanh_sigma,0.2620188891887665,0.03552720323204994,0.03552720323204994,1.3215339183807373
fourier_gate_s1p5_p4_tanh_sigma,0.26426196098327637,0.035732727497816086,0.035732727497816086,1.326258897781372
fourier_gate_s1p5_p4_tanh_sigma,0.26652422547340393,0.03594117611646652,0.03594117611646652,1.3310445547103882
fourier_gate_s1p5_p4_tanh_sigma,0.2688058614730835,0.03615259379148483,0.03615259379148483,1.335890769958496
fourier_gate_s1p5_p4_tanh_sigma,0.2711070477962494,0.036367032676935196,0.036367032676935196,1.340798258781433
fourier_gate_s1p5_p4_tanh_sigma,0.27342793345451355,0.03658454865217209,0.03658454865217209,1.3457679748535156
fourier_gate_s1p5_p4_tanh_sigma,0.2757686674594879,0.036805182695388794,0.036805182695388794,1.3507996797561646
fourier_gate_s1p5_p4_tanh_sigma,0.2781294584274292,0.03702901303768158,0.03702901303768158,1.3558945655822754
fourier_gate_s1p5_p4_tanh_sigma,0.28051045536994934,0.03725608438253403,0.03725608438253403,1.3610526323318481
fourier_gate_s1p5_p4_tanh_sigma,0.28291183710098267,0.03748645260930061,0.03748645260930061,1.3662750720977783
fourier_gate_s1p5_p4_tanh_sigma,0.2853337526321411,0.03772018104791641,0.03772018104791641,1.3715620040893555
fourier_gate_s1p5_p4_tanh_sigma,0.2877764403820038,0.0379573330283165,0.0379573330283165,1.3769140243530273
fourier_gate_s1p5_p4_tanh_sigma,0.29024001955986023,0.03819796070456505,0.03819796070456505,1.3823316097259521
fourier_gate_s1p5_p4_tanh_sigma,0.2927246689796448,0.03844212368130684,0.03844212368130684,1.3878157138824463
fourier_gate_s1p5_p4_tanh_sigma,0.2952306270599365,0.038689907640218735,0.038689907640218735,1.3933664560317993
fourier_gate_s1p5_p4_tanh_sigma,0.297758013010025,0.03894135728478432,0.03894135728478432,1.3989843130111694
fourier_gate_s1p5_p4_tanh_sigma,0.300307035446167,0.03919653967022896,0.03919653967022896,1.4046703577041626
fourier_gate_s1p5_p4_tanh_sigma,0.30287790298461914,0.03945554792881012,0.03945554792881012,1.4104245901107788
fourier_gate_s1p5_p4_tanh_sigma,0.305470734834671,0.039718419313430786,0.039718419313430786,1.4162474870681763
fourier_gate_s1p5_p4_tanh_sigma,0.3080857992172241,0.039985254406929016,0.039985254406929016,1.4221400022506714
fourier_gate_s1p5_p4_tanh_sigma,0.3107232451438904,0.04025611653923988,0.04025611653923988,1.4281024932861328
fourier_gate_s1p5_p4_tanh_sigma,0.3133832812309265,0.04053106904029846,0.04053106904029846,1.4341354370117188
fourier_gate_s1p5_p4_tanh_sigma,0.31606605648994446,0.04081019014120102,0.04081019014120102,1.440239429473877
fourier_gate_s1p5_p4_tanh_sigma,0.3187718093395233,0.04109356552362442,0.04109356552362442,1.4464149475097656
fourier_gate_s1p5_p4_tanh_sigma,0.3215007483959198,0.041381288319826126,0.041381288319826126,1.4526625871658325
fourier_gate_s1p5_p4_tanh_sigma,0.32425302267074585,0.04167341813445091,0.04167341813445091,1.4589825868606567
fourier_gate_s1p5_p4_tanh_sigma,0.32702887058258057,0.041970040649175644,0.041970040649175644,1.4653759002685547
fourier_gate_s1p5_p4_tanh_sigma,0.3298284709453583,0.04227125272154808,0.04227125272154808,1.4718425273895264
fourier_gate_s1p5_p4_tanh_sigma,0.3326520621776581,0.04257712885737419,0.04257712885737419,1.4783834218978882
fourier_gate_s1p5_p4_tanh_sigma,0.3354997932910919,0.04288777709007263,0.04288777709007263,1.4849987030029297
fourier_gate_s1p5_p4_tanh_sigma,0.3383719325065613,0.04320326820015907,0.04320326820015907,1.4916892051696777
fourier_gate_s1p5_p4_tanh_sigma,0.3412686288356781,0.04352370277047157,0.04352370277047157,1.498455286026001
fourier_gate_s1p5_p4_tanh_sigma,0.34419015049934387,0.04384918510913849,0.04384918510913849,1.5052974224090576
fourier_gate_s1p5_p4_tanh_sigma,0.3471366763114929,0.044179800897836685,0.044179800897836685,1.5122159719467163
fourier_gate_s1p5_p4_tanh_sigma,0.35010841488838196,0.04451564699411392,0.04451564699411392,1.5192112922668457
fourier_gate_s1p5_p4_tanh_sigma,0.3531056046485901,0.04485683888196945,0.04485683888196945,1.5262843370437622
fourier_gate_s1p5_p4_tanh_sigma,0.356128454208374,0.04520348086953163,0.04520348086953163,1.5334352254867554
fourier_gate_s1p5_p4_tanh_sigma,0.3591771721839905,0.04555567353963852,0.04555567353963852,1.540664553642273
fourier_gate_s1p5_p4_tanh_sigma,0.36225199699401855,0.04591352120041847,0.04591352120041847,1.547972559928894
fourier_gate_s1p5_p4_tanh_sigma,0.36535313725471497,0.04627714678645134,0.04627714678645134,1.555359959602356
fourier_gate_s1p5_p4_tanh_sigma,0.3684808313846588,0.04664665088057518,0.04664665088057518,1.5628269910812378
fourier_gate_s1p5_p4_tanh_sigma,0.3716353178024292,0.047022171318531036,0.047022171318531036,1.5703740119934082
fourier_gate_s1p5_p4_tanh_sigma,0.37481677532196045,0.04740380868315697,0.04740380868315697,1.578001618385315
fourier_gate_s1p5_p4_tanh_sigma,0.37802550196647644,0.04779169708490372,0.04779169708490372,1.5857104063034058
fourier_gate_s1p5_p4_tanh_sigma,0.3812616765499115,0.04818595573306084,0.04818595573306084,1.5935001373291016
fourier_gate_s1p5_p4_tanh_sigma,0.3845255374908447,0.04858671501278877,0.04858671501278877,1.6013716459274292
fourier_gate_s1p5_p4_tanh_sigma,0.3878173828125,0.04899410158395767,0.04899410158395767,1.6093252897262573
fourier_gate_s1p5_p4_tanh_sigma,0.39113736152648926,0.04940826818346977,0.04940826818346977,1.6173615455627441
fourier_gate_s1p5_p4_tanh_sigma,0.39448580145835876,0.049829330295324326,0.049829330295324326,1.6254804134368896
fourier_gate_s1p5_p4_tanh_sigma,0.39786288142204285,0.05025744065642357,0.05025744065642357,1.6336826086044312
fourier_gate_s1p5_p4_tanh_sigma,0.4012688994407654,0.05069274082779884,0.05069274082779884,1.6419683694839478
fourier_gate_s1p5_p4_tanh_sigma,0.4047040641307831,0.05113539099693298,0.05113539099693298,1.6503376960754395
fourier_gate_s1p5_p4_tanh_sigma,0.40816861391067505,0.051585521548986435,0.051585521548986435,1.6587913036346436
fourier_gate_s1p5_p4_tanh_sigma,0.41166284680366516,0.05204331502318382,0.05204331502318382,1.6673294305801392
fourier_gate_s1p5_p4_tanh_sigma,0.41518697142601013,0.05250890925526619,0.05250890925526619,1.6759523153305054
fourier_gate_s1p5_p4_tanh_sigma,0.41874128580093384,0.05298246815800667,0.05298246815800667,1.6846598386764526
fourier_gate_s1p5_p4_tanh_sigma,0.4223260283470154,0.05346415564417839,0.05346415564417839,1.6934529542922974
fourier_gate_s1p5_p4_tanh_sigma,0.42594143748283386,0.05395415797829628,0.05395415797829628,1.7023314237594604
fourier_gate_s1p5_p4_tanh_sigma,0.42958781123161316,0.05445264279842377,0.05445264279842377,1.7112959623336792
fourier_gate_s1p5_p4_tanh_sigma,0.43326541781425476,0.054959796369075775,0.054959796369075775,1.7203458547592163
fourier_gate_s1p5_p4_tanh_sigma,0.4369744658470154,0.05547577515244484,0.05547577515244484,1.7294821739196777
fourier_gate_s1p5_p4_tanh_sigma,0.44071531295776367,0.05600081756711006,0.05600081756711006,1.7387046813964844
fourier_gate_s1p5_p4_tanh_sigma,0.44448816776275635,0.056535061448812485,0.056535061448812485,1.7480138540267944
fourier_gate_s1p5_p4_tanh_sigma,0.4482932984828949,0.05707873776555061,0.05707873776555061,1.7574095726013184
fourier_gate_s1p5_p4_tanh_sigma,0.4521310329437256,0.05763203278183937,0.05763203278183937,1.7668919563293457
fourier_gate_s1p5_p4_tanh_sigma,0.4560016095638275,0.05819517374038696,0.05819517374038696,1.776461124420166
fourier_gate_s1p5_p4_tanh_sigma,0.4599052965641022,0.05876835435628891,0.05876835435628891,1.7861168384552002
fourier_gate_s1p5_p4_tanh_sigma,0.4638424515724182,0.05935179442167282,0.05935179442167282,1.7958598136901855
fourier_gate_s1p5_p4_tanh_sigma,0.46781328320503235,0.0599457323551178,0.0599457323551178,1.805689811706543
fourier_gate_s1p5_p4_tanh_sigma,0.47181808948516846,0.06055038049817085,0.06055038049817085,1.8156068325042725
fourier_gate_s1p5_p4_tanh_sigma,0.4758571982383728,0.06116597354412079,0.06116597354412079,1.8256105184555054
fourier_gate_s1p5_p4_tanh_sigma,0.47993090748786926,0.061792779713869095,0.061792779713869095,1.8357012271881104
fourier_gate_s1p5_p4_tanh_sigma,0.48403945565223694,0.06243102252483368,0.06243102252483368,1.845879077911377
fourier_gate_s1p5_p4_tanh_sigma,0.4881832003593445,0.06308093667030334,0.06308093667030334,1.8561431169509888
fourier_gate_s1p5_p4_tanh_sigma,0.4923624098300934,0.06374281644821167,0.06374281644821167,1.8664941787719727
fourier_gate_s1p5_p4_tanh_sigma,0.4965773820877075,0.06441691517829895,0.06441691517829895,1.8769314289093018
fourier_gate_s1p5_p4_tanh_sigma,0.5008284449577332,0.06510351598262787,0.06510351598262787,1.8874551057815552
fourier_gate_s1p5_p4_tanh_sigma,0.5051159262657166,0.06580285727977753,0.06580285727977753,1.8980648517608643
fourier_gate_s1p5_p4_tanh_sigma,0.5094400644302368,0.066515251994133,0.066515251994133,1.90876042842865
fourier_gate_s1p5_p4_tanh_sigma,0.5138012766838074,0.06724102795124054,0.06724102795124054,1.9195411205291748
fourier_gate_s1p5_p4_tanh_sigma,0.5181998014450073,0.06798042356967926,0.06798042356967926,1.9304072856903076
fourier_gate_s1p5_p4_tanh_sigma,0.5226359963417053,0.06873379647731781,0.06873379647731781,1.9413584470748901
fourier_gate_s1p5_p4_tanh_sigma,0.5271100997924805,0.06950142979621887,0.06950142979621887,1.9523935317993164
fourier_gate_s1p5_p4_tanh_sigma,0.531622588634491,0.0702836886048317,0.0702836886048317,1.963512897491455
fourier_gate_s1p5_p4_tanh_sigma,0.5361736416816711,0.07108084857463837,0.07108084857463837,1.9747155904769897
fourier_gate_s1p5_p4_tanh_sigma,0.5407636761665344,0.07189331948757172,0.07189331948757172,1.9860012531280518
fourier_gate_s1p5_p4_tanh_sigma,0.5453930497169495,0.07272138446569443,0.07272138446569443,1.9973692893981934
fourier_gate_s1p5_p4_tanh_sigma,0.5500620603561401,0.07356545329093933,0.07356545329093933,2.008819103240967
fourier_gate_s1p5_p4_tanh_sigma,0.5547710061073303,0.07442585378885269,0.07442585378885269,2.020350217819214
fourier_gate_s1p5_p4_tanh_sigma,0.5595202445983887,0.07530301064252853,0.07530301064252853,2.031961441040039
fourier_gate_s1p5_p4_tanh_sigma,0.5643101334571838,0.07619726657867432,0.07619726657867432,2.043652057647705
fourier_gate_s1p5_p4_tanh_sigma,0.5691410303115845,0.07710903137922287,0.07710903137922287,2.0554215908050537
fourier_gate_s1p5_p4_tanh_sigma,0.5740132927894592,0.07803873717784882,0.07803873717784882,2.0672690868377686
fourier_gate_s1p5_p4_tanh_sigma,0.5789272785186768,0.07898677885532379,0.07898677885532379,2.079193592071533
fourier_gate_s1p5_p4_tanh_sigma,0.5838833451271057,0.07995358109474182,0.07995358109474182,2.0911941528320312
fourier_gate_s1p5_p4_tanh_sigma,0.58888179063797,0.08093962073326111,0.08093962073326111,2.103269100189209
fourier_gate_s1p5_p4_tanh_sigma,0.5939230918884277,0.08194530755281448,0.08194530755281448,2.1154184341430664
fourier_gate_s1p5_p4_tanh_sigma,0.5990074872970581,0.08297111093997955,0.08297111093997955,2.1276397705078125
fourier_gate_s1p5_p4_tanh_sigma,0.6041354537010193,0.08401749283075333,0.08401749283075333,2.139932632446289
fourier_gate_s1p5_p4_tanh_sigma,0.6093072891235352,0.08508497476577759,0.08508497476577759,2.1522955894470215
fourier_gate_s1p5_p4_tanh_sigma,0.6145234107971191,0.08617406338453293,0.08617406338453293,2.164727210998535
fourier_gate_s1p5_p4_tanh_sigma,0.6197841763496399,0.08728522062301636,0.08728522062301636,2.1772255897521973
fourier_gate_s1p5_p4_tanh_sigma,0.6250900030136108,0.08841903507709503,0.08841903507709503,2.1897895336151123
fourier_gate_s1p5_p4_tanh_sigma,0.6304412484169006,0.08957597613334656,0.08957597613334656,2.2024176120758057
fourier_gate_s1p5_p4_tanh_sigma,0.6358382701873779,0.0907566174864769,0.0907566174864769,2.2151076793670654
fourier_gate_s1p5_p4_tanh_sigma,0.6412815451622009,0.0919615626335144,0.0919615626335144,2.227857828140259
fourier_gate_s1p5_p4_tanh_sigma,0.6467713713645935,0.09319137781858444,0.09319137781858444,2.240666627883911
fourier_gate_s1p5_p4_tanh_sigma,0.6523082256317139,0.09444662928581238,0.09444662928581238,2.2535319328308105
fourier_gate_s1p5_p4_tanh_sigma,0.6578924655914307,0.09572792053222656,0.09572792053222656,2.266451120376587
fourier_gate_s1p5_p4_tanh_sigma,0.6635245084762573,0.09703593701124191,0.09703593701124191,2.2794225215911865
fourier_gate_s1p5_p4_tanh_sigma,0.6692047715187073,0.09837126731872559,0.09837126731872559,2.2924439907073975
fourier_gate_s1p5_p4_tanh_sigma,0.6749336123466492,0.09973457455635071,0.09973457455635071,2.3055126667022705
fourier_gate_s1p5_p4_tanh_sigma,0.680711567401886,0.10112658888101578,0.10112658888101578,2.3186261653900146
fourier_gate_s1p5_p4_tanh_sigma,0.6865389347076416,0.10254792124032974,0.10254792124032974,2.3317816257476807
fourier_gate_s1p5_p4_tanh_sigma,0.692416250705719,0.1039993166923523,0.1039993166923523,2.3449764251708984
fourier_gate_s1p5_p4_tanh_sigma,0.698343813419342,0.10548153519630432,0.10548153519630432,2.3582077026367188
fourier_gate_s1p5_p4_tanh_sigma,0.7043221592903137,0.10699523985385895,0.10699523985385895,2.3714728355407715
fourier_gate_s1p5_p4_tanh_sigma,0.7103517055511475,0.10854127258062363,0.10854127258062363,2.384768009185791
fourier_gate_s1p5_p4_tanh_sigma,0.7164328098297119,0.11012034863233566,0.11012034863233566,2.398090124130249
fourier_gate_s1p5_p4_tanh_sigma,0.7225660085678101,0.11173328757286072,0.11173328757286072,2.411435842514038
fourier_gate_s1p5_p4_tanh_sigma,0.7287517189979553,0.11338094621896744,0.11338094621896744,2.42480206489563
fourier_gate_s1p5_p4_tanh_sigma,0.7349903583526611,0.1150641068816185,0.1150641068816185,2.4381837844848633
fourier_gate_s1p5_p4_tanh_sigma,0.7412824630737305,0.11678369343280792,0.11678369343280792,2.451578140258789
fourier_gate_s1p5_p4_tanh_sigma,0.747628390789032,0.11854051798582077,0.11854051798582077,2.4649806022644043
fourier_gate_s1p5_p4_tanh_sigma,0.7540286183357239,0.12033548951148987,0.12033548951148987,2.4783880710601807
fourier_gate_s1p5_p4_tanh_sigma,0.7604836821556091,0.12216956168413162,0.12216956168413162,2.4917943477630615
fourier_gate_s1p5_p4_tanh_sigma,0.7669939398765564,0.12404364347457886,0.12404364347457886,2.5051960945129395
fourier_gate_s1p5_p4_tanh_sigma,0.7735599875450134,0.12595872581005096,0.12595872581005096,2.5185883045196533
fourier_gate_s1p5_p4_tanh_sigma,0.7801822423934937,0.12791576981544495,0.12791576981544495,2.531965970993042
fourier_gate_s1p5_p4_tanh_sigma,0.7868611812591553,0.12991578876972198,0.12991578876972198,2.545323610305786
fourier_gate_s1p5_p4_tanh_sigma,0.7935972809791565,0.13195981085300446,0.13195981085300446,2.5586564540863037
fourier_gate_s1p5_p4_tanh_sigma,0.8003910779953003,0.13404890894889832,0.13404890894889832,2.5719594955444336
fourier_gate_s1p5_p4_tanh_sigma,0.8072429895401001,0.13618409633636475,0.13618409633636475,2.5852255821228027
fourier_gate_s1p5_p4_tanh_sigma,0.8141536116600037,0.13836655020713806,0.13836655020713806,2.598449468612671
fourier_gate_s1p5_p4_tanh_sigma,0.8211233615875244,0.14059731364250183,0.14059731364250183,2.6116254329681396
fourier_gate_s1p5_p4_tanh_sigma,0.8281527757644653,0.14287757873535156,0.14287757873535156,2.624746561050415
fourier_gate_s1p5_p4_tanh_sigma,0.8352423906326294,0.14520850777626038,0.14520850777626038,2.6378061771392822
fourier_gate_s1p5_p4_tanh_sigma,0.8423926830291748,0.1475912630558014,0.1475912630558014,2.6507973670959473
fourier_gate_s1p5_p4_tanh_sigma,0.8496041893959045,0.1500270515680313,0.1500270515680313,2.6637134552001953
fourier_gate_s1p5_p4_tanh_sigma,0.8568774461746216,0.1525171548128128,0.1525171548128128,2.676547050476074
fourier_gate_s1p5_p4_tanh_sigma,0.8642129302024841,0.15506279468536377,0.15506279468536377,2.6892900466918945
fourier_gate_s1p5_p4_tanh_sigma,0.8716112375259399,0.15766526758670807,0.15766526758670807,2.701934814453125
fourier_gate_s1p5_p4_tanh_sigma,0.8790728449821472,0.160325825214386,0.160325825214386,2.7144734859466553
fourier_gate_s1p5_p4_tanh_sigma,0.8865984082221985,0.16304588317871094,0.16304588317871094,2.7268970012664795
fourier_gate_s1p5_p4_tanh_sigma,0.8941883444786072,0.1658267080783844,0.1658267080783844,2.739197015762329
fourier_gate_s1p5_p4_tanh_sigma,0.901843249797821,0.16866973042488098,0.16866973042488098,2.7513647079467773
fourier_gate_s1p5_p4_tanh_sigma,0.9095636606216431,0.17157624661922455,0.17157624661922455,2.7633907794952393
fourier_gate_s1p5_p4_tanh_sigma,0.9173502326011658,0.17454780638217926,0.17454780638217926,2.7752654552459717
fourier_gate_s1p5_p4_tanh_sigma,0.9252034425735474,0.17758572101593018,0.17758572101593018,2.7869794368743896
fourier_gate_s1p5_p4_tanh_sigma,0.9331238269805908,0.1806914508342743,0.1806914508342743,2.7985212802886963
fourier_gate_s1p5_p4_tanh_sigma,0.9411121010780334,0.18386654555797577,0.18386654555797577,2.8098816871643066
fourier_gate_s1p5_p4_tanh_sigma,0.9491686820983887,0.18711237609386444,0.18711237609386444,2.821049690246582
fourier_gate_s1p5_p4_tanh_sigma,0.9572942852973938,0.19043049216270447,0.19043049216270447,2.8320138454437256
fourier_gate_s1p5_p4_tanh_sigma,0.9654894471168518,0.1938224583864212,0.1938224583864212,2.8427629470825195
fourier_gate_s1p5_p4_tanh_sigma,0.9737547039985657,0.19728967547416687,0.19728967547416687,2.853285312652588
fourier_gate_s1p5_p4_tanh_sigma,0.9820907711982727,0.2008337676525116,0.2008337676525116,2.8635687828063965
fourier_gate_s1p5_p4_tanh_sigma,0.9904981851577759,0.20445631444454193,0.20445631444454193,2.873601198196411
fourier_gate_s1p5_p4_tanh_sigma,0.9989776015281677,0.20815876126289368,0.20815876126289368,2.8833699226379395
fourier_gate_s1p5_p4_tanh_sigma,1.007529616355896,0.21194277703762054,0.21194277703762054,2.8928613662719727
fourier_gate_s1p5_p4_tanh_sigma,1.0161547660827637,0.21580983698368073,0.21580983698368073,2.9020626544952393
fourier_gate_s1p5_p4_tanh_sigma,1.0248538255691528,0.21976155042648315,0.21976155042648315,2.9109606742858887
fourier_gate_s1p5_p4_tanh_sigma,1.0336273908615112,0.22379952669143677,0.22379952669143677,2.9195404052734375
fourier_gate_s1p5_p4_tanh_sigma,1.042475938796997,0.2279251664876938,0.2279251664876938,2.927788734436035
fourier_gate_s1p5_p4_tanh_sigma,1.0514003038406372,0.23214015364646912,0.23214015364646912,2.935689926147461
fourier_gate_s1p5_p4_tanh_sigma,1.0604010820388794,0.23644603788852692,0.23644603788852692,2.943230152130127
fourier_gate_s1p5_p4_tanh_sigma,1.0694788694381714,0.24084427952766418,0.24084427952766418,2.9503936767578125
fourier_gate_s1p5_p4_tanh_sigma,1.0786343812942505,0.2453363984823227,0.2453363984823227,2.9571659564971924
fourier_gate_s1p5_p4_tanh_sigma,1.087868332862854,0.249923974275589,0.249923974275589,2.9635305404663086
fourier_gate_s1p5_p4_tanh_sigma,1.0971813201904297,0.2546083629131317,0.2546083629131317,2.9694719314575195
fourier_gate_s1p5_p4_tanh_sigma,1.1065739393234253,0.25939100980758667,0.25939100980758667,2.97497296333313
fourier_gate_s1p5_p4_tanh_sigma,1.1160470247268677,0.26427337527275085,0.26427337527275085,2.9800190925598145
fourier_gate_s1p5_p4_tanh_sigma,1.1256012916564941,0.2692568004131317,0.2692568004131317,2.9845926761627197
fourier_gate_s1p5_p4_tanh_sigma,1.135237216949463,0.27434250712394714,0.27434250712394714,2.988677501678467
fourier_gate_s1p5_p4_tanh_sigma,1.1449557542800903,0.27953189611434937,0.27953189611434937,2.992255926132202
fourier_gate_s1p5_p4_tanh_sigma,1.1547573804855347,0.2848260998725891,0.2848260998725891,2.995311737060547
fourier_gate_s1p5_p4_tanh_sigma,1.1646429300308228,0.2902262508869171,0.2902262508869171,2.9978275299072266
fourier_gate_s1p5_p4_tanh_sigma,1.174613118171692,0.2957334518432617,0.2957334518432617,2.999786376953125
fourier_gate_s1p5_p4_tanh_sigma,1.1846686601638794,0.3013487458229065,0.3013487458229065,3.0011708736419678
fourier_gate_s1p5_p4_tanh_sigma,1.194810390472412,0.30707305669784546,0.30707305669784546,3.0019638538360596
fourier_gate_s1p5_p4_tanh_sigma,1.2050387859344482,0.3129070997238159,0.3129070997238159,3.0021488666534424
fourier_gate_s1p5_p4_tanh_sigma,1.2153548002243042,0.31885167956352234,0.31885167956352234,3.0017080307006836
fourier_gate_s1p5_p4_tanh_sigma,1.2257591485977173,0.3249075412750244,0.3249075412750244,3.000624179840088
fourier_gate_s1p5_p4_tanh_sigma,1.2362525463104248,0.33107513189315796,0.33107513189315796,2.9988818168640137
fourier_gate_s1p5_p4_tanh_sigma,1.2468358278274536,0.3373548090457916,0.3373548090457916,2.9964632987976074
fourier_gate_s1p5_p4_tanh_sigma,1.2575095891952515,0.3437469005584717,0.3437469005584717,2.9933531284332275
fourier_gate_s1p5_p4_tanh_sigma,1.2682749032974243,0.35025158524513245,0.35025158524513245,2.989534854888916
fourier_gate_s1p5_p4_tanh_sigma,1.2791322469711304,0.35686877369880676,0.35686877369880676,2.9849936962127686
fourier_gate_s1p5_p4_tanh_sigma,1.290082573890686,0.36359840631484985,0.36359840631484985,2.9797134399414062
fourier_gate_s1p5_p4_tanh_sigma,1.3011265993118286,0.37044015526771545,0.37044015526771545,2.9736804962158203
fourier_gate_s1p5_p4_tanh_sigma,1.312265157699585,0.3773934841156006,0.3773934841156006,2.9668805599212646
fourier_gate_s1p5_p4_tanh_sigma,1.3234992027282715,0.38445794582366943,0.38445794582366943,2.9593002796173096
fourier_gate_s1p5_p4_tanh_sigma,1.334829330444336,0.3916325271129608,0.3916325271129608,2.950927257537842
fourier_gate_s1p5_p4_tanh_sigma,1.3462563753128052,0.39891621470451355,0.39891621470451355,2.941749334335327
fourier_gate_s1p5_p4_tanh_sigma,1.3577814102172852,0.4063079059123993,0.4063079059123993,2.931756019592285
fourier_gate_s1p5_p4_tanh_sigma,1.3694050312042236,0.41380608081817627,0.41380608081817627,2.9209370613098145
fourier_gate_s1p5_p4_tanh_sigma,1.3811280727386475,0.4214090406894684,0.4214090406894684,2.9092841148376465
fourier_gate_s1p5_p4_tanh_sigma,1.3929516077041626,0.42911508679389954,0.42911508679389954,2.8967888355255127
fourier_gate_s1p5_p4_tanh_sigma,1.4048762321472168,0.4369220435619354,0.4369220435619354,2.88344407081604
fourier_gate_s1p5_p4_tanh_sigma,1.416903018951416,0.4448275566101074,0.4448275566101074,2.8692455291748047
fourier_gate_s1p5_p4_tanh_sigma,1.429032802581787,0.45282918214797974,0.45282918214797974,2.8541884422302246
fourier_gate_s1p5_p4_tanh_sigma,1.441266417503357,0.4609241187572479,0.4609241187572479,2.8382701873779297
fourier_gate_s1p5_p4_tanh_sigma,1.4536046981811523,0.4691091477870941,0.4691091477870941,2.821490526199341
fourier_gate_s1p5_p4_tanh_sigma,1.4660485982894897,0.47738116979599,0.47738116979599,2.803849220275879
fourier_gate_s1p5_p4_tanh_sigma,1.4785990715026855,0.485736608505249,0.485736608505249,2.7853479385375977
fourier_gate_s1p5_p4_tanh_sigma,1.4912569522857666,0.4941715896129608,0.4941715896129608,2.7659919261932373
fourier_gate_s1p5_p4_tanh_sigma,1.5040231943130493,0.502682089805603,0.502682089805603,2.74578595161438
fourier_gate_s1p5_p4_tanh_sigma,1.51689875125885,0.5112639665603638,0.5112639665603638,2.7247366905212402
fourier_gate_s1p5_p4_tanh_sigma,1.5298845767974854,0.5199125409126282,0.5199125409126282,2.702855348587036
fourier_gate_s1p5_p4_tanh_sigma,1.542981505393982,0.5286229848861694,0.5286229848861694,2.6801533699035645
fourier_gate_s1p5_p4_tanh_sigma,1.5561906099319458,0.5373905301094055,0.5373905301094055,2.656642436981201
fourier_gate_s1p5_p4_tanh_sigma,1.5695127248764038,0.5462095141410828,0.5462095141410828,2.6323397159576416
fourier_gate_s1p5_p4_tanh_sigma,1.582948923110962,0.5550748705863953,0.5550748705863953,2.6072616577148438
fourier_gate_s1p5_p4_tanh_sigma,1.5965001583099365,0.563980758190155,0.563980758190155,2.5814287662506104
fourier_gate_s1p5_p4_tanh_sigma,1.610167384147644,0.5729212164878845,0.5729212164878845,2.5548620223999023
fourier_gate_s1p5_p4_tanh_sigma,1.6239515542984009,0.5818901062011719,0.5818901062011719,2.5275869369506836
fourier_gate_s1p5_p4_tanh_sigma,1.637853741645813,0.59088134765625,0.59088134765625,2.4996278285980225
fourier_gate_s1p5_p4_tanh_sigma,1.6518750190734863,0.5998883843421936,0.5998883843421936,2.4710142612457275
fourier_gate_s1p5_p4_tanh_sigma,1.6660163402557373,0.6089046597480774,0.6089046597480774,2.4417757987976074
fourier_gate_s1p5_p4_tanh_sigma,1.6802786588668823,0.6179233193397522,0.6179233193397522,2.4119462966918945
fourier_gate_s1p5_p4_tanh_sigma,1.6946630477905273,0.6269376873970032,0.6269376873970032,2.381558418273926
fourier_gate_s1p5_p4_tanh_sigma,1.7091705799102783,0.635940670967102,0.635940670967102,2.350649833679199
fourier_gate_s1p5_p4_tanh_sigma,1.7238024473190308,0.6449253559112549,0.6449253559112549,2.319258451461792
fourier_gate_s1p5_p4_tanh_sigma,1.738559365272522,0.6538845896720886,0.6538845896720886,2.2874248027801514
fourier_gate_s1p5_p4_tanh_sigma,1.7534427642822266,0.6628112196922302,0.6628112196922302,2.255190134048462
fourier_gate_s1p5_p4_tanh_sigma,1.7684534788131714,0.671698272228241,0.671698272228241,2.2225990295410156
fourier_gate_s1p5_p4_tanh_sigma,1.7835928201675415,0.6805384755134583,0.6805384755134583,2.1896955966949463
fourier_gate_s1p5_p4_tanh_sigma,1.7988616228103638,0.689324676990509,0.689324676990509,2.156527519226074
fourier_gate_s1p5_p4_tanh_sigma,1.8142613172531128,0.6980502605438232,0.6980502605438232,2.123140811920166
fourier_gate_s1p5_p4_tanh_sigma,1.8297927379608154,0.7067077159881592,0.7067077159881592,2.089586019515991
fourier_gate_s1p5_p4_tanh_sigma,1.8454570770263672,0.715290367603302,0.715290367603302,2.0559122562408447
fourier_gate_s1p5_p4_tanh_sigma,1.8612555265426636,0.7237915992736816,0.7237915992736816,2.0221705436706543
fourier_gate_s1p5_p4_tanh_sigma,1.8771892786026,0.7322048544883728,0.7322048544883728,1.988411545753479
fourier_gate_s1p5_p4_tanh_sigma,1.8932594060897827,0.7405235767364502,0.7405235767364502,1.9546871185302734
fourier_gate_s1p5_p4_tanh_sigma,1.909467101097107,0.748741626739502,0.748741626739502,1.9210495948791504
fourier_gate_s1p5_p4_tanh_sigma,1.9258135557174683,0.7568529844284058,0.7568529844284058,1.8875508308410645
fourier_gate_s1p5_p4_tanh_sigma,1.9422999620437622,0.7648518681526184,0.7648518681526184,1.8542426824569702
fourier_gate_s1p5_p4_tanh_sigma,1.9589273929595947,0.7727327346801758,0.7727327346801758,1.8211771249771118
fourier_gate_s1p5_p4_tanh_sigma,1.9756972789764404,0.7804903388023376,0.7804903388023376,1.7884043455123901
fourier_gate_s1p5_p4_tanh_sigma,1.9926106929779053,0.7881197333335876,0.7881197333335876,1.7559747695922852
fourier_gate_s1p5_p4_tanh_sigma,2.009669065475464,0.7956162095069885,0.7956162095069885,1.7239378690719604
fourier_gate_s1p5_p4_tanh_sigma,2.0268731117248535,0.8029753565788269,0.8029753565788269,1.6923421621322632
fourier_gate_s1p5_p4_tanh_sigma,2.044224739074707,0.8101931810379028,0.8101931810379028,1.6612331867218018
fourier_gate_s1p5_p4_tanh_sigma,2.061724901199341,0.8172659873962402,0.8172659873962402,1.630656361579895
fourier_gate_s1p5_p4_tanh_sigma,2.0793747901916504,0.8241903781890869,0.8241903781890869,1.6006546020507812
fourier_gate_s1p5_p4_tanh_sigma,2.0971755981445312,0.8309630751609802,0.8309630751609802,1.571270227432251
fourier_gate_s1p5_p4_tanh_sigma,2.115128993988037,0.8375817537307739,0.8375817537307739,1.5425403118133545
fourier_gate_s1p5_p4_tanh_sigma,2.1332361698150635,0.8440439105033875,0.8440439105033875,1.5145024061203003
fourier_gate_s1p5_p4_tanh_sigma,2.151498317718506,0.8503474593162537,0.8503474593162537,1.4871894121170044
fourier_gate_s1p5_p4_tanh_sigma,2.1699166297912598,0.8564907908439636,0.8564907908439636,1.4606335163116455
fourier_gate_s1p5_p4_tanh_sigma,2.188492774963379,0.8624727129936218,0.8624727129936218,1.434861183166504
fourier_gate_s1p5_p4_tanh_sigma,2.207227945327759,0.8682920932769775,0.8682920932769775,1.4098984003067017
fourier_gate_s1p5_p4_tanh_sigma,2.226123332977295,0.8739482760429382,0.8739482760429382,1.385766625404358
fourier_gate_s1p5_p4_tanh_sigma,2.245180606842041,0.8794411420822144,0.8794411420822144,1.3624839782714844
fourier_gate_s1p5_p4_tanh_sigma,2.2644009590148926,0.8847704529762268,0.8847704529762268,1.3400654792785645
fourier_gate_s1p5_p4_tanh_sigma,2.2837860584259033,0.8899368643760681,0.8899368643760681,1.318522572517395
fourier_gate_s1p5_p4_tanh_sigma,2.3033368587493896,0.8949406743049622,0.8949406743049622,1.297863483428955
fourier_gate_s1p5_p4_tanh_sigma,2.3230550289154053,0.8997827768325806,0.8997827768325806,1.278092384338379
fourier_gate_s1p5_p4_tanh_sigma,2.342942237854004,0.904464602470398,0.904464602470398,1.2592101097106934
fourier_gate_s1p5_p4_tanh_sigma,2.362999439239502,0.908987283706665,0.908987283706665,1.2412149906158447
fourier_gate_s1p5_p4_tanh_sigma,2.3832285404205322,0.9133526682853699,0.9133526682853699,1.224100947380066
fourier_gate_s1p5_p4_tanh_sigma,2.4036307334899902,0.9175626039505005,0.9175626039505005,1.2078590393066406
fourier_gate_s1p5_p4_tanh_sigma,2.4242076873779297,0.9216192364692688,0.9216192364692688,1.1924774646759033
fourier_gate_s1p5_p4_tanh_sigma,2.444960594177246,0.9255248308181763,0.9255248308181763,1.1779415607452393
fourier_gate_s1p5_p4_tanh_sigma,2.4658913612365723,0.9292818903923035,0.9292818903923035,1.1642334461212158
fourier_gate_s1p5_p4_tanh_sigma,2.4870011806488037,0.9328930377960205,0.9328930377960205,1.1513336896896362
fourier_gate_s1p5_p4_tanh_sigma,2.508291721343994,0.9363611936569214,0.9363611936569214,1.139219880104065
fourier_gate_s1p5_p4_tanh_sigma,2.529764413833618,0.9396892786026001,0.9396892786026001,1.1278680562973022
fourier_gate_s1p5_p4_tanh_sigma,2.5514211654663086,0.9428802728652954,0.9428802728652954,1.1172521114349365
fourier_gate_s1p5_p4_tanh_sigma,2.573263168334961,0.9459375143051147,0.9459375143051147,1.1073448657989502
fourier_gate_s1p5_p4_tanh_sigma,2.595292329788208,0.9488641619682312,0.9488641619682312,1.0981184244155884
fourier_gate_s1p5_p4_tanh_sigma,2.6175098419189453,0.9516635537147522,0.9516635537147522,1.0895428657531738
fourier_gate_s1p5_p4_tanh_sigma,2.6399176120758057,0.9543392658233643,0.9543392658233643,1.0815883874893188
fourier_gate_s1p5_p4_tanh_sigma,2.6625173091888428,0.9568946361541748,0.9568946361541748,1.074224591255188
fourier_gate_s1p5_p4_tanh_sigma,2.6853103637695312,0.9593333005905151,0.9593333005905151,1.0674209594726562
fourier_gate_s1p5_p4_tanh_sigma,2.708298683166504,0.9616586565971375,0.9616586565971375,1.0611472129821777
fourier_gate_s1p5_p4_tanh_sigma,2.7314836978912354,0.963874340057373,0.963874340057373,1.055372714996338
fourier_gate_s1p5_p4_tanh_sigma,2.7548673152923584,0.9659838676452637,0.9659838676452637,1.0500677824020386
fourier_gate_s1p5_p4_tanh_sigma,2.7784509658813477,0.9679908752441406,0.9679908752441406,1.0452035665512085
fourier_gate_s1p5_p4_tanh_sigma,2.802236557006836,0.9698988795280457,0.9698988795280457,1.0407512187957764
fourier_gate_s1p5_p4_tanh_sigma,2.826225757598877,0.9717114567756653,0.9717114567756653,1.0366833209991455
fourier_gate_s1p5_p4_tanh_sigma,2.8504204750061035,0.9734320640563965,0.9734320640563965,1.0329731702804565
fourier_gate_s1p5_p4_tanh_sigma,2.8748221397399902,0.9750640988349915,0.9750640988349915,1.0295952558517456
fourier_gate_s1p5_p4_tanh_sigma,2.89943265914917,0.9766110181808472,0.9766110181808472,1.0265251398086548
fourier_gate_s1p5_p4_tanh_sigma,2.9242539405822754,0.978076159954071,0.978076159954071,1.0237393379211426
fourier_gate_s1p5_p4_tanh_sigma,2.9492876529693604,0.9794628024101257,0.9794628024101257,1.021215796470642
fourier_gate_s1p5_p4_tanh_sigma,2.9745359420776367,0.9807743430137634,0.9807743430137634,1.0189337730407715
fourier_gate_s1p5_p4_tanh_sigma,3.0,0.9820137619972229,0.9820137619972229,1.0168732404708862
