spectrum_lambda,seed,method,noise_bin,sigma,n,score_error,unweighted_score_error,reference_error,relative_to_gaussian,dsm_pixel_mean,frequency_band_0,frequency_band_1,frequency_band_2,frequency_band_3
0.0,42,scalar_gate_s1p5_p4_linear_sigma,0,0.12079870700836182,2048,0.005138993334266473,0.35217091268029976,0.035747755140342445,0.1437570922731022,0.9499449809398752,0.005177457307617504,0.0050778189361238854,0.005164631318236384,0.005129524339660844
0.0,42,scalar_gate_s1p5_p4_linear_sigma,1,0.17627345025539398,2048,0.00892709951670099,0.28730062173914667,0.07114193066756565,0.125482952640347,0.9080018265901444,0.008593860662224156,0.008714787558965084,0.009046267476525587,0.00903948562360348
0.0,42,scalar_gate_s1p5_p4_linear_sigma,2,0.25722402334213257,2048,0.015998465141525656,0.24179942598198872,0.13129445366788273,0.1218517971977304,0.8212302256220555,0.015932361750476194,0.015718504417667936,0.016063281949782807,0.01628803370332874
0.0,42,scalar_gate_s1p5_p4_linear_sigma,3,0.37534967064857483,2048,0.027980546112866087,0.19860222437975858,0.21340661441016526,0.13111377166167762,0.6889472931412665,0.027970715265231726,0.027500993452538654,0.028264148407000648,0.02776715931318119
0.0,42,scalar_gate_s1p5_p4_linear_sigma,4,0.547722578048706,2048,0.04436974710023481,0.14789914590621656,0.28924139061285287,0.15340040720390305,0.5278002375121393,0.043770687923133836,0.04428655859415265,0.04451612956017151,0.04429744802745392
0.0,42,scalar_gate_s1p5_p4_linear_sigma,5,0.7992547750473022,2048,0.06450750919050022,0.10098102944105343,0.3082736736339796,0.20925403207505633,0.3716967845460101,0.06373866706135696,0.06405585457832363,0.06451164761152448,0.06572195120446876
0.0,42,scalar_gate_s1p5_p4_linear_sigma,6,1.166298747062683,2048,0.09325905595778218,0.06856009279513504,0.2506044121375131,0.37213652849259704,0.26829320549384295,0.0929174450690017,0.0944966414105235,0.09296033328427795,0.0923771957465806
0.0,42,scalar_gate_s1p5_p4_linear_sigma,7,1.7019013166427612,2048,0.07842429317524632,0.027075835360639476,0.13251490751599862,0.5918148730985463,0.20210350969483085,0.07669816202504084,0.07682331839755452,0.07938893989669427,0.0785852113602315
0.0,42,scalar_gate_s1p5_p4_linear_sigma,8,2.4834699630737305,2048,0.02680863921896657,0.0043466727731378526,0.030356578944054555,0.8831245203345661,0.13582036405979867,0.026116707188951694,0.02717233144698618,0.02676658546195601,0.026705351690090987
0.0,42,fourier_gate_s1p5_p4_linear_sigma,0,0.12079870700836182,2048,0.005138992492436755,0.3521708549904137,0.035747755140342445,0.14375706872393906,0.9499449823983868,0.005177455791831375,0.0050778173799505355,0.005164630752169113,0.005129524100426338
0.0,42,fourier_gate_s1p5_p4_linear_sigma,1,0.17627345025539398,2048,0.00892709712008646,0.2873005446089608,0.07114193066756565,0.12548291895255545,0.9080018267679579,0.008593857233031018,0.008714784282397341,0.00904626527781817,0.009039484617355882
0.0,42,fourier_gate_s1p5_p4_linear_sigma,2,0.25722402334213257,2048,0.01599845954155826,0.24179934134456318,0.13129445366788273,0.12185175454575814,0.8212302218296701,0.015932356913840783,0.01571849851627754,0.016063276830235628,0.01628802640023031
0.0,42,fourier_gate_s1p5_p4_linear_sigma,3,0.37534967064857483,2048,0.027980543125605918,0.19860220317658006,0.21340661441016526,0.13111375766370395,0.6889472887195288,0.02797070797693508,0.02750099110956741,0.02826414599504883,0.027767155396596077
0.0,42,fourier_gate_s1p5_p4_linear_sigma,4,0.547722578048706,2048,0.04436973963302887,0.14789912101553196,0.28924139061285287,0.15340038138738377,0.5278002331329036,0.043770681422060274,0.04428654864717294,0.044516123627377516,0.04429743863532703
0.0,42,fourier_gate_s1p5_p4_linear_sigma,5,0.7992547750473022,2048,0.06450749983366633,0.1009810147937243,0.3082736736339796,0.20925400172269512,0.371696773836762,0.06373864561543896,0.06405584315188581,0.06451164224602955,0.06572193716469703
0.0,42,fourier_gate_s1p5_p4_linear_sigma,6,1.166298747062683,2048,0.09325905074761762,0.06856008896484359,0.2506044121375131,0.37213650770220263,0.26829319807598895,0.0929174298563201,0.0944966356683414,0.09296033021034436,0.0923771889689729
0.0,42,fourier_gate_s1p5_p4_linear_sigma,7,1.7019013166427612,2048,0.07842428827906175,0.027075833670241235,0.13251490751599862,0.591814836150367,0.20210350274201322,0.07669815366509838,0.07682331657682961,0.07938893507605434,0.07858520263548215
0.0,42,fourier_gate_s1p5_p4_linear_sigma,8,2.4834699630737305,2048,0.02680863693878724,0.004346672403436379,0.030356578944054555,0.8831244452213811,0.13582036247983437,0.026116706585396443,0.027172328615177516,0.026766582996836142,0.02670535015779246
0.0,42,scalar_gate_s1p5_p4_tanh_sigma,0,0.12079870700836182,2048,0.005070943276890047,0.3475074991953272,0.035747755140342445,0.14185347463028053,0.9500588132648707,0.0050341940831485025,0.005021465321395734,0.0050893197341047225,0.005109898133703137
0.0,42,scalar_gate_s1p5_p4_tanh_sigma,1,0.17627345025539398,2048,0.008708915274203206,0.2802788036888352,0.07114193066756565,0.12241606591896574,0.9077403273898044,0.008291164925555516,0.008570226516102054,0.008795443500565287,0.008860672182708328
0.0,42,scalar_gate_s1p5_p4_tanh_sigma,2,0.25722402334213257,2048,0.015652571564844467,0.23657162021734193,0.13129445366788273,0.11921730985254407,0.8212678112056999,0.015622901139087325,0.015251369481230456,0.015752546795040387,0.016004619080394324
0.0,42,scalar_gate_s1p5_p4_tanh_sigma,3,0.37534967064857483,2048,0.027633213358338436,0.19613690231739106,0.21340661441016526,0.12948620845100747,0.6879415132748378,0.027435428779631538,0.027381764925641122,0.02781261007420753,0.02751239218913204
0.0,42,scalar_gate_s1p5_p4_tanh_sigma,4,0.547722578048706,2048,0.04493612459026542,0.14978707073136371,0.28924139061285287,0.15535855534041476,0.5279790008003342,0.04446108986932883,0.04465014196332645,0.045105604139203725,0.045068190253799205
0.0,42,scalar_gate_s1p5_p4_tanh_sigma,5,0.7992547750473022,2048,0.06594378749121053,0.10322940119171674,0.3082736736339796,0.21391313346305108,0.372650538439712,0.06500532332409588,0.06565380478484528,0.06580054269946112,0.06752182827531038
0.0,42,scalar_gate_s1p5_p4_tanh_sigma,6,1.166298747062683,2048,0.09131989701574013,0.06713450558920081,0.2506044121375131,0.36439860031526716,0.26652269688128116,0.09120951250429662,0.09246587054450715,0.09102868716877822,0.09044406155947904
0.0,42,scalar_gate_s1p5_p4_tanh_sigma,7,1.7019013166427612,2048,0.07652474876796755,0.02642002133223919,0.13251490751599862,0.5774803016689173,0.20026002666103349,0.07502919799296555,0.07503565161966445,0.07739150051746324,0.076728498630746
0.0,42,scalar_gate_s1p5_p4_tanh_sigma,8,2.4834699630737305,2048,0.023695301395061937,0.0038418854677392095,0.030356578944054555,0.7805656045343919,0.13288669688770927,0.023165760591972225,0.024144385249557858,0.023630198610253082,0.023437063286952515
0.0,42,fourier_gate_s1p5_p4_tanh_sigma,0,0.12079870700836182,2048,0.005070941930338117,0.3475074069172503,0.035747755140342445,0.14185343696212696,0.9500588092362758,0.005034194644947188,0.0050214635037226524,0.005089318447031591,0.005109896339807452
0.0,42,fourier_gate_s1p5_p4_tanh_sigma,1,0.17627345025539398,2048,0.008708913193578853,0.28027873672815334,0.07114193066756565,0.12241603667286102,0.9077403261861385,0.008291165468029663,0.008570222599905477,0.008795442047512791,0.008860669537219533
0.0,42,fourier_gate_s1p5_p4_tanh_sigma,2,0.25722402334213257,2048,0.015652571852729304,0.2365716245684086,0.13129445366788273,0.11921731204520972,0.8212678092976222,0.015622901690136498,0.015251366864654134,0.015752548026878792,0.016004620819516452
0.0,42,fourier_gate_s1p5_p4_tanh_sigma,3,0.37534967064857483,2048,0.027633211851418073,0.19613689162146916,0.21340661441016526,0.12948620138974387,0.6879415154631254,0.027435426919411178,0.027381761228056942,0.02781260935671889,0.02751239179070529
0.0,42,fourier_gate_s1p5_p4_tanh_sigma,4,0.547722578048706,2048,0.04493611942293319,0.14978705350692426,0.28924139061285287,0.1553585374752945,0.5279789962002799,0.04446108223001278,0.0446501366308746,0.0451055997181993,0.045068183933876765
0.0,42,fourier_gate_s1p5_p4_tanh_sigma,5,0.7992547750473022,2048,0.06594378555466554,0.10322939816021995,0.3082736736339796,0.21391312718114913,0.37265053794227926,0.06500532361791449,0.06565379833688358,0.06580054270035078,0.06752182580077314
0.0,42,fourier_gate_s1p5_p4_tanh_sigma,6,1.166298747062683,2048,0.09131988900970667,0.06713449970350541,0.2506044121375131,0.3643985683683697,0.2665226927909149,0.09120951107833182,0.0924658547058103,0.09102867954458758,0.09044406238006948
0.0,42,fourier_gate_s1p5_p4_tanh_sigma,7,1.7019013166427612,2048,0.07652475015051571,0.026420021809561264,0.13251490751599862,0.5774803121020692,0.2002600275142084,0.07502919902553822,0.07503565262815681,0.07739150161105254,0.0767285019643355
0.0,42,fourier_gate_s1p5_p4_tanh_sigma,8,2.4834699630737305,2048,0.0236953014604268,0.0038418854783372736,0.030356578944054555,0.7805656066876274,0.1328866962658815,0.023165761603280627,0.024144384688580336,0.023630199273624013,0.023437061681156716
0.0,42,score,0,0.12079870700836182,2048,0.006613850308498252,0.4532416269045768,0.035747755140342445,0.18501442349408728,0.9517366835390086,0.006608032405666403,0.006669838884689345,0.006566827916091579,0.006695187379268106
0.0,42,score,1,0.17627345025539398,2048,0.012848833477871002,0.4135136882824049,0.07114193066756565,0.18060844508017998,0.9125145033478146,0.012760419301016703,0.012739713225786096,0.01285773798278178,0.013058304783500287
0.0,42,score,2,0.25722402334213257,2048,0.024330625836571293,0.367730986005352,0.13129445366788273,0.18531343218897187,0.8298749504570035,0.024544959176745575,0.024215143754545913,0.024119555905498108,0.025214228533018287
0.0,42,score,3,0.37534967064857483,2048,0.04202842783206037,0.2983122352566676,0.21340661441016526,0.19694060537075098,0.702816080291922,0.042307217991615284,0.04229811723197911,0.04176813392131437,0.0423774291397148
0.0,42,score,4,0.547722578048706,2048,0.06380783880372728,0.21269278005740236,0.28924139061285287,0.22060410741536482,0.5463006822322375,0.0647836611889446,0.06431019369440776,0.06361928668436656,0.06308494790164848
0.0,42,score,5,0.7992547750473022,2048,0.07419898238984587,0.11615220800229956,0.3082736736339796,0.24069191999166306,0.3808967193471867,0.07550510667343044,0.0744036368565024,0.0733995559961843,0.07612958288985319
0.0,42,score,6,1.166298747062683,2048,0.08411971965254486,0.061841241325561166,0.2506044121375131,0.33566735292108985,0.25943543571942523,0.08464925929656542,0.08567171981613142,0.08335744167851272,0.08394613635027873
0.0,42,score,7,1.7019013166427612,2048,0.07753036077257963,0.026767206929598875,0.13251490751599862,0.5850689724340586,0.20174378486715308,0.07600175938164697,0.07700707035716486,0.07778296582001298,0.07835559210464255
0.0,42,score,8,2.4834699630737305,2048,0.09835974038770745,0.015947754827245444,0.030356578944054555,3.2401457545324472,0.2082553609439371,0.10069461865479234,0.10035044475129572,0.0975684611187853,0.09651283305332051
0.0,42,scalar_gaussian,0,0.12079870700836182,2048,0.030796036624592404,2.1104266185172436,0.035747755140342445,0.8614816931494008,0.9760679277262801,0.03317930853569249,0.03025703538197884,0.030914623837674144,0.029982224966985493
0.0,42,scalar_gaussian,1,0.17627345025539398,2048,0.06050279765205074,1.9471600321999838,0.07114193066756565,0.8504520060717806,0.9597289251936567,0.06412941661406305,0.05909018773234788,0.06100569982106954,0.05909946322522234
0.0,42,scalar_gaussian,2,0.25722402334213257,2048,0.11102487448207601,1.6780204027077217,0.13129445366788273,0.8456173995203191,0.9178192694201673,0.11803473960368054,0.10844530037177809,0.11121594684028598,0.11099458559069894
0.0,42,scalar_gaussian,3,0.37534967064857483,2048,0.18163080149056832,1.289191463468913,0.21340661441016526,0.8511020241456801,0.8409898530279254,0.1920074179918842,0.17856999905629928,0.18284281875622627,0.17672870920271913
0.0,42,scalar_gaussian,4,0.547722578048706,2048,0.24553842690284045,0.8184613616130777,0.28924139061285287,0.8489048762439797,0.7269491463187467,0.2610149158059977,0.24137023795851584,0.2471578069371645,0.2382328332835503
0.0,42,scalar_gaussian,5,0.7992547750473022,2048,0.2644421677459332,0.41396176447843097,0.3082736736339796,0.8578162534239347,0.570257546987098,0.2789006865545345,0.2587567378484904,0.26528620274477116,0.2633285115632213
0.0,42,scalar_gaussian,6,1.166298747062683,2048,0.21633180955768527,0.15903794849187214,0.2506044121375131,0.8632402267481963,0.39163058955672525,0.2255293426691753,0.21460621822136855,0.21694917514806314,0.21195751686332662
0.0,42,scalar_gaussian,7,1.7019013166427612,2048,0.1170905979770886,0.04042530222136769,0.13251490751599862,0.8836032124382094,0.2404357887479107,0.12021282350304933,0.11431062759340183,0.11842329057540522,0.11526358132891293
0.0,42,scalar_gaussian,8,2.4834699630737305,2048,0.026942124639531266,0.004368315700943339,0.030356578944054555,0.8875217688127528,0.13632241429954534,0.02737579381087077,0.02670372516864069,0.02709916000906808,0.0265317738743424
0.0,42,fourier_gaussian,0,0.12079870700836182,2048,0.030796136347654206,2.1104334524552164,0.035747755140342445,0.861484482780845,0.9760680045078394,0.033179449097874444,0.03025712251582781,0.030914724391209562,0.02998232124512525
0.0,42,fourier_gaussian,1,0.17627345025539398,2048,0.06050296288255068,1.9471653498090544,0.07114193066756565,0.850454328619094,0.9597291453831568,0.06412953957069575,0.059090337538219226,0.061005872636446516,0.059099650708786165
0.0,42,fourier_gaussian,2,0.25722402334213257,2048,0.11102520064908408,1.6780253323678251,0.13129445366788273,0.8456198837608865,0.9178196141819621,0.11803511733231435,0.10844554681945318,0.1112162914945893,0.11099495499472489
0.0,42,fourier_gaussian,3,0.37534967064857483,2048,0.18163139226909364,1.2891956567369347,0.21340661441016526,0.8511047924690845,0.840990393834883,0.19200791182207405,0.17857063324374278,0.18284337404054618,0.1767294107592412
0.0,42,fourier_gaussian,4,0.547722578048706,2048,0.24553925435357088,0.8184641197819723,0.28924139061285287,0.8489077370058115,0.7269499811461284,0.26101553177393966,0.24137099130327683,0.24715865474140036,0.238233833077644
0.0,42,fourier_gaussian,5,0.7992547750473022,2048,0.26444280712196955,0.41396276536733767,0.3082736736339796,0.857818327477255,0.5702581902611862,0.27890115585498104,0.2587572747738319,0.2652868444877606,0.2633294186184418
0.0,42,fourier_gaussian,6,1.166298747062683,2048,0.21633223855034,0.1590382638690322,0.2506044121375131,0.8632419385802071,0.39163101572631753,0.2255298370893918,0.21460665693077235,0.21694960195586427,0.2119579004870068
0.0,42,fourier_gaussian,7,1.7019013166427612,2048,0.11709077962552822,0.040425364935139735,0.13251490751599862,0.8836045832156036,0.24043597772081213,0.120212916422373,0.11431080279622936,0.11842348970615672,0.11526375768588265
0.0,42,fourier_gaussian,8,2.4834699630737305,2048,0.02694215497347438,0.004368320619198367,0.030356578944054555,0.8875227680670881,0.13632243705293062,0.02737580586837912,0.02670375573613163,0.027099194148397895,0.026531799570758914
0.0,42,scalar_normalized,0,0.12079870700836182,2048,0.02690045490564764,1.8434656632979287,0.035747755140342445,0.7525075294948982,0.972281267047435,0.026788450037472693,0.026713064095416312,0.027217556480669203,0.026097879767185743
0.0,42,scalar_normalized,1,0.17627345025539398,2048,0.05167919174995165,1.6631901428858014,0.07114193066756565,0.7264238018987688,0.9515975809828814,0.05111246986105231,0.050827286986096676,0.052403076065861455,0.05077386051942311
0.0,42,scalar_normalized,2,0.25722402334213257,2048,0.0943774511725886,1.426412678797691,0.13129445366788273,0.7188228332273813,0.899927520750943,0.09298223320966949,0.09244927789735717,0.09550707828516847,0.09431295566043114
0.0,42,scalar_normalized,3,0.37534967064857483,2048,0.15340449854523613,1.0888448895190135,0.21340661441016526,0.7188366629086497,0.8132504452946422,0.14953942796872124,0.15171527063506454,0.15593985457735637,0.1489768201400399
0.0,42,scalar_normalized,4,0.547722578048706,2048,0.20787851450308842,0.6929283296973564,0.28924139061285287,0.7187025137122648,0.6898408492603083,0.20558541555506907,0.20507124406042818,0.21083695248529324,0.20296684010616595
0.0,42,scalar_normalized,5,0.7992547750473022,2048,0.22483798939437183,0.3519647853624444,0.3082736736339796,0.7293454116400712,0.5323172291750379,0.22242789979687813,0.22129574490924683,0.22738727147203222,0.22284363040648453
0.0,42,scalar_normalized,6,1.166298747062683,2048,0.18490711752457378,0.13593585100952163,0.2506044121375131,0.7378446211198807,0.36026824417876274,0.1815041141192596,0.18435117825807612,0.1865449259541627,0.18159873515618616
0.0,42,scalar_normalized,7,1.7019013166427612,2048,0.10292650308818387,0.035535175887841386,0.13251490751599862,0.776716408874658,0.22661358191318012,0.09973942693705987,0.10125308984220356,0.10449080377796835,0.10176247744803188
0.0,42,scalar_normalized,8,2.4834699630737305,2048,0.024064564787505308,0.003901756732406555,0.030356578944054555,0.7927298010706322,0.13351968167079742,0.023548401034789786,0.02406406350204969,0.024257294725529215,0.023624122725066928
0.0,42,fourier_normalized,0,0.12079870700836182,2048,0.02690047244894704,1.8434668655255557,0.035747755140342445,0.7525080202473757,0.972281288688696,0.02678846041689221,0.02671308595845264,0.027217570462742726,0.02609790706440606
0.0,42,fourier_normalized,1,0.17627345025539398,2048,0.05167920950689653,1.6631907143571167,0.07114193066756565,0.72642405149763,0.9515975804169543,0.05111250594140369,0.05082729941824881,0.05240309482173088,0.050773873789281006
0.0,42,fourier_normalized,2,0.25722402334213257,2048,0.09437746880457157,1.4264129452859649,0.13129445366788273,0.7188229675208146,0.8999275419958135,0.09298224310735508,0.09244929836002855,0.09550709139014818,0.09431298965892336
0.0,42,fourier_normalized,3,0.37534967064857483,2048,0.1534045176330072,1.0888450250014938,0.21340661441016526,0.7188367523518523,0.8132504519071848,0.14953944085141935,0.15171529340332013,0.15593986960495854,0.14897685147040568
0.0,42,fourier_normalized,4,0.547722578048706,2048,0.20787857296350615,0.6929285245654009,0.28924139061285287,0.7187027158286272,0.689840914333749,0.20558543203679575,0.20507130792323996,0.21083700928832136,0.20296691854507223
0.0,42,fourier_normalized,5,0.7992547750473022,2048,0.22483806818153215,0.3519649086970555,0.3082736736339796,0.7293456672154481,0.5323173068999257,0.2224280330592454,0.22129583315320794,0.2273873416500351,0.22284369464103465
0.0,42,fourier_normalized,6,1.166298747062683,2048,0.1849072398498791,0.13593594093788514,0.2506044121375131,0.7378451092409967,0.36026835887491554,0.18150423537317786,0.18435131530744603,0.1865450388050887,0.18159886769269132
0.0,42,fourier_normalized,7,1.7019013166427612,2048,0.1029265861174676,0.035535204553540825,0.13251490751599862,0.776717035440267,0.22661366645363,0.09973949273060945,0.10125316494620647,0.10449088926987042,0.10176257483888701
0.0,42,fourier_normalized,8,2.4834699630737305,2048,0.024064580928005175,0.0039017593493790442,0.030356578944054555,0.7927303327675633,0.13351970181222264,0.023548434721283727,0.024064078475026014,0.02425730641136636,0.023624148022115567
0.0,42,scalar_gate_s1p5_p4,0,0.12079870700836182,2048,0.004905237468637703,0.33615181882510065,0.035747755140342445,0.13721805605359513,0.949834909145876,0.00497222964349803,0.00486288834587072,0.004898553860936657,0.004968556107727224
0.0,42,scalar_gate_s1p5_p4,1,0.17627345025539398,2048,0.008478090488000557,0.272850175334826,0.07114193066756565,0.11917149855852602,0.9076540216820316,0.00830717266518006,0.008369168417316126,0.008510582762913244,0.00864393547666968
0.0,42,scalar_gate_s1p5_p4,2,0.25722402334213257,2048,0.015685419171409046,0.23706807611745084,0.13129445366788273,0.11946749259558415,0.8211310958574265,0.015900670148975,0.015364280237519474,0.01570123140586653,0.016077013847281142
0.0,42,scalar_gate_s1p5_p4,3,0.37534967064857483,2048,0.02779998385257231,0.19732061728071446,0.21340661441016526,0.13026767670443914,0.6885285618076692,0.02772545312039395,0.027628189345704064,0.0279305372971276,0.027653600369895
0.0,42,scalar_gate_s1p5_p4,4,0.547722578048706,2048,0.04450155483439387,0.14833850498712184,0.28924139061285287,0.15385610869904448,0.5278630767923517,0.044192729720126535,0.04439800259109586,0.04450571056165652,0.04484151780519116
0.0,42,scalar_gate_s1p5_p4,5,0.7992547750473022,2048,0.0642988946671447,0.10065446111452599,0.3082736736339796,0.20857731349284223,0.3711040046788351,0.06377205391773304,0.06431719401410835,0.063952395990418,0.06586804680096096
0.0,42,scalar_gate_s1p5_p4,6,1.166298747062683,2048,0.09064296906622912,0.06663685694202702,0.2506044121375131,0.3616974190242548,0.26561862360189725,0.09096339585575543,0.0920488963748678,0.09008244617904015,0.09008305876384856
0.0,42,scalar_gate_s1p5_p4,7,1.7019013166427612,2048,0.07634757580681134,0.026358852710471656,0.13251490751599862,0.5761432976708213,0.2000457993925258,0.07536617105521876,0.07548165452075134,0.0768202069136725,0.0766467209958829
0.0,42,scalar_gate_s1p5_p4,8,2.4834699630737305,2048,0.02294622357886665,0.0037204322256696137,0.030356578944054555,0.7558896416211864,0.13222050340895308,0.022324051511633785,0.02348431959329693,0.022810828954396966,0.022846750394116547
0.0,42,fourier_gate_s1p5_p4,0,0.12079870700836182,2048,0.00490523458002424,0.33615162087083733,0.035747755140342445,0.1372179752481445,0.9498349079879362,0.004972217293543399,0.004862886777489283,0.004898551878623923,0.0049685527045324925
0.0,42,fourier_gate_s1p5_p4,1,0.17627345025539398,2048,0.008478088635589704,0.2728501157187336,0.07114193066756565,0.11917147252028337,0.9076540238473201,0.00830717010867359,0.008369160849167934,0.008510582965537408,0.008643936413268256
0.0,42,fourier_gate_s1p5_p4,2,0.25722402334213257,2048,0.015685413882161395,0.23706799617621682,0.13129445366788273,0.11946745231019887,0.8211310596737078,0.015900657321022478,0.015364271865528311,0.015701228581767777,0.016077008913851068
0.0,42,fourier_gate_s1p5_p4,3,0.37534967064857483,2048,0.02779998287537009,0.19732061034466203,0.21340661441016526,0.13026767212537665,0.688528576396531,0.0277254468116801,0.027628180509698386,0.027930537699236986,0.027653611115117067
0.0,42,fourier_gate_s1p5_p4,4,0.547722578048706,2048,0.04450153818986941,0.1483384495053778,0.28924139061285287,0.15385605115359974,0.5278630884453799,0.04419270388510565,0.0443979761381456,0.044505696743732504,0.04484151302543109
0.0,42,fourier_gate_s1p5_p4,5,0.7992547750473022,2048,0.06429888988093846,0.10065445362212644,0.3082736736339796,0.20857729796700708,0.3711040153820687,0.0637720392625835,0.06431718169438037,0.06395238906352452,0.06586806897746943
0.0,42,fourier_gate_s1p5_p4,6,1.166298747062683,2048,0.09064295515212759,0.06663684671297117,0.2506044121375131,0.36169736350208176,0.26561861815929266,0.09096338838858534,0.09204887993517108,0.09008243779239458,0.090083024876565
0.0,42,fourier_gate_s1p5_p4,7,1.7019013166427612,2048,0.07634756518480836,0.026358849043245695,0.13251490751599862,0.5761432175137794,0.20004578466998846,0.075366163351087,0.07548166754594285,0.07682018358990532,0.07664671469782597
0.0,42,fourier_gate_s1p5_p4,8,2.4834699630737305,2048,0.02294621820731848,0.0037204313547428204,0.030356578944054555,0.7558894646727832,0.13222049307722017,0.022324040520446047,0.023484311230567254,0.022810825836553198,0.02284674494825195
0.0,42,scalar_gate_s1p5_p4_plateau_lo0p8_hi1,0,0.12079870700836182,2048,0.009184278316576963,0.6293909072603364,0.035747755140342445,0.25691902276157813,0.9550544993608757,0.00937777254307298,0.009136804599000334,0.009252356579109475,0.00890399469687037
0.0,42,scalar_gate_s1p5_p4_plateau_lo0p8_hi1,1,0.17627345025539398,2048,0.013764324224868955,0.44297690422582336,0.07114193066756565,0.19347695649682803,0.9125505277198057,0.013949478258554998,0.013623339334239563,0.013836476866677008,0.013639524031554091
0.0,42,scalar_gate_s1p5_p4_plateau_lo0p8_hi1,2,0.25722402334213257,2048,0.021907565375547812,0.33110905862593226,0.13129445366788273,0.16685826981666968,0.826609997957118,0.021981521174054726,0.021798666608270966,0.02200103624177399,0.02170696446801505
0.0,42,scalar_gate_s1p5_p4_plateau_lo0p8_hi1,3,0.37534967064857483,2048,0.035594247275170285,0.25264327063014147,0.21340661441016526,0.1667907406410493,0.6960827150922211,0.0355028762153518,0.03540374451324946,0.03567795501147062,0.0356674513257941
0.0,42,scalar_gate_s1p5_p4_plateau_lo0p8_hi1,4,0.547722578048706,2048,0.05620502954196106,0.1873500844192488,0.28924139061285287,0.19431876407063406,0.5396860682387612,0.05583119898863911,0.05601830523789386,0.056424214577402376,0.05591663514492557
0.0,42,scalar_gate_s1p5_p4_plateau_lo0p8_hi1,5,0.7992547750473022,2048,0.0878246323576822,0.13748200631294644,0.3082736736339796,0.28489176945404165,0.3947130943725804,0.08795101537010859,0.08836472265574166,0.08727958895058979,0.08885331191435547
0.0,42,scalar_gate_s1p5_p4_plateau_lo0p8_hi1,6,1.166298747062683,2048,0.18506457681925598,0.13605160838819116,0.2506044121375131,0.7384729392462024,0.36030728387609,0.1851400468505537,0.18784694461299764,0.18412884291863452,0.1836112121264534
0.0,42,scalar_gate_s1p5_p4_plateau_lo0p8_hi1,7,1.7019013166427612,2048,0.11073497538544402,0.03823103582841223,0.13251490751599862,0.8356416456169273,0.23436988835285932,0.10932198688290004,0.10929739546924606,0.1114096334440942,0.11152695840519751
0.0,42,scalar_gate_s1p5_p4_plateau_lo0p8_hi1,8,2.4834699630737305,2048,0.026801240267666684,0.004345473129250586,0.030356578944054555,0.8828807856464934,0.13587786893387926,0.02625984699257372,0.027134669515545204,0.026780287958644643,0.02658840436946204
0.0,42,fourier_gate_s1p5_p4_plateau_lo0p8_hi1,0,0.12079870700836182,2048,0.009184278954118328,0.6293909509505127,0.035747755140342445,0.25691904059602294,0.9550544991171805,0.009377768584708086,0.009136803987763531,0.00925235971535351,0.008903990668199644
0.0,42,fourier_gate_s1p5_p4_plateau_lo0p8_hi1,1,0.17627345025539398,2048,0.013764321405935621,0.442976813504162,0.07114193066756565,0.1934769168727511,0.9125505230596448,0.013949482578674084,0.013623334553419913,0.013836474277281746,0.01363951986713461
0.0,42,fourier_gate_s1p5_p4_plateau_lo0p8_hi1,2,0.25722402334213257,2048,0.02190756166450287,0.3311090025375182,0.13129445366788273,0.16685824155161477,0.8266099837622025,0.021981530315077363,0.021798656399194725,0.022001033336763495,0.021706962123969182
0.0,42,fourier_gate_s1p5_p4_plateau_lo0p8_hi1,3,0.37534967064857483,2048,0.03559423530644026,0.25264318567767496,0.21340661441016526,0.16679068455689247,0.696082707873106,0.035502856244221705,0.03540373354557973,0.035677943599908654,0.035667439918322025
0.0,42,fourier_gate_s1p5_p4_plateau_lo0p8_hi1,4,0.547722578048706,2048,0.056205014160137276,0.1873500331465067,0.28924139061285287,0.1943187108907494,0.5396860646392809,0.05583119734780413,0.05601829536572934,0.056424195370441854,0.05591661678478589
0.0,42,fourier_gate_s1p5_p4_plateau_lo0p8_hi1,5,0.7992547750473022,2048,0.08782461948291903,0.13748198615859764,0.3082736736339796,0.284891727689972,0.39471307758603785,0.08795101082282428,0.08836468775465764,0.08727958581684392,0.08885329677172016
0.0,42,fourier_gate_s1p5_p4_plateau_lo0p8_hi1,6,1.166298747062683,2048,0.18506455241175027,0.13605159044483073,0.2506044121375131,0.7384728418516453,0.3603072561305869,0.18514003684459449,0.18784691047280325,0.1841288199248941,0.18361119167975498
0.0,42,fourier_gate_s1p5_p4_plateau_lo0p8_hi1,7,1.7019013166427612,2048,0.11073495710257508,0.03823102951628714,0.13251490751599862,0.8356415076485336,0.23436986959760017,0.10932197537693286,0.10929737382396738,0.11140961687146644,0.11152693587408938
0.0,42,fourier_gate_s1p5_p4_plateau_lo0p8_hi1,8,2.4834699630737305,2048,0.02680123760028785,0.00434547269676974,0.030356578944054555,0.8828806977782643,0.13587786600026036,0.026259840725226545,0.02713466558044177,0.026780285619784818,0.026588404714726406
0.0,42,scalar_gate_s1p5_p4_cap_lo1_hi2_d0p5,0,0.12079870700836182,2048,0.005276654545423736,0.3616047202804509,0.035747755140342445,0.1476079973332051,0.9505719931519333,0.005215755796989357,0.005211305536977474,0.0053234483858891415,0.005249886467811329
0.0,42,scalar_gate_s1p5_p4_cap_lo1_hi2_d0p5,1,0.17627345025539398,2048,0.008399731499614429,0.27032834996029437,0.07114193066756565,0.11807005265101632,0.9074741189372957,0.008150881997676612,0.008326274653191157,0.008444979676886491,0.008497633613526808
0.0,42,scalar_gate_s1p5_p4_cap_lo1_hi2_d0p5,2,0.25722402334213257,2048,0.015457569236360862,0.23362437179848577,0.13129445366788273,0.11773208086505862,0.8208814459386257,0.015390567498075935,0.01506657981107602,0.015575485634507962,0.015744422787358724
0.0,42,scalar_gate_s1p5_p4_cap_lo1_hi2_d0p5,3,0.37534967064857483,2048,0.026912461131134057,0.1910210981092797,0.21340661441016526,0.12610884252822918,0.6878455369060554,0.0266612808036576,0.026488377134930033,0.02718067298523133,0.026792688079727345
0.0,42,scalar_gate_s1p5_p4_cap_lo1_hi2_d0p5,4,0.547722578048706,2048,0.043616054317056285,0.14538683681741418,0.28924139061285287,0.15079465018696442,0.5269941077929594,0.04273356250026239,0.04306598810412063,0.04397695213389753,0.043720831285760486
0.0,42,scalar_gate_s1p5_p4_cap_lo1_hi2_d0p5,5,0.7992547750473022,2048,0.0645191469501347,0.10099924736580398,0.3082736736339796,0.2092917834649084,0.371581881893988,0.06355535562830063,0.06408753854756974,0.06451466240074553,0.06583883203118382
0.0,42,scalar_gate_s1p5_p4_cap_lo1_hi2_d0p5,6,1.166298747062683,2048,0.09628869783237985,0.07078735668843966,0.2506044121375131,0.38422586821633353,0.2713076442824335,0.09624193618379559,0.09752227649926207,0.09601987083323779,0.09513721644833946
0.0,42,scalar_gate_s1p5_p4_cap_lo1_hi2_d0p5,7,1.7019013166427612,2048,0.0839718442285963,0.028991116619720765,0.13251490751599862,0.6336784728801801,0.2078153798904592,0.08243086226764694,0.08247593864284877,0.08483777041692826,0.08421605631453197
0.0,42,scalar_gate_s1p5_p4_cap_lo1_hi2_d0p5,8,2.4834699630737305,2048,0.023179948223165645,0.003758327642124285,0.030356578944054555,0.7635889493966026,0.132378105231713,0.022646121343522407,0.023595946639519343,0.023098319975664854,0.023045339351119444
0.0,42,fourier_gate_s1p5_p4_cap_lo1_hi2_d0p5,0,0.12079870700836182,2048,0.005276655268564915,0.36160476983671075,0.035747755140342445,0.14760801756220063,0.9505719918879385,0.005215751719298987,0.005211309004625918,0.005323449135937514,0.0052498848773077245
0.0,42,fourier_gate_s1p5_p4_cap_lo1_hi2_d0p5,1,0.17627345025539398,2048,0.00839973229256841,0.2703283754799127,0.07114193066756565,0.11807006379710097,0.90747411170842,0.00815088185020128,0.00832627796265247,0.00844498110830764,0.008497628043163626
0.0,42,fourier_gate_s1p5_p4_cap_lo1_hi2_d0p5,2,0.25722402334213257,2048,0.015457567874924019,0.23362435122184644,0.13129445366788273,0.11773207049571853,0.8208814426861439,0.015390565285700425,0.015066579417997439,0.01557548590701027,0.015744414004480775
0.0,42,fourier_gate_s1p5_p4_cap_lo1_hi2_d0p5,3,0.37534967064857483,2048,0.02691246000270694,0.1910210900998529,0.21340661441016526,0.12610883724054345,0.6878455402330885,0.026661278786925723,0.026488380244632036,0.027180673282035016,0.026792674526145848
0.0,42,fourier_gate_s1p5_p4_cap_lo1_hi2_d0p5,4,0.547722578048706,2048,0.043616043454129075,0.14538680060765954,0.28924139061285287,0.1507946126303506,0.5269941124022541,0.0427335512553742,0.04306598034408046,0.043976941396605025,0.043720814644170165
0.0,42,fourier_gate_s1p5_p4_cap_lo1_hi2_d0p5,5,0.7992547750473022,2048,0.06451914935879598,0.10099925113635873,0.3082736736339796,0.20929179127829461,0.3715818875848926,0.06355535779580349,0.06408755029646371,0.06451466730770124,0.06583880853096263
0.0,42,fourier_gate_s1p5_p4_cap_lo1_hi2_d0p5,6,1.166298747062683,2048,0.09628869492497005,0.07078735455103559,0.2506044121375131,0.3842258566147429,0.27130765246054056,0.0962419546632091,0.09752226179215256,0.0960198734321921,0.09513720183478526
0.0,42,fourier_gate_s1p5_p4_cap_lo1_hi2_d0p5,7,1.7019013166427612,2048,0.08397184216954974,0.02899111590883893,0.13251490751599862,0.6336784573419543,0.20781537948786521,0.08243088339356262,0.08247593618787646,0.08483776662149328,0.08421604863850837
0.0,42,fourier_gate_s1p5_p4_cap_lo1_hi2_d0p5,8,2.4834699630737305,2048,0.023179948331614693,0.00375832765970789,0.030356578944054555,0.7635889529691081,0.13237810757683627,0.022646121981706964,0.0235959448692171,0.023098319705678074,0.023045343934919745
0.0,43,scalar_gate_s1p5_p4_linear_sigma,0,0.12079870700836182,2048,0.005126102475457188,0.3512875129136903,0.035747755140342445,0.14339648616626624,0.9502115775367492,0.005237703264092283,0.0050646564624727145,0.005117373113977954,0.005206316981553856
0.0,43,scalar_gate_s1p5_p4_linear_sigma,1,0.17627345025539398,2048,0.009108899376514417,0.2931514821063658,0.07114193066756565,0.12803840563561286,0.9078712103575992,0.008855310212426035,0.009110023068519171,0.009186708914183788,0.008953837428470774
0.0,43,scalar_gate_s1p5_p4_linear_sigma,2,0.25722402334213257,2048,0.01595715125347115,0.24117501143169948,0.13129445366788273,0.12153713129296177,0.8214054488792049,0.015582006099396755,0.015724109230694467,0.016093228771796614,0.016065791532552616
0.0,43,scalar_gate_s1p5_p4_linear_sigma,3,0.37534967064857483,2048,0.02862484810988491,0.20317539494133743,0.21340661441016526,0.13413290018681548,0.6895654265711226,0.02789474157747506,0.028351883511142775,0.028938683784029556,0.02833013181221887
0.0,43,scalar_gate_s1p5_p4_linear_sigma,4,0.547722578048706,2048,0.04521367432154124,0.15071223643288237,0.28924139061285287,0.1563181335345582,0.5291875502932324,0.04427066945574429,0.044740346855117644,0.04578633463062447,0.04441565357520043
0.0,43,scalar_gate_s1p5_p4_linear_sigma,5,0.7992547750473022,2048,0.06448456928332799,0.10094511896379887,0.3082736736339796,0.20917961797766746,0.3702996391618841,0.06478386214479738,0.06415878272749788,0.06452230832154816,0.06475490187071123
0.0,43,scalar_gate_s1p5_p4_linear_sigma,6,1.166298747062683,2048,0.09345250740868406,0.06870231007675959,0.2506044121375131,0.3729084680177309,0.26834841316429836,0.09429568109296545,0.09458232243443374,0.09325720185943286,0.09171333850214412
0.0,43,scalar_gate_s1p5_p4_linear_sigma,7,1.7019013166427612,2048,0.0788041909386258,0.027206994327825227,0.13251490751599862,0.594681703483902,0.20269298365973298,0.0771870963875669,0.07792119034128413,0.0795805899944602,0.07833929254022494
0.0,43,scalar_gate_s1p5_p4_linear_sigma,8,2.4834699630737305,2048,0.026828268480151844,0.004349855402977956,0.030356578944054555,0.8837711433029003,0.13585010768988284,0.025886107264569864,0.02727829555943738,0.026845323195790124,0.02648721431100075
0.0,43,fourier_gate_s1p5_p4_linear_sigma,0,0.12079870700836182,2048,0.005126101846288233,0.3512874697972683,0.035747755140342445,0.14339646856602944,0.950211575988364,0.005237702919108483,0.00506465435955311,0.005117372772051436,0.005206317729367317
0.0,43,fourier_gate_s1p5_p4_linear_sigma,1,0.17627345025539398,2048,0.009108899598335156,0.29315148924521717,0.07114193066756565,0.12803840875361566,0.9078712082348155,0.008855312643583243,0.009110022887914387,0.00918670924242762,0.008953836736262731
0.0,43,fourier_gate_s1p5_p4_linear_sigma,2,0.25722402334213257,2048,0.015957152430191805,0.24117502921655423,0.13129445366788273,0.12153714025541694,0.8214054512905705,0.015582008975203598,0.01572410937442377,0.016093229920933427,0.016065793705971183
0.0,43,fourier_gate_s1p5_p4_linear_sigma,3,0.37534967064857483,2048,0.028624848899824425,0.2031754005482239,0.21340661441016526,0.13413290388838542,0.6895654268982867,0.027894745655635288,0.028351884751201015,0.028938683758507038,0.028330133055792343
0.0,43,fourier_gate_s1p5_p4_linear_sigma,4,0.547722578048706,2048,0.04521367723136581,0.15071224613229686,0.28924139061285287,0.1563181435947524,0.529187554308321,0.044270675672249474,0.044740352236297326,0.04578633605639079,0.044415655860902285
0.0,43,fourier_gate_s1p5_p4_linear_sigma,5,0.7992547750473022,2048,0.06448457247433495,0.10094512395904938,0.3082736736339796,0.20917962832888207,0.370299646984794,0.0647838675085484,0.0641587862598493,0.06452230969274728,0.06475491012263318
0.0,43,fourier_gate_s1p5_p4_linear_sigma,6,1.166298747062683,2048,0.09345250860856744,0.06870231095886283,0.2506044121375131,0.3729084728056888,0.26834841945062915,0.0942956834349914,0.09458232702540526,0.09325720269647636,0.09171333440963109
0.0,43,fourier_gate_s1p5_p4_linear_sigma,7,1.7019013166427612,2048,0.07880418756304228,0.02720699316241155,0.13251490751599862,0.5946816780106661,0.2026929798462313,0.07718710288715551,0.0779211859082573,0.07958058660877503,0.0783392855964956
0.0,43,fourier_gate_s1p5_p4_linear_sigma,8,2.4834699630737305,2048,0.026828266772710933,0.004349855126138581,0.030356578944054555,0.8837710870567431,0.1358501070676519,0.025886106932022274,0.0272782935712411,0.02684532090983723,0.02648721452434056
0.0,43,scalar_gate_s1p5_p4_tanh_sigma,0,0.12079870700836182,2048,0.004955794732971099,0.3396164658415095,0.035747755140342445,0.1386323340728697,0.9500272447386102,0.004963049586492209,0.004912978933253921,0.0049730592822567294,0.004962659605433085
0.0,43,scalar_gate_s1p5_p4_tanh_sigma,1,0.17627345025539398,2048,0.008478328577408361,0.2728578377603163,0.07114193066756565,0.1191748452403713,0.9072215363555274,0.00811352789556839,0.008448422014134295,0.00858547696291991,0.008329380056763048
0.0,43,scalar_gate_s1p5_p4_tanh_sigma,2,0.25722402334213257,2048,0.01522717963260312,0.2301422831451034,0.13129445366788273,0.11597732582917168,0.8206343048222017,0.014733566931033022,0.01505550130422816,0.015333505944105723,0.015404937651576606
0.0,43,scalar_gate_s1p5_p4_tanh_sigma,3,0.37534967064857483,2048,0.028003984795799373,0.1987685890585717,0.21340661441016526,0.1312236027603906,0.68881013078666,0.027161694936584317,0.0280944538086383,0.028198295538821302,0.02757702699890017
0.0,43,scalar_gate_s1p5_p4_tanh_sigma,4,0.547722578048706,2048,0.045285092502294545,0.1509502970175354,0.28924139061285287,0.15656504902822935,0.5293687391205353,0.04419019340868589,0.045229350303264325,0.045733521912962385,0.044298400356718975
0.0,43,scalar_gate_s1p5_p4_tanh_sigma,5,0.7992547750473022,2048,0.06568292033561529,0.10282103580526888,0.3082736736339796,0.21306691408751993,0.37131420801258846,0.06587727918400402,0.06526363849717437,0.06580104632710737,0.065874079386991
0.0,43,scalar_gate_s1p5_p4_tanh_sigma,6,1.166298747062683,2048,0.09111197658332568,0.06698165132755364,0.2506044121375131,0.3635689244502614,0.2660314317301766,0.09128502597998771,0.09221131322104324,0.09082541738047004,0.09014401877335909
0.0,43,scalar_gate_s1p5_p4_tanh_sigma,7,1.7019013166427612,2048,0.076587806013794,0.026441791724258878,0.13251490751599862,0.5779561518733091,0.20041703926726978,0.07525243373621618,0.07588756011176048,0.07733436208022443,0.07575423818732627
0.0,43,scalar_gate_s1p5_p4_tanh_sigma,8,2.4834699630737305,2048,0.023564577585968537,0.0038206902993777677,0.030356578944054555,0.7762593284769246,0.13263312830198004,0.02302701128931573,0.0239224880794503,0.023558247417496323,0.023250854176591996
0.0,43,fourier_gate_s1p5_p4_tanh_sigma,0,0.12079870700836182,2048,0.004955796634792561,0.3396165961717427,0.035747755140342445,0.1386323872740135,0.9500272491164596,0.004963054787849816,0.0049129799079610775,0.0049730619238443135,0.004962658527710103
0.0,43,fourier_gate_s1p5_p4_tanh_sigma,1,0.17627345025539398,2048,0.008478330163605068,0.2728578888088455,0.07114193066756565,0.11917486753659931,0.9072215451319761,0.008113535760693841,0.008448424284025115,0.008585478772571212,0.008329376095048009
0.0,43,fourier_gate_s1p5_p4_tanh_sigma,2,0.25722402334213257,2048,0.01522718032099244,0.2301422935493604,0.13129445366788273,0.11597733107226689,0.8206343049289633,0.01473357186876043,0.015055501702823704,0.01533350688345106,0.015404935546355417
0.0,43,fourier_gate_s1p5_p4_tanh_sigma,3,0.37534967064857483,2048,0.028003986920034807,0.19876860413611452,0.21340661441016526,0.13122361271432498,0.6888101350373269,0.027161696499373146,0.028094454474890108,0.028198298913168867,0.027577027304375407
0.0,43,fourier_gate_s1p5_p4_tanh_sigma,4,0.547722578048706,2048,0.04528509750539618,0.1509503136945396,0.28924139061285287,0.15656506632555192,0.5293687477305522,0.044190194496765985,0.045229351137600474,0.0457335300728962,0.04429840302016087
0.0,43,fourier_gate_s1p5_p4_tanh_sigma,5,0.7992547750473022,2048,0.06568292979185117,0.10282105060820339,0.3082736736339796,0.21306694476232835,0.3713142176427769,0.06587728375961459,0.06526364775908905,0.06580105839447774,0.06587408203585939
0.0,43,fourier_gate_s1p5_p4_tanh_sigma,6,1.166298747062683,2048,0.09111198445538227,0.06698165711475494,0.2506044121375131,0.3635689558625439,0.2660314397478122,0.09128503035909641,0.09221131044962205,0.09082543398672259,0.09014401451182914
0.0,43,fourier_gate_s1p5_p4_tanh_sigma,7,1.7019013166427612,2048,0.07658781658711183,0.026441795374676388,0.13251490751599862,0.5779562316629571,0.20041705448386365,0.07525243220768404,0.07588757285234123,0.07733437394619232,0.07575424674763769
0.0,43,fourier_gate_s1p5_p4_tanh_sigma,8,2.4834699630737305,2048,0.023564580386927353,0.003820690753516873,0.030356578944054555,0.7762594207455172,0.13263313221193074,0.02302701331495389,0.023922491181413465,0.023558250098132703,0.023250857327717117
0.0,43,score,0,0.12079870700836182,2048,0.006443935819898749,0.441597529192153,0.035747755140342445,0.18026127220018268,0.9515850922520294,0.00656635486102645,0.006340828760376808,0.0065020929286564175,0.006339522047560071
0.0,43,score,1,0.17627345025539398,2048,0.012876230733488064,0.41439541347859016,0.07114193066756565,0.1809935520819155,0.9120138225157786,0.012726614929934552,0.012547908722847235,0.013091954714702682,0.012728076936457375
0.0,43,score,2,0.25722402334213257,2048,0.024405970628729637,0.3688697407129728,0.13129445366788273,0.1858872933845783,0.8302217149142552,0.023874283657002802,0.02391456945104153,0.024645035171719454,0.02467182165539523
0.0,43,score,3,0.37534967064857483,2048,0.04228393414543194,0.3001257853558678,0.21340661441016526,0.19813787994482057,0.7029026762479649,0.042082741913025336,0.04184300547274247,0.04257548997815539,0.042078147657928285
0.0,43,score,4,0.547722578048706,2048,0.06388862617253205,0.21296207126655087,0.28924139061285287,0.22088341518882554,0.5469360203362945,0.06406838956264485,0.06318678233270503,0.06442646731644654,0.0630046356829293
0.0,43,score,5,0.7992547750473022,2048,0.07379220918923782,0.11551543908869712,0.3082736736339796,0.23937240024217246,0.38012313609235393,0.07303929003176723,0.07325960249455649,0.07402044411480435,0.07429513312623696
0.0,43,score,6,1.166298747062683,2048,0.08316106427078337,0.06113647864855233,0.2506044121375131,0.3318419798018191,0.2585478863321226,0.08370761998505075,0.08425919589592139,0.08284483258404853,0.08209984124583226
0.0,43,score,7,1.7019013166427612,2048,0.07793112893560787,0.026905571361850636,0.13251490751599862,0.5880932975499318,0.20247410330006438,0.07611042006745117,0.0784964883044417,0.07808488751672155,0.07735668478911656
0.0,43,score,8,2.4834699630737305,2048,0.10101790679364532,0.016378741997045,0.030356578944054555,3.327710509798076,0.21103709038499868,0.10642595364342204,0.10038544752143318,0.10051415055116693,0.10104088749928714
0.0,43,scalar_gaussian,0,0.12079870700836182,2048,0.028637452192378808,1.9625006337681978,0.035747755140342445,0.8010979173363689,0.9740258639248702,0.027357927324873698,0.027949754912865405,0.029097915374203694,0.02883134470656704
0.0,43,scalar_gaussian,1,0.17627345025539398,2048,0.05643900522936269,1.8163751017225234,0.07114193066756565,0.7933296819437292,0.9568686280612811,0.05301971004101062,0.05561558399645872,0.057093737853423254,0.05732903927938106
0.0,43,scalar_gaussian,2,0.25722402334213257,2048,0.10340220441923051,1.5628120230699756,0.13129445366788273,0.7875595771988407,0.9086766201332939,0.09905040028309346,0.10076929115881449,0.1048114980402425,0.10517660994511208
0.0,43,scalar_gaussian,3,0.37534967064857483,2048,0.1664493130983189,1.1814352620018582,0.21340661441016526,0.7799632338405644,0.825019859831474,0.15925625888508071,0.16321551871095563,0.16808213771002906,0.1700259735945252
0.0,43,scalar_gaussian,4,0.547722578048706,2048,0.22864339016234966,0.7621445767026784,0.28924139061285287,0.7904933304251288,0.7102387130883789,0.22192567984200368,0.22266263588432442,0.23207015225785046,0.2300623578071395
0.0,43,scalar_gaussian,5,0.7992547750473022,2048,0.2443389748437163,0.382491922598117,0.3082736736339796,0.7926040909150924,0.5530461283891552,0.23256162542148934,0.24069273393525925,0.24631189885776042,0.249910884306933
0.0,43,scalar_gaussian,6,1.166298747062683,2048,0.20050939150368696,0.14740597946876063,0.2506044121375131,0.800103197678987,0.37558653570422235,0.189237670476544,0.19878341416417422,0.20277048569659506,0.20129795150469168
0.0,43,scalar_gaussian,7,1.7019013166427612,2048,0.11031185607554236,0.03808495470598242,0.13251490751599862,0.8324486515769883,0.23371210008633525,0.10494001034200792,0.10690489747791393,0.11266424231336788,0.11046623764706015
0.0,43,scalar_gaussian,8,2.4834699630737305,2048,0.025979334907771587,0.004212211846543458,0.030356578944054555,0.8558057531993318,0.1343433358934557,0.024759769380845058,0.026042780946613765,0.026129361933663445,0.025977309589197656
0.0,43,fourier_gaussian,0,0.12079870700836182,2048,0.028637453001857254,1.9625006892410783,0.035747755140342445,0.8010979399805446,0.9740258734577747,0.02735792090272785,0.027949743437067923,0.029097923129711534,0.02883134513354957
0.0,43,fourier_gaussian,1,0.17627345025539398,2048,0.05643900966142686,1.8163752443595345,0.07114193066756565,0.7933297442426313,0.9568686353805356,0.0530197206258477,0.05561557714327564,0.0570937473180305,0.057329041344070464
0.0,43,fourier_gaussian,2,0.25722402334213257,2048,0.1034022040260729,1.5628120171278255,0.13129445366788273,0.7875595742043685,0.9086766292676391,0.09905039559499712,0.10076929313960926,0.1048115003687241,0.10517659743592378
0.0,43,fourier_gaussian,3,0.37534967064857483,2048,0.16644932294704723,1.1814353319068323,0.21340661441016526,0.7799632799906258,0.8250198602865434,0.1592562531088329,0.1632155256667963,0.1680821533649065,0.17002597533236652
0.0,43,fourier_gaussian,4,0.547722578048706,2048,0.22864339677096618,0.7621445987313985,0.28924139061285287,0.7904933532732299,0.7102387221817604,0.22192569503726506,0.22266264206916608,0.23207015801638947,0.23006236361017893
0.0,43,fourier_gaussian,5,0.7992547750473022,2048,0.24433897284050154,0.38249191946225436,0.3082736736339796,0.7926040844169223,0.5530461331608345,0.23256160543380563,0.24069273278223202,0.2463118966772963,0.24991089145325387
0.0,43,fourier_gaussian,6,1.166298747062683,2048,0.2005094065423867,0.1474059905245733,0.2506044121375131,0.8001032576887034,0.3755865458335379,0.1892376735678426,0.19878344089953187,0.20277049801488603,0.20129796266387798
0.0,43,fourier_gaussian,7,1.7019013166427612,2048,0.11031186480922531,0.03808495772126955,0.13251490751599862,0.8324487174841614,0.23371211195396993,0.10494003643241642,0.10690490537258755,0.11266424470053146,0.11046626220542968
0.0,43,fourier_gaussian,8,2.4834699630737305,2048,0.025979345571366025,0.004212213575506843,0.030356578944054555,0.8558061044772034,0.1343433372531806,0.024759770223428585,0.026042796669886247,0.02612937435505863,0.025977310073345482
0.0,43,scalar_normalized,0,0.12079870700836182,2048,0.02907400333716107,1.9924171183965134,0.035747755140342445,0.8133099050001649,0.9741340673352985,0.027760360791472306,0.02935772896587812,0.029307109057879307,0.028418782022111178
0.0,43,scalar_normalized,1,0.17627345025539398,2048,0.056404767239812977,1.815273221356305,0.07114193066756565,0.792848418795141,0.9555159255306943,0.05226055897336555,0.056620448780869706,0.057022745667621645,0.05598908614312795
0.0,43,scalar_normalized,2,0.25722402334213257,2048,0.10374103079330058,1.5679330157422695,0.13129445366788273,0.7901402374217558,0.9094344468685542,0.09556552502940552,0.1041140437266159,0.10479804950104016,0.10362666255144337
0.0,43,scalar_normalized,3,0.37534967064857483,2048,0.1660752469387946,1.1787801897581982,0.21340661441016526,0.778210400824783,0.8240800064599495,0.1528374118735206,0.1682698027971309,0.16729245493001332,0.16492982581563387
0.0,43,scalar_normalized,4,0.547722578048706,2048,0.228467560945154,0.761558479355992,0.28924139061285287,0.7898854325830423,0.7111124840743436,0.21362877254681378,0.2300714589641257,0.23042281556082783,0.22647344058462554
0.0,43,scalar_normalized,5,0.7992547750473022,2048,0.2387920041491727,0.3738086108714125,0.3082736736339796,0.7746104340803877,0.5460746755018017,0.22581878202701647,0.23939188174304038,0.23979998864173063,0.24112495930049832
0.0,43,scalar_normalized,6,1.166298747062683,2048,0.19810447873765719,0.1456379898541344,0.2506044121375131,0.7905067474588282,0.37407070062886666,0.18280069231975812,0.20125109073921527,0.19973710374959983,0.19484491092193668
0.0,43,scalar_normalized,7,1.7019013166427612,2048,0.10888046989327921,0.037590771398243225,0.13251490751599862,0.8216469522882472,0.23225596379147198,0.1014760514894338,0.10787605906095123,0.11067868733496065,0.10798638903986878
0.0,43,scalar_normalized,8,2.4834699630737305,2048,0.025659340798835844,0.0041603289564976454,0.030356578944054555,0.84526457497482,0.1346564917635294,0.024024300475592897,0.025868718670210337,0.025836036821877767,0.02552795089781336
0.0,43,fourier_normalized,0,0.12079870700836182,2048,0.029074007505793305,1.992417404069392,0.035747755140342445,0.8133100216125848,0.9741340798127365,0.027760370624179388,0.029357736454338066,0.02930711102810513,0.02841878544721011
0.0,43,fourier_normalized,1,0.17627345025539398,2048,0.05640476516331287,1.8152731545283538,0.07114193066756565,0.7928483896070084,0.9555159217723044,0.052260555187181326,0.05662044191952981,0.057022744518744964,0.055989090018479036
0.0,43,fourier_normalized,2,0.25722402334213257,2048,0.10374102742762582,1.5679329648737508,0.13129445366788273,0.7901402117872018,0.9094344474692789,0.09556551702670094,0.10411404254655249,0.10479804349102713,0.10362666786608726
0.0,43,fourier_normalized,3,0.37534967064857483,2048,0.16607525091960995,1.1787802180135003,0.21340661441016526,0.7782104194784473,0.8240800086001115,0.1528374200381652,0.16826980602430777,0.16729246221478639,0.16492981633028322
0.0,43,fourier_normalized,4,0.547722578048706,2048,0.22846756630581055,0.7615584972248458,0.28924139061285287,0.7898854511165466,0.7111124868361031,0.21362875910553444,0.2300714831544444,0.23042281634754613,0.22647344019516982
0.0,43,fourier_normalized,5,0.7992547750473022,2048,0.2387920058753861,0.373808613573653,0.3082736736339796,0.7746104396800011,0.5460746804972656,0.2258187784459908,0.23939187944361284,0.23979998761773497,0.2411249815215515
0.0,43,fourier_normalized,6,1.166298747062683,2048,0.198104479432829,0.14563799036519517,0.2506044121375131,0.7905067502328089,0.37407070166600115,0.18280070104993293,0.20125107776605727,0.19973711187570567,0.19484490338005378
0.0,43,fourier_normalized,7,1.7019013166427612,2048,0.10888046799562642,0.03759077074308228,0.13251490751599862,0.8216469379679505,0.23225596606290932,0.10147606343136022,0.10787605701184663,0.11067868322299103,0.10798638808800555
0.0,43,fourier_normalized,8,2.4834699630737305,2048,0.02565933860186943,0.004160328600288066,0.030356578944054555,0.8452645026028173,0.13465648259207671,0.024024302599516663,0.02586871616895526,0.025836033754995952,0.0255279501276571
0.0,43,scalar_gate_s1p5_p4,0,0.12079870700836182,2048,0.004875691275622996,0.3341270429432493,0.035747755140342445,0.1363915372162944,0.9498035066516367,0.0049542409120992646,0.004791176896069919,0.0049434892071716285,0.0047261748553801535
0.0,43,scalar_gate_s1p5_p4,1,0.17627345025539398,2048,0.00846440596515077,0.2724097666762698,0.07114193066756565,0.1189791433227125,0.9070813980527291,0.008247291377333195,0.008457196846316095,0.008557213733410698,0.008247234267329108
0.0,43,scalar_gate_s1p5_p4,2,0.25722402334213257,2048,0.015306579466405627,0.23134232540332472,0.13129445366788273,0.116582072119547,0.8206967321800916,0.01478794436279104,0.015313213710379497,0.01538875414516337,0.015272478192708716
0.0,43,scalar_gate_s1p5_p4,3,0.37534967064857483,2048,0.02798740980636074,0.1986509419705447,0.21340661441016526,0.13114593417694745,0.6886204956645559,0.0273812223762759,0.02808535947132802,0.028213256812536943,0.027296848062022618
0.0,43,scalar_gate_s1p5_p4,4,0.547722578048706,2048,0.044487445507036816,0.14829147389945968,0.28924139061285287,0.15380732824156168,0.5281990080315906,0.043798075869417016,0.04457123060464296,0.044923013763847476,0.04307599727312999
0.0,43,scalar_gate_s1p5_p4,5,0.7992547750473022,2048,0.0635976960339892,0.09955679418074939,0.3082736736339796,0.20630271564966718,0.3691925996997112,0.06480060613866682,0.06352140854743632,0.06360583762171117,0.06303427773164597
0.0,43,scalar_gate_s1p5_p4,6,1.166298747062683,2048,0.09025444414333733,0.06635122993783836,0.2506044121375131,0.36014706753771114,0.26516469520124647,0.09015672314186177,0.09134053833527693,0.09003579917820828,0.08920389156008537
0.0,43,scalar_gate_s1p5_p4,7,1.7019013166427612,2048,0.07603351226271265,0.02625042288001347,0.13251490751599862,0.5737732734223361,0.1998879971265829,0.07488527454602056,0.07505496852174692,0.07678133761231457,0.07558593743520693
0.0,43,scalar_gate_s1p5_p4,8,2.4834699630737305,2048,0.022661410422786684,0.0036742534703492614,0.030356578944054555,0.7465073869012174,0.13175766370781233,0.021999674828250743,0.02314868834228427,0.022648434285403352,0.022211790415203554
0.0,43,fourier_gate_s1p5_p4,0,0.12079870700836182,2048,0.00487568987837819,0.33412694719123204,0.035747755140342445,0.13639149813006926,0.9498035092832653,0.004954241855414423,0.004791176093338659,0.004943487613293909,0.0047261718437467395
0.0,43,fourier_gate_s1p5_p4,1,0.17627345025539398,2048,0.008464406020367833,0.2724097684533192,0.07114193066756565,0.11897914409886608,0.9070813999879085,0.008247292884819804,0.00845719800297623,0.008557214241218919,0.008247229847819944
0.0,43,fourier_gate_s1p5_p4,2,0.25722402334213257,2048,0.015306580811546077,0.23134234573366178,0.13129445366788273,0.11658208236476615,0.8206967340323885,0.014787947088394229,0.015313216190766456,0.01538875599015476,0.015272474864383625
0.0,43,fourier_gate_s1p5_p4,3,0.37534967064857483,2048,0.027987411361076492,0.19865095300571198,0.21340661441016526,0.13114594146217504,0.6886205005534927,0.02738122424819388,0.028085360953152925,0.028213260859259088,0.027296840155852257
0.0,43,fourier_gate_s1p5_p4,4,0.547722578048706,2048,0.04448744989937505,0.14829148854058602,0.28924139061285287,0.15380734342727984,0.5281990153734338,0.043798077957126806,0.044571234723264644,0.04492301943027912,0.04307599861918279
0.0,43,fourier_gate_s1p5_p4,5,0.7992547750473022,2048,0.06359769864020115,0.09955679826055296,0.3082736736339796,0.20630272410388228,0.3691926016871195,0.06480060261537565,0.06352140745177047,0.06360584381050188,0.06303427679006714
0.0,43,fourier_gate_s1p5_p4,6,1.166298747062683,2048,0.09025444714300435,0.06635123214306601,0.2506044121375131,0.3601470795074406,0.2651646950067234,0.09015672883476142,0.09134054085308466,0.0900358037042181,0.08920388815396671
0.0,43,fourier_gate_s1p5_p4,7,1.7019013166427612,2048,0.0760335090377002,0.026250421766584167,0.13251490751599862,0.5737732490853577,0.1998879981706469,0.07488526310041278,0.07505496523116284,0.07678133729304479,0.07558592791651342
0.0,43,fourier_gate_s1p5_p4,8,2.4834699630737305,2048,0.0226614101616393,0.003674253428007604,0.030356578944054555,0.7465073782985555,0.1317576640755057,0.021999670847650893,0.0231486866615197,0.022648434805758046,0.022211791791841327
0.0,43,scalar_gate_s1p5_p4_plateau_lo0p8_hi1,0,0.12079870700836182,2048,0.010709087960110527,0.7338848361094554,0.035747755140342445,0.2995737191906909,0.9559346232830526,0.010369304710722607,0.010649511878527647,0.01076184356024786,0.010804470532065681
0.0,43,scalar_gate_s1p5_p4_plateau_lo0p8_hi1,1,0.17627345025539398,2048,0.014689311719622055,0.47274575376607236,0.07114193066756565,0.2064789580741455,0.9128764631002896,0.01424913322324783,0.014454885281344969,0.014812571798182309,0.014884964255539387
0.0,43,scalar_gate_s1p5_p4_plateau_lo0p8_hi1,2,0.25722402334213257,2048,0.022938886479926635,0.3466963570846224,0.13129445366788273,0.17471329396710036,0.8280213257429297,0.022795786996426447,0.02246780775356384,0.022971553479315746,0.023732450819935077
0.0,43,scalar_gate_s1p5_p4_plateau_lo0p8_hi1,3,0.37534967064857483,2048,0.03790508023081046,0.26904525804343077,0.21340661441016526,0.1776190505415043,0.7006353192076652,0.03784006380027306,0.037735452422840404,0.03776025525664218,0.03878987758658042
0.0,43,scalar_gate_s1p5_p4_plateau_lo0p8_hi1,4,0.547722578048706,2048,0.05921765955039166,0.19739218369404873,0.28924139061285287,0.2047343895869108,0.5435561009817669,0.059780435594274206,0.05817702958355604,0.05953973887028026,0.0595382709252522
0.0,43,scalar_gate_s1p5_p4_plateau_lo0p8_hi1,5,0.7992547750473022,2048,0.08972110416901984,0.1404507719375695,0.3082736736339796,0.29104367918081697,0.3952999239970181,0.0886855933527124,0.09031339748957234,0.08908431436052533,0.09164907244029867
0.0,43,scalar_gate_s1p5_p4_plateau_lo0p8_hi1,6,1.166298747062683,2048,0.18300607403254834,0.1345382846618647,0.2506044121375131,0.7302587870325611,0.3583403259549288,0.1849700435484963,0.1851948630757897,0.1818191686665274,0.18250766405178304
0.0,43,scalar_gate_s1p5_p4_plateau_lo0p8_hi1,7,1.7019013166427612,2048,0.10957599405223743,0.037830899767334406,0.13251490751599862,0.8268956007006852,0.23346311833804284,0.10950281033133465,0.10806468218500669,0.1102236504235858,0.10985672648049988
0.0,43,scalar_gate_s1p5_p4_plateau_lo0p8_hi1,8,2.4834699630737305,2048,0.026944209276990948,0.00436865369784105,0.030356578944054555,0.8875904404988318,0.1361935947706251,0.026929437898975294,0.027203000172997344,0.026899840089756443,0.026659959823651973
0.0,43,fourier_gate_s1p5_p4_plateau_lo0p8_hi1,0,0.12079870700836182,2048,0.010709091210287309,0.7338850588413504,0.035747755140342445,0.299573810110436,0.9559346325662197,0.01036931108320388,0.01064951296161187,0.010761847409944592,0.0108044736353847
0.0,43,fourier_gate_s1p5_p4_plateau_lo0p8_hi1,1,0.17627345025539398,2048,0.014689311228892674,0.4727457379729409,0.07114193066756565,0.20647895117625314,0.9128764612164244,0.014249132906383516,0.01445488402274293,0.014812570390697792,0.014884968496622429
0.0,43,fourier_gate_s1p5_p4_plateau_lo0p8_hi1,2,0.25722402334213257,2048,0.022938888563343918,0.34669638857321194,0.13129445366788273,0.17471330983538136,0.8280213350051817,0.022795791509668047,0.022467809282956046,0.022971555006963344,0.02373245463795776
0.0,43,fourier_gate_s1p5_p4_plateau_lo0p8_hi1,3,0.37534967064857483,2048,0.037905078485656454,0.2690452456565579,0.21340661441016526,0.17761904236390394,0.7006353281057304,0.037840059051073904,0.0377354460999123,0.03776025427845725,0.038789882751166696
0.0,43,fourier_gate_s1p5_p4_plateau_lo0p8_hi1,4,0.547722578048706,2048,0.05921765673572272,0.19739217431181963,0.28924139061285287,0.2047343798557,0.5435561083894602,0.059780464537244005,0.05817700912710251,0.059539736617006796,0.05953827970979589
0.0,43,fourier_gate_s1p5_p4_plateau_lo0p8_hi1,5,0.7992547750473022,2048,0.08972108788291618,0.14045074644305677,0.3082736736339796,0.29104362635079917,0.3952999111632649,0.08868559286537522,0.0903133719369157,0.08908429687051626,0.09164906839906176
0.0,43,fourier_gate_s1p5_p4_plateau_lo0p8_hi1,6,1.166298747062683,2048,0.18300605130926342,0.13453826795667176,0.2506044121375131,0.730258696358639,0.358340303068723,0.18496998562330133,0.18519483542432366,0.18181915474813864,0.18250763638338466
0.0,43,fourier_gate_s1p5_p4_plateau_lo0p8_hi1,7,1.7019013166427612,2048,0.10957598315743364,0.037830896005924486,0.13251490751599862,0.826895518485001,0.2334631072941207,0.10950277654836534,0.1080646725561539,0.11022364342846752,0.10985671131861875
0.0,43,fourier_gate_s1p5_p4_plateau_lo0p8_hi1,8,2.4834699630737305,2048,0.0269442065702707,0.004368653258981505,0.030356578944054555,0.8875903513346263,0.1361935913383964,0.026929432606094324,0.027202999189692746,0.026899837084460428,0.026659956617790512
0.0,43,scalar_gate_s1p5_p4_cap_lo1_hi2_d0p5,0,0.12079870700836182,2048,0.0052741487880763075,0.3614330028263505,0.035747755140342445,0.14753790181706453,0.9503433425493132,0.005298258838206797,0.005278293778473799,0.005275084851320775,0.005249849205040284
0.0,43,scalar_gate_s1p5_p4_cap_lo1_hi2_d0p5,1,0.17627345025539398,2048,0.008365964697762287,0.269241633816029,0.07114193066756565,0.11759541270892748,0.9069150316949809,0.008002315599824882,0.008450564393742248,0.008418906681481373,0.008217589465268817
0.0,43,scalar_gate_s1p5_p4_cap_lo1_hi2_d0p5,2,0.25722402334213257,2048,0.015241737545653156,0.23036231019068903,0.13129445366788273,0.11608820570751643,0.8206536274990042,0.01488672779158548,0.01518918603900278,0.015288293802099598,0.015356510896493758
0.0,43,scalar_gate_s1p5_p4_cap_lo1_hi2_d0p5,3,0.37534967064857483,2048,0.027372133805109493,0.19428379409705154,0.21340661441016526,0.12826281828594377,0.6881542504874892,0.026673326017670796,0.027500782545558034,0.02750422979000097,0.02703262220552135
0.0,43,scalar_gate_s1p5_p4_cap_lo1_hi2_d0p5,4,0.547722578048706,2048,0.04388232241421133,0.14627439707468454,0.28924139061285287,0.15171522416356878,0.5277104291454361,0.043198057497986164,0.04369339231032352,0.04428719785872396,0.04306881587308937
0.0,43,scalar_gate_s1p5_p4_cap_lo1_hi2_d0p5,5,0.7992547750473022,2048,0.06374220256984234,0.09978300689512218,0.3082736736339796,0.20677147619658534,0.36924263677394475,0.06360990111930982,0.06347998486191973,0.06388471449005102,0.06374348982454558
0.0,43,scalar_gate_s1p5_p4_cap_lo1_hi2_d0p5,6,1.166298747062683,2048,0.09574875362498927,0.07039041266426198,0.2506044121375131,0.3820713003745898,0.27058608630981484,0.09516631164461811,0.09709615014684878,0.09542151298819466,0.09491320331422495
0.0,43,scalar_gate_s1p5_p4_cap_lo1_hi2_d0p5,7,1.7019013166427612,2048,0.08365452401514842,0.028881562430475873,0.13251490751599862,0.6312838727601175,0.2074734453721231,0.08243391617371636,0.0825535993066168,0.08446002801072272,0.08324682387005293
0.0,43,scalar_gate_s1p5_p4_cap_lo1_hi2_d0p5,8,2.4834699630737305,2048,0.023121540135090754,0.0037488575289979704,0.030356578944054555,0.7616648825186275,0.1321238133524959,0.02269149109106789,0.023562090829919714,0.023072945847454625,0.022760833455366267
0.0,43,fourier_gate_s1p5_p4_cap_lo1_hi2_d0p5,0,0.12079870700836182,2048,0.005274150171070436,0.3614330976017807,0.035747755140342445,0.14753794050464428,0.9503433462618881,0.005298258444083241,0.0052782951016555535,0.005275086518380417,0.0052498506085187436
0.0,43,fourier_gate_s1p5_p4_cap_lo1_hi2_d0p5,1,0.17627345025539398,2048,0.008365965636729228,0.26924166403477867,0.07114193066756565,0.11759542590742986,0.9069150285477827,0.008002317648459722,0.008450565346672165,0.00841890709652245,0.008217591742205998
0.0,43,fourier_gate_s1p5_p4_cap_lo1_hi2_d0p5,2,0.25722402334213257,2048,0.015241739642865182,0.2303623418877712,0.13129445366788273,0.11608822168086465,0.8206536313835975,0.014886728518227949,0.015189188081860448,0.015288296068292425,0.015356513213391383
0.0,43,fourier_gate_s1p5_p4_cap_lo1_hi2_d0p5,3,0.37534967064857483,2048,0.02737213648335667,0.1942838131068966,0.21340661441016526,0.1282628308359164,0.6881542557937799,0.02667332659055612,0.027500787522070892,0.02750423182078019,0.027032624413598383
0.0,43,fourier_gate_s1p5_p4_cap_lo1_hi2_d0p5,4,0.547722578048706,2048,0.04388232703874087,0.14627441248978185,0.28924139061285287,0.15171524015204654,0.5277104334065532,0.043198059485895966,0.04369339953474456,0.04428720134820005,0.0430688216283579
0.0,43,fourier_gate_s1p5_p4_cap_lo1_hi2_d0p5,5,0.7992547750473022,2048,0.06374220927031891,0.09978301738414945,0.3082736736339796,0.20677149793206634,0.36924264237458226,0.06360989955080561,0.06347999544109048,0.06388472042250166,0.06374349712487536
0.0,43,fourier_gate_s1p5_p4_cap_lo1_hi2_d0p5,6,1.166298747062683,2048,0.09574875205002861,0.07039041150641787,0.2506044121375131,0.3820712940899412,0.2705860830150545,0.09516631213709012,0.0970961482956043,0.09542151281648426,0.09491319578069414
0.0,43,fourier_gate_s1p5_p4_cap_lo1_hi2_d0p5,7,1.7019013166427612,2048,0.08365452385422444,0.02888156237491718,0.13251490751599862,0.6312838715457335,0.2074734435792109,0.0824339160703873,0.08255359831437661,0.08446002793279592,0.08324682484148241
0.0,43,fourier_gate_s1p5_p4_cap_lo1_hi2_d0p5,8,2.4834699630737305,2048,0.023121539677941182,0.0037488574548771025,0.030356578944054555,0.7616648674593031,0.13212381338488666,0.022691489603195975,0.02356209024774696,0.023072945448188033,0.022760833574434605
0.0,44,scalar_gate_s1p5_p4_linear_sigma,0,0.12079870700836182,2048,0.0047643194928304825,0.32649482786888007,0.035747755140342445,0.13327604696088458,0.9492767988136908,0.004553892055066866,0.004773666660602074,0.004788732313066772,0.004772380227990351
0.0,44,scalar_gate_s1p5_p4_linear_sigma,1,0.17627345025539398,2048,0.008429457897660583,0.27128503388935193,0.07114193066756565,0.11848789902891489,0.9073682934369119,0.008139076569025808,0.008323052180686824,0.008553795015434509,0.008310228576598421
0.0,44,scalar_gate_s1p5_p4_linear_sigma,2,0.25722402334213257,2048,0.015485851528754854,0.2340518279329228,0.13129445366788273,0.11794749203898021,0.8211784215407767,0.015613716396660903,0.015575114109969361,0.015363227995988889,0.015719370914874915
0.0,44,scalar_gate_s1p5_p4_linear_sigma,3,0.37534967064857483,2048,0.02761624628352843,0.1960164722591323,0.21340661441016526,0.12940670259849724,0.6873432850153416,0.027717309671567214,0.02753524566823213,0.027629872294104088,0.02765262501074786
0.0,44,scalar_gate_s1p5_p4_linear_sigma,4,0.547722578048706,2048,0.04366823615928101,0.14556077627844863,0.28924139061285287,0.15097505950567972,0.5272916528465634,0.0443137630039086,0.04375600455275318,0.04360139709583856,0.0434060805635422
0.0,44,scalar_gate_s1p5_p4_linear_sigma,5,0.7992547750473022,2048,0.06302748979370643,0.09866418471775766,0.3082736736339796,0.2044530402182199,0.3685661824580676,0.06339790442978355,0.06281148735921659,0.06270340953770717,0.06443001140208726
0.0,44,scalar_gate_s1p5_p4_linear_sigma,6,1.166298747062683,2048,0.09215565712519484,0.06774892088721356,0.2506044121375131,0.36773357794924477,0.26746349733124763,0.0913285844594047,0.09401660389487485,0.09164114380757289,0.09125050910444145
0.0,44,scalar_gate_s1p5_p4_linear_sigma,7,1.7019013166427612,2048,0.07768067174290666,0.02681910150104727,0.13251490751599862,0.5862032672326185,0.20178038300509032,0.0765869788995089,0.07662952447660323,0.07824635580581661,0.07801995644722953
0.0,44,scalar_gate_s1p5_p4_linear_sigma,8,2.4834699630737305,2048,0.026592405827587696,0.004311613336242419,0.030356578944054555,0.8760014057116247,0.13560205443093076,0.026045279991369453,0.02687968844920817,0.026572534248832096,0.026460710373460365
0.0,44,fourier_gate_s1p5_p4_linear_sigma,0,0.12079870700836182,2048,0.004764319841880832,0.3264948517890084,0.035747755140342445,0.13327605672514384,0.9492767986677324,0.004553892110500906,0.0047736656220476945,0.004788733821523063,0.004772378827035722
0.0,44,fourier_gate_s1p5_p4_linear_sigma,1,0.17627345025539398,2048,0.008429459562603448,0.2712850874721668,0.07114193066756565,0.11848792243203103,0.9073682928960866,0.008139078871402488,0.008323053533368485,0.00855379701904214,0.008310229163142203
0.0,44,fourier_gate_s1p5_p4_linear_sigma,2,0.25722402334213257,2048,0.015485852576178601,0.23405184376359522,0.13129445366788273,0.11794750001664962,0.8211784208200137,0.015613719785962727,0.015575115563826365,0.015363228499442053,0.015719371993707248
0.0,44,fourier_gate_s1p5_p4_linear_sigma,3,0.37534967064857483,2048,0.027616248642639174,0.19601648900378907,0.21340661441016526,0.12940671365303155,0.6873432891789281,0.027717314681561505,0.02753524674413884,0.027629875759159615,0.027652624000383503
0.0,44,fourier_gate_s1p5_p4_linear_sigma,4,0.547722578048706,2048,0.04366824243818594,0.14556079720813017,0.28924139061285287,0.15097508121386233,0.5272916551657043,0.04431376925670767,0.04375601455535976,0.04360140166118545,0.043406086710477854
0.0,44,fourier_gate_s1p5_p4_linear_sigma,5,0.7992547750473022,2048,0.06302749374044551,0.09866419089604266,0.3082736736339796,0.20445305302093197,0.36856618073977454,0.06339791549547273,0.06281148872414562,0.06270341307846651,0.06443001751743976
0.0,44,fourier_gate_s1p5_p4_linear_sigma,6,1.166298747062683,2048,0.09215566411039466,0.06774892602243547,0.2506044121375131,0.36773360582265596,0.2674635027942493,0.09132858892525877,0.09401661247869997,0.09164115169336229,0.09125051124504971
0.0,44,fourier_gate_s1p5_p4_linear_sigma,7,1.7019013166427612,2048,0.07768066859184986,0.026819100413151012,0.13251490751599862,0.586203243453733,0.20178038118147185,0.07658697485975714,0.07662952454712704,0.07824635262738322,0.07801994816606025
0.0,44,fourier_gate_s1p5_p4_linear_sigma,8,2.4834699630737305,2048,0.026592404963502413,0.004311613196142209,0.030356578944054555,0.8760013772471101,0.13560205395200253,0.02604528096045073,0.026879687534971622,0.026572533189779916,0.026460709316648623
0.0,44,scalar_gate_s1p5_p4_tanh_sigma,0,0.12079870700836182,2048,0.004875868059401265,0.3341391577876343,0.035747755140342445,0.13639648252761746,0.9497217787081138,0.004716110785707448,0.004909047614492169,0.004892136748267366,0.004844176733353185
0.0,44,scalar_gate_s1p5_p4_tanh_sigma,1,0.17627345025539398,2048,0.008372589651813474,0.26945484454750324,0.07114193066756565,0.1176885357657383,0.9073768206485484,0.008259690710440212,0.008175103601259706,0.008498647788442204,0.008310177970741246
0.0,44,scalar_gate_s1p5_p4_tanh_sigma,2,0.25722402334213257,2048,0.01565627579251271,0.23662760559568694,0.13129445366788273,0.11924552298390462,0.8213503875847818,0.01613648904196081,0.015616284969086038,0.015547168171641408,0.015872769796647215
0.0,44,scalar_gate_s1p5_p4_tanh_sigma,3,0.37534967064857483,2048,0.02775361973796487,0.19699153091280394,0.21340661441016526,0.13005041954614727,0.687347848162975,0.02788405571414948,0.027797888949581757,0.027703753626579272,0.027790837573555674
0.0,44,scalar_gate_s1p5_p4_tanh_sigma,4,0.547722578048706,2048,0.04518914331780706,0.15063046642656902,0.28924139061285287,0.15623332200850998,0.5287224969280487,0.046532189139923755,0.04525285399687323,0.04506128706253665,0.04481275584042397
0.0,44,scalar_gate_s1p5_p4_tanh_sigma,5,0.7992547750473022,2048,0.06587109368344479,0.10311560520681061,0.3082736736339796,0.2136773241352262,0.37173032652875293,0.06693475806057339,0.06558702030917674,0.06543908096503705,0.06741723640883474
0.0,44,scalar_gate_s1p5_p4_tanh_sigma,6,1.166298747062683,2048,0.0909200084328051,0.06684052450530316,0.2506044121375131,0.36280290381685276,0.2664634703181906,0.0903829739630978,0.0927995899384623,0.0904200664187449,0.08976555251459048
0.0,44,scalar_gate_s1p5_p4_tanh_sigma,7,1.7019013166427612,2048,0.07634171585364487,0.026356829572987944,0.13251490751599862,0.5760990765844822,0.20081165073063112,0.07474272192412482,0.07562652538814602,0.07679428038821215,0.07679180728923314
0.0,44,scalar_gate_s1p5_p4_tanh_sigma,8,2.4834699630737305,2048,0.02348794571097225,0.003808265435814935,0.030356578944054555,0.773734937466412,0.13256498443430342,0.023014095658853064,0.023841244238654517,0.023474606019796063,0.023173503857380033
0.0,44,fourier_gate_s1p5_p4_tanh_sigma,0,0.12079870700836182,2048,0.004875864184829407,0.3341388922664672,0.035747755140342445,0.1363963741411791,0.9497217799883196,0.004716108154395246,0.004909041568605835,0.004892131825172662,0.004844179989282439
0.0,44,fourier_gate_s1p5_p4_tanh_sigma,1,0.17627345025539398,2048,0.008372587297202336,0.26945476876911156,0.07114193066756565,0.11768850266836357,0.9073768072133512,0.008259685179827928,0.008175102496897586,0.008498644978070636,0.00831017687967189
0.0,44,fourier_gate_s1p5_p4_tanh_sigma,2,0.25722402334213257,2048,0.015656275641222336,0.23662760330909724,0.13129445366788273,0.11924552183160633,0.8213503917453568,0.016136480664846013,0.015616287293752421,0.01554716887469674,0.01587276658603017
0.0,44,fourier_gate_s1p5_p4_tanh_sigma,3,0.37534967064857483,2048,0.027753618692517433,0.19699152349235596,0.21340661441016526,0.1300504146472952,0.6873478424524498,0.02788404294343997,0.027797890227553187,0.027703756367929103,0.027790824605941695
0.0,44,fourier_gate_s1p5_p4_tanh_sigma,4,0.547722578048706,2048,0.04518914148498485,0.15063046031716212,0.28924139061285287,0.1562333156718574,0.528722504550217,0.04653217551522483,0.045252842600600134,0.04506129228125131,0.04481275092119555
0.0,44,fourier_gate_s1p5_p4_tanh_sigma,5,0.7992547750473022,2048,0.06587109112966147,0.10311560120907962,0.3082736736339796,0.21367731585108277,0.37173031552898544,0.06693474863626317,0.06558701170976194,0.0654390865499462,0.06741721767362857
0.0,44,fourier_gate_s1p5_p4_tanh_sigma,6,1.166298747062683,2048,0.09092000106623013,0.06684051908971045,0.2506044121375131,0.36280287442162024,0.2664634760101027,0.09038297685824134,0.09279957076132384,0.09042006576033025,0.0897655351016792
0.0,44,fourier_gate_s1p5_p4_tanh_sigma,7,1.7019013166427612,2048,0.07634171189822835,0.02635682820738805,0.13251490751599862,0.5760990467356404,0.20081163949988476,0.07474271488615913,0.0756265152238532,0.07679427580498116,0.07679181845608972
0.0,44,fourier_gate_s1p5_p4_tanh_sigma,8,2.4834699630737305,2048,0.02348794444566534,0.0038082652306618485,0.030356578944054555,0.7737348957849396,0.13256498620758153,0.023014096139028127,0.023841240413537926,0.023474605442561285,0.02317350357375008
0.0,44,score,0,0.12079870700836182,2048,0.006449561285800243,0.44198303766276553,0.035747755140342445,0.18041863777123487,0.95160911754442,0.00630744527282911,0.0065346862531788594,0.006385524264631771,0.006619098986525339
0.0,44,score,1,0.17627345025539398,2048,0.012775987206748628,0.41116927855047775,0.07114193066756565,0.17958448817545705,0.9118843438410628,0.012610500441582356,0.012557158808179626,0.012852622560783246,0.012967441225166227
0.0,44,score,2,0.25722402334213257,2048,0.024224430223566348,0.36612595464520287,0.13129445366788273,0.18450459670477407,0.8300600375481613,0.0248738972517909,0.023987993242144276,0.02406498597209532,0.024886292569304705
0.0,44,score,3,0.37534967064857483,2048,0.041810578865035426,0.2967659720330884,0.21340661441016526,0.19591978899339987,0.7021098811530928,0.04229545215868315,0.04171496637358977,0.04169167167055062,0.04216038753252159
0.0,44,score,4,0.547722578048706,2048,0.06363023130863887,0.21210075511818474,0.28924139061285287,0.2199900614978283,0.5469266104577228,0.06456585642316694,0.06355673049494734,0.06363647425121831,0.06321752324183036
0.0,44,score,5,0.7992547750473022,2048,0.07302679349580306,0.11431724579859312,0.3082736736339796,0.23688949054569428,0.37919213993723383,0.0731836248476133,0.07283449925673158,0.07270870355375456,0.07448319450644096
0.0,44,score,6,1.166298747062683,2048,0.08350250337318477,0.0613874901594894,0.2506044121375131,0.3332044422560477,0.2584652103772759,0.0840015329472123,0.08456047310439707,0.0831350263342504,0.08273267623476618
0.0,44,score,7,1.7019013166427612,2048,0.07905266646646333,0.027292780022671638,0.13251490751599862,0.5965567795224794,0.20347856966271877,0.07949923913932436,0.07883950081145423,0.07939251154202796,0.07789967252720159
0.0,44,score,8,2.4834699630737305,2048,0.10031064875058873,0.01626406928821307,0.030356578944054555,3.304412165002372,0.2102437086366427,0.10396798677393015,0.09983105726243117,0.10068261507515866,0.0977261952681927
0.0,44,scalar_gaussian,0,0.12079870700836182,2048,0.02944585466331436,2.017899778597604,0.035747755140342445,0.8237119938780101,0.9747746703021736,0.029190097835633626,0.029851452119306253,0.02948131977874923,0.028732900320841883
0.0,44,scalar_gaussian,1,0.17627345025539398,2048,0.05767638524505667,1.8561976719953652,0.07114193066756565,0.8107228002367378,0.9569252773412714,0.0552592329179825,0.05869823937048464,0.05778751424144247,0.05678279743965745
0.0,44,scalar_gaussian,2,0.25722402334213257,2048,0.1056253771466672,1.5964128644380458,0.13129445366788273,0.8044923010522058,0.9121973320169574,0.1023484850625036,0.10694126384138489,0.10529839462831767,0.10634178591658047
0.0,44,scalar_gaussian,3,0.37534967064857483,2048,0.17205520530851456,1.221225145233125,0.21340661441016526,0.8062318301804192,0.8318674762255848,0.16606404803657182,0.17614524920286218,0.1717344767735664,0.16932407800166926
0.0,44,scalar_gaussian,4,0.547722578048706,2048,0.23406512558082376,0.7802170267418981,0.28924139061285287,0.8092380038862347,0.7171275276426208,0.22765396054128528,0.23886350753387264,0.23394964318300537,0.22953269396690543
0.0,44,scalar_gaussian,5,0.7992547750473022,2048,0.24719679601086184,0.3869655990280122,0.3082736736339796,0.8018744938445969,0.5546643731622714,0.2403591007791003,0.25212576488278676,0.24569868731990632,0.24789242597758399
0.0,44,scalar_gaussian,6,1.166298747062683,2048,0.2101491194039723,0.15449269756359746,0.2506044121375131,0.8385691122176175,0.3850963668364181,0.20303077890520954,0.2164425773542331,0.20930280606381998,0.20611256705450792
0.0,44,scalar_gaussian,7,1.7019013166427612,2048,0.11268835224936746,0.03890543540822977,0.13251490751599862,0.8503824540326719,0.23660917594054,0.10840759355333915,0.11268612121165722,0.11341822353490223,0.11231322629107005
0.0,44,scalar_gaussian,8,2.4834699630737305,2048,0.025951706625935822,0.004207732279362027,0.030356578944054555,0.8548956281853545,0.13529224266165638,0.02448391491045615,0.026418511704515053,0.026035349056109807,0.02562128825862639
0.0,44,fourier_gaussian,0,0.12079870700836182,2048,0.029446123280434885,2.017918186704084,0.035747755140342445,0.8237195081154628,0.9747748891189847,0.029190228887646913,0.02985182010853721,0.029481530978211823,0.028733285612644544
0.0,44,fourier_gaussian,1,0.17627345025539398,2048,0.05767684440343807,1.8562124490781349,0.07114193066756565,0.8107292543542616,0.9569257974642023,0.05525949603777448,0.058698895772970695,0.05778787753129606,0.05678337702217408
0.0,44,fourier_gaussian,2,0.25722402334213257,2048,0.10562631320343177,1.5964270119194672,0.13129445366788273,0.8044994304985642,0.9121982483146613,0.10234903200936607,0.10694257252275373,0.10529917594689489,0.10634286026825743
0.0,44,fourier_gaussian,3,0.37534967064857483,2048,0.17205657987176864,1.2212349017017339,0.21340661441016526,0.8062382712331386,0.8318687344426943,0.16606509158536437,0.17614721187607862,0.17173559296670002,0.1693255669979237
0.0,44,fourier_gaussian,4,0.547722578048706,2048,0.23406644540036026,0.780221426140023,0.28924139061285287,0.8092425669245111,0.717128873439032,0.22765471076380636,0.23886544409771526,0.2339507196531673,0.22953415311476613
0.0,44,fourier_gaussian,5,0.7992547750473022,2048,0.2471981703555139,0.38696775044789355,0.3082736736339796,0.8018789520412241,0.5546657518088176,0.24035970739940052,0.25212765662116143,0.24569990639973321,0.2478938935807084
0.0,44,fourier_gaussian,6,1.166298747062683,2048,0.21014962455226444,0.15449306892714418,0.2506044121375131,0.8385711279374839,0.3850969516916002,0.20303095208255137,0.21644326927025487,0.20930328146325794,0.2061130369841465
0.0,44,fourier_gaussian,7,1.7019013166427612,2048,0.11268846128872838,0.038905473053857983,0.13251490751599862,0.8503832768786668,0.2366093263126371,0.1084076787680566,0.11268627351703508,0.11341830376141482,0.11231338049751871
0.0,44,fourier_gaussian,8,2.4834699630737305,2048,0.025951728310944375,0.004207735795304612,0.030356578944054555,0.8548963425283175,0.13529226174339914,0.0244838938667635,0.026418571088530688,0.026035354075841906,0.025621329619056315
0.0,44,scalar_normalized,0,0.12079870700836182,2048,0.02954720742827628,2.0248453987643615,0.035747755140342445,0.8265472142873482,0.9748098226371225,0.02964605718906039,0.030502141371965226,0.02933897184046345,0.028581298326353224
0.0,44,scalar_normalized,1,0.17627345025539398,2048,0.05705372743964662,1.836158691328647,0.07114193066756565,0.8019704681090137,0.9566501765098245,0.05535628452351946,0.058845639789559756,0.05685850690660344,0.0555486291180349
0.0,44,scalar_normalized,2,0.25722402334213257,2048,0.10412514607051485,1.5737385010009926,0.13129445366788273,0.7930658391245201,0.9101778195326009,0.10161801321748243,0.10798207270576506,0.10298537266820422,0.10296704982381708
0.0,44,scalar_normalized,3,0.37534967064857483,2048,0.16827410319879688,1.1943873813607597,0.21340661441016526,0.7885140002051475,0.8274770216852397,0.16249271721474762,0.17586216044211261,0.16648040817776508,0.1647722859479388
0.0,44,scalar_normalized,4,0.547722578048706,2048,0.2275944745308511,0.7586481915266292,0.28924139061285287,0.7868668935957522,0.7100401473407205,0.22175943736164222,0.23650012169318443,0.22571064846553693,0.2221205764718948
0.0,44,scalar_normalized,5,0.7992547750473022,2048,0.2417706747844355,0.37847146688444505,0.3082736736339796,0.7842728570831363,0.5487274526835765,0.23276339850160116,0.25132562800500824,0.23932212530006164,0.23903820949040458
0.0,44,scalar_normalized,6,1.166298747062683,2048,0.2026139663721404,0.14895317343071537,0.2506044121375131,0.8085011937497768,0.3776315673751774,0.19739895972580412,0.21165495835703918,0.20019198242878955,0.19858803476627734
0.0,44,scalar_normalized,7,1.7019013166427612,2048,0.11097394087729487,0.038313538201749146,0.13251490751599862,0.8374449558733376,0.23485348715125734,0.10707533919387427,0.11274736611512974,0.1111072874192016,0.10948332112028561
0.0,44,scalar_normalized,8,2.4834699630737305,2048,0.02547284987261491,0.004130091874159341,0.030356578944054555,0.8391212303454852,0.13487010542330313,0.02442282769959992,0.02621715463094242,0.025375422000313702,0.02510104791595667
0.0,44,fourier_normalized,0,0.12079870700836182,2048,0.029547231089372288,2.0248470202394704,0.035747755140342445,0.8265478761777498,0.9748098482765422,0.029646106832800962,0.030502170495951476,0.029338991858976735,0.028581311601709916
0.0,44,fourier_normalized,1,0.17627345025539398,2048,0.057053763813956306,1.8361598619621509,0.07114193066756565,0.8019709794011496,0.9566502078088257,0.05535634424321427,0.05884568828286306,0.056858535896533835,0.05554865887435256
0.0,44,fourier_normalized,2,0.25722402334213257,2048,0.10412520615008691,1.5737394090384769,0.13129445366788273,0.793066296718656,0.910177888919219,0.10161813956403383,0.1079821549729243,0.10298542282405797,0.10296707113340381
0.0,44,fourier_normalized,3,0.37534967064857483,2048,0.1682742023488405,1.1943880851146869,0.21340661441016526,0.7885144648113823,0.8274771215308048,0.16249291503516794,0.17586230641289308,0.16648048653818465,0.16477232558282068
0.0,44,fourier_normalized,4,0.547722578048706,2048,0.22759459977872593,0.7586486090195139,0.28924139061285287,0.7868673266177155,0.71004028204865,0.22175969335551163,0.2365002874626172,0.22571075022994988,0.22212064576008123
0.0,44,fourier_normalized,5,0.7992547750473022,2048,0.24177078513339778,0.3784716396263777,0.3082736736339796,0.7842732150409242,0.5487275650313188,0.2327636763372603,0.2513257604659,0.2393222076348548,0.23903829331241047
0.0,44,fourier_normalized,6,1.166298747062683,2048,0.20261404474160094,0.14895323104461067,0.2506044121375131,0.8085015064715676,0.37763164039815456,0.19739908475643494,0.21165502145831702,0.20019206575720752,0.19858809562246194
0.0,44,fourier_normalized,7,1.7019013166427612,2048,0.11097398000955985,0.03831355171208786,0.13251490751599862,0.8374452511779619,0.23485352212399666,0.10707537651023938,0.11274741067771002,0.11110732955350423,0.10948334026645894
0.0,44,fourier_normalized,8,2.4834699630737305,2048,0.025472855032416693,0.0041300927107542065,0.030356578944054555,0.8391214003185837,0.1348701091807597,0.024422829510497488,0.026217162222160365,0.02537542806183513,0.025101047207246766
0.0,44,scalar_gate_s1p5_p4,0,0.12079870700836182,2048,0.004778496343621948,0.3274663555898584,0.035747755140342445,0.1336726271303472,0.9497391587717297,0.004735060216748302,0.004810251648534586,0.004761891820099332,0.004808901849792501
0.0,44,scalar_gate_s1p5_p4,1,0.17627345025539398,2048,0.008395348006281517,0.2701872761033738,0.07114193066756565,0.11800843648047135,0.9074343811084378,0.008339117684318591,0.008129037653749583,0.008528531990874796,0.00839688820340977
0.0,44,scalar_gate_s1p5_p4,2,0.25722402334213257,2048,0.015970456069169713,0.24137609927170472,0.13129445366788273,0.12163846699547529,0.8220282750213693,0.016604402423838045,0.015823024041690066,0.015880910646127237,0.016218647741367147
0.0,44,scalar_gate_s1p5_p4,3,0.37534967064857483,2048,0.027904913730872116,0.1980653957117779,0.21340661441016526,0.1307593666110047,0.6879545920811667,0.028311267509166887,0.02782318958202537,0.027870623656094176,0.02795398929004149
0.0,44,scalar_gate_s1p5_p4,4,0.547722578048706,2048,0.04472728410994217,0.14909093584917305,0.28924139061285287,0.15463652700318145,0.5282547880505377,0.046240572998320004,0.0445789568962366,0.04473367990546919,0.044126098990995684
0.0,44,scalar_gate_s1p5_p4,5,0.7992547750473022,2048,0.06392257323504641,0.10006536185940217,0.3082736736339796,0.20735657534915922,0.3698161578917376,0.06491320565949894,0.06319070107246498,0.06372020255695544,0.06543783940550571
0.0,44,scalar_gate_s1p5_p4,6,1.166298747062683,2048,0.09027210505483985,0.06636421348907662,0.2506044121375131,0.3602175408041308,0.2655591002873994,0.08997236320657007,0.09183084073609746,0.08989155941914224,0.08910515949427829
0.0,44,scalar_gate_s1p5_p4,7,1.7019013166427612,2048,0.07578760395033873,0.026165523511334807,0.13251490751599862,0.5719175704151538,0.200210167996404,0.07410515277729116,0.0751388730090756,0.07630017912275787,0.07593920340180513
0.0,44,scalar_gate_s1p5_p4,8,2.4834699630737305,2048,0.022481515126175432,0.003645085783716272,0.030356578944054555,0.7405813141068228,0.13176455692379851,0.02191707490676027,0.02289736346313322,0.02246466152428945,0.022119476256161497
0.0,44,fourier_gate_s1p5_p4,0,0.12079870700836182,2048,0.004778501814774631,0.3274667305233733,0.035747755140342445,0.1336727801791935,0.9497391683251842,0.004735066808412892,0.004810254798725827,0.0047618978542843925,0.004808908697581037
0.0,44,fourier_gate_s1p5_p4,1,0.17627345025539398,2048,0.008395351453610195,0.2701873870486669,0.07114193066756565,0.11800848493752959,0.9074343838086837,0.008339120099343431,0.008129037907409105,0.008528536368700943,0.008396894386661963
0.0,44,fourier_gate_s1p5_p4,2,0.25722402334213257,2048,0.015970455541442278,0.2413760912956777,0.13129445366788273,0.12163846297605618,0.822028264027203,0.016604404336268745,0.01582301759333634,0.01588091324821885,0.016218644559793296
0.0,44,fourier_gate_s1p5_p4,3,0.37534967064857483,2048,0.02790491656827508,0.19806541585128976,0.21340661441016526,0.13075937990676392,0.6879545896149228,0.028311297454163314,0.027823179976557748,0.02787062711249216,0.02795399684990347
0.0,44,fourier_gate_s1p5_p4,4,0.547722578048706,2048,0.0447272834046248,0.1490909334981153,0.28924139061285287,0.1546365245646737,0.5282548028971419,0.04624059137974931,0.04457893912011169,0.04473368602143502,0.04412609226074034
0.0,44,fourier_gate_s1p5_p4,5,0.7992547750473022,2048,0.06392257622077856,0.10006536653331238,0.3082736736339796,0.20735658503448884,0.36981616108870113,0.0649132161221547,0.06319070107197207,0.06372020417201997,0.06543784872431364
0.0,44,fourier_gate_s1p5_p4,6,1.166298747062683,2048,0.09027211824564976,0.06636422318639923,0.2506044121375131,0.36021759344011517,0.26555912021739736,0.08997238583703071,0.0918308598745958,0.08989156815991685,0.08910517367841399
0.0,44,fourier_gate_s1p5_p4,7,1.7019013166427612,2048,0.07578761328980452,0.026165526735767285,0.13251490751599862,0.5719176408937585,0.20021017652711265,0.07410515827733842,0.075138874436035,0.07630019414842792,0.07593920745974299
0.0,44,fourier_gate_s1p5_p4,8,2.4834699630737305,2048,0.022481511258452262,0.0036450851566151776,0.030356578944054555,0.7405811866971046,0.13176455082622585,0.021917074420403887,0.022897356890582587,0.022464659407662808,0.022119468703229853
0.0,44,scalar_gate_s1p5_p4_plateau_lo0p8_hi1,0,0.12079870700836182,2048,0.010482100412085929,0.7183295693956689,0.035747755140342445,0.2932240184295252,0.9557121071899729,0.010460594012675201,0.010412440023166828,0.010293025846357204,0.011332170795923259
0.0,44,scalar_gate_s1p5_p4_plateau_lo0p8_hi1,1,0.17627345025539398,2048,0.01466024076792114,0.4718101640504434,0.07114193066756565,0.20607032491746666,0.9125679154092756,0.014605210126741533,0.014590075687763576,0.014575070286996254,0.015137306416795053
0.0,44,scalar_gate_s1p5_p4_plateau_lo0p8_hi1,2,0.25722402334213257,2048,0.0228421695306024,0.34523458543200125,0.13129445366788273,0.17397665242115293,0.8284424249195089,0.02279926925543857,0.022928506813023136,0.022555259433399272,0.023796397104157277
0.0,44,scalar_gate_s1p5_p4_plateau_lo0p8_hi1,3,0.37534967064857483,2048,0.03755968831540095,0.2665937118010373,0.21340661441016526,0.1760005818901734,0.6980652620554759,0.03640773324362032,0.037826274848602036,0.037509584327589864,0.037915013472430176
0.0,44,scalar_gate_s1p5_p4_plateau_lo0p8_hi1,4,0.547722578048706,2048,0.05938469487895156,0.19794896808081486,0.28924139061285287,0.20531188414329493,0.5433238784763321,0.05943930206151027,0.06007593549253185,0.05890976963706282,0.059919647378300356
0.0,44,scalar_gate_s1p5_p4_plateau_lo0p8_hi1,5,0.7992547750473022,2048,0.0907775632537101,0.1421045689493147,0.3082736736339796,0.29447069606564064,0.3962026202334952,0.08945115237553589,0.09176243784534587,0.09044702976687957,0.09101225208448083
0.0,44,scalar_gate_s1p5_p4_plateau_lo0p8_hi1,6,1.166298747062683,2048,0.18269860701967874,0.13431224798674196,0.2506044121375131,0.7290318851985228,0.35837197677669574,0.18108628057119558,0.1843577816616105,0.18281796928744312,0.18019377600495876
0.0,44,scalar_gate_s1p5_p4_plateau_lo0p8_hi1,7,1.7019013166427612,2048,0.10940782069592152,0.03777283824171146,0.13251490751599862,0.8256265106075905,0.2331942157881629,0.10787984523558125,0.1074807210057949,0.11058244590908689,0.10924517792882209
0.0,44,scalar_gate_s1p5_p4_plateau_lo0p8_hi1,8,2.4834699630737305,2048,0.026698400803972445,0.0043287990454527175,0.030356578944054555,0.8794930697947247,0.13566109612621954,0.026035610637111507,0.026991735911619043,0.026802531700299802,0.02615174954139791
0.0,44,fourier_gate_s1p5_p4_plateau_lo0p8_hi1,0,0.12079870700836182,2048,0.010482101343439644,0.7183296332205595,0.035747755140342445,0.29322404448301337,0.9557121146519263,0.010460591427210997,0.010412446540770042,0.010293026225558766,0.011332165835862613
0.0,44,fourier_gate_s1p5_p4_plateau_lo0p8_hi1,1,0.17627345025539398,2048,0.014660244693661752,0.4718102903924559,0.07114193066756565,0.20607038009927825,0.9125679198888456,0.01460521084649219,0.014590086026679537,0.014575073526702287,0.015137303314126771
0.0,44,fourier_gate_s1p5_p4_plateau_lo0p8_hi1,2,0.25722402334213257,2048,0.022842165861571624,0.3452345299785857,0.13129445366788273,0.17397662447609757,0.8284424179134079,0.022799259736126846,0.022928510592138296,0.02255525338147477,0.023796392446177213
0.0,44,fourier_gate_s1p5_p4_plateau_lo0p8_hi1,3,0.37534967064857483,2048,0.03755968199750798,0.2665936669574666,0.21340661441016526,0.17600055228521955,0.6980652508422786,0.03640770913726664,0.03782627787532334,0.03750958002020746,0.037914992829105584
0.0,44,fourier_gate_s1p5_p4_plateau_lo0p8_hi1,4,0.547722578048706,2048,0.05938469063885018,0.19794895394714465,0.28924139061285287,0.20531186948390825,0.5433238687563351,0.059439266365689004,0.06007594004803864,0.05890976532177401,0.05991964526100362
0.0,44,fourier_gate_s1p5_p4_plateau_lo0p8_hi1,5,0.7992547750473022,2048,0.09077755081776184,0.1421045494818934,0.3082736736339796,0.2944706557250299,0.3962025994035669,0.08945109100172503,0.09176243276258073,0.09044701570319469,0.09101225991313572
0.0,44,fourier_gate_s1p5_p4_plateau_lo0p8_hi1,6,1.166298747062683,2048,0.1826985813746678,0.1343122291336203,0.2506044121375131,0.7290317828658833,0.3583719519855493,0.18108625410582813,0.18435774607373248,0.18281794410701155,0.18019376673683174
0.0,44,fourier_gate_s1p5_p4_plateau_lo0p8_hi1,7,1.7019013166427612,2048,0.10940780543854875,0.03777283297413305,0.13251490751599862,0.8256263954705614,0.2331942022900996,0.10787983561413969,0.10748070738542334,0.11058242683049548,0.10924517106586693
0.0,44,fourier_gate_s1p5_p4_plateau_lo0p8_hi1,8,2.4834699630737305,2048,0.026698398383611405,0.0043287986530226,0.030356578944054555,0.8794929900637035,0.13566108998832627,0.02603560481437724,0.02699173002219321,0.026802530401029395,0.026151750943239235
0.0,44,scalar_gate_s1p5_p4_cap_lo1_hi2_d0p5,0,0.12079870700836182,2048,0.005100796420956857,0.3495533101759102,0.035747755140342445,0.14268858005017637,0.950203854957567,0.005023339119104556,0.005064960534048825,0.005133280763574723,0.005084817871043815
0.0,44,scalar_gate_s1p5_p4_cap_lo1_hi2_d0p5,1,0.17627345025539398,2048,0.00837420321727438,0.269506773884604,0.07114193066756565,0.11771121670011503,0.9074524560708717,0.00818194984113119,0.008074513777584624,0.008567100628616323,0.008285068320621718
0.0,44,scalar_gate_s1p5_p4_cap_lo1_hi2_d0p5,2,0.25722402334213257,2048,0.015530017844366062,0.23471935382794193,0.13129445366788273,0.11828388336684946,0.8210237087550051,0.015923154678303898,0.01535456246575769,0.015484242843091967,0.015796456947850965
0.0,44,scalar_gate_s1p5_p4_cap_lo1_hi2_d0p5,3,0.37534967064857483,2048,0.027219160977792957,0.19319801315295643,0.21340661441016526,0.12754600438709,0.6873260989422474,0.027282247309685887,0.027061117270289786,0.027286508511990305,0.027210655588668104
0.0,44,scalar_gate_s1p5_p4_cap_lo1_hi2_d0p5,4,0.547722578048706,2048,0.04424386977377454,0.14747955484949105,0.28924139061285287,0.1529652090249925,0.5279758949060362,0.044890383525392805,0.0442688370235089,0.04421942744021422,0.04393264695013122
0.0,44,scalar_gate_s1p5_p4_cap_lo1_hi2_d0p5,5,0.7992547750473022,2048,0.06381546870646682,0.09989769881227031,0.3082736736339796,0.20700914208534194,0.36957349569083564,0.06430073521539229,0.06363356990873235,0.06343521357024476,0.06530577124543065
0.0,44,scalar_gate_s1p5_p4_cap_lo1_hi2_d0p5,6,1.166298747062683,2048,0.096131271766404,0.07067162373810223,0.2506044121375131,0.3835976826842709,0.2718012690006377,0.09586983548414732,0.0980466307435866,0.09572338119380862,0.09441235146024904
0.0,44,scalar_gate_s1p5_p4_cap_lo1_hi2_d0p5,7,1.7019013166427612,2048,0.08365672976453571,0.0288823239611807,0.13251490751599862,0.6313005180525503,0.2077285687305453,0.08208813131752143,0.08264606991436907,0.08424576135650334,0.08409967151018446
0.0,44,scalar_gate_s1p5_p4_cap_lo1_hi2_d0p5,8,2.4834699630737305,2048,0.02288507528489176,0.0037105178237347163,0.030356578944054555,0.7538753074602922,0.13202171373553304,0.022432946444318095,0.023169809634980734,0.022922849260026627,0.02248736189009836
0.0,44,fourier_gate_s1p5_p4_cap_lo1_hi2_d0p5,0,0.12079870700836182,2048,0.005100799319970127,0.3495535088428635,0.035747755140342445,0.14268866114654896,0.9502038654147836,0.005023340450834078,0.005064963624918374,0.005133284361669495,0.005084818658717893
0.0,44,fourier_gate_s1p5_p4_cap_lo1_hi2_d0p5,1,0.17627345025539398,2048,0.008374205324273834,0.2695068416941151,0.07114193066756565,0.11771124631695892,0.9074524576929666,0.00818195326221838,0.008074514933810837,0.008567103971514297,0.008285066718886007
0.0,44,fourier_gate_s1p5_p4_cap_lo1_hi2_d0p5,2,0.25722402334213257,2048,0.015530021143313104,0.23471940368794375,0.13129445366788273,0.11828390849317393,0.8210237088938326,0.015923166583125845,0.0153545645602706,0.01548424620436423,0.015796457371521785
0.0,44,fourier_gate_s1p5_p4_cap_lo1_hi2_d0p5,3,0.37534967064857483,2048,0.027219161228330346,0.19319801493123775,0.21340661441016526,0.12754600556108073,0.6873260945525269,0.02728226050581558,0.027061115125345918,0.027286508037286022,0.027210655645645
0.0,44,fourier_gate_s1p5_p4_cap_lo1_hi2_d0p5,4,0.547722578048706,2048,0.04424386774324082,0.14747954808104582,0.28924139061285287,0.15296520200478797,0.5279758994256074,0.04489039622511263,0.04426883354633299,0.044219422570459646,0.04393265003387708
0.0,44,fourier_gate_s1p5_p4_cap_lo1_hi2_d0p5,5,0.7992547750473022,2048,0.06381546931271366,0.09989769976129828,0.3082736736339796,0.20700914405192844,0.3695734953451158,0.06430075398868168,0.06363356340841277,0.06343521514312134,0.06530577074105964
0.0,44,fourier_gate_s1p5_p4_cap_lo1_hi2_d0p5,6,1.166298747062683,2048,0.09613126039081221,0.07067161537525081,0.2506044121375131,0.38359763729164714,0.2718012582291807,0.09586983658284558,0.09804662665566588,0.09572336603953079,0.09441233447367252
0.0,44,fourier_gate_s1p5_p4_cap_lo1_hi2_d0p5,7,1.7019013166427612,2048,0.08365672682466867,0.028882322946197296,0.13251490751599862,0.6313004958673705,0.20772856951801666,0.0820881344734656,0.0826460706565667,0.08424575688074017,0.08409966444013713
0.0,44,fourier_gate_s1p5_p4_cap_lo1_hi2_d0p5,8,2.4834699630737305,2048,0.022885073058830342,0.00371051746280776,0.030356578944054555,0.753875234129848,0.13202170815787084,0.022432942875167165,0.02316980535184853,0.022922848099122047,0.022487360043286688
0.5,42,scalar_gate_s1p5_p4_linear_sigma,0,0.12079870700836182,2048,0.0071796617881918975,0.4920162141141055,0.04459776183054685,0.16098704270119335,0.9449473778229998,0.007846971513285013,0.00572461441154345,0.007170862759572394,0.009428925829744425
0.5,42,scalar_gate_s1p5_p4_linear_sigma,1,0.17627345025539398,2048,0.012683069702179209,0.40817891681167306,0.08561568489953945,0.14813955780487406,0.8903777383645589,0.00956465377012341,0.009307280830083885,0.013415240184944124,0.01765094805771222
0.5,42,scalar_gate_s1p5_p4_linear_sigma,2,0.25722402334213257,2048,0.021094926296313373,0.31882690148453285,0.15072938945995534,0.13995231037486366,0.7944725716544647,0.017846992875543144,0.01757905722480253,0.021875119160129488,0.02620237239389969
0.5,42,scalar_gate_s1p5_p4_linear_sigma,3,0.37534967064857483,2048,0.033163103605802144,0.23538733364536385,0.2290693545323409,0.14477320055974596,0.6542481863361244,0.02794850593421993,0.030282136536066605,0.03444746474699724,0.036329790569473976
0.5,42,scalar_gate_s1p5_p4_linear_sigma,4,0.547722578048706,2048,0.04727083394448812,0.15756943466165,0.28897191808561323,0.163582794680012,0.482882046133846,0.05312872201689313,0.05130742904780504,0.045633843162486636,0.043024470008149754
0.5,42,scalar_gate_s1p5_p4_linear_sigma,5,0.7992547750473022,2048,0.06883249314057277,0.10775142465666467,0.28632916909978406,0.24039637092155652,0.3490362697386139,0.11289314593979864,0.08182069643609907,0.06015405489833354,0.05404942464185994
0.5,42,scalar_gate_s1p5_p4_linear_sigma,6,1.166298747062683,2048,0.095140019948286,0.06994289754700417,0.22344612958538787,0.4257850432443007,0.259982946372595,0.17944005586205022,0.11711578047343577,0.07911884373674313,0.06976309141731273
0.5,42,scalar_gate_s1p5_p4_linear_sigma,7,1.7019013166427612,2048,0.07406948278461437,0.02557234550577943,0.11148985791929866,0.6643607245264332,0.20038595188475553,0.16460248080667564,0.0897152407375077,0.05921483996189256,0.05207623151971901
0.5,42,scalar_gate_s1p5_p4_linear_sigma,8,2.4834699630737305,2048,0.027342709754307158,0.004433265376214018,0.02722898465452995,1.0041766191879757,0.13337794069070458,0.08758276743839336,0.03446485018803375,0.018239579265321753,0.015604032117134644
0.5,42,fourier_gate_s1p5_p4_linear_sigma,0,0.12079870700836182,2048,0.007316779579755278,0.5014127816242433,0.04459776183054685,0.1640615869369416,0.9456754167819642,0.007387704408379983,0.005580685232522008,0.007429041457102749,0.009939666422288043
0.5,42,fourier_gate_s1p5_p4_linear_sigma,1,0.17627345025539398,2048,0.013164313907464892,0.4236667871023846,0.08561568489953945,0.1537605395893493,0.8906129708614114,0.013155461791612325,0.009739692763377343,0.013583991729013261,0.017671997568800345
0.5,42,fourier_gate_s1p5_p4_linear_sigma,2,0.25722402334213257,2048,0.02180694070617189,0.3295882260285869,0.15072938945995534,0.14467610320922447,0.7955175021289818,0.024799804382167067,0.018075083941226512,0.02199537625377265,0.026066783066252375
0.5,42,fourier_gate_s1p5_p4_linear_sigma,3,0.37534967064857483,2048,0.03394564505815248,0.24094170962070197,0.2290693545323409,0.14818937752478759,0.6550426765535778,0.0370863326273628,0.030951617007119535,0.03433866970261475,0.03603877539801447
0.5,42,fourier_gate_s1p5_p4_linear_sigma,4,0.547722578048706,2048,0.04798987263725668,0.15996623012441769,0.28897191808561323,0.16607105962122867,0.48384859005366665,0.06220107196906195,0.051950138826725056,0.04547378013700326,0.042559527005934
0.5,42,fourier_gate_s1p5_p4_linear_sigma,5,0.7992547750473022,2048,0.06984282147375129,0.10933300789306802,0.28632916909978406,0.24392492631238513,0.3495641732271757,0.11958116400504364,0.08161287907784767,0.061067050697319956,0.05443877392671376
0.5,42,fourier_gate_s1p5_p4_linear_sigma,6,1.166298747062683,2048,0.09650927475607622,0.07094951546435452,0.22344612958538787,0.4319129399786542,0.26191935931610044,0.18922795544243778,0.11754994360547065,0.07977687185962282,0.07080456291799808
0.5,42,fourier_gate_s1p5_p4_linear_sigma,7,1.7019013166427612,2048,0.07373256134361938,0.025456024030679043,0.11148985791929866,0.661338732685356,0.19965065256146475,0.16180825857368286,0.08957197344004986,0.05908552837267931,0.051975899267925875
0.5,42,fourier_gate_s1p5_p4_linear_sigma,8,2.4834699630737305,2048,0.025074221109236884,0.004065459395867082,0.02722898465452995,0.9208650791562076,0.13087987945930057,0.05817420905876923,0.03158344787667383,0.01935411963745491,0.016722652444118483
0.5,42,scalar_gate_s1p5_p4_tanh_sigma,0,0.12079870700836182,2048,0.007109250837682457,0.4871910105984181,0.04459776183054685,0.15940824260855704,0.944655034482663,0.00891912145432377,0.005513270096701972,0.0069988634010416184,0.00935808546193465
0.5,42,scalar_gate_s1p5_p4_tanh_sigma,1,0.17627345025539398,2048,0.01232995169832551,0.39681452887529384,0.08561568489953945,0.14401510322312258,0.8899248122503596,0.009368819222845829,0.009161275313019806,0.012990152527925111,0.01711413573564811
0.5,42,scalar_gate_s1p5_p4_tanh_sigma,2,0.25722402334213257,2048,0.020741527539092836,0.31348566306680015,0.15072938945995534,0.13760771945940437,0.7939910901029442,0.017512191253365693,0.01752225287667404,0.021475978669832373,0.025484165048225302
0.5,42,scalar_gate_s1p5_p4_tanh_sigma,3,0.37534967064857483,2048,0.033029204081613,0.2344369324902153,0.2290693545323409,0.14418866351216705,0.653900763935801,0.02834211363906334,0.030707142014379435,0.034096221442875614,0.0357302990822304
0.5,42,scalar_gate_s1p5_p4_tanh_sigma,4,0.547722578048706,2048,0.048891479863199465,0.1629715873187819,0.28897191808561323,0.16919111098094475,0.4848993337226082,0.05682039212862868,0.05369916793692239,0.04671967254055174,0.044144133025789505
0.5,42,scalar_gate_s1p5_p4_tanh_sigma,5,0.7992547750473022,2048,0.06962623035714197,0.10899395288695382,0.28632916909978406,0.24316848533471497,0.34970590052136213,0.1165148578686824,0.08350214212770782,0.060427102573731385,0.053660965773720246
0.5,42,scalar_gate_s1p5_p4_tanh_sigma,6,1.166298747062683,2048,0.09420047852150909,0.06925218663702178,0.22344612958538787,0.42158026498960344,0.2594936503644576,0.18180700852166443,0.11625523435040047,0.07769640152692171,0.06867046458294612
0.5,42,scalar_gate_s1p5_p4_tanh_sigma,7,1.7019013166427612,2048,0.07262584556440191,0.025073932550910727,0.11148985791929866,0.6514121277019811,0.19872268574556104,0.16341680391326785,0.08824844735594223,0.057685298361174336,0.05085497717559787
0.5,42,scalar_gate_s1p5_p4_tanh_sigma,8,2.4834699630737305,2048,0.02449982461513569,0.0039723284621593705,0.02722898465452995,0.8997700401237612,0.1305888761968783,0.07187588820473598,0.029855111475240663,0.01743001416799296,0.015367452114377015
0.5,42,fourier_gate_s1p5_p4_tanh_sigma,0,0.12079870700836182,2048,0.007309304271999549,0.5009005050393823,0.04459776183054685,0.16389397072821496,0.9452910159393338,0.007076710423434565,0.005578930452725546,0.007440434584567938,0.010019362019097745
0.5,42,fourier_gate_s1p5_p4_tanh_sigma,1,0.17627345025539398,2048,0.013036568391814583,0.4195555563490968,0.08561568489953945,0.15226845883568596,0.8904596914742685,0.012688775822182025,0.009813024954430458,0.013429186657566131,0.017477305815231946
0.5,42,fourier_gate_s1p5_p4_tanh_sigma,2,0.25722402334213257,2048,0.021689917253240258,0.32781954362718246,0.15072938945995534,0.14389972208440924,0.7948922801955297,0.024973129328305546,0.018522798137529734,0.021672058287504212,0.02556381173224777
0.5,42,fourier_gate_s1p5_p4_tanh_sigma,3,0.37534967064857483,2048,0.034153320931042994,0.24241576556441705,0.2290693545323409,0.1490959844924219,0.6551847421082552,0.03810849379806643,0.032237593355946136,0.03412944123623507,0.035451952763254364
0.5,42,fourier_gate_s1p5_p4_tanh_sigma,4,0.547722578048706,2048,0.0496602991352835,0.16553431803348695,0.28897191808561323,0.17185164380080256,0.48569723955397254,0.0637923740141755,0.05474070243040144,0.04666961362981537,0.04407546358745787
0.5,42,fourier_gate_s1p5_p4_tanh_sigma,5,0.7992547750473022,2048,0.07089107155967347,0.11097395441412333,0.28632916909978406,0.247585922812385,0.3506753260078549,0.12103188600548627,0.08421668162906856,0.061543083746189914,0.054659710706235286
0.5,42,fourier_gate_s1p5_p4_tanh_sigma,6,1.166298747062683,2048,0.09458687425939204,0.06953624835491963,0.22344612958538787,0.42330952178451825,0.2600758638257476,0.1860494513388209,0.11588371731670669,0.07796089776620084,0.06872252164320564
0.5,42,fourier_gate_s1p5_p4_tanh_sigma,7,1.7019013166427612,2048,0.07228207093184942,0.024955245024695403,0.11148985791929866,0.6483286666682311,0.19836026579961247,0.16029329088813626,0.08799841225084686,0.0576906236237074,0.050570031775342285
0.5,42,fourier_gate_s1p5_p4_tanh_sigma,8,2.4834699630737305,2048,0.022523691161249585,0.0036519240802011617,0.02722898465452995,0.8271954113243967,0.12837264415025104,0.0543477477071577,0.02848670844144096,0.017097150066866976,0.014743006494183598
0.5,42,score,0,0.12079870700836182,2048,0.010366040880844796,0.7103761068430129,0.04459776183054685,0.23243410555515065,0.9476209643754072,0.009100772695796743,0.0075981527066840285,0.010824020528450195,0.01425951240231468
0.5,42,score,1,0.17627345025539398,2048,0.01902124048202261,0.6121601093962538,0.08561568489953945,0.22217004400936505,0.897164410061991,0.015003788101197651,0.014216230039369096,0.0202678534123167,0.02508597263275395
0.5,42,score,2,0.25722402334213257,2048,0.03197221191592921,0.48322526068953553,0.15072938945995534,0.2121166418206938,0.8062050062077959,0.0289338220388743,0.026788209869215047,0.033155561149632154,0.038405779492240465
0.5,42,score,3,0.37534967064857483,2048,0.04938506308365999,0.3505286615917636,0.2290693545323409,0.21559000410370308,0.6695906027145471,0.05147528862368826,0.046714909053673453,0.049629495629692454,0.052047355329719935
0.5,42,score,4,0.547722578048706,2048,0.06769001311253735,0.22563336011603935,0.28897191808561323,0.2342442599992811,0.5042510463259414,0.0784621442993567,0.07269310001317197,0.06517491264130365,0.062312609743392415
0.5,42,score,5,0.7992547750473022,2048,0.07632371882358245,0.11947830251535865,0.28632916909978406,0.26655935566587025,0.3566168236795826,0.12873948052552822,0.09194628338315838,0.06590923356821937,0.05877401407018258
0.5,42,score,6,1.166298747062683,2048,0.08702519715492898,0.06397722485157722,0.22344612958538787,0.38946835783822836,0.2521645148556233,0.1664765477890671,0.10575182400506489,0.07246219086356463,0.0646095783919872
0.5,42,score,7,1.7019013166427612,2048,0.08029351592032884,0.027721180893880332,0.11148985791929866,0.7201867274640252,0.20640417708484982,0.14868905288505876,0.08912045441291906,0.06924654919506189,0.06833664569299376
0.5,42,score,8,2.4834699630737305,2048,0.10180979314911869,0.016507136087943887,0.02722898465452995,3.7390227524396913,0.20879169951260407,0.12888162063463046,0.10347262563129059,0.09818505386733938,0.09750720186447286
0.5,42,scalar_gaussian,0,0.12079870700836182,2048,0.02244418415918997,1.5380811582303566,0.04459776183054685,0.5032580837681638,0.9604953474999991,0.008617307661631162,0.015820142367483074,0.025740399346252215,0.029449488025299744
0.5,42,scalar_gaussian,1,0.17627345025539398,2048,0.040067089215065674,1.2894781357853875,0.08561568489953945,0.46798772049864434,0.9185654938984553,0.013907522287289786,0.029831067437971696,0.04588751378330655,0.050809283409753804
0.5,42,scalar_gaussian,2,0.25722402334213257,2048,0.06837550159341457,1.033421449511722,0.15072938945995534,0.453630853534241,0.8402853698195678,0.022655288402928984,0.05340733828180451,0.07756025120124589,0.08568774517918411
0.5,42,scalar_gaussian,3,0.37534967064857483,2048,0.10310089734202427,0.7317965655523714,0.2290693545323409,0.4500859469068268,0.722025226031138,0.03955216841957014,0.09059327828900517,0.1152121191463853,0.11488800935450232
0.5,42,scalar_gaussian,4,0.547722578048706,2048,0.13346480110602138,0.44488263698079916,0.28897191808561323,0.4618607994513847,0.5709097557666358,0.06609661985176325,0.13336683133814758,0.14265417857721693,0.13635031094342398
0.5,42,scalar_gaussian,5,0.7992547750473022,2048,0.14161599598156946,0.22168781958868372,0.28632916909978406,0.4945915794286998,0.4221087066773054,0.11350286752947711,0.15743979330774518,0.14181475966746587,0.12835232039503316
0.5,42,scalar_gaussian,6,1.166298747062683,2048,0.1316514400973897,0.09678454126509957,0.22344612958538787,0.5891864868801869,0.29610524851582243,0.16397952297729113,0.15748868849743775,0.12119757940556462,0.10725087062203156
0.5,42,scalar_gaussian,7,1.7019013166427612,2048,0.07778351182424448,0.02685460683999314,0.11148985791929866,0.6976734321479506,0.20396612161368932,0.14082434557499682,0.09404731488963877,0.06627071540598593,0.057340185204324476
0.5,42,scalar_gaussian,8,2.4834699630737305,2048,0.02393732362003436,0.0038811262291665043,0.02722898465452995,0.8791118700804008,0.1297659956749302,0.05793629621047024,0.028223496944635475,0.018791382564713747,0.01686936359060145
0.5,42,fourier_gaussian,0,0.12079870700836182,2048,0.03539374195185513,2.4255035170492216,0.04459776183054685,0.7936214845564848,0.9730311435367325,0.009919648725719364,0.0243256228659152,0.04152148495483297,0.04607342077457415
0.5,42,fourier_gaussian,1,0.17627345025539398,2048,0.0667158486068048,2.1471144965653024,0.08561568489953945,0.7792479694005657,0.9471683832137419,0.019742556996817574,0.046952505614265574,0.0783121179116474,0.08413882522523977
0.5,42,fourier_gaussian,2,0.25722402334213257,2048,0.11714305040903092,1.7704899873902333,0.15072938945995534,0.7771745830639923,0.88978409774838,0.04044798486798057,0.08806795411516068,0.13518245192965417,0.14329163004302936
0.5,42,fourier_gaussian,3,0.37534967064857483,2048,0.17606262324372393,1.2496692689732958,0.2290693545323409,0.7685996391929708,0.794074759402728,0.07690787043986061,0.1479534290573943,0.19878497767266157,0.19528049217891422
0.5,42,fourier_gaussian,4,0.547722578048706,2048,0.2234834960998565,0.7449449311179224,0.28897191808561323,0.7733744426807777,0.6612529180609584,0.13222411304343154,0.21392439703515365,0.2406984026432425,0.22614301586010616
0.5,42,fourier_gaussian,5,0.7992547750473022,2048,0.22105018175259866,0.3460352940552949,0.28632916909978406,0.7720141906868173,0.5010772598532685,0.20517872567156742,0.2364913832689842,0.2226253003441118,0.19646618442277003
0.5,42,fourier_gaussian,6,1.166298747062683,2048,0.17806997817399955,0.13090947685728016,0.22344612958538787,0.7969257668701384,0.3431076168924895,0.23647224187649005,0.20961219628796607,0.16425513347551005,0.141738634997636
0.5,42,fourier_gaussian,7,1.7019013166427612,2048,0.09070005052959067,0.03131401681687091,0.11148985791929866,0.8135273667246344,0.21710152344935352,0.16784092719240942,0.11167826354892602,0.07652531803278873,0.06409839644823592
0.5,42,fourier_gaussian,8,2.4834699630737305,2048,0.02246743892205527,0.003642803509979866,0.02722898465452995,0.825129515738938,0.12807562782637105,0.05047447719107471,0.02851978994666763,0.017580716972164012,0.01460918765065618
0.5,42,scalar_normalized,0,0.12079870700836182,2048,0.0270110424184555,1.8510441330065583,0.04459776183054685,0.605659147673965,0.9642628598333278,0.010259902106664028,0.018774237368105875,0.03134060557846794,0.034604312965580905
0.5,42,scalar_normalized,1,0.17627345025539398,2048,0.047920343332115124,1.542219217732866,0.08561568489953945,0.5597145358160056,0.9264682073998903,0.015263366139804068,0.03458140356115121,0.055952751331870255,0.05943212669937112
0.5,42,scalar_normalized,2,0.25722402334213257,2048,0.08171776231809011,1.235075230420665,0.15072938945995534,0.5421488311660698,0.8540340784607221,0.026491939693141186,0.06197563365618275,0.09468459771844587,0.09851006988510866
0.5,42,scalar_normalized,3,0.37534967064857483,2048,0.1212297150945468,0.8604725219294586,0.2290693545323409,0.5292271213757278,0.7409195740368234,0.045014927266840976,0.10252095670719637,0.13837874645791542,0.13204604920361396
0.5,42,scalar_normalized,4,0.547722578048706,2048,0.15253225656294475,0.5084408170694314,0.28897191808561323,0.527844565566936,0.5892178413466105,0.0701529221146736,0.14389971943830182,0.16857943804527892,0.153022600544754
0.5,42,scalar_normalized,5,0.7992547750473022,2048,0.15458173680727783,0.241984586158594,0.28632916909978406,0.5398742199171715,0.4342898113588046,0.10813815452464434,0.16416627222314928,0.16077978357022876,0.13992970956493267
0.5,42,scalar_normalized,6,1.166298747062683,2048,0.13461695386648367,0.09896466090180675,0.22344612958538787,0.6024582037570763,0.2991860674513485,0.14931386103074523,0.15778358966799677,0.1279760860967423,0.11035459781378237
0.5,42,scalar_normalized,7,1.7019013166427612,2048,0.07344300288656094,0.025356054534070693,0.11148985791929866,0.6587415596109403,0.1999928858831418,0.11911093179126615,0.08800985521239793,0.06464718053901342,0.05540396711763862
0.5,42,scalar_normalized,8,2.4834699630737305,2048,0.020158823927127326,0.0032684915629933265,0.02722898465452995,0.7403443126100409,0.12620682652434034,0.043053629935790275,0.023882268800836465,0.016627228690978747,0.014161611705615184
0.5,42,fourier_normalized,0,0.12079870700836182,2048,0.03487802352697253,2.3901617649660043,0.04459776183054685,0.7820577108666276,0.9724275458154172,0.010325244534953117,0.024754941601029794,0.0405830531917875,0.0449627121015805
0.5,42,fourier_normalized,1,0.17627345025539398,2048,0.06563949164618527,2.112474127269461,0.08561568489953945,0.7666760094625881,0.945467231473951,0.01924652032418859,0.04800478726035445,0.07607974535999346,0.08332299170327394
0.5,42,fourier_normalized,2,0.25722402334213257,2048,0.11415641898162468,1.7253502969025414,0.15072938945995534,0.7573600569247506,0.887109761156134,0.038446003107645864,0.08932494510540681,0.13067519325475113,0.13795834521530045
0.5,42,fourier_normalized,3,0.37534967064857483,2048,0.17055780144393975,1.2105967701792637,0.2290693545323409,0.7445683941099146,0.7887857582527651,0.07234767985677103,0.14904856305158107,0.18991663252754767,0.19022426426293013
0.5,42,fourier_normalized,4,0.547722578048706,2048,0.2156742744456237,0.7189141942231599,0.28897191808561323,0.7463502885485441,0.6525427927579871,0.1267835784707751,0.2125749482791631,0.22968976314997164,0.21762050584448872
0.5,42,fourier_normalized,5,0.7992547750473022,2048,0.2133234530778391,0.3339397562554284,0.28632916909978406,0.7450287155462568,0.49278471741780316,0.1958525819601257,0.2350419266745452,0.21237230827120693,0.18801208657414606
0.5,42,fourier_normalized,6,1.166298747062683,2048,0.172010202595046,0.12645458749834407,0.22344612958538787,0.7698061403624085,0.3372693634569055,0.22710948956713178,0.20765442782297283,0.15674421743655145,0.13570347558188603
0.5,42,fourier_normalized,7,1.7019013166427612,2048,0.08819639468054645,0.030449634482981804,0.11148985791929866,0.7910710115388876,0.21444445280958851,0.1615902443085513,0.11085715543368978,0.0737671969074567,0.06164653957996142
0.5,42,fourier_normalized,8,2.4834699630737305,2048,0.022474727598170017,0.0036439852741776465,0.02722898465452995,0.8253971965286268,0.12822916467261553,0.05006373736153612,0.028924306325972295,0.017475502405907402,0.014567544050976926
0.5,42,scalar_gate_s1p5_p4,0,0.12079870700836182,2048,0.007213706508051388,0.49434927027608105,0.04459776183054685,0.16175041553566083,0.9449686702726906,0.007132757430894586,0.00518645350431665,0.007349007364904673,0.01035154698722119
0.5,42,scalar_gate_s1p5_p4,1,0.17627345025539398,2048,0.012666608944637323,0.40764916066106294,0.08561568489953945,0.14794729446479565,0.8901387645696053,0.010217695346624344,0.009586319019118616,0.01320171884018096,0.017481661205735164
0.5,42,scalar_gate_s1p5_p4,2,0.25722402334213257,2048,0.021374396545996543,0.32305079079857923,0.15072938945995534,0.1418064295395765,0.7947919673159394,0.01895139600510177,0.018185692909737622,0.02194411026524552,0.026237062593791143
0.5,42,scalar_gate_s1p5_p4,3,0.37534967064857483,2048,0.03379908112139978,0.2399014181361996,0.2290693545323409,0.14754955410950832,0.6543839638973689,0.0307923198714941,0.031277876669409455,0.03461898864707466,0.036854216855669523
0.5,42,scalar_gate_s1p5_p4,4,0.547722578048706,2048,0.048986378527129525,0.16328791617481953,0.28897191808561323,0.1695195119707667,0.48501179277093054,0.06002517654661307,0.05334064495273007,0.04656161559199939,0.04427301040350716
0.5,42,scalar_gate_s1p5_p4,5,0.7992547750473022,2048,0.06967133977372122,0.10906456784916244,0.28632916909978406,0.24332602924377977,0.34977028016542816,0.12152865245352211,0.08247575521854096,0.060195949934321945,0.05389423355410519
0.5,42,scalar_gate_s1p5_p4,6,1.166298747062683,2048,0.09460229113472092,0.0695475821861739,0.22344612958538787,0.42337851772263313,0.2596872225977185,0.18439435983614372,0.11636283398922473,0.0778700502088648,0.06924308694582472
0.5,42,scalar_gate_s1p5_p4,7,1.7019013166427612,2048,0.07325023225896626,0.02528950084816807,0.11148985791929866,0.657012517784246,0.19938383742662763,0.16966858927560377,0.08874005196150035,0.057681859635013225,0.05096087324681861
0.5,42,scalar_gate_s1p5_p4,8,2.4834699630737305,2048,0.024438876885130332,0.003962446579068064,0.02722898465452995,0.8975316999587262,0.13056708229573008,0.07256632795041369,0.028202426962026506,0.017774190364450975,0.016188353012501735
0.5,42,fourier_gate_s1p5_p4,0,0.12079870700836182,2048,0.007414134613456171,0.508084440613145,0.04459776183054685,0.16624454477394698,0.9451670879077954,0.007378096233817129,0.0054593892524228,0.007577325343225433,0.010292760487075538
0.5,42,fourier_gate_s1p5_p4,1,0.17627345025539398,2048,0.0131707576714251,0.42387416659766686,0.08561568489953945,0.1538358034147543,0.8903443597330878,0.013630972897900634,0.00986117438146596,0.013517896488184829,0.01748737286444041
0.5,42,fourier_gate_s1p5_p4,2,0.25722402334213257,2048,0.021979278371236085,0.33219292267410677,0.15072938945995534,0.14581946128744439,0.795165901503462,0.025517777208033887,0.0185980977327764,0.021962276615709462,0.026088662340044002
0.5,42,fourier_gate_s1p5_p4,3,0.37534967064857483,2048,0.0341465097674067,0.2423674208236344,0.2290693545323409,0.14906625042498106,0.6553337958357806,0.03915169310973173,0.03218067356343637,0.03394013919443569,0.035640294437730514
0.5,42,fourier_gate_s1p5_p4,4,0.547722578048706,2048,0.04900227980406991,0.1633409204273114,0.28897191808561323,0.16957453903722258,0.48506228707608945,0.06408132209505286,0.05383484078974879,0.04596158592123012,0.04352088033637837
0.5,42,fourier_gate_s1p5_p4,5,0.7992547750473022,2048,0.06972937235262062,0.10915541292490508,0.28632916909978406,0.24352870708858984,0.34994613447234063,0.1215879026482178,0.08279131473391685,0.060275853649246536,0.053411139723286614
0.5,42,fourier_gate_s1p5_p4,6,1.166298747062683,2048,0.09398888800738611,0.0690966342873453,0.22344612958538787,0.42063332303757417,0.25944566448120987,0.18578256827448217,0.1150571180778857,0.07732688760515899,0.0684831025865249
0.5,42,fourier_gate_s1p5_p4,7,1.7019013166427612,2048,0.0719087789289933,0.024826366683539172,0.11148985791929866,0.6449804517738653,0.19788363430281813,0.1593409158906492,0.08770282121946843,0.057393911918210985,0.0500910141412953
0.5,42,fourier_gate_s1p5_p4,8,2.4834699630737305,2048,0.022037706294652768,0.0035731279439803077,0.02722898465452995,0.8093473397652551,0.12802218526708803,0.05328239746448121,0.02774325818419682,0.016708955771761094,0.014667176483149465
0.5,42,scalar_gate_s1p5_p4_plateau_lo0p8_hi1,0,0.12079870700836182,2048,0.010040391565251426,0.6880596317618866,0.04459776183054685,0.22513218496033016,0.9477319332048694,0.007441945680730676,0.008144277882723407,0.010516134600674153,0.01305758991399358
0.5,42,scalar_gate_s1p5_p4_plateau_lo0p8_hi1,1,0.17627345025539398,2048,0.015591468185939933,0.5017798328859724,0.08561568489953945,0.1821099510473437,0.8932447190604905,0.012717832224720402,0.012940584077808896,0.016225003262391728,0.01950726073447695
0.5,42,scalar_gate_s1p5_p4_plateau_lo0p8_hi1,2,0.25722402334213257,2048,0.024349549863743124,0.368017002124207,0.15072938945995534,0.16154480523661996,0.7974001429093583,0.016872905967790886,0.020318733586859403,0.02582581107263731,0.03009214973124295
0.5,42,scalar_gate_s1p5_p4_plateau_lo0p8_hi1,3,0.37534967064857483,2048,0.038455759011661435,0.2729539033698866,0.2290693545323409,0.1678782353500372,0.6600185399679144,0.029389277226850457,0.036483097086808795,0.039778061852293455,0.04200428158279569
0.5,42,scalar_gate_s1p5_p4_plateau_lo0p8_hi1,4,0.547722578048706,2048,0.05817523240749359,0.19391742681171195,0.28897191808561323,0.20131794394726657,0.49425694608636705,0.061962834302404644,0.06333504623459224,0.056329027075935595,0.05387256024803122
0.5,42,scalar_gate_s1p5_p4_plateau_lo0p8_hi1,5,0.7992547750473022,2048,0.091524910794095,0.14327447807966787,0.28632916909978406,0.3196492731838966,0.37109893507834635,0.13781954545329644,0.11310550446094758,0.07971097989272802,0.07207057509196489
0.5,42,scalar_gate_s1p5_p4_plateau_lo0p8_hi1,6,1.166298747062683,2048,0.14677229123621005,0.107900748121067,0.22344612958538787,0.656857612653892,0.31189771433896707,0.20271075304156186,0.1911075603950748,0.12730353548664947,0.1104257445602619
0.5,42,scalar_gate_s1p5_p4_plateau_lo0p8_hi1,7,1.7019013166427612,2048,0.08724682925824981,0.030121798859639837,0.11148985791929866,0.782553955009997,0.21354304514439273,0.16538467402427642,0.11240210223320085,0.0708625710907764,0.06101251662099943
0.5,42,scalar_gate_s1p5_p4_plateau_lo0p8_hi1,8,2.4834699630737305,2048,0.024229551434753815,0.0039285071751153,0.02722898465452995,0.8898441033394489,0.12979284408329245,0.05578715519005656,0.031003157235531077,0.018525209640209362,0.0162053191487051
0.5,42,fourier_gate_s1p5_p4_plateau_lo0p8_hi1,0,0.12079870700836182,2048,0.010634517386487023,0.7287745771027017,0.04459776183054685,0.23845406024844507,0.949778110420931,0.0059855181685956795,0.0076060529014602835,0.011826103574076091,0.01409968377224881
0.5,42,fourier_gate_s1p5_p4_plateau_lo0p8_hi1,1,0.17627345025539398,2048,0.01588901951366632,0.5113559198664266,0.08561568489953945,0.18558538114027034,0.893211709938941,0.010554815939185417,0.0117364804991869,0.01719492970340392,0.02130131903066597
0.5,42,fourier_gate_s1p5_p4_plateau_lo0p8_hi1,2,0.25722402334213257,2048,0.024143124624862337,0.36489710882019166,0.15072938945995534,0.1601752963464136,0.7983994944304431,0.016934768469214878,0.01922767487341493,0.025905768513017707,0.030227467358652695
0.5,42,fourier_gate_s1p5_p4_plateau_lo0p8_hi1,3,0.37534967064857483,2048,0.03794729965893481,0.26934492597356036,0.2290693545323409,0.16565856107817892,0.6597821900212621,0.03164402108956419,0.03483779095613939,0.03945265559431235,0.04129023635768411
0.5,42,fourier_gate_s1p5_p4_plateau_lo0p8_hi1,4,0.547722578048706,2048,0.05812017125893057,0.19373388966360316,0.28897191808561323,0.20112740242708083,0.49400976146435693,0.06456408426272231,0.06175337895436454,0.05646733302007392,0.05432523925617767
0.5,42,fourier_gate_s1p5_p4_plateau_lo0p8_hi1,5,0.7992547750473022,2048,0.09272704972774391,0.14515632452784719,0.28632916909978406,0.32384772399988726,0.37325671701035623,0.14078816772074465,0.10867876390082401,0.08220012727364964,0.07743619936162394
0.5,42,fourier_gate_s1p5_p4_plateau_lo0p8_hi1,6,1.166298747062683,2048,0.17002026732531497,0.12499167169517711,0.22344612958538787,0.7609004803117133,0.335526424126632,0.2482335189771537,0.20006423429170983,0.1525032745093163,0.13933227021669778
0.5,42,fourier_gate_s1p5_p4_plateau_lo0p8_hi1,7,1.7019013166427612,2048,0.09537761520418755,0.032928936963299515,0.11148985791929866,0.8554824356599874,0.2218257999970832,0.18636363343039797,0.11669820283726613,0.07885015217680497,0.06936364294537631
0.5,42,fourier_gate_s1p5_p4_plateau_lo0p8_hi1,8,2.4834699630737305,2048,0.024664290198191233,0.003998994421074585,0.02722898465452995,0.9058101325158284,0.1303596580020559,0.05817752609443897,0.031357727514050665,0.01878450739207779,0.01635889451739874
0.5,42,scalar_gate_s1p5_p4_cap_lo1_hi2_d0p5,0,0.12079870700836182,2048,0.007569015262295165,0.5186982818677048,0.04459776183054685,0.16971737933966977,0.9453852504643934,0.011505918979975955,0.005446230704518907,0.007352448542670947,0.009973826684877344
0.5,42,scalar_gate_s1p5_p4_cap_lo1_hi2_d0p5,1,0.17627345025539398,2048,0.01236898305045789,0.3980706739103047,0.08561568489953945,0.14447099342803277,0.8896623695674932,0.009919362912516973,0.0093892277424147,0.01291525349139047,0.016963537564534323
0.5,42,scalar_gate_s1p5_p4_cap_lo1_hi2_d0p5,2,0.25722402334213257,2048,0.020720587255401397,0.3131691734203435,0.15072938945995534,0.13746879311089022,0.7939615458249756,0.016824492676187307,0.017127340767012098,0.021628685586557055,0.025842484305513284
0.5,42,scalar_gate_s1p5_p4_cap_lo1_hi2_d0p5,3,0.37534967064857483,2048,0.032641903652222505,0.2316879251452579,0.2290693545323409,0.14249790732096376,0.6537145728920697,0.028559878964434515,0.030209554309906735,0.033630421588532806,0.03549947066127164
0.5,42,scalar_gate_s1p5_p4_cap_lo1_hi2_d0p5,4,0.547722578048706,2048,0.04818456837482883,0.16061521586764158,0.28897191808561323,0.16674481276257877,0.4839714175431158,0.05605491287021051,0.05234015015240865,0.04628445715007503,0.04360265178854485
0.5,42,scalar_gate_s1p5_p4_cap_lo1_hi2_d0p5,5,0.7992547750473022,2048,0.06988316521248138,0.10939616259117353,0.28632916909978406,0.24406582616850853,0.34986068233918743,0.11665103321629691,0.0833061588266795,0.06067427084174922,0.05482707307455317
0.5,42,scalar_gate_s1p5_p4_cap_lo1_hi2_d0p5,6,1.166298747062683,2048,0.09750857989540528,0.0716841621147996,0.22344612958538787,0.4363851818616678,0.26279420853822744,0.18333550299253487,0.12137928529885438,0.08063199719357607,0.07114612544222298
0.5,42,scalar_gate_s1p5_p4_cap_lo1_hi2_d0p5,7,1.7019013166427612,2048,0.07730516541459473,0.026689458668315166,0.11148985791929866,0.6933829395544809,0.20364238148930752,0.1844791073341311,0.09536567686557548,0.05970487708161835,0.05214648880435294
0.5,42,scalar_gate_s1p5_p4_cap_lo1_hi2_d0p5,8,2.4834699630737305,2048,0.0239677011912094,0.003886051557918259,0.02722898465452995,0.8802275037171471,0.13007823663786505,0.062374693885035026,0.02882787354671066,0.018052138525742344,0.01633785779884626
0.5,42,fourier_gate_s1p5_p4_cap_lo1_hi2_d0p5,0,0.12079870700836182,2048,0.007813686153204283,0.5354653732712326,0.04459776183054685,0.1752035490680693,0.9458296316575374,0.007400275398503894,0.0054863182354365995,0.008100120273307802,0.011098817305900423
0.5,42,fourier_gate_s1p5_p4_cap_lo1_hi2_d0p5,1,0.17627345025539398,2048,0.012871634226619055,0.41424748421233476,0.08561568489953945,0.15034201083274046,0.8900993171074341,0.013876888601352508,0.010025652061690697,0.012989235271593052,0.016928412808404694
0.5,42,fourier_gate_s1p5_p4_cap_lo1_hi2_d0p5,2,0.25722402334213257,2048,0.021557658618533336,0.3258205979989367,0.15072938945995534,0.14302226457475709,0.7946454706309896,0.02452709907014053,0.017842088635257134,0.021638186048094657,0.026209212492899828
0.5,42,fourier_gate_s1p5_p4_cap_lo1_hi2_d0p5,3,0.37534967064857483,2048,0.03331030084682048,0.23643212023998159,0.2290693545323409,0.14541578865852878,0.6549561083346138,0.03745853028919328,0.03075875320711274,0.033332256662066864,0.03545886943627417
0.5,42,fourier_gate_s1p5_p4_cap_lo1_hi2_d0p5,4,0.547722578048706,2048,0.04825890391883114,0.16086300099572848,0.28897191808561323,0.1670020541737677,0.48427315705307805,0.061902174680899494,0.052230147719033254,0.04551933796654068,0.04396879144819783
0.5,42,fourier_gate_s1p5_p4_cap_lo1_hi2_d0p5,5,0.7992547750473022,2048,0.07041643710763609,0.11023095447231215,0.28632916909978406,0.2459282696521093,0.3501570882880234,0.1199251697910686,0.08255033487070683,0.06136298051789074,0.05554215893264136
0.5,42,fourier_gate_s1p5_p4_cap_lo1_hi2_d0p5,6,1.166298747062683,2048,0.09952725255769224,0.07316820442713064,0.22344612958538787,0.445419451848947,0.2650385198645937,0.18879638022870499,0.12097360626854559,0.08303973016863923,0.07409263739092403
0.5,42,fourier_gate_s1p5_p4_cap_lo1_hi2_d0p5,7,1.7019013166427612,2048,0.0775566770638857,0.026776292578214334,0.11148985791929866,0.69563885461245,0.20354617609187395,0.16566324140104144,0.09426597403481422,0.06271357448916991,0.05497711198829712
0.5,42,fourier_gate_s1p5_p4_cap_lo1_hi2_d0p5,8,2.4834699630737305,2048,0.022430886779171044,0.0036368770545944576,0.02722898465452995,0.8237871174325749,0.12848311930872716,0.054228980745472735,0.028357258376463412,0.01700549155786272,0.014725444794315146
0.5,43,scalar_gate_s1p5_p4_linear_sigma,0,0.12079870700836182,2048,0.006995258399918292,0.4793792042319113,0.04459776183054685,0.15685223008494004,0.9450814528479419,0.008332545088799274,0.005239530646137231,0.007002072589487487,0.009347872641111567
0.5,43,scalar_gate_s1p5_p4_linear_sigma,1,0.17627345025539398,2048,0.01232639178904903,0.39669996040357974,0.08561568489953945,0.14397352311685283,0.8907552488338721,0.009128448077815193,0.008986112282169362,0.013080497186488307,0.017192459250527745
0.5,43,scalar_gate_s1p5_p4_linear_sigma,2,0.25722402334213257,2048,0.02075755318484537,0.31372787329819884,0.15072938945995534,0.137714040103374,0.7934671805782392,0.016981645093792085,0.017406821287945042,0.021422250922489,0.026301056265488516
0.5,43,scalar_gate_s1p5_p4_linear_sigma,3,0.37534967064857483,2048,0.0329973528092309,0.2342108563615045,0.2290693545323409,0.14404961709783054,0.6534831251208274,0.026489982106653785,0.029979561376507702,0.034288581752794575,0.037099545293152215
0.5,43,scalar_gate_s1p5_p4_linear_sigma,4,0.547722578048706,2048,0.04757812027484137,0.15859372235265784,0.28897191808561323,0.16464617250713434,0.48356380014561906,0.05151045295268645,0.05121495441512095,0.046227408310651384,0.04403069773581482
0.5,43,scalar_gate_s1p5_p4_linear_sigma,5,0.7992547750473022,2048,0.06801043039426419,0.10646455521419043,0.28632916909978406,0.2375253300531283,0.348489557613008,0.10878380908293857,0.08069502590493607,0.05993565766002987,0.053312858322024766
0.5,43,scalar_gate_s1p5_p4_linear_sigma,6,1.166298747062683,2048,0.0941387246974731,0.06920678785121079,0.22344612958538787,0.42130389491261633,0.25963707504421757,0.17546476156631644,0.11581280869828162,0.07818360788304882,0.07070077395672564
0.5,43,scalar_gate_s1p5_p4_linear_sigma,7,1.7019013166427612,2048,0.07353169853769803,0.025386676535878554,0.11148985791929866,0.6595371086661852,0.19959854828425536,0.16332633690320505,0.08893922080599118,0.0586961677857746,0.05229997603160588
0.5,43,scalar_gate_s1p5_p4_linear_sigma,8,2.4834699630737305,2048,0.027050301412519108,0.004385855160144965,0.02722898465452995,0.9934377559693136,0.1328145065870095,0.0842789131270226,0.03424517358068897,0.018207481034209192,0.015871954701330442
0.5,43,fourier_gate_s1p5_p4_linear_sigma,0,0.12079870700836182,2048,0.007333561045632984,0.5025628014374347,0.04459776183054685,0.16443787187118267,0.9457776736228363,0.007830004763293149,0.005329854641703615,0.007407305469019996,0.010341313654456402
0.5,43,fourier_gate_s1p5_p4_linear_sigma,1,0.17627345025539398,2048,0.013041485585406538,0.41971380626818167,0.08561568489953945,0.1523258921622747,0.8911159623751009,0.012950814031286177,0.009587648506569256,0.013447319287803376,0.017698863935462748
0.5,43,fourier_gate_s1p5_p4_linear_sigma,2,0.25722402334213257,2048,0.02147224662119667,0.32452968841821855,0.15072938945995534,0.1424556066877804,0.7949006987729494,0.02342317076194344,0.0182650307538846,0.021485744464965935,0.02603912511954164
0.5,43,fourier_gate_s1p5_p4_linear_sigma,3,0.37534967064857483,2048,0.033857523910947165,0.24031623734509744,0.2290693545323409,0.14780468552884068,0.6543267721795599,0.035310256487441384,0.03099454887977434,0.03425198537277211,0.03664999590141895
0.5,43,fourier_gate_s1p5_p4_linear_sigma,4,0.547722578048706,2048,0.048586546729101635,0.1619551436147037,0.28897191808561323,0.1681358764927012,0.48417368736109945,0.0608181975287127,0.052411372161570526,0.04625457372809644,0.04380117129761487
0.5,43,fourier_gate_s1p5_p4_linear_sigma,5,0.7992547750473022,2048,0.06882679013701257,0.10774249708873276,0.28632916909978406,0.2403764532737034,0.3495556632547522,0.11476707334022458,0.0804914292257354,0.060413645551207935,0.05435026507942728
0.5,43,fourier_gate_s1p5_p4_linear_sigma,6,1.166298747062683,2048,0.09565032737360546,0.07031805386908603,0.22344612958538787,0.42806884841141796,0.2611903141401374,0.18342733510448,0.11640205550646615,0.079328081574796,0.0716551794157586
0.5,43,fourier_gate_s1p5_p4_linear_sigma,7,1.7019013166427612,2048,0.0731962375406691,0.025270859276229497,0.11148985791929866,0.656528216168791,0.1995293762962113,0.15844668912738044,0.08895120214739982,0.05899072918441989,0.05149130337080535
0.5,43,fourier_gate_s1p5_p4_linear_sigma,8,2.4834699630737305,2048,0.024917493106134007,0.0040400479850785185,0.02722898465452995,0.9151091538034493,0.1306389549575805,0.05752080792790666,0.031462060540389206,0.019235719420139137,0.016634232246898396
0.5,43,scalar_gate_s1p5_p4_tanh_sigma,0,0.12079870700836182,2048,0.006975164178762153,0.47800216407173624,0.04459776183054685,0.15640166439887515,0.9451830051394083,0.009037082623972941,0.00531683082184539,0.006865088472802266,0.009193643677345539
0.5,43,scalar_gate_s1p5_p4_tanh_sigma,1,0.17627345025539398,2048,0.012151370720265904,0.3910672616995079,0.08561568489953945,0.14192925904317877,0.8904042721466204,0.009185772287296005,0.009088867913379869,0.0128105837617379,0.016753014460819036
0.5,43,scalar_gate_s1p5_p4_tanh_sigma,2,0.25722402334213257,2048,0.020582019546472187,0.3110748729870004,0.15072938945995534,0.13654947863993216,0.7938719399898126,0.016878254746467248,0.0174606986047605,0.021186606775818125,0.02590468546532218
0.5,43,scalar_gate_s1p5_p4_tanh_sigma,3,0.37534967064857483,2048,0.03299032795057791,0.23416099484168962,0.2290693545323409,0.14401895014690935,0.653731196708267,0.027416230595618825,0.030579777684395442,0.034049768672228184,0.03637013978364522
0.5,43,scalar_gate_s1p5_p4_tanh_sigma,4,0.547722578048706,2048,0.049000185276884656,0.16333393867055096,0.28897191808561323,0.16956729083400918,0.4852847028936489,0.05456480570760243,0.05351978960006478,0.047230549747078285,0.04455916713121198
0.5,43,scalar_gate_s1p5_p4_tanh_sigma,5,0.7992547750473022,2048,0.06938833695911181,0.10862155096767691,0.28632916909978406,0.24233764648312997,0.35024314678270785,0.11230379369687607,0.08334138226610197,0.06064110217933614,0.05378611183819063
0.5,43,scalar_gate_s1p5_p4_tanh_sigma,6,1.166298747062683,2048,0.09284907794570116,0.0682586943919069,0.22344612958538787,0.4155322722214338,0.25823780932587415,0.1768051529582916,0.1148649287697267,0.07645534042921188,0.06899942098050957
0.5,43,scalar_gate_s1p5_p4_tanh_sigma,7,1.7019013166427612,2048,0.07225693585856378,0.02494656718931423,0.11148985791929866,0.648103219495235,0.19851285750770978,0.162123463872456,0.0877616527872529,0.057371355994956776,0.051001558573469545
0.5,43,scalar_gate_s1p5_p4_tanh_sigma,8,2.4834699630737305,2048,0.024331964380733116,0.003945112104603483,0.02722898465452995,0.8936052772237737,0.13018721768976355,0.07170367197422342,0.02955100511372402,0.01729030923317313,0.015337862749814607
0.5,43,fourier_gate_s1p5_p4_tanh_sigma,0,0.12079870700836182,2048,0.007319284112178529,0.5015844151353148,0.04459776183054685,0.1641177451906398,0.9458653332118728,0.007629443659302304,0.005334267826417275,0.007429066368670253,0.010261158125049937
0.5,43,fourier_gate_s1p5_p4_tanh_sigma,1,0.17627345025539398,2048,0.012760704186375073,0.410677425485867,0.08561568489953945,0.14904633656027338,0.8907638490381838,0.01300194088050031,0.009451330614316068,0.013084819677965464,0.017285578293957812
0.5,43,fourier_gate_s1p5_p4_tanh_sigma,2,0.25722402334213257,2048,0.02141158719185591,0.323612887021007,0.15072938945995534,0.14205316739204585,0.7949834127941714,0.02471411540865651,0.018509057695210187,0.021199865168754873,0.0255367404860519
0.5,43,fourier_gate_s1p5_p4_tanh_sigma,3,0.37534967064857483,2048,0.03397933543904144,0.2411808394989309,0.2290693545323409,0.14833645254910827,0.6545022023023978,0.03649053225817515,0.03156750911287596,0.03419417919858686,0.0360602853610898
0.5,43,fourier_gate_s1p5_p4_tanh_sigma,4,0.547722578048706,2048,0.04996770243345316,0.1665589956171869,0.28897191808561323,0.17291542640018506,0.4856940535006671,0.06336258232549681,0.054539608700215035,0.04729461270518578,0.04449660810375126
0.5,43,fourier_gate_s1p5_p4_tanh_sigma,5,0.7992547750473022,2048,0.07019452676989685,0.10988357267708047,0.28632916909978406,0.2451532513805272,0.35097660901907557,0.1188734088987892,0.08313227746953186,0.0610728159761914,0.05461005400849285
0.5,43,fourier_gate_s1p5_p4_tanh_sigma,6,1.166298747062683,2048,0.09373589106546128,0.0689106416924481,0.22344612958538787,0.419501072761437,0.25898468296200083,0.1837457207100845,0.1145370690555716,0.07721705653214904,0.06915504418409851
0.5,43,fourier_gate_s1p5_p4_tanh_sigma,7,1.7019013166427612,2048,0.07172949362135624,0.0247644687782394,0.11148985791929866,0.6433723655229451,0.1979414927256039,0.1582869125008937,0.08777245097094652,0.05723181022950534,0.049890251769333954
0.5,43,fourier_gate_s1p5_p4_tanh_sigma,8,2.4834699630737305,2048,0.022368016385564477,0.003626683436563566,0.02722898465452995,0.8214781663495934,0.12821508439861612,0.053345165921660054,0.028335154277296652,0.017061439081802677,0.014597313538865456
0.5,43,score,0,0.12079870700836182,2048,0.010800762469206839,0.7401672135008973,0.04459776183054685,0.24218171553642742,0.9487905965971908,0.010766691423336396,0.007718220881199553,0.011233464504703684,0.014665112628159747
0.5,43,score,1,0.17627345025539398,2048,0.019811000377046962,0.6375769324573894,0.08561568489953945,0.2313945207620891,0.8984254856983336,0.01653625734097481,0.015045745330833844,0.02100058259082814,0.025607889338292583
0.5,43,score,2,0.25722402334213257,2048,0.03304682314023642,0.4994668422970639,0.15072938945995534,0.2192460492186632,0.8062951746442879,0.0319013135961138,0.027844413376135795,0.034001684745712295,0.0393246908469079
0.5,43,score,3,0.37534967064857483,2048,0.05114381013900278,0.3630120161304306,0.2290693545323409,0.2232677969666261,0.671716189469973,0.056197631630199175,0.04869365962552558,0.05097105502375582,0.05334458510323053
0.5,43,score,4,0.547722578048706,2048,0.0691767979470915,0.23058930919278564,0.28897191808561323,0.2393893441458786,0.505823654426181,0.08074584298365739,0.07311521287941766,0.06696210841045123,0.06411452907439384
0.5,43,score,5,0.7992547750473022,2048,0.07732842961761607,0.12105109197111699,0.28632916909978406,0.2700682918919363,0.3578852287829827,0.12902769720757773,0.09252914316892227,0.06733041298974124,0.059353408570620186
0.5,43,score,6,1.166298747062683,2048,0.0883740817540615,0.06496886745761346,0.22344612958538787,0.3955050907260856,0.25403559239892165,0.16908230314421485,0.10706466582765484,0.0733901032848102,0.0669146168458709
0.5,43,score,7,1.7019013166427612,2048,0.08158585831688193,0.028167359603842753,0.11148985791929866,0.7317782966046779,0.20749988715209555,0.1528098142609462,0.09029542971067092,0.07082366460662322,0.067190487664421
0.5,43,score,8,2.4834699630737305,2048,0.10599517688255243,0.01718574171841467,0.02722898465452995,3.8927333584918875,0.21200510588930133,0.13494069309507092,0.10627520979212766,0.10253031884637519,0.1025059619508002
0.5,43,scalar_gaussian,0,0.12079870700836182,2048,0.023462835677856633,1.6078884943558895,0.04459776183054685,0.5260989501447574,0.9613252548941569,0.008434902055837315,0.01622662277259785,0.027137715552421903,0.030793186662191958
0.5,43,scalar_gaussian,1,0.17627345025539398,2048,0.04218185319174848,1.3575375322551884,0.08561568489953945,0.49268838112133573,0.9214213461319645,0.014023837810391637,0.029815093615141425,0.04936534725327684,0.052672901196252155
0.5,43,scalar_gaussian,2,0.25722402334213257,2048,0.07132869309863242,1.0780557318919168,0.15072938945995534,0.4732235256454913,0.8447658040051833,0.02292419788106443,0.05290080720142866,0.08299043550523853,0.08692529405624268
0.5,43,scalar_gaussian,3,0.37534967064857483,2048,0.10700699527323482,0.7595215332729577,0.2290693545323409,0.46713797876497337,0.7262013231774425,0.04069106013063613,0.09048457530421913,0.12118886727947116,0.1196464116071469
0.5,43,scalar_gaussian,4,0.547722578048706,2048,0.13842299437063244,0.4614099466230498,0.28897191808561323,0.4790188447640856,0.5744393357149978,0.06970743754773298,0.1317215564250961,0.151383730708548,0.1395491894544049
0.5,43,scalar_gaussian,5,0.7992547750473022,2048,0.14877267044165043,0.23289098590873597,0.28632916909978406,0.519586149428611,0.42894694144170975,0.12002924592307236,0.16116888346644107,0.15149419556278804,0.13242221045026853
0.5,43,scalar_gaussian,6,1.166298747062683,2048,0.13620353269290544,0.10013104619757379,0.22344612958538787,0.6095587018922005,0.30099906099909635,0.16876453734199687,0.1599642574719664,0.1269082075513729,0.1109884699264249
0.5,43,scalar_gaussian,7,1.7019013166427612,2048,0.07999312295923511,0.02761747080573336,0.11148985791929866,0.7174923751103683,0.2063730892040066,0.14641105819281913,0.09561735027748483,0.06830719647079443,0.05946469933113151
0.5,43,scalar_gaussian,8,2.4834699630737305,2048,0.024532913079965052,0.003977693327119654,0.02722898465452995,0.900985232876968,0.13062053796523904,0.05954470211937065,0.028627891393387415,0.019318983681376807,0.017499024339988914
0.5,43,fourier_gaussian,0,0.12079870700836182,2048,0.03611335221612203,2.474817806260527,0.04459776183054685,0.8097570535790095,0.9736317568975534,0.009422659986992033,0.024204680124697987,0.04202203371260266,0.049790801519243505
0.5,43,fourier_gaussian,1,0.17627345025539398,2048,0.06846571151090902,2.2034302908909824,0.08561568489953945,0.799686547987626,0.947262220832773,0.018761914333652135,0.04764004485458399,0.07933784533657251,0.09202983399034527
0.5,43,fourier_gaussian,2,0.25722402334213257,2048,0.1196444499156065,1.8082959243655052,0.15072938945995534,0.7937698835262166,0.8925620968741335,0.03913186808185339,0.0874861738984776,0.1373533686364747,0.15464357090819636
0.5,43,fourier_gaussian,3,0.37534967064857483,2048,0.18009598168384355,1.2782975149945661,0.2290693545323409,0.7862072255432008,0.7996324967595054,0.07567251334581837,0.14764974542427534,0.20200245291407531,0.21303343724110324
0.5,43,fourier_gaussian,4,0.547722578048706,2048,0.22719422566705508,0.7573140287473905,0.28897191808561323,0.7862155851411992,0.6650281895825922,0.13135098225314795,0.21248137597853692,0.24364605642381132,0.24444528859551218
0.5,43,fourier_gaussian,5,0.7992547750473022,2048,0.22695318107057022,0.3552759383678548,0.28632916909978406,0.7926303204947951,0.5072886731065838,0.20306373723900392,0.23879192448288597,0.22718973988258592,0.2182847727319309
0.5,43,fourier_gaussian,6,1.166298747062683,2048,0.1802767649942612,0.13253181270040418,0.22344612958538787,0.8068019138607192,0.3455319174119524,0.23235871872251407,0.21089951146656438,0.1653168503051034,0.15341714135351112
0.5,43,fourier_gaussian,7,1.7019013166427612,2048,0.09033278702195299,0.03118721980201548,0.11148985791929866,0.8102332239703803,0.2162414698586076,0.1644326381208642,0.10994006035816775,0.07619073311713775,0.06773436523192272
0.5,43,fourier_gaussian,8,2.4834699630737305,2048,0.02282323717262322,0.0037004915767199207,0.02722898465452995,0.8381964095317904,0.12869687308611566,0.05107327830547011,0.028625799473038192,0.017845953933679243,0.015616173578536709
0.5,43,scalar_normalized,0,0.12079870700836182,2048,0.027824046625843285,1.9067586309841176,0.04459776183054685,0.623888856386184,0.9652444420834697,0.010964289973426985,0.01947417280117966,0.03216891912955807,0.035620835440331816
0.5,43,scalar_normalized,1,0.17627345025539398,2048,0.04922045627930866,1.584060720380061,0.08561568489953945,0.5748999886768812,0.9286563392917543,0.017014215141840035,0.035431224655234454,0.05754945466695893,0.060161897000688844
0.5,43,scalar_normalized,2,0.25722402334213257,2048,0.08288555738958771,1.2527251846790763,0.15072938945995534,0.5498964580600794,0.855828015807247,0.02781351629045244,0.0629501563952418,0.09609689111873343,0.09901236568006062
0.5,43,scalar_normalized,3,0.37534967064857483,2048,0.12359243433793736,0.8772427913669967,0.2290693545323409,0.5395415488477665,0.7427763141573575,0.04678420148942465,0.10577539547133091,0.1406321987747256,0.13356596714432253
0.5,43,scalar_normalized,4,0.547722578048706,2048,0.15577753900779956,0.5192584244074712,0.28897191808561323,0.539075007840892,0.5926772003484477,0.07399532071952708,0.14895458713151738,0.17158454527164277,0.1536264399512671
0.5,43,scalar_normalized,5,0.7992547750473022,2048,0.15814165257706944,0.24755733208644232,0.28632916909978406,0.5523071682646415,0.43856581569081166,0.1148282468502225,0.17099547997712197,0.16349988075618635,0.13911121170411622
0.5,43,scalar_normalized,6,1.166298747062683,2048,0.13797024951877498,0.10142986129151144,0.22344612958538787,0.6174653809165709,0.3028993301410907,0.15749043496182671,0.16382388480805632,0.13002910300000212,0.11116357060705474
0.5,43,scalar_normalized,7,1.7019013166427612,2048,0.07572679646086289,0.02614452984333881,0.11148985791929866,0.6792258764530611,0.2017236934320418,0.1261307226827903,0.09202648924163373,0.06595199474650092,0.0556744123149004
0.5,43,scalar_normalized,8,2.4834699630737305,2048,0.021100129497722178,0.003421112039604946,0.02722898465452995,0.7749142968579937,0.1270157949423383,0.045716319503751796,0.025433716383785155,0.017085004907038185,0.014888562372844423
0.5,43,fourier_normalized,0,0.12079870700836182,2048,0.032861181764175185,2.2519492867360693,0.04459776183054685,0.7368347741089375,0.9698236973443706,0.009057708389569291,0.023114460721114588,0.03793289649493141,0.04425302651042936
0.5,43,fourier_normalized,1,0.17627345025539398,2048,0.06139951507695525,1.9760190667853403,0.08561568489953945,0.7171526473099035,0.9405834056597948,0.017699856128717294,0.044935865730163685,0.07057361998504615,0.08028808367859576
0.5,43,fourier_normalized,2,0.25722402334213257,2048,0.10621808427952492,1.6053709890601657,0.15072938945995534,0.7046939197464483,0.8779741242585387,0.03530558715035922,0.08209171976238079,0.12059151290313043,0.1342056114703636
0.5,43,fourier_normalized,3,0.37534967064857483,2048,0.1620620212425358,1.1502948432964109,0.2290693545323409,0.7074801497275588,0.7818824577170054,0.07029761081174497,0.13945714662409617,0.1798834685253365,0.18590322551295418
0.5,43,fourier_normalized,4,0.547722578048706,2048,0.2017345958506408,0.6724486023921389,0.28897191808561323,0.6981114192240411,0.6379169378198533,0.11945428330336616,0.19781058518513164,0.21427923612557975,0.2070310362991516
0.5,43,fourier_normalized,5,0.7992547750473022,2048,0.2037871808029969,0.31901153156611495,0.28632916909978406,0.7117234385993634,0.4838296331633736,0.18641190842698563,0.22193112103989343,0.20164397925846408,0.18928075531453348
0.5,43,fourier_normalized,6,1.166298747062683,2048,0.1638618074094875,0.1204642338075859,0.22344612958538787,0.7333392066962128,0.3286759606333127,0.21584860097009545,0.1960291717628857,0.14892624500975854,0.13421706564652924
0.5,43,fourier_normalized,7,1.7019013166427612,2048,0.08316217208848614,0.028711578881169125,0.11148985791929866,0.745916925902647,0.20915691738272957,0.1533122250071403,0.1034610948784135,0.06943065791149619,0.05997755573132508
0.5,43,fourier_normalized,8,2.4834699630737305,2048,0.021758427941770485,0.0035278465851360523,0.02722898465452995,0.7990906828819504,0.12798703780643683,0.04866436945047749,0.02779141750500341,0.016911528020996967,0.014395878691885803
0.5,43,scalar_gate_s1p5_p4,0,0.12079870700836182,2048,0.007200562715585229,0.4934485371776311,0.04459776183054685,0.16145569687878966,0.9455496363746643,0.009699641336720398,0.005368967189892506,0.007046673329907516,0.009649715428746338
0.5,43,scalar_gate_s1p5_p4,1,0.17627345025539398,2048,0.012618333773185006,0.4060955220187618,0.08561568489953945,0.1473834355000632,0.8906508698497939,0.010385483116148682,0.009788028126266,0.013095994109126778,0.01708596624139228
0.5,43,scalar_gate_s1p5_p4,2,0.25722402334213257,2048,0.02138830192453858,0.32326095549374106,0.15072938945995534,0.14189868346956228,0.794706758321029,0.018416287607473124,0.018284599001205243,0.0218265290881827,0.026901590235067524
0.5,43,scalar_gate_s1p5_p4,3,0.37534967064857483,2048,0.033783077897118485,0.2397878293618171,0.2290693545323409,0.14747969219230003,0.6545064521715604,0.029914936664755247,0.03150551058503969,0.03453185353594376,0.03715234583434259
0.5,43,scalar_gate_s1p5_p4,4,0.547722578048706,2048,0.0488392229411566,0.16279739759170575,0.28897191808561323,0.169010273609656,0.4851398872071747,0.05656401495426511,0.053130989098847864,0.046843333392650906,0.04445789250344444
0.5,43,scalar_gate_s1p5_p4,5,0.7992547750473022,2048,0.06913846049519179,0.10823039057602052,0.28632916909978406,0.2414649569674036,0.34985687098785595,0.11574988198078891,0.08226561161622412,0.060128139709310996,0.05394505842357446
0.5,43,scalar_gate_s1p5_p4,6,1.166298747062683,2048,0.09312921156380495,0.06846463671734634,0.22344612958538787,0.41678596866551,0.2584454412782159,0.18060871072005075,0.11482678426783977,0.07646049037261601,0.0689267517254313
0.5,43,scalar_gate_s1p5_p4,7,1.7019013166427612,2048,0.0723301903386549,0.02497185815671822,0.11148985791929866,0.6487602701136342,0.19867774921073866,0.16550583646870748,0.0878457355888873,0.05709680719985921,0.05053108723477408
0.5,43,scalar_gate_s1p5_p4,8,2.4834699630737305,2048,0.02389603169790564,0.00387443128011663,0.02722898465452995,0.8775954006764691,0.12987159314385188,0.06665964195648635,0.028014997643736002,0.01775166687229594,0.016027909213965727
0.5,43,fourier_gate_s1p5_p4,0,0.12079870700836182,2048,0.007421420044124247,0.5085837050800859,0.04459776183054685,0.16640790343521253,0.9459359614577989,0.008077271093301289,0.005458309387072072,0.007514433992412754,0.010195646824695407
0.5,43,fourier_gate_s1p5_p4,1,0.17627345025539398,2048,0.013297875600314868,0.42796519974184755,0.08561568489953945,0.15532055389054536,0.8916307359415845,0.014537926344394898,0.010189954624259218,0.013518491628429283,0.01730071303815934
0.5,43,fourier_gate_s1p5_p4,2,0.25722402334213257,2048,0.022254113815664278,0.33634676194020935,0.15072938945995534,0.14764283127131345,0.7954577399202396,0.026560132626484507,0.01904916288889929,0.022010085254130292,0.02648145735636365
0.5,43,fourier_gate_s1p5_p4,3,0.37534967064857483,2048,0.03474803771306469,0.24663698681253166,0.2290693545323409,0.15169221471813607,0.6553674800476538,0.03930145963935168,0.032679192184514406,0.03459884797034868,0.036459912166144054
0.5,43,fourier_gate_s1p5_p4,4,0.547722578048706,2048,0.04969875836648374,0.16566251546120445,0.28897191808561323,0.17198473365761296,0.4853188890827729,0.06423822987267129,0.05428019018542189,0.04694606621425247,0.043875565760029836
0.5,43,fourier_gate_s1p5_p4,5,0.7992547750473022,2048,0.0693359399077698,0.10853952783191195,0.28632916909978406,0.24215465062732267,0.3499264469795758,0.11892385998311414,0.08274922400364973,0.060054917352108474,0.053002897794623645
0.5,43,fourier_gate_s1p5_p4,6,1.166298747062683,2048,0.09338278654015696,0.06865105425857781,0.22344612958538787,0.4179208058489623,0.2586878384166357,0.18437338360485797,0.11438659539329749,0.07662193851215315,0.0688111094266431
0.5,43,fourier_gate_s1p5_p4,7,1.7019013166427612,2048,0.07120011272509016,0.02458170104887857,0.11148985791929866,0.6386241228922185,0.19755433060477628,0.15694018008292746,0.08692610163636935,0.05698488160021437,0.04931141260021496
0.5,43,fourier_gate_s1p5_p4,8,2.4834699630737305,2048,0.022092470928262983,0.0035820073182708154,0.02722898465452995,0.8113586021867168,0.12787696973816487,0.05299922885453332,0.027699449626682256,0.01692697617053506,0.014468179034561815
0.5,43,scalar_gate_s1p5_p4_plateau_lo0p8_hi1,0,0.12079870700836182,2048,0.010870016050064307,0.7449131034428688,0.04459776183054685,0.2437345643345488,0.9493322899742176,0.008967180639921949,0.009125350694688327,0.011236522518427546,0.013644194140328459
0.5,43,scalar_gate_s1p5_p4_plateau_lo0p8_hi1,1,0.17627345025539398,2048,0.01661641267488698,0.5347655958845481,0.08561568489953945,0.19408140803153656,0.8953440966981812,0.012994656309448138,0.014247557632693232,0.017276792134515783,0.020345030549877543
0.5,43,scalar_gate_s1p5_p4_plateau_lo0p8_hi1,2,0.25722402334213257,2048,0.026248510232990956,0.39671772579893344,0.15072938945995534,0.1741432797348686,0.7991705323074108,0.018135307534075516,0.02261323821818638,0.027629040742085706,0.03200321339101641
0.5,43,scalar_gate_s1p5_p4_plateau_lo0p8_hi1,3,0.37534967064857483,2048,0.040457051884386065,0.2871588161173082,0.2290693545323409,0.1766148595781466,0.6613856217460172,0.030858811861790507,0.03876655331613213,0.041807205620554636,0.043694157459420464
0.5,43,scalar_gate_s1p5_p4_plateau_lo0p8_hi1,4,0.547722578048706,2048,0.06127502609184449,0.20425007165111778,0.28897191808561323,0.21204491598277253,0.4977465716612285,0.06646914311234679,0.06731875217355014,0.058754860629821014,0.05716562868062184
0.5,43,scalar_gate_s1p5_p4_plateau_lo0p8_hi1,5,0.7992547750473022,2048,0.09346626939894434,0.14631351016898628,0.28632916909978406,0.3264294367660875,0.3735337857819735,0.1382836447437392,0.1154031758293953,0.08146732477676266,0.07489812912594296
0.5,43,scalar_gate_s1p5_p4_plateau_lo0p8_hi1,6,1.166298747062683,2048,0.14567785764049596,0.10709616707411494,0.22344612958538787,0.6519596374786456,0.31104104374592156,0.20875142966357188,0.18723434828790764,0.1262388687703655,0.11019495887499255
0.5,43,scalar_gate_s1p5_p4_plateau_lo0p8_hi1,7,1.7019013166427612,2048,0.08679625562856522,0.02996623918646657,0.11148985791929866,0.7785125683036768,0.21324078367709856,0.16601633647637773,0.1103390219827807,0.07100697314890644,0.06057969322877513
0.5,43,scalar_gate_s1p5_p4_plateau_lo0p8_hi1,8,2.4834699630737305,2048,0.02423068925199986,0.003928691657408631,0.02722898465452995,0.8898858903271196,0.12979993768537162,0.055976290809568965,0.030678485073639798,0.018570069821447318,0.01651605810807789
0.5,43,fourier_gate_s1p5_p4_plateau_lo0p8_hi1,0,0.12079870700836182,2048,0.010990554022480826,0.7531734698215338,0.04459776183054685,0.24643734509010584,0.9494866228026262,0.006096462041292596,0.008088981043745521,0.011992879817639565,0.01508128185918183
0.5,43,fourier_gate_s1p5_p4_plateau_lo0p8_hi1,1,0.17627345025539398,2048,0.01631195573915628,0.5249672658934258,0.08561568489953945,0.19052531972729714,0.8950982641334361,0.01114755197777757,0.012413103766181129,0.017512957465638863,0.02157524370294383
0.5,43,fourier_gate_s1p5_p4_plateau_lo0p8_hi1,2,0.25722402334213257,2048,0.02542184467204474,0.3842235736194818,0.15072938945995534,0.16865884458981786,0.7995039967579118,0.018176010112841152,0.02020122273945549,0.027067275352207012,0.032512342515592346
0.5,43,fourier_gate_s1p5_p4_plateau_lo0p8_hi1,3,0.37534967064857483,2048,0.039962125454077624,0.2836458936186872,0.2290693545323409,0.17445426314516294,0.6595441050426095,0.034937956036104785,0.03712655891079955,0.04089708944672377,0.0442622516798937
0.5,43,fourier_gate_s1p5_p4_plateau_lo0p8_hi1,4,0.547722578048706,2048,0.06035385175051371,0.2011794907436863,0.28897191808561323,0.20885715176182887,0.495941748762334,0.0693168654258044,0.06442141327924734,0.058039889317387,0.05688481507163767
0.5,43,fourier_gate_s1p5_p4_plateau_lo0p8_hi1,5,0.7992547750473022,2048,0.09496871743872198,0.14866546502885217,0.28632916909978406,0.3316767122864312,0.37407439064904296,0.14557344889239526,0.11131320875518623,0.08419045587644754,0.07851598130378168
0.5,43,fourier_gate_s1p5_p4_plateau_lo0p8_hi1,6,1.166298747062683,2048,0.17044381515844448,0.1253030460538848,0.22344612958538787,0.762796005796605,0.3356936844072411,0.2487080615580033,0.20067773427495517,0.15304381299501704,0.138947830235619
0.5,43,fourier_gate_s1p5_p4_plateau_lo0p8_hi1,7,1.7019013166427612,2048,0.09524946304747396,0.032884692679343595,0.11148985791929866,0.854332984408499,0.22151923015585423,0.18612437679148403,0.11656433422798057,0.07885108445115409,0.06881972578822065
0.5,43,fourier_gate_s1p5_p4_plateau_lo0p8_hi1,8,2.4834699630737305,2048,0.02500644446293536,0.004054470292663178,0.02722898465452995,0.9183759431431889,0.1306879211750248,0.05867701951592761,0.03173676239662474,0.019193216397613195,0.016296643575931184
0.5,43,scalar_gate_s1p5_p4_cap_lo1_hi2_d0p5,0,0.12079870700836182,2048,0.007231460575793008,0.4955659416810941,0.04459776183054685,0.16214850878099182,0.945658101392389,0.009400421660741553,0.005218998354533323,0.007175411042778572,0.009815935491115568
0.5,43,scalar_gate_s1p5_p4_cap_lo1_hi2_d0p5,1,0.17627345025539398,2048,0.012053917306884234,0.3879309209202015,0.08561568489953945,0.14079099315771607,0.890133781794306,0.009855394692574238,0.009571465751987923,0.012433389416956996,0.016255004663263913
0.5,43,scalar_gate_s1p5_p4_cap_lo1_hi2_d0p5,2,0.25722402334213257,2048,0.02035803593623001,0.3076896039685771,0.15072938945995534,0.13506348038143273,0.7936221195849286,0.01629588337923401,0.01703213569025827,0.021037643173224048,0.02596009378764451
0.5,43,scalar_gate_s1p5_p4_cap_lo1_hi2_d0p5,3,0.37534967064857483,2048,0.032280278115778514,0.22912115480272782,0.2290693545323409,0.14091923462080153,0.6532373827926086,0.02704974942673068,0.030000580739356908,0.033198237311106944,0.035771076874313926
0.5,43,scalar_gate_s1p5_p4_cap_lo1_hi2_d0p5,4,0.547722578048706,2048,0.047826934432194865,0.159423102814954,0.28897191808561323,0.16550720481436282,0.48357480835220834,0.05423927715583963,0.05208930029305664,0.046048018935759605,0.0434073299307267
0.5,43,scalar_gate_s1p5_p4_cap_lo1_hi2_d0p5,5,0.7992547750473022,2048,0.06919709847884191,0.10832218336150616,0.28632916909978406,0.24166974917853068,0.34992725796468366,0.11361246570804495,0.08278138276755435,0.06022844314175657,0.054253642556118246
0.5,43,scalar_gate_s1p5_p4_cap_lo1_hi2_d0p5,6,1.166298747062683,2048,0.09649246543080836,0.07093715796310864,0.22344612958538787,0.43183771233743684,0.26171402228202256,0.1828973757377276,0.12070708851728197,0.0792303989702147,0.07065376973547637
0.5,43,scalar_gate_s1p5_p4_cap_lo1_hi2_d0p5,7,1.7019013166427612,2048,0.07688142517803653,0.026543163172159524,0.11148985791929866,0.6895822329748302,0.20351143023135368,0.18386424064399604,0.09512545983655989,0.05932816768373535,0.05132499439359975
0.5,43,scalar_gate_s1p5_p4_cap_lo1_hi2_d0p5,8,2.4834699630737305,2048,0.02366612727446043,0.0038371552628726716,0.02722898465452995,0.8691520295275944,0.12950153500278466,0.06372467640362214,0.028476990043358845,0.017624547918897268,0.01568247706790092
0.5,43,fourier_gate_s1p5_p4_cap_lo1_hi2_d0p5,0,0.12079870700836182,2048,0.007870968800844378,0.5393909051775774,0.04459776183054685,0.17648797782164094,0.946345639606768,0.007595685926666873,0.005512816511367993,0.008109224662136727,0.01131609676957436
0.5,43,fourier_gate_s1p5_p4_cap_lo1_hi2_d0p5,1,0.17627345025539398,2048,0.013006083588978203,0.41857446469753606,0.08561568489953945,0.15191239320504654,0.8908533326477501,0.013636031923415708,0.01024426517310106,0.013174743204532666,0.0169288531504221
0.5,43,fourier_gate_s1p5_p4_cap_lo1_hi2_d0p5,2,0.25722402334213257,2048,0.021590056258412246,0.326310253141264,0.15072938945995534,0.14323720367850445,0.7949531112207436,0.023601096911188762,0.01811203307105717,0.021642421469141998,0.026458139654966375
0.5,43,fourier_gate_s1p5_p4_cap_lo1_hi2_d0p5,3,0.37534967064857483,2048,0.0335019099322893,0.23779213624653048,0.2290693545323409,0.14625225622469445,0.6537522698662256,0.03543876241231626,0.030894511013796463,0.0338164986689574,0.03587281029329324
0.5,43,fourier_gate_s1p5_p4_cap_lo1_hi2_d0p5,4,0.547722578048706,2048,0.04913905482829091,0.1637968371405144,0.28897191808561323,0.1700478550089859,0.4844650029092564,0.061441459407319585,0.05312210673208237,0.046690934419358184,0.044471859333613806
0.5,43,fourier_gate_s1p5_p4_cap_lo1_hi2_d0p5,5,0.7992547750473022,2048,0.06991088371597577,0.10943955355530398,0.28632916909978406,0.24416263259441873,0.350954230275238,0.11714833533161725,0.08209620481726729,0.0612015298031082,0.05490706564248979
0.5,43,fourier_gate_s1p5_p4_cap_lo1_hi2_d0p5,6,1.166298747062683,2048,0.09869836455072337,0.07255884120668064,0.22344612958538787,0.4417098865568253,0.26402720796656,0.1876171902157325,0.11959030444283099,0.08237058593952283,0.0738405096820624
0.5,43,fourier_gate_s1p5_p4_cap_lo1_hi2_d0p5,7,1.7019013166427612,2048,0.07660009357425836,0.02644603398071599,0.11148985791929866,0.6870588500498845,0.202940132991841,0.16258181867350624,0.09281036311812209,0.06219884124166718,0.05441894258648519
0.5,43,fourier_gate_s1p5_p4_cap_lo1_hi2_d0p5,8,2.4834699630737305,2048,0.022245871363265952,0.0036068792070962346,0.02722898465452995,0.8169923207020875,0.1280929076468275,0.05296899086585011,0.028167748359498448,0.016989512683366965,0.01450704532592428
0.5,44,scalar_gate_s1p5_p4_linear_sigma,0,0.12079870700836182,2048,0.007141814499500914,0.48942257109225074,0.04459776183054685,0.16013840619708386,0.9454799638142168,0.008378863478132444,0.005778116067227987,0.006995910710211681,0.00943010992828349
0.5,44,scalar_gate_s1p5_p4_linear_sigma,1,0.17627345025539398,2048,0.012189923034461802,0.3923079898685221,0.08561568489953945,0.14237955403575092,0.8897008714647013,0.009338633173589008,0.008984549297726418,0.012839874142301843,0.017017044303969445
0.5,44,scalar_gate_s1p5_p4_linear_sigma,2,0.25722402334213257,2048,0.02095407398896871,0.3166980718272567,0.15072938945995534,0.1390178389499523,0.7950902285262148,0.017381794424043646,0.017414811689446585,0.021639798601127015,0.0266401804115906
0.5,44,scalar_gate_s1p5_p4_linear_sigma,3,0.37534967064857483,2048,0.033261629464008374,0.2360866571867898,0.2290693545323409,0.14520331421858687,0.6544669541053743,0.028018792006837823,0.030399539249436076,0.034283638855655274,0.03740155295323226
0.5,44,scalar_gate_s1p5_p4_linear_sigma,4,0.547722578048706,2048,0.04773647725637864,0.1591215789181852,0.28897191808561323,0.165194173789011,0.48399703159215224,0.0533498607151426,0.05173925705197846,0.045764220507528264,0.04495262563832265
0.5,44,scalar_gate_s1p5_p4_linear_sigma,5,0.7992547750473022,2048,0.06867489447845318,0.10750471733004364,0.28632916909978406,0.2398459601386975,0.3489514272584098,0.11422576777237059,0.08137309200386708,0.05981385284215876,0.054269326562653264
0.5,44,scalar_gate_s1p5_p4_linear_sigma,6,1.166298747062683,2048,0.09491251881142326,0.06977564838396987,0.22344612958538787,0.42476689566087705,0.26028860565237366,0.1801324520974954,0.11678293832285358,0.07840681979203158,0.07104222859432022
0.5,44,scalar_gate_s1p5_p4_linear_sigma,7,1.7019013166427612,2048,0.07368815052887547,0.025440691282884287,0.11148985791929866,0.6609403931810034,0.20019062301768392,0.16373210728268858,0.08937267253171294,0.058821794550594296,0.05194192468966377
0.5,44,scalar_gate_s1p5_p4_linear_sigma,8,2.4834699630737305,2048,0.027200444963514408,0.004410198987515053,0.02722898465452995,0.9989518635609208,0.1332749749135084,0.08707570781863952,0.03422492842385137,0.01814814020293858,0.01564603521002122
0.5,44,fourier_gate_s1p5_p4_linear_sigma,0,0.12079870700836182,2048,0.007096794165577656,0.48633736528332183,0.04459776183054685,0.15912893101099004,0.9452000505012738,0.007217153755983141,0.005680253815986909,0.007113140997082055,0.0094864669844971
0.5,44,fourier_gate_s1p5_p4_linear_sigma,1,0.17627345025539398,2048,0.012342293800378379,0.3972117344387272,0.08561568489953945,0.14415926024373568,0.8901875889753778,0.011789477930013,0.00931587498267154,0.01274276063790488,0.016516839129182295
0.5,44,fourier_gate_s1p5_p4_linear_sigma,2,0.25722402334213257,2048,0.020830571561381978,0.314831466760228,0.15072938945995534,0.1381984736753418,0.7943688009841037,0.02291612994538752,0.01780993804379123,0.020829203814668944,0.02504711020023391
0.5,44,fourier_gate_s1p5_p4_linear_sigma,3,0.37534967064857483,2048,0.033046423522463605,0.23455915380933148,0.2290693545323409,0.14426383481077118,0.6536971075370258,0.033302476158080616,0.0307147165726515,0.0334155422212141,0.03565498044039608
0.5,44,fourier_gate_s1p5_p4_linear_sigma,4,0.547722578048706,2048,0.047443943672069264,0.15814646704363475,0.28897191808561323,0.16418184848679007,0.4837956789620611,0.057460504604694054,0.05166428334225121,0.045183625074360516,0.04291534288718736
0.5,44,fourier_gate_s1p5_p4_linear_sigma,5,0.7992547750473022,2048,0.0676389303784679,0.10588300347698583,0.28632916909978406,0.23622787224621225,0.34757989888639296,0.11445770560254957,0.08038762463310592,0.058672003832482646,0.05283921019723256
0.5,44,fourier_gate_s1p5_p4_linear_sigma,6,1.166298747062683,2048,0.09467719916144648,0.06960265138251802,0.22344612958538787,0.42371375748205325,0.2594095384858798,0.18291880958150314,0.115436036179157,0.07864461581631069,0.06931702020044266
0.5,44,fourier_gate_s1p5_p4_linear_sigma,7,1.7019013166427612,2048,0.07296658414408241,0.02519157188575091,0.11148985791929866,0.6544683570849905,0.1992278229195878,0.15812128882168444,0.08890217777739914,0.05865254824366966,0.051403717376633046
0.5,44,fourier_gate_s1p5_p4_linear_sigma,8,2.4834699630737305,2048,0.024799726104252948,0.00402095359477883,0.02722898465452995,0.9107840934541473,0.1305708590501444,0.05739895959089832,0.031167999120682438,0.019195633978770676,0.016538681278730573
0.5,44,scalar_gate_s1p5_p4_tanh_sigma,0,0.12079870700836182,2048,0.006942667958977477,0.4757752253240403,0.04459776183054685,0.15567301303946057,0.9448765440906951,0.0076726875551295206,0.0057590326696716375,0.0068181499809301825,0.009111743281393171
0.5,44,scalar_gate_s1p5_p4_tanh_sigma,1,0.17627345025539398,2048,0.011870314912417603,0.38202204962506525,0.08561568489953945,0.13864649831799053,0.8891997177694764,0.008814709710144263,0.009048805856437405,0.012490098257291386,0.01624248571034441
0.5,44,scalar_gate_s1p5_p4_tanh_sigma,2,0.25722402334213257,2048,0.020677617124300638,0.3125197265551211,0.15072938945995534,0.13718371180554748,0.7943179617083331,0.016803987203740843,0.017577012127939027,0.021313490783407243,0.02593963102818511
0.5,44,scalar_gate_s1p5_p4_tanh_sigma,3,0.37534967064857483,2048,0.03320369456385855,0.23567544290982173,0.2290693545323409,0.14495039998539275,0.6541169213513055,0.029209237297554973,0.031110975535531497,0.03389700193055324,0.036524065710206485
0.5,44,scalar_gate_s1p5_p4_tanh_sigma,4,0.547722578048706,2048,0.04915214644935834,0.16384047587413234,0.28897191808561323,0.17009315913803125,0.4854856498874369,0.05742945373604271,0.053940775818622194,0.046742602872455956,0.04514324370191816
0.5,44,scalar_gate_s1p5_p4_tanh_sigma,5,0.7992547750473022,2048,0.07009864373404906,0.1097334759242009,0.28632916909978406,0.24481838142595974,0.3505674315565731,0.11903005849211526,0.08391521901401533,0.0607090970926705,0.053823344571502424
0.5,44,scalar_gate_s1p5_p4_tanh_sigma,6,1.166298747062683,2048,0.09386785374749029,0.0690076550455481,0.22344612958538787,0.42009165216540284,0.2591197492905175,0.18350689736636353,0.11586018260314287,0.07702169252980241,0.06861196503822148
0.5,44,scalar_gate_s1p5_p4_tanh_sigma,7,1.7019013166427612,2048,0.07247617586171091,0.025022259375871946,0.11148985791929866,0.6500696764200059,0.19884018056227867,0.16347892287664748,0.08847483267867713,0.05744772725090813,0.05025117681961681
0.5,44,scalar_gate_s1p5_p4_tanh_sigma,8,2.4834699630737305,2048,0.024352705319833114,0.003948474978583729,0.02722898465452995,0.8943670000482988,0.1303300623218055,0.07185497486964618,0.02956797105859199,0.017305181131982407,0.015314952299579437
0.5,44,fourier_gate_s1p5_p4_tanh_sigma,0,0.12079870700836182,2048,0.0071469017934154035,0.4897711990869579,0.04459776183054685,0.16025247680748397,0.9453309018578243,0.007656029111900079,0.005708728799042877,0.007120706547906411,0.009519765089509052
0.5,44,fourier_gate_s1p5_p4_tanh_sigma,1,0.17627345025539398,2048,0.012293104874548367,0.3956286884620127,0.08561568489953945,0.14358472853394758,0.8899520168865511,0.011916890312645562,0.00933657312362596,0.012671902291803353,0.016327156945393148
0.5,44,fourier_gate_s1p5_p4_tanh_sigma,2,0.25722402334213257,2048,0.020912790343090005,0.31607411435461114,0.15072938945995534,0.13874394647266822,0.79430676550889,0.02345548538353253,0.01814726317906716,0.020830231018614514,0.024728565504681062
0.5,44,fourier_gate_s1p5_p4_tanh_sigma,3,0.37534967064857483,2048,0.033503925560694175,0.23780644291099362,0.2290693545323409,0.1462610554305463,0.6542921764845231,0.035451036544926914,0.031488927866994434,0.033584410755153324,0.03570036017918543
0.5,44,fourier_gate_s1p5_p4_tanh_sigma,4,0.547722578048706,2048,0.04911037916188633,0.16370125159300278,0.28897191808561323,0.1699486216073649,0.48543459285125834,0.061729336609422036,0.053970444783185766,0.04637943881405597,0.04377661634497114
0.5,44,fourier_gate_s1p5_p4_tanh_sigma,5,0.7992547750473022,2048,0.06941166543389037,0.10865806971453273,0.28632916909978406,0.24241912080463168,0.3496286414428614,0.11847734988146293,0.08273276701101409,0.06015641589369327,0.05343526953331916
0.5,44,fourier_gate_s1p5_p4_tanh_sigma,6,1.166298747062683,2048,0.09335432716600962,0.06863013213672708,0.22344612958538787,0.417793440142516,0.25849543935593217,0.1841908349384506,0.11388539298964238,0.0770748724875799,0.06789009016892983
0.5,44,fourier_gate_s1p5_p4_tanh_sigma,7,1.7019013166427612,2048,0.07129224552886229,0.024613509720978092,0.11148985791929866,0.6394505012327382,0.19738023569834912,0.15758270665998525,0.08717038722469501,0.056916740940619104,0.04943275477456569
0.5,44,fourier_gate_s1p5_p4_tanh_sigma,8,2.4834699630737305,2048,0.02228422290413965,0.0036130974115027325,0.02722898465452995,0.8184008029264631,0.12807584897586033,0.053555557370403184,0.028070358454129973,0.016988740411895496,0.01462995219359949
0.5,44,score,0,0.12079870700836182,2048,0.010429717039965283,0.7147397807407605,0.04459776183054685,0.23386189377830027,0.9483845557900836,0.010797310777710813,0.007910038912668848,0.010642854662249887,0.01389973950555849
0.5,44,score,1,0.17627345025539398,2048,0.018903302343326378,0.6083645092115806,0.08561568489953945,0.22079251442661837,0.8969445631027151,0.016643704947377304,0.014298051482903956,0.02003896217921125,0.024055476379595105
0.5,44,score,2,0.25722402334213257,2048,0.03222069678554056,0.48698083963449834,0.15072938945995534,0.21376519138691738,0.8060901449737903,0.03225343387419635,0.02694654034253633,0.033251195949949464,0.03768579079163899
0.5,44,score,3,0.37534967064857483,2048,0.049420026525143296,0.3507768274861156,0.2290693545323409,0.21574263666144824,0.6690984638344466,0.05507831618367433,0.04718168852642789,0.04928913284247551,0.05075028706930953
0.5,44,score,4,0.547722578048706,2048,0.06722516777743806,0.22408387578194205,0.28897191808561323,0.23263564232397618,0.503386909371698,0.07872125131568795,0.07222748829095052,0.06486156379872755,0.060874611040627996
0.5,44,score,5,0.7992547750473022,2048,0.07610013799765458,0.1191283057126794,0.28632916909978406,0.2657785032412612,0.35632577768912993,0.12550120285657576,0.09185745111249549,0.06622716157595604,0.05794001179828682
0.5,44,score,6,1.166298747062683,2048,0.08779823804741659,0.06454553164794215,0.22344612958538787,0.3929279876555897,0.2527161813099714,0.16706253185073844,0.10626782959666078,0.07320012596991614,0.06607611325080542
0.5,44,score,7,1.7019013166427612,2048,0.08248068806282244,0.02847629784091105,0.11148985791929866,0.7398044055498362,0.20875383601414899,0.1509072753965016,0.0906686901558457,0.07205470870289912,0.06929650229400312
0.5,44,score,8,2.4834699630737305,2048,0.10644447603793827,0.017258589742880148,0.02722898465452995,3.9092341263716435,0.2125922387778464,0.14423452273285892,0.1061885943635125,0.10238728465016701,0.10123207387131979
0.5,44,scalar_gaussian,0,0.12079870700836182,2048,0.02446849217583596,1.6768052925884767,0.04459776183054685,0.5486484337219918,0.9618072119979575,0.008148159874047402,0.018343411156240025,0.02774451739979737,0.03204828108781263
0.5,44,scalar_gaussian,1,0.17627345025539398,2048,0.04384348595530187,1.4110138181617045,0.08561568489953945,0.5120964225976508,0.9216298606396238,0.01388280333133034,0.03384630124293787,0.04975436618707582,0.055931090470564916
0.5,44,scalar_gaussian,2,0.25722402334213257,2048,0.07503291071026458,1.1340409582421749,0.15072938945995534,0.49779881003365145,0.8482302011355176,0.023561294787663875,0.061662291257289364,0.08442142748137138,0.09193051300392852
0.5,44,scalar_gaussian,3,0.37534967064857483,2048,0.11289437085742768,0.8013093483521686,0.2290693545323409,0.49283925860754463,0.7329916127056135,0.04012974938677914,0.1032042852669895,0.12450999490655497,0.12666473298297504
0.5,44,scalar_gaussian,4,0.547722578048706,2048,0.14514747035699643,0.4838248648961547,0.28897191808561323,0.5022891889238658,0.5826091835366816,0.06966171280273015,0.14895760681224215,0.1538882895767377,0.1472895538032408
0.5,44,scalar_gaussian,5,0.7992547750473022,2048,0.15473820556633464,0.24222952471789042,0.28632916909978406,0.5404206845318273,0.4340930535324914,0.1199934433554936,0.1768641898894328,0.15377569024971144,0.13834193697187055
0.5,44,scalar_gaussian,6,1.166298747062683,2048,0.13985668605129703,0.10281668922359335,0.22344612958538787,0.625907847725114,0.3042080073793393,0.16926110526288324,0.17180450786102394,0.12749875795179139,0.11341027609236701
0.5,44,scalar_gaussian,7,1.7019013166427612,2048,0.08144919783840589,0.028120177838273565,0.11148985791929866,0.7305525305930738,0.20752205908804244,0.1414105049026205,0.09975276097707757,0.06944738230870368,0.06093788477952316
0.5,44,scalar_gaussian,8,2.4834699630737305,2048,0.024244230242229815,0.003930887153161814,0.02722898465452995,0.890383190920651,0.12986326233760637,0.05772135012972192,0.02887102959218695,0.019047449282401353,0.017052692864162375
0.5,44,fourier_gaussian,0,0.12079870700836182,2048,0.03722639435727289,2.55109365275502,0.04459776183054685,0.8347144078377268,0.9747359753917859,0.00964864719760365,0.026436242626288388,0.04315358117170405,0.04933826233543278
0.5,44,fourier_gaussian,1,0.17627345025539398,2048,0.07055645147823639,2.270716523265147,0.08561568489953945,0.8241066057116355,0.9497251373791984,0.019421916277310908,0.05210662450745212,0.08130921879498032,0.09114265356355669
0.5,44,fourier_gaussian,2,0.25722402334213257,2048,0.12287878883105637,1.8571794445200147,0.15072938945995534,0.8152278017665684,0.8952262831551645,0.040240108220896006,0.09630489147613029,0.13965219414952745,0.15266545326456787
0.5,44,fourier_gaussian,3,0.37534967064857483,2048,0.185749341735381,1.3184243187004712,0.2290693545323409,0.8108869128941304,0.8044386988919661,0.07678817694485425,0.1632873536957037,0.20543926280882152,0.21183159907876922
0.5,44,fourier_gaussian,4,0.547722578048706,2048,0.2366877387669984,0.7889590700400343,0.28897191808561323,0.8190683037127341,0.674295789830182,0.13637590445816244,0.23273235722706073,0.2513927654515073,0.24389600197920736
0.5,44,fourier_gaussian,5,0.7992547750473022,2048,0.23405970795223965,0.3664006029110516,0.28632916909978406,0.8174497508867886,0.5143139376361247,0.20736885494281773,0.258594246474353,0.23165462559919675,0.2143568689185459
0.5,44,fourier_gaussian,6,1.166298747062683,2048,0.1873365764171036,0.13772188589270995,0.22344612958538787,0.8383970524113047,0.35247379015960956,0.24121695923665704,0.22687663973601652,0.17001571648376276,0.15254394425412743
0.5,44,fourier_gaussian,7,1.7019013166427612,2048,0.09427386811572566,0.032547870418266095,0.11148985791929866,0.8455824581278532,0.2210229058060864,0.17182032046110443,0.11850404203740368,0.07851085651018407,0.06766579590624494
0.5,44,fourier_gaussian,8,2.4834699630737305,2048,0.023806654301802854,0.003859939895790823,0.02722898465452995,0.8743129648002597,0.12946510346310963,0.052576619496668565,0.03070620759064964,0.01853566816406272,0.015470082089279228
0.5,44,scalar_normalized,0,0.12079870700836182,2048,0.027952507876435807,1.9155619729856652,0.04459776183054685,0.6267692980343685,0.9657845582674824,0.010694152809612025,0.01974499740704631,0.03210259082884723,0.036453521483365024
0.5,44,scalar_normalized,1,0.17627345025539398,2048,0.050163395174041336,1.6144072993794216,0.08561568489953945,0.5859136118913554,0.9276585335253865,0.01644907431080774,0.03716477762288064,0.05772176148940267,0.0634483985532029
0.5,44,scalar_normalized,2,0.25722402334213257,2048,0.08508588090805337,1.2859806850682174,0.15072938945995534,0.5644942981120371,0.8580160951282136,0.028152409291063153,0.0660387699480455,0.09723474294356164,0.1046814169344752
0.5,44,scalar_normalized,3,0.37534967064857483,2048,0.12700452828246725,0.901461383972119,0.2290693545323409,0.5544370111914567,0.7464418120554646,0.046859580493394296,0.11108928668114666,0.14229221236561637,0.142069788920181
0.5,44,scalar_normalized,4,0.547722578048706,2048,0.15969716859608563,0.5323238553883292,0.28897191808561323,0.5526390579889233,0.597439224739231,0.07354463796697627,0.1548716356133894,0.17359637019740415,0.1636303159765141
0.5,44,scalar_normalized,5,0.7992547750473022,2048,0.1626086754789186,0.25455007722303363,0.28632916909978406,0.5679081736246384,0.4426565787361726,0.11928886525479207,0.17797903308819507,0.16570193306005981,0.14766451676929737
0.5,44,scalar_normalized,6,1.166298747062683,2048,0.1387845932027585,0.10202853214409131,0.22344612958538787,0.6211098552491294,0.30324866567256614,0.15527047178826547,0.16608929757861335,0.12997312429960925,0.11437184651007642
0.5,44,scalar_normalized,7,1.7019013166427612,2048,0.07535046036391041,0.02601460053459029,0.11148985791929866,0.6758503577827899,0.20182959532786635,0.12345725338017721,0.09227543131100978,0.06535562690120136,0.05629388675248635
0.5,44,scalar_normalized,8,2.4834699630737305,2048,0.02026624389525237,0.0032859083161126015,0.02722898465452995,0.7442893722399883,0.12577376426486514,0.04305851698668506,0.024699311889477812,0.016372587333856787,0.01443222941999449
0.5,44,fourier_normalized,0,0.12079870700836182,2048,0.035490386205927836,2.4321264669050127,0.04459776183054685,0.795788504830729,0.9726983320981296,0.009459383477132436,0.024826530419703195,0.041161504920345565,0.04748579397630216
0.5,44,fourier_normalized,1,0.17627345025539398,2048,0.06609528783268796,2.1271430046045428,0.08561568489953945,0.7719997557718948,0.9453972702855944,0.018276308057404506,0.047822874797300796,0.07651753553927942,0.08577274176807713
0.5,44,fourier_normalized,2,0.25722402334213257,2048,0.11537817538966522,1.7438158181597792,0.15072938945995534,0.765465685245929,0.8877925009213489,0.038429287968448266,0.08847683050621968,0.13157825703392553,0.1447518619825945
0.5,44,fourier_normalized,3,0.37534967064857483,2048,0.17131881359267093,1.2159983339982248,0.2290693545323409,0.7478905851130928,0.7902651928526195,0.07154595987930298,0.14770441596074246,0.19079227735827622,0.19516290944235035
0.5,44,fourier_normalized,4,0.547722578048706,2048,0.21706264702020672,0.7235421024579436,0.28897191808561323,0.7511548127520749,0.6561729722738374,0.12381729981008298,0.20849478732531182,0.2325028256090446,0.22576780470336807
0.5,44,fourier_normalized,5,0.7992547750473022,2048,0.2135760002695822,0.33433509744476736,0.28632916909978406,0.7459107325357837,0.4935597948819598,0.18973923407828852,0.2324534696248418,0.21258799381750346,0.196991171452137
0.5,44,fourier_normalized,6,1.166298747062683,2048,0.17218585393549216,0.12658371889557835,0.22344612958538787,0.7705922418749837,0.3371734510473631,0.22293079886699033,0.20506096655620598,0.15733783696429543,0.14164208176124538
0.5,44,fourier_normalized,7,1.7019013166427612,2048,0.0868010691139392,0.02996790103297127,0.11148985791929866,0.7785557425032301,0.2134169443003764,0.15958501844032805,0.10790046530930797,0.07258530193570725,0.0625595133697217
0.5,44,fourier_normalized,8,2.4834699630737305,2048,0.02137037902712559,0.003464929491949937,0.02722898465452995,0.7848393650466253,0.12704631859475962,0.04764496299169928,0.02706806381100103,0.016745198272168128,0.014117075616423162
0.5,44,scalar_gate_s1p5_p4,0,0.12079870700836182,2048,0.006896790971966291,0.47263131379587764,0.04459776183054685,0.15464432942108752,0.9448969262975933,0.0077395223033216495,0.0054536165580149586,0.006859189890629667,0.009136298831065162
0.5,44,scalar_gate_s1p5_p4,1,0.17627345025539398,2048,0.011986369666998006,0.3857570369055762,0.08561568489953945,0.1400020297806726,0.889124255106233,0.00970462517769119,0.009275944311214706,0.012510804935585531,0.01609133955667479
0.5,44,scalar_gate_s1p5_p4,2,0.25722402334213257,2048,0.02109856496429182,0.3188818959993656,0.15072938945995534,0.13997645077635726,0.7944337264133402,0.018005125499545936,0.017960746734610768,0.021623356678210772,0.02641293948933427
0.5,44,scalar_gate_s1p5_p4,3,0.37534967064857483,2048,0.03335569157780409,0.23675429765936448,0.2290693545323409,0.14561394144538353,0.653998218612674,0.030219504494076614,0.03146178407593341,0.03391261690211285,0.036361024291367464
0.5,44,scalar_gate_s1p5_p4,4,0.547722578048706,2048,0.048360061217789796,0.16120019196696317,0.28897191808561323,0.16735211344467818,0.48455907286264577,0.057252858993914024,0.052920188908470334,0.04597243260497182,0.04433265465160108
0.5,44,scalar_gate_s1p5_p4,5,0.7992547750473022,2048,0.06867006398762984,0.10749715560673162,0.28632916909978406,0.23982908972749026,0.3490062404795169,0.11972952669639621,0.08197144042417193,0.05919000792424961,0.052470349501676866
0.5,44,scalar_gate_s1p5_p4,6,1.166298747062683,2048,0.09289160310034636,0.06828995707753736,0.22344612958538787,0.4157225872415422,0.25798842366668484,0.18387592935966196,0.11466471872230279,0.07612075006349425,0.06699354998980098
0.5,44,scalar_gate_s1p5_p4,7,1.7019013166427612,2048,0.07218639833194321,0.024922214244834925,0.11148985791929866,0.6474705383891954,0.198541070875012,0.1671175613395804,0.08794514561792881,0.05677598254637985,0.049648438898076415
0.5,44,scalar_gate_s1p5_p4,8,2.4834699630737305,2048,0.023900049095463213,0.0038750826489697726,0.02722898465452995,0.8777429418943494,0.13008753209151622,0.06786810468069937,0.02808555588656442,0.017570277286530364,0.015944921864342838
0.5,44,fourier_gate_s1p5_p4,0,0.12079870700836182,2048,0.007111528747332369,0.4873471138404798,0.04459776183054685,0.1594593193791485,0.9452883153492545,0.008026034379489608,0.005706837463865775,0.007026811035185394,0.00942074370151865
0.5,44,fourier_gate_s1p5_p4,1,0.17627345025539398,2048,0.012506579041866485,0.40249892227995127,0.08561568489953945,0.1460781287510761,0.8899575126494681,0.013383796723000335,0.009821638696531873,0.012628645647514477,0.016331322656050144
0.5,44,fourier_gate_s1p5_p4,2,0.25722402334213257,2048,0.021629867620464538,0.32691195864280104,0.15072938945995534,0.1435013284268029,0.79531562592489,0.02539079523103479,0.01880699967647942,0.021375617697943026,0.02551939500009144
0.5,44,fourier_gate_s1p5_p4,3,0.37534967064857483,2048,0.033920960326531024,0.24076650065271174,0.2290693545323409,0.14808161657321095,0.6543516779261955,0.037695843415980354,0.03231822880439501,0.033666607232437806,0.03563399300498647
0.5,44,fourier_gate_s1p5_p4,4,0.547722578048706,2048,0.0484798504129557,0.1615994892542298,0.28897191808561323,0.16776664920981235,0.4849108656449294,0.06282547516182739,0.05390646657608737,0.04530555766967104,0.04285451384820168
0.5,44,fourier_gate_s1p5_p4,5,0.7992547750473022,2048,0.06833076748886618,0.10696601574160806,0.28632916909978406,0.23864410218385157,0.3484295169091518,0.11948481601583323,0.08164297930952458,0.05876797489410087,0.05237180265071626
0.5,44,fourier_gate_s1p5_p4,6,1.166298747062683,2048,0.0928375890802437,0.0682502482665008,0.22344612958538787,0.4154808555086951,0.25803197665823674,0.18422404385176833,0.11373045016347169,0.07643043036187946,0.06690707188414523
0.5,44,fourier_gate_s1p5_p4,7,1.7019013166427612,2048,0.07096407539937881,0.024500209619231314,0.11148985791929866,0.6365070036302833,0.1970723920422454,0.15697841787526068,0.08690673086067793,0.05663193433877507,0.04897947498830455
0.5,44,fourier_gate_s1p5_p4,8,2.4834699630737305,2048,0.021880499786437586,0.0035476389498005673,0.02722898465452995,0.8035738410391824,0.12774613414535319,0.05260358435199149,0.027637248406812344,0.01662775934049823,0.014421585831790068
0.5,44,scalar_gate_s1p5_p4_plateau_lo0p8_hi1,0,0.12079870700836182,2048,0.010737858842341037,0.7358564805920771,0.04459776183054685,0.24077124953356366,0.9479756972462088,0.00907652552057501,0.008647366769081805,0.011127800125040239,0.013904140638919368
0.5,44,scalar_gate_s1p5_p4_plateau_lo0p8_hi1,1,0.17627345025539398,2048,0.016186942022637728,0.5209439525636586,0.08561568489953945,0.18906514666829233,0.8936886813088945,0.0136367213790284,0.013663383990656969,0.01671191555608268,0.020106823310705575
0.5,44,scalar_gate_s1p5_p4_plateau_lo0p8_hi1,2,0.25722402334213257,2048,0.02572810482497741,0.3888523632268087,0.15072938945995534,0.17069069885546548,0.7991089189350413,0.01775568400652385,0.02167222942477429,0.027303913534544925,0.03141461753277988
0.5,44,scalar_gate_s1p5_p4_plateau_lo0p8_hi1,3,0.37534967064857483,2048,0.04123571545929059,0.2926856674302075,0.2290693545323409,0.18001410770757978,0.6618569045352927,0.030042705426256255,0.039418786625158415,0.04283799334219403,0.044631100291798315
0.5,44,scalar_gate_s1p5_p4_plateau_lo0p8_hi1,4,0.547722578048706,2048,0.06269601100059062,0.20898668765829045,0.28897191808561323,0.21696229659940788,0.4996022719375775,0.06267465956175153,0.06918326415771506,0.06087197542179552,0.05806577948495038
0.5,44,scalar_gate_s1p5_p4_plateau_lo0p8_hi1,5,0.7992547750473022,2048,0.09471029157465348,0.14826092127704232,0.28632916909978406,0.3307741641287252,0.374718755251657,0.1428334735353886,0.11437550842231088,0.08318162678381522,0.07656753863268752
0.5,44,scalar_gate_s1p5_p4_plateau_lo0p8_hi1,6,1.166298747062683,2048,0.14975946933482284,0.11009679445172255,0.22344612958538787,0.6702262850231812,0.3152298056314854,0.20860003606335553,0.19581048101873666,0.12934994139975184,0.11230446146894835
0.5,44,scalar_gate_s1p5_p4_plateau_lo0p8_hi1,7,1.7019013166427612,2048,0.08719933991383957,0.030105403255438944,0.11148985791929866,0.7821280028624519,0.21354894154586906,0.16503055942246642,0.11285918254369093,0.07070284623103991,0.06066236275766549
0.5,44,scalar_gate_s1p5_p4_plateau_lo0p8_hi1,8,2.4834699630737305,2048,0.023903432691830335,0.0038756312551889893,0.02722898465452995,0.8778672064018238,0.12948026597447065,0.05411881274072512,0.030616612226725626,0.018386465324459443,0.01602444576825385
0.5,44,fourier_gate_s1p5_p4_plateau_lo0p8_hi1,0,0.12079870700836182,2048,0.011394589917952731,0.7808617116246832,0.04459776183054685,0.2554969005226649,0.9490757204169614,0.006356921895162422,0.008322958839892987,0.012428049348098184,0.015749791777726296
0.5,44,fourier_gate_s1p5_p4_plateau_lo0p8_hi1,1,0.17627345025539398,2048,0.016002954608290376,0.5150226901832761,0.08561568489953945,0.18691615475678405,0.8934156215786198,0.010563293408894883,0.012112787014299955,0.017186776209856924,0.021468627169130557
0.5,44,fourier_gate_s1p5_p4_plateau_lo0p8_hi1,2,0.25722402334213257,2048,0.025338676021561108,0.38296656979013066,0.15072938945995534,0.1681070699771719,0.7981276266943167,0.01783710044989955,0.02053101098447075,0.02700016819914019,0.031776429845346135
0.5,44,fourier_gate_s1p5_p4_plateau_lo0p8_hi1,3,0.37534967064857483,2048,0.039879192248298334,0.28305724466679494,0.2290693545323409,0.1740922190561638,0.6603562744082674,0.03296824173135773,0.03726472144319029,0.041214243093592465,0.043323031884568555
0.5,44,fourier_gate_s1p5_p4_plateau_lo0p8_hi1,4,0.547722578048706,2048,0.06116969822911207,0.20389897880168006,0.28897191808561323,0.21168042429295647,0.4976026046759767,0.06882955191657293,0.06572205219915606,0.05884587487913615,0.057600038444797934
0.5,44,fourier_gate_s1p5_p4_plateau_lo0p8_hi1,5,0.7992547750473022,2048,0.09670303285297853,0.151380388579689,0.28632916909978406,0.3377337808684035,0.3758711166768425,0.14394780660433254,0.11287635423972708,0.08637415478234084,0.08072357101486011
0.5,44,fourier_gate_s1p5_p4_plateau_lo0p8_hi1,6,1.166298747062683,2048,0.17019665734782263,0.12512134614005607,0.22344612958538787,0.7616898876862558,0.3352927129506468,0.24565398199977215,0.20059332938508762,0.15308449739905794,0.13888333094804617
0.5,44,fourier_gate_s1p5_p4_plateau_lo0p8_hi1,7,1.7019013166427612,2048,0.09443768625963578,0.03260442831523922,0.11148985791929866,0.8470518128025062,0.22116330464438144,0.18440152944262245,0.11548220119718805,0.07808051930292068,0.06883904421658511
0.5,44,fourier_gate_s1p5_p4_plateau_lo0p8_hi1,8,2.4834699630737305,2048,0.024770263830438725,0.004016176669610155,0.02722898465452995,0.9097020746353031,0.1305041583783936,0.05795313277380533,0.03153777327238899,0.01903030834470926,0.01598848502230147
0.5,44,scalar_gate_s1p5_p4_cap_lo1_hi2_d0p5,0,0.12079870700836182,2048,0.007323707476546108,0.5018875445937753,0.04459776183054685,0.16421692874124902,0.9450997197049791,0.011031975205370045,0.005458845840963509,0.007056667856759057,0.009587684654097397
0.5,44,scalar_gate_s1p5_p4_cap_lo1_hi2_d0p5,1,0.17627345025539398,2048,0.011537633459345779,0.3713153706942652,0.08561568489953945,0.13476074475002936,0.8884423121470016,0.009554136170325685,0.009133519774241936,0.011941514969118869,0.01538778168984323
0.5,44,scalar_gate_s1p5_p4_cap_lo1_hi2_d0p5,2,0.25722402334213257,2048,0.02023033212544353,0.3057594995572649,0.15072938945995534,0.1342162414239605,0.7938524811726702,0.016089245191254327,0.016702064368948825,0.021009996972275367,0.02585801145684119
0.5,44,scalar_gate_s1p5_p4_cap_lo1_hi2_d0p5,3,0.37534967064857483,2048,0.032023315554197074,0.22729726844588047,0.2290693545323409,0.13979746710150134,0.6532759192629073,0.02825956494524704,0.029726324125170345,0.03271269277450643,0.03559351448960372
0.5,44,scalar_gate_s1p5_p4_cap_lo1_hi2_d0p5,4,0.547722578048706,2048,0.047955407575603695,0.1598513465941923,0.28897191808561323,0.16595179176336444,0.48425628379303143,0.05562388477359609,0.052364765893983214,0.04563316751016603,0.04462919014680889
0.5,44,scalar_gate_s1p5_p4_cap_lo1_hi2_d0p5,5,0.7992547750473022,2048,0.06892891996297912,0.10790237266123831,0.28632916909978406,0.24073314004189977,0.34928522570059667,0.11759867853858341,0.08218373368448614,0.05959035288084283,0.05360508311525692
0.5,44,scalar_gate_s1p5_p4_cap_lo1_hi2_d0p5,6,1.166298747062683,2048,0.09666355408035346,0.07106293506398681,0.22344612958538787,0.4326033942038561,0.26181793074681503,0.18712067539564908,0.12067535255657016,0.07925146851246267,0.0695009459817248
0.5,44,scalar_gate_s1p5_p4_cap_lo1_hi2_d0p5,7,1.7019013166427612,2048,0.07709945571422061,0.026618437792590217,0.11148985791929866,0.6915378416755059,0.20383833874960325,0.18546628297571094,0.0956861078076988,0.05919865527567434,0.05147797183727288
0.5,44,scalar_gate_s1p5_p4_cap_lo1_hi2_d0p5,8,2.4834699630737305,2048,0.023657078903229385,0.0038356881869591954,0.02722898465452995,0.8688197229305675,0.12972992232445538,0.06319089277952397,0.028361772269680775,0.017668534172119593,0.01595334086023359
0.5,44,fourier_gate_s1p5_p4_cap_lo1_hi2_d0p5,0,0.12079870700836182,2048,0.007657428034077521,0.5247571351305748,0.04459776183054685,0.17169982796833164,0.9460027871531845,0.007291755216407084,0.005640111461019177,0.007819243084838138,0.01083561887090249
0.5,44,fourier_gate_s1p5_p4_cap_lo1_hi2_d0p5,1,0.17627345025539398,2048,0.012440035485413678,0.4003573526574934,0.08561568489953945,0.145300893171744,0.8896667036468373,0.013606005110388033,0.009919863134942655,0.01244888138625699,0.016239163135857236
0.5,44,fourier_gate_s1p5_p4_cap_lo1_hi2_d0p5,2,0.25722402334213257,2048,0.021066143346940784,0.31839187846358713,0.15072938945995534,0.1397613525963195,0.7948187136332643,0.024184622757425625,0.01794700773405927,0.020905599139930058,0.02548528510161247
0.5,44,fourier_gate_s1p5_p4_cap_lo1_hi2_d0p5,3,0.37534967064857483,2048,0.03284808786696287,0.23315139349624198,0.2290693545323409,0.14339800246970727,0.653523536894736,0.034663162609719286,0.030596305755330254,0.03283667629160969,0.03588599160411262
0.5,44,fourier_gate_s1p5_p4_cap_lo1_hi2_d0p5,4,0.547722578048706,2048,0.04822550220369909,0.16075166195364035,0.28897191808561323,0.16688646607318916,0.48468951190047416,0.05990649462506975,0.052726253646676526,0.04550143903079299,0.04402563139084522
0.5,44,fourier_gate_s1p5_p4_cap_lo1_hi2_d0p5,5,0.7992547750473022,2048,0.06828447835074593,0.1068935540254764,0.28632916909978406,0.23848243811635267,0.3485115467156229,0.1169370400949288,0.08036526870002625,0.0593836987809853,0.05340348402435282
0.5,44,fourier_gate_s1p5_p4_cap_lo1_hi2_d0p5,6,1.166298747062683,2048,0.09818478082188242,0.07218127628555011,0.22344612958538787,0.4394114187794066,0.26376673583358523,0.18831840830439334,0.11899551809162162,0.08184694413760854,0.07283439343709697
0.5,44,fourier_gate_s1p5_p4_cap_lo1_hi2_d0p5,7,1.7019013166427612,2048,0.07647221504390458,0.02640188416573095,0.11148985791929866,0.6859118530697078,0.20296143625062707,0.16204407844264906,0.09286400239964218,0.06194895714606858,0.05465697658178238
0.5,44,fourier_gate_s1p5_p4_cap_lo1_hi2_d0p5,8,2.4834699630737305,2048,0.02206968610408192,0.003578313054861933,0.02722898465452995,0.810521816516221,0.12788714197272874,0.0529228368326774,0.027812990503428472,0.01680953985121499,0.014590391500187852
1.0,42,scalar_gate_s1p5_p4_linear_sigma,0,0.12079870700836182,2048,0.022976015202268496,1.5745270945548517,0.08468046664949849,0.27132603434235525,0.8891221058071577,0.008060031585601018,0.011778488978378257,0.021595075165809836,0.05638627063617688
1.0,42,scalar_gate_s1p5_p4_linear_sigma,1,0.17627345025539398,2048,0.032825109304456035,1.0564096764220652,0.14117419548840884,0.2325149379523197,0.8077691407343075,0.013089497895538654,0.020082697508442014,0.03399301986983355,0.062030407810897845
1.0,42,scalar_gate_s1p5_p4_linear_sigma,2,0.25722402334213257,2048,0.04279108466696949,0.6467407728234859,0.20407568059721284,0.20968243027167394,0.6910360789500154,0.023422636358352088,0.03767610834260539,0.04574303699819994,0.051492805052644725
1.0,42,scalar_gate_s1p5_p4_linear_sigma,3,0.37534967064857483,2048,0.05277819678598935,0.3746126768994802,0.24764948532253375,0.21311652118821114,0.5490438062828044,0.04294662551506747,0.060428605624927426,0.05452427357431565,0.0380431639113789
1.0,42,scalar_gate_s1p5_p4_linear_sigma,4,0.547722578048706,2048,0.06781738293156055,0.22605792614760145,0.25215659462767687,0.2689494717823924,0.4159513444836068,0.08549281547776917,0.09787691474622652,0.05923143854508998,0.036994320417593984
1.0,42,scalar_gate_s1p5_p4_linear_sigma,5,0.7992547750473022,2048,0.09386948967016034,0.14694471727324213,0.2212636819883056,0.4242426449141419,0.3189342102479277,0.1634013245327333,0.14661384200271027,0.07122164337313326,0.04703148549963348
1.0,42,scalar_gate_s1p5_p4_linear_sigma,6,1.166298747062683,2048,0.10679230750914297,0.07850916393522067,0.1588156618214218,0.6724293201587649,0.2547156464526843,0.22880646829372836,0.16929363848716067,0.07435219570594104,0.050444718813326954
1.0,42,scalar_gate_s1p5_p4_linear_sigma,7,1.7019013166427612,2048,0.07024356506961724,0.02425145482305265,0.07364375058167055,0.953829272881987,0.18961027236306296,0.19159911583858671,0.10549928300242853,0.04584993640094055,0.032300691065748226
1.0,42,scalar_gate_s1p5_p4_linear_sigma,8,2.4834699630737305,2048,0.027179927988370805,0.0044068724263824485,0.017393249142612074,1.5626711125399881,0.12412512433121313,0.14193112921536666,0.03742905541995698,0.010836941150002811,0.006948762151054557
1.0,42,fourier_gate_s1p5_p4_linear_sigma,0,0.12079870700836182,2048,0.02206328367411655,1.5119783667411706,0.08468046664949849,0.26054749751721185,0.8887252307791946,0.009158142281673717,0.010793935260417838,0.020826855052750903,0.05393815641943051
1.0,42,fourier_gate_s1p5_p4_linear_sigma,1,0.17627345025539398,2048,0.03134840679630838,1.008884996326266,0.14117419548840884,0.22205479328467118,0.8067022882285155,0.01580970657895365,0.019489788008972986,0.0321173966759186,0.05815793410490756
1.0,42,fourier_gate_s1p5_p4_linear_sigma,2,0.25722402334213257,2048,0.041538114919121565,0.62780349583333,0.20407568059721284,0.20354269944151723,0.6904208716031492,0.02734902533463566,0.03583334388568728,0.04429218696979592,0.04915848544517154
1.0,42,fourier_gate_s1p5_p4_linear_sigma,3,0.37534967064857483,2048,0.05248817463151606,0.37255413791437725,0.24764948532253375,0.2119454218253533,0.5482047049688006,0.04745089843549877,0.06109626288973712,0.05321849954243423,0.03722438817344185
1.0,42,fourier_gate_s1p5_p4_linear_sigma,4,0.547722578048706,2048,0.06690800283956869,0.22302665940168392,0.25215659462767687,0.26534306167309263,0.41437290416961226,0.08591304603767866,0.09671135604184872,0.057728493867592295,0.038044051486253935
1.0,42,fourier_gate_s1p5_p4_linear_sigma,5,0.7992547750473022,2048,0.09179959599118563,0.14370447443703016,0.2212636819883056,0.4148877717583923,0.3174610840053427,0.15316490568378882,0.1441745781207284,0.06970044473595974,0.048082360451405695
1.0,42,fourier_gate_s1p5_p4_linear_sigma,6,1.166298747062683,2048,0.10255160020480003,0.07539157622948219,0.1588156618214218,0.6457272477327384,0.2503917318076328,0.22952004949465268,0.16417370921298352,0.0705891870339556,0.043210051007968
1.0,42,fourier_gate_s1p5_p4_linear_sigma,7,1.7019013166427612,2048,0.06340810916569019,0.021891526908164448,0.07364375058167055,0.8610114051072251,0.1829645194973129,0.17578126149865042,0.1023833875849266,0.03955635031450994,0.021795840784306197
1.0,42,fourier_gate_s1p5_p4_linear_sigma,8,2.4834699630737305,2048,0.01698686974403071,0.0027542003760108688,0.017393249142612074,0.976635797299898,0.11394652986313278,0.05842429505999057,0.028504531015347744,0.008959780930381554,0.0038147933821639935
1.0,42,scalar_gate_s1p5_p4_tanh_sigma,0,0.12079870700836182,2048,0.02342163815662159,1.6050652627014,0.08468046664949849,0.2765884398531512,0.8892835472764387,0.007674288812202274,0.012279649605332604,0.021869435448479798,0.057842022114348426
1.0,42,scalar_gate_s1p5_p4_tanh_sigma,1,0.17627345025539398,2048,0.033615285010084484,1.0818398815055317,0.14117419548840884,0.23811210606717767,0.8088555852486904,0.012589787657734275,0.021439026336724218,0.034347036089688,0.06417840599108399
1.0,42,scalar_gate_s1p5_p4_tanh_sigma,2,0.25722402334213257,2048,0.043485855314839866,0.6572414766321371,0.20407568059721284,0.21308690573801656,0.6922559099930427,0.023633181042987103,0.03997897597238559,0.04600737362240824,0.05122383513497407
1.0,42,scalar_gate_s1p5_p4_tanh_sigma,3,0.37534967064857483,2048,0.054313545659978445,0.3855103806234608,0.24764948532253375,0.21931620648935155,0.5505420116905386,0.04668603148851719,0.06431846282233594,0.05497716687718978,0.038257520646022974
1.0,42,scalar_gate_s1p5_p4_tanh_sigma,4,0.547722578048706,2048,0.07041229908915664,0.23470764602406818,0.25215659462767687,0.2792403632874416,0.4184262866251033,0.09180990952663995,0.10404411237502469,0.06051043720314707,0.03614188124060331
1.0,42,scalar_gate_s1p5_p4_tanh_sigma,5,0.7992547750473022,2048,0.09470882608545711,0.1482586271781143,0.2212636819883056,0.42803602125025986,0.3197732203377738,0.1675563608150618,0.15253473764131767,0.07022197498408123,0.04394223485267802
1.0,42,scalar_gate_s1p5_p4_tanh_sigma,6,1.166298747062683,2048,0.10675557043965556,0.0784821564037031,0.1588156618214218,0.6721980012254426,0.2544638746088101,0.23461508577152598,0.17054125068933307,0.07332372351452486,0.048623829861905714
1.0,42,scalar_gate_s1p5_p4_tanh_sigma,7,1.7019013166427612,2048,0.06927220167640127,0.02391609349245963,0.07364375058167055,0.9406392413376441,0.18857863530245367,0.192427008983726,0.10439579574735189,0.0448042537361309,0.03084538926499679
1.0,42,scalar_gate_s1p5_p4_tanh_sigma,8,2.4834699630737305,2048,0.02510963250348051,0.004071200893671592,0.017393249142612074,1.443642432624271,0.12210820101265564,0.11906980029650371,0.031814755744146564,0.012428903373690247,0.008894296903157878
1.0,42,fourier_gate_s1p5_p4_tanh_sigma,0,0.12079870700836182,2048,0.02263317662140835,1.551032653509664,0.08468046664949849,0.26727741965676083,0.8888573592075585,0.009429732723903142,0.011496630738211201,0.02137901357705565,0.054504676302149745
1.0,42,fourier_gate_s1p5_p4_tanh_sigma,1,0.17627345025539398,2048,0.03237279157932625,1.0418527463228422,0.14117419548840884,0.22931096909976179,0.8078861081610722,0.016221359650062217,0.02069845007034766,0.033119327034229984,0.05927994917079863
1.0,42,fourier_gate_s1p5_p4_tanh_sigma,2,0.25722402334213257,2048,0.042510310794524664,0.6424971806671558,0.20407568059721284,0.20830659817044975,0.6915212319501495,0.028803911270545778,0.038816736283838096,0.04491422295027239,0.04760988596068654
1.0,42,fourier_gate_s1p5_p4_tanh_sigma,3,0.37534967064857483,2048,0.054316086923984194,0.3855284181800632,0.24764948532253375,0.21932646802493455,0.550277839422844,0.04976205974959551,0.06482734039327764,0.054669069817635606,0.036825938254995326
1.0,42,fourier_gate_s1p5_p4_tanh_sigma,4,0.547722578048706,2048,0.06927676923425144,0.23092254679165447,0.25215659462767687,0.2747370908008272,0.4170956598955893,0.0893179579548704,0.1024929824150003,0.05952261578643153,0.03594075398211819
1.0,42,fourier_gate_s1p5_p4_tanh_sigma,5,0.7992547750473022,2048,0.09150297227529866,0.1432401351909055,0.2212636819883056,0.41354718249755446,0.3169485834184444,0.15574810837115807,0.14850674347127057,0.068508280441373,0.04134002813514599
1.0,42,fourier_gate_s1p5_p4_tanh_sigma,6,1.166298747062683,2048,0.1011295715262587,0.07434616120617044,0.1588156618214218,0.6367732902814871,0.2488881974604517,0.23064513425833905,0.16387665933971673,0.06843524560930303,0.041138000693010074
1.0,42,fourier_gate_s1p5_p4_tanh_sigma,7,1.7019013166427612,2048,0.06226488107963957,0.02149682962516317,0.07364375058167055,0.845487642710268,0.18179706578445404,0.17488568269955013,0.10159195003150231,0.038181552331932864,0.02076444397882525
1.0,42,fourier_gate_s1p5_p4_tanh_sigma,8,2.4834699630737305,2048,0.016530194018750416,0.00268015633651242,0.017393249142612074,0.9503798791827087,0.11342600213119136,0.056786299103176376,0.02741676674286673,0.008804000809760721,0.003999625140712541
1.0,42,score,0,0.12079870700836182,2048,0.035306240513828614,2.4195071167259985,0.08468046664949849,0.41693488369596404,0.9013410755852101,0.008593947007882819,0.016510989676771906,0.03534757458728876,0.08340403189438324
1.0,42,score,1,0.17627345025539398,2048,0.04922845017473847,1.5843179877178792,0.14117419548840884,0.3487071415879284,0.8241987580054361,0.01327528221827504,0.027622361931690854,0.05388048964299533,0.09003888459144359
1.0,42,score,2,0.25722402334213257,2048,0.06365109759088532,0.962017213804543,0.20407568059721284,0.3118994747664932,0.7119008636226092,0.02439714900247719,0.04841046483752629,0.07308254753201972,0.07692338303502039
1.0,42,score,3,0.37534967064857483,2048,0.07746069547803287,0.549805795851375,0.24764948532253375,0.31278359160387353,0.5732574668293731,0.050438448320904286,0.08437530935252342,0.08370124455905392,0.056605000482375
1.0,42,score,4,0.547722578048706,2048,0.09232515806066025,0.30775050378314717,0.25215659462767687,0.36614215145546136,0.43996431916276746,0.09509509442566846,0.12831749168609155,0.08709595672630552,0.046554694231340135
1.0,42,score,5,0.7992547750473022,2048,0.10111767418619189,0.15829113481737755,0.2212636819883056,0.45700077517256643,0.32676979931983363,0.15871369951035152,0.16297435472271787,0.07792849450528777,0.04675601795791701
1.0,42,score,6,1.166298747062683,2048,0.09984553653513048,0.07340219327469359,0.1588156618214218,0.6286882250152412,0.24758007083635591,0.21637939036147938,0.15685872359848343,0.06920795738400216,0.04948969531212735
1.0,42,score,7,1.7019013166427612,2048,0.08162799760831049,0.02818190811261138,0.07364375058167055,1.1084171700052872,0.20214898067710385,0.163774555926104,0.10059221447314738,0.06585460655108624,0.06186522366600687
1.0,42,score,8,2.4834699630737305,2048,0.1014976474712497,0.016456525719093614,0.017393249142612074,5.835462174953187,0.19799137144866802,0.12348679441468158,0.09391145441056686,0.10219257061676566,0.100142754949719
1.0,42,scalar_gaussian,0,0.12079870700836182,2048,0.029233108200089637,2.003320441507639,0.08468046664949849,0.345216663969137,0.896538039566853,0.010138957230141812,0.01621433986829768,0.030618993195710716,0.057749881345344506
1.0,42,scalar_gaussian,1,0.17627345025539398,2048,0.04415407097794541,1.4210093682215443,0.14117419548840884,0.3127630430277231,0.8199984665458858,0.013515601153051074,0.02814920215447974,0.04929703770698396,0.07019955781268002
1.0,42,scalar_gaussian,2,0.25722402334213257,2048,0.061603302168806676,0.9310670099439281,0.20407568059721284,0.30186498454166133,0.7110480649413207,0.021130327971973246,0.049924943778173414,0.07109349672188019,0.06899796777211785
1.0,42,scalar_gaussian,3,0.37534967064857483,2048,0.08361569505566417,0.5934931707240179,0.24764948532253375,0.33763726561662244,0.5787476075073965,0.0373043932220326,0.09191113252199704,0.09189565570246262,0.06331690035740704
1.0,42,scalar_gaussian,4,0.547722578048706,2048,0.10890935120957486,0.3630311434660184,0.25215659462767687,0.4319115721339175,0.4564120514687423,0.07048398880548927,0.14946163832665388,0.10822396273913695,0.06075306522535836
1.0,42,scalar_gaussian,5,0.7992547750473022,2048,0.13014741046124564,0.2037347225522598,0.2212636819883056,0.5882005094180992,0.35498555537838683,0.13389289272692978,0.20469977611795678,0.11270620333703116,0.06141805272652259
1.0,42,scalar_gaussian,6,1.166298747062683,2048,0.12103088060233001,0.08897675748432475,0.1588156618214218,0.7620840363869252,0.2680138320005355,0.20494441710333625,0.1963773684254584,0.09189240461400748,0.05054162459431684
1.0,42,scalar_gaussian,7,1.7019013166427612,2048,0.0698793408826565,0.02412570712777569,0.07364375058167055,0.9488835146325235,0.18976172887514042,0.16955315711960234,0.10993561046747331,0.04703567944411084,0.029592129145851506
1.0,42,scalar_gaussian,8,2.4834699630737305,2048,0.024414421079967347,0.003958481387788535,0.017393249142612074,1.4036722454664299,0.12105946541260948,0.07549011022945921,0.03146070100996295,0.016427101087222395,0.013686638316182853
1.0,42,fourier_gaussian,0,0.12079870700836182,2048,0.07201044427541242,4.934815484948607,0.08468046664949849,0.8503784535514117,0.9388488237781973,0.006822736014554802,0.025183403176537465,0.08399370510755055,0.14620381434136703
1.0,42,fourier_gaussian,1,0.17627345025539398,2048,0.11990240118427142,3.8588159954766637,0.14117419548840884,0.8493223621317966,0.8957230968898685,0.013417646937257466,0.05131937934377691,0.1442895477669651,0.2088567497255377
1.0,42,fourier_gaussian,2,0.25722402334213257,2048,0.17244638013330518,2.606339755722882,0.20407568059721284,0.8450119074877184,0.821471804049603,0.02772552822947975,0.09536021293772212,0.21089004181380555,0.24465731763457688
1.0,42,fourier_gaussian,3,0.37534967064857483,2048,0.21037190560491,1.4931920281903357,0.24764948532253375,0.8494744308914102,0.7056178723629277,0.05559866262318987,0.16156150847373346,0.25469246648617366,0.2156978499431833
1.0,42,fourier_gaussian,4,0.547722578048706,2048,0.2174927757638334,0.7249758648291463,0.25215659462767687,0.8625305877285244,0.5651644330422093,0.10557695175463655,0.23074216112725068,0.24291832721423426,0.16006168742135327
1.0,42,fourier_gaussian,5,0.7992547750473022,2048,0.19411906179810293,0.3038769120136895,0.2212636819883056,0.8773200375846709,0.4197165128952915,0.17253759760815515,0.2713960858156551,0.18665040126021057,0.09694232790446344
1.0,42,fourier_gaussian,6,1.166298747062683,2048,0.14125368141176556,0.10384370081581293,0.1588156618214218,0.8894190899799066,0.2892099224610841,0.22979760846972885,0.22935239328450646,0.11085579034947829,0.05027915595222094
1.0,42,fourier_gaussian,7,1.7019013166427612,2048,0.06681845579259041,0.023068942477423388,0.07364375058167055,0.9073201088324402,0.18633269564587995,0.16657201413756767,0.11579613426181738,0.04199248449727226,0.018115386549068174
1.0,42,fourier_gaussian,8,2.4834699630737305,2048,0.016057070370671226,0.00260344547988757,0.017393249142612074,0.9231783112525355,0.11279649297696108,0.0535864469540985,0.027321802766952816,0.00852119353370964,0.003650093837232588
1.0,42,scalar_normalized,0,0.12079870700836182,2048,0.03940933072378884,2.700688455183125,0.08468046664949849,0.46538868151150226,0.9058072927176125,0.01267963097127607,0.0197516474217744,0.04169854955171911,0.08055799643991841
1.0,42,scalar_normalized,1,0.17627345025539398,2048,0.0583877168259013,1.879090438571678,0.14117419548840884,0.4135863259138972,0.8348786461514787,0.016734313632276333,0.034578099994501725,0.06608997359502834,0.09475928961703449
1.0,42,scalar_normalized,2,0.25722402334213257,2048,0.08006453273591292,1.2100884607242837,0.20407568059721284,0.39232765267086117,0.7286574260385604,0.026021456701367594,0.0615421876219492,0.09353211787916292,0.09213953352765143
1.0,42,scalar_normalized,3,0.37534967064857483,2048,0.1008600168973516,0.715891091831955,0.24764948532253375,0.40726923686513433,0.5963296067787738,0.039867568337844855,0.10380964592077695,0.11445876858840928,0.07812786366699245
1.0,42,scalar_normalized,4,0.547722578048706,2048,0.11992162743661997,0.3997387281359045,0.25215659462767687,0.4755839426436214,0.46734504248854336,0.06705679353980837,0.15908299562892278,0.12376173760880119,0.06516368660918127
1.0,42,scalar_normalized,5,0.7992547750473022,2048,0.13097269441464152,0.20502663452097322,0.2212636819883056,0.5919303757295505,0.3566448275525449,0.11909335426562313,0.2055549404613795,0.1164076538633874,0.060005154719077664
1.0,42,scalar_normalized,6,1.166298747062683,2048,0.11423816097463058,0.08398303882372375,0.1588156618214218,0.7193129422152595,0.26214621288193096,0.18158896501865088,0.18852612504902444,0.08731456435373543,0.04646492094130079
1.0,42,scalar_normalized,7,1.7019013166427612,2048,0.06207724130632976,0.021432047356767184,0.07364375058167055,0.8429397038583254,0.182112904383345,0.14115666288970766,0.1015384807523425,0.04148779877910512,0.02577325318105691
1.0,42,scalar_normalized,8,2.4834699630737305,2048,0.018499880524777145,0.002999515429580682,0.017393249142612074,1.063624189654934,0.11551992801522919,0.05306151839111015,0.025105239577595438,0.012474261779008958,0.010319558655817233
1.0,42,fourier_normalized,0,0.12079870700836182,2048,0.04800388626728083,3.28966615430776,0.08468046664949849,0.566882637361625,0.9146019162936495,0.0064261490565855756,0.017908563632160934,0.05555531246598622,0.09607781487388214
1.0,42,fourier_normalized,1,0.17627345025539398,2048,0.07376789214280183,2.3740702383079695,0.14117419548840884,0.522530990083514,0.8495425422918776,0.011895871150348444,0.034510803922644086,0.08907556594037928,0.12010262629470819
1.0,42,fourier_normalized,2,0.25722402334213257,2048,0.10124712936440548,1.5302404040680855,0.20407568059721284,0.4961254034195207,0.7492067508209468,0.02091988774652235,0.06283502629047134,0.12549712499070925,0.12255046336196493
1.0,42,fourier_normalized,3,0.37534967064857483,2048,0.11853522469594213,0.841347384608185,0.24764948532253375,0.4786411106066472,0.6135728340359524,0.039435210877713976,0.10325431799771952,0.14277249043367246,0.09808272927148348
1.0,42,fourier_normalized,4,0.547722578048706,2048,0.12438743938457975,0.4146247668457698,0.25215659462767687,0.49329441321272866,0.4725172849340228,0.07154793353173634,0.14607953259017167,0.13604756945395136,0.07112961889748114
1.0,42,fourier_normalized,5,0.7992547750473022,2048,0.11596795648860261,0.18153799108583402,0.2212636819883056,0.5241165447781523,0.3414389912251939,0.12064626281455819,0.17278875420363954,0.10651752205637977,0.04805578711362566
1.0,42,fourier_normalized,6,1.166298747062683,2048,0.08905943646667026,0.06547271110273153,0.1588156618214218,0.5607723787771762,0.23673068150699583,0.16735140799613302,0.14983837031993075,0.06540387306389371,0.026877920510550532
1.0,42,fourier_normalized,7,1.7019013166427612,2048,0.04366939071352967,0.015076772583934148,0.07364375058167055,0.5929816225899648,0.16320817852565156,0.12191728037572887,0.07587124882172995,0.02590465721860521,0.010061808578555372
1.0,42,fourier_normalized,8,2.4834699630737305,2048,0.011079722252750003,0.0017964331071263723,0.017393249142612074,0.637012795131277,0.10781102852931439,0.0394922174421289,0.018626303113772974,0.005674816944384407,0.002297390115102045
1.0,42,scalar_gate_s1p5_p4,0,0.12079870700836182,2048,0.024956120644957114,1.7102220635101706,0.08468046664949849,0.2947092952174339,0.8913572988405437,0.009625149370599011,0.013229682355274571,0.022991135061684712,0.06174360718250968
1.0,42,scalar_gate_s1p5_p4,1,0.17627345025539398,2048,0.035643568242773885,1.1471160703420709,0.14117419548840884,0.25247934383093695,0.8105755686518178,0.013837038574366672,0.022314666179413672,0.036190714988697595,0.06938713401992871
1.0,42,scalar_gate_s1p5_p4,2,0.25722402334213257,2048,0.04525961116649779,0.6840498699979384,0.20407568059721284,0.22177856290396183,0.6941165975149212,0.0249319024618458,0.04022153353061337,0.04798156577596169,0.05522642549712426
1.0,42,scalar_gate_s1p5_p4,3,0.37534967064857483,2048,0.055357340289751505,0.39291909718075685,0.24764948532253375,0.2235310128654425,0.5508964566051409,0.046337847085352726,0.06528479533605183,0.05628769320474395,0.03920469430880104
1.0,42,scalar_gate_s1p5_p4,4,0.547722578048706,2048,0.0707685788346577,0.23589524508665136,0.25215659462767687,0.2806532937960691,0.4184172458710367,0.09382375054225775,0.10388669662947733,0.060824583438002996,0.036649701082562734
1.0,42,scalar_gate_s1p5_p4,5,0.7992547750473022,2048,0.09518363654051398,0.14900190263771115,0.2212636819883056,0.43018192450374526,0.32041342175012516,0.17270722304972588,0.15311075594769913,0.07011250140149616,0.043846608947801076
1.0,42,scalar_gate_s1p5_p4,6,1.166298747062683,2048,0.10661317107062113,0.07837747044205892,0.1588156618214218,0.6713013681893725,0.25430885900453165,0.2348039696675545,0.17060807557689775,0.07319316085890866,0.047880713527635795
1.0,42,scalar_gate_s1p5_p4,7,1.7019013166427612,2048,0.06879177507009873,0.023750227136915297,0.07364375058167055,0.9341155838309593,0.18829586472822202,0.1963713304125364,0.10393958924559618,0.043845751090094545,0.029669776381209274
1.0,42,scalar_gate_s1p5_p4,8,2.4834699630737305,2048,0.025059737658020345,0.004063111092301585,0.017393249142612074,1.440773799797186,0.12187773808479087,0.10577919579124498,0.03038298330561643,0.014385510289649794,0.011076905379902363
1.0,42,fourier_gate_s1p5_p4,0,0.12079870700836182,2048,0.025066158970237395,1.7177628978571176,0.08468046664949849,0.2960087486762314,0.8911674912964165,0.009705962999586027,0.012126544840378208,0.023492298522204757,0.06254905465513891
1.0,42,fourier_gate_s1p5_p4,1,0.17627345025539398,2048,0.03531088284414083,1.136409264431372,0.14117419548840884,0.25012278428064455,0.8106679041486137,0.017380483116555434,0.022393445126601734,0.03550991348463149,0.0674846562154597
1.0,42,fourier_gate_s1p5_p4,2,0.25722402334213257,2048,0.04530521943775123,0.684739189486499,0.20407568059721284,0.22200204995111988,0.6942602255418026,0.03004381377210701,0.04066828920496032,0.04753767224769549,0.053593499050503535
1.0,42,fourier_gate_s1p5_p4,3,0.37534967064857483,2048,0.05640915416018081,0.4003847332501218,0.24764948532253375,0.22777820065611948,0.5521376296842507,0.05131151447964836,0.06674837796506829,0.05683883996469909,0.03923707640138543
1.0,42,fourier_gate_s1p5_p4,4,0.547722578048706,2048,0.07064671100313491,0.2354890190120482,0.25215659462767687,0.2801699916175053,0.41845774731510127,0.0888415183572558,0.10371150173677501,0.0612263058456404,0.03734483176379796
1.0,42,fourier_gate_s1p5_p4,5,0.7992547750473022,2048,0.09251496780933952,0.14482432828872618,0.2212636819883056,0.4181208907760524,0.3178130184010677,0.15514253569853162,0.1500006583724416,0.0692192023969163,0.043531316205650226
1.0,42,fourier_gate_s1p5_p4,6,1.166298747062683,2048,0.1014387597550073,0.07457346324602555,0.1588156618214218,0.6387201274208635,0.2491974625074112,0.23115474764721416,0.16465231085070564,0.06847876559069604,0.0415102091543824
1.0,42,fourier_gate_s1p5_p4,7,1.7019013166427612,2048,0.06218924759375052,0.021470717310614066,0.07364375058167055,0.8444606243238922,0.18180540703405795,0.17482485722536648,0.1021198252090068,0.0378524091060964,0.02056538299131279
1.0,42,fourier_gate_s1p5_p4,8,2.4834699630737305,2048,0.017463288308966242,0.0028314454606236535,0.017393249142612074,1.0040268017654377,0.11432271963385265,0.057916952121177936,0.028268996079407777,0.009761390736984,0.004874940982218866
1.0,42,scalar_gate_s1p5_p4_plateau_lo0p8_hi1,0,0.12079870700836182,2048,0.030775358026579047,2.109009531500073,0.08468046664949849,0.3634292445973585,0.8971387197333263,0.009611026294591835,0.015478899540802449,0.02819462548285965,0.07947645812867031
1.0,42,scalar_gate_s1p5_p4_plateau_lo0p8_hi1,1,0.17627345025539398,2048,0.04314871418851845,1.3886539956694997,0.14117419548840884,0.3056416510059814,0.8183646510639468,0.01665884407138898,0.026352102999446438,0.0428183419444368,0.08897402373402687
1.0,42,scalar_gate_s1p5_p4_plateau_lo0p8_hi1,2,0.25722402334213257,2048,0.056263448446634556,0.8503609201142461,0.20407568059721284,0.2756989381683482,0.7051631452896309,0.024207929842866398,0.0424779546061706,0.06081174459385562,0.08139716238671764
1.0,42,scalar_gate_s1p5_p4_plateau_lo0p8_hi1,3,0.37534967064857483,2048,0.06972427431681959,0.4948936992411844,0.24764948532253375,0.2815441922926352,0.5658741487094662,0.044273467871103554,0.07586432085326095,0.07350205315325663,0.05867636400644843
1.0,42,scalar_gate_s1p5_p4_plateau_lo0p8_hi1,4,0.547722578048706,2048,0.09224233515745335,0.3074744274598339,0.25215659462767687,0.365813693247461,0.4394594132492454,0.09065250793544427,0.13017906219024897,0.08394041848472318,0.05704529854169124
1.0,42,scalar_gate_s1p5_p4_plateau_lo0p8_hi1,5,0.7992547750473022,2048,0.1352242948158489,0.21168215402054094,0.2212636819883056,0.6111454604782175,0.3593765226843421,0.1771498870550618,0.21641922233081495,0.10556579258617307,0.07962899196845534
1.0,42,scalar_gate_s1p5_p4_plateau_lo0p8_hi1,6,1.166298747062683,2048,0.124480122274926,0.0915124933087693,0.1588156618214218,0.7838025598186661,0.272183558063812,0.21810312959562433,0.2159403951328279,0.08894219476036494,0.044125692626609835
1.0,42,scalar_gate_s1p5_p4_plateau_lo0p8_hi1,7,1.7019013166427612,2048,0.06690769252895896,0.023099751287859672,0.07364375058167055,0.9085318441889875,0.1869147617217225,0.16394886814137344,0.11413796253262277,0.041915223894353384,0.023446996468503015
1.0,42,scalar_gate_s1p5_p4_plateau_lo0p8_hi1,8,2.4834699630737305,2048,0.019346599587431398,0.0031367999320157116,0.017393249142612074,1.112305091981565,0.11646561896477625,0.05844626640168695,0.02865129367867871,0.011971795933449962,0.008943253443446314
1.0,42,fourier_gate_s1p5_p4_plateau_lo0p8_hi1,0,0.12079870700836182,2048,0.02080662463516811,1.4258605744250241,0.08468046664949849,0.24570748672523207,0.8878107949842874,0.007541330851605741,0.010510367100687156,0.019521725251258653,0.05133475447099352
1.0,42,fourier_gate_s1p5_p4_plateau_lo0p8_hi1,1,0.17627345025539398,2048,0.02777355398232101,0.8938355971162457,0.14117419548840884,0.19673251110966214,0.8025004817172744,0.012516406952938897,0.017289044440894,0.02816325889174871,0.05341665630334336
1.0,42,fourier_gate_s1p5_p4_plateau_lo0p8_hi1,2,0.25722402334213257,2048,0.03789785980575234,0.5727849931798473,0.20407568059721284,0.1857049291461235,0.6865328141909572,0.019816986054587017,0.02875226643509123,0.04176214701687625,0.049603203973329214
1.0,42,fourier_gate_s1p5_p4_plateau_lo0p8_hi1,3,0.37534967064857483,2048,0.051455947987801245,0.36522752939576975,0.24764948532253375,0.20777732657423473,0.54713012434815,0.03995755522968008,0.05498098345773268,0.05352841849982188,0.043747881194801434
1.0,42,fourier_gate_s1p5_p4_plateau_lo0p8_hi1,4,0.547722578048706,2048,0.07666481020552814,0.2555493481818787,0.25215659462767687,0.30403650683309696,0.4246388202212738,0.0844658328218795,0.10108979028033221,0.06917869596610239,0.05718959796795631
1.0,42,fourier_gate_s1p5_p4_plateau_lo0p8_hi1,5,0.7992547750473022,2048,0.1185696871830301,0.18561077962082156,0.2212636819883056,0.5358750524150495,0.34293736798808216,0.1694181025652539,0.17206598805591344,0.09674883394827902,0.07765036708350628
1.0,42,fourier_gate_s1p5_p4_plateau_lo0p8_hi1,6,1.166298747062683,2048,0.13945176992063477,0.10251901210036557,0.1588156618214218,0.878073159292309,0.2871335647224142,0.24809283607329835,0.22324783217501176,0.10747779064934421,0.050915433075138114
1.0,42,fourier_gate_s1p5_p4_plateau_lo0p8_hi1,7,1.7019013166427612,2048,0.06875366145437674,0.023737068484889177,0.07364375058167055,0.9335980434365475,0.1884365445071171,0.1799273977577335,0.11757676814865406,0.04260589913967771,0.018974275907104123
1.0,42,fourier_gate_s1p5_p4_plateau_lo0p8_hi1,8,2.4834699630737305,2048,0.01704362235033817,0.002763402074262928,0.017393249142612074,0.9798987072853831,0.1139367901192222,0.058673171291822215,0.02860349601168175,0.008987666418702871,0.003798819948858469
1.0,42,scalar_gate_s1p5_p4_cap_lo1_hi2_d0p5,0,0.12079870700836182,2048,0.02428102012739311,1.663957989992863,0.08468046664949849,0.2867369664824221,0.8907998575498968,0.007235514706970844,0.012421783150819661,0.022478358556318478,0.0616438881433736
1.0,42,scalar_gate_s1p5_p4_cap_lo1_hi2_d0p5,1,0.17627345025539398,2048,0.03442514470833989,1.1079035760341933,0.14117419548840884,0.24384870471010675,0.8099119852108535,0.013222624249679293,0.02240310786659564,0.034431840474720816,0.06755153756436874
1.0,42,scalar_gate_s1p5_p4_cap_lo1_hi2_d0p5,2,0.25722402334213257,2048,0.04337705210098056,0.6555970342169776,0.20407568059721284,0.21255375444070912,0.6924369146234381,0.023382104646422975,0.03861502969864209,0.04582667828930367,0.05369703046844923
1.0,42,scalar_gate_s1p5_p4_cap_lo1_hi2_d0p5,3,0.37534967064857483,2048,0.053703135511171465,0.3811777699285858,0.24764948532253375,0.21685139155944366,0.5495521866117463,0.045277253706484624,0.06202623881322673,0.05470552197023476,0.0398007595758824
1.0,42,scalar_gate_s1p5_p4_cap_lo1_hi2_d0p5,4,0.547722578048706,2048,0.07011198402700469,0.23370659589198822,0.25215659462767687,0.2780493769378862,0.41827602978111794,0.09475990679767882,0.10161360928355777,0.06026652394255591,0.03760976457289796
1.0,42,scalar_gate_s1p5_p4_cap_lo1_hi2_d0p5,5,0.7992547750473022,2048,0.0979782860496588,0.15337668919979933,0.2212636819883056,0.44281232766811335,0.32302669932192296,0.1794302876910799,0.15649107105502,0.07178882855788381,0.04764239565271064
1.0,42,scalar_gate_s1p5_p4_cap_lo1_hi2_d0p5,6,1.166298747062683,2048,0.10761081292290747,0.07911089431458906,0.1588156618214218,0.6775831280664816,0.2554412156249481,0.23782250270724853,0.1741805452068365,0.07342697213586415,0.04606374862234133
1.0,42,scalar_gate_s1p5_p4_cap_lo1_hi2_d0p5,7,1.7019013166427612,2048,0.07065271332103847,0.024392712464595172,0.07364375058167055,0.9593850498242205,0.1902382453841452,0.23394082117514223,0.10917003101076675,0.04069218957349906,0.024646067222168316
1.0,42,scalar_gate_s1p5_p4_cap_lo1_hi2_d0p5,8,2.4834699630737305,2048,0.024581363607714395,0.003985548951125488,0.017393249142612074,1.4132703674951688,0.12152992874209592,0.10276977554183624,0.030457606670581852,0.014092804759045612,0.01032014718307552
1.0,42,fourier_gate_s1p5_p4_cap_lo1_hi2_d0p5,0,0.12079870700836182,2048,0.021883461808622287,1.4996553247810416,0.08468046664949849,0.2584239633350189,0.8883534485307021,0.007635596423612848,0.0100171394834204,0.021000155721399617,0.05423156081904988
1.0,42,fourier_gate_s1p5_p4_cap_lo1_hi2_d0p5,1,0.17627345025539398,2048,0.030194342733331117,0.9717437812877331,0.14117419548840884,0.2138800411000765,0.8056124028910709,0.01382131222871535,0.018539126760908672,0.031332194899151004,0.055712302115993574
1.0,42,fourier_gate_s1p5_p4_cap_lo1_hi2_d0p5,2,0.25722402334213257,2048,0.03982143801221541,0.6018577887286508,0.20407568059721284,0.19513073726218053,0.6884129660612202,0.02569362570128291,0.034616323761373136,0.04271247061361133,0.04600208035895743
1.0,42,fourier_gate_s1p5_p4_cap_lo1_hi2_d0p5,3,0.37534967064857483,2048,0.05178489271799026,0.36756233568761326,0.24764948532253375,0.20910559394277217,0.5477111743479253,0.04768704876945835,0.059761332509139106,0.05249579817766913,0.03719549243523427
1.0,42,fourier_gate_s1p5_p4_cap_lo1_hi2_d0p5,4,0.547722578048706,2048,0.06861815077354165,0.22872715208730807,0.25215659462767687,0.2721251485604021,0.41611772615766784,0.08617954550851667,0.09729643589641715,0.06000050391674961,0.04043375716132461
1.0,42,fourier_gate_s1p5_p4_cap_lo1_hi2_d0p5,5,0.7992547750473022,2048,0.09254106655203989,0.14486518365483894,0.2212636819883056,0.41823884390087546,0.3175740312533002,0.1512367628274111,0.14380956838702807,0.07071853057651212,0.05122903459995969
1.0,42,fourier_gate_s1p5_p4_cap_lo1_hi2_d0p5,6,1.166298747062683,2048,0.09882836459520167,0.07265441171209985,0.1588156618214218,0.622283491827953,0.24633139489925254,0.2248235630446879,0.1631315198021124,0.06757048712685661,0.03259962663583824
1.0,42,fourier_gate_s1p5_p4_cap_lo1_hi2_d0p5,7,1.7019013166427612,2048,0.06065414123076829,0.020940724811321816,0.07364375058167055,0.8236155919775318,0.18003781038064898,0.17549148915735546,0.10219317803497073,0.03599234228622632,0.01617523407679636
1.0,42,fourier_gate_s1p5_p4_cap_lo1_hi2_d0p5,8,2.4834699630737305,2048,0.016794656438412683,0.0027230354841511727,0.017393249142612074,0.965584768015949,0.11366418253668881,0.05741200031927636,0.027831487982167183,0.009016800404020149,0.003991443223407756
1.0,43,scalar_gate_s1p5_p4_linear_sigma,0,0.12079870700836182,2048,0.02361289586552063,1.6181719934400831,0.08468046664949849,0.27884702104036496,0.8904085892782259,0.00867093383482853,0.01265121979236471,0.021779992028368427,0.058325713397423984
1.0,43,scalar_gate_s1p5_p4_linear_sigma,1,0.17627345025539398,2048,0.034398045604804056,1.1070314462590234,0.14117419548840884,0.2436567496333161,0.8094113598294848,0.01467028476722675,0.022124278669198912,0.03475153499196012,0.0658425384930555
1.0,43,scalar_gate_s1p5_p4_linear_sigma,2,0.25722402334213257,2048,0.0439719053262047,0.6645875946945193,0.20407568059721284,0.21546862025658362,0.6926414214333207,0.027365686240408117,0.0400500598132041,0.04594285261219372,0.05272395153880095
1.0,43,scalar_gate_s1p5_p4_linear_sigma,3,0.37534967064857483,2048,0.054623143031999735,0.387707861919842,0.24764948532253375,0.22056634989917157,0.5505265429287596,0.0455128920845425,0.06303955666761293,0.05604938496010504,0.03933385536665471
1.0,43,scalar_gate_s1p5_p4_linear_sigma,4,0.547722578048706,2048,0.07002323505254482,0.23341076599931346,0.25215659462767687,0.27769741717815466,0.4172302023197285,0.08699971332106769,0.10258234350250808,0.06075785953410281,0.037711528506433833
1.0,43,scalar_gate_s1p5_p4_linear_sigma,5,0.7992547750473022,2048,0.09600729289959115,0.15029126674568902,0.2212636819883056,0.4339044349115794,0.321105540040181,0.16392873915718406,0.15273739613164258,0.07180465763526596,0.048851816898065455
1.0,43,scalar_gate_s1p5_p4_linear_sigma,6,1.166298747062683,2048,0.10821658850293425,0.0795562347649413,0.1588156618214218,0.6813974595567092,0.2556609794860757,0.22887294520204832,0.17299571975242992,0.07486364765155654,0.05202237799841674
1.0,43,scalar_gate_s1p5_p4_linear_sigma,7,1.7019013166427612,2048,0.07046040675906054,0.024326318996448132,0.07364375058167055,0.9567737411869089,0.18999779323578986,0.18726491002847034,0.10530047092999299,0.046891865026458125,0.03266783740645102
1.0,43,scalar_gate_s1p5_p4_linear_sigma,8,2.4834699630737305,2048,0.026251405751638278,0.004256324601381209,0.017393249142612074,1.5092870536376337,0.12315540664071958,0.1285141169004181,0.03805916145002361,0.010744642671897684,0.007028327728651144
1.0,43,fourier_gate_s1p5_p4_linear_sigma,0,0.12079870700836182,2048,0.02196993201478511,1.5055810556476223,0.08468046664949849,0.25944509854581943,0.8885061505082735,0.009250898647878758,0.011412815583948037,0.020588996542838814,0.05302113598968504
1.0,43,fourier_gate_s1p5_p4_linear_sigma,1,0.17627345025539398,2048,0.03203111669205454,1.0308566319228436,0.14117419548840884,0.22689073297877912,0.8069340898848608,0.015984824026180497,0.020789949757312475,0.032676296651826656,0.05849267398683137
1.0,43,fourier_gate_s1p5_p4_linear_sigma,2,0.25722402334213257,2048,0.04185307834440055,0.632563825950255,0.20407568059721284,0.2050860652377614,0.6901959352974112,0.0278466196540856,0.03704512290230576,0.04416941535618702,0.04943131413599514
1.0,43,fourier_gate_s1p5_p4_linear_sigma,3,0.37534967064857483,2048,0.05286886976431847,0.3752562617356968,0.24764948532253375,0.21348265551799192,0.5488031516042944,0.04756947079897977,0.06076032769517673,0.053889078945777436,0.03792959818246924
1.0,43,fourier_gate_s1p5_p4_linear_sigma,4,0.547722578048706,2048,0.06849342352280802,0.22831139461605043,0.25215659462767687,0.27163050652687604,0.41602242805962375,0.0864237574293844,0.0982137580394464,0.05982670813810566,0.03843690144289523
1.0,43,fourier_gate_s1p5_p4_linear_sigma,5,0.7992547750473022,2048,0.09221937227945179,0.14436159858049816,0.2212636819883056,0.4167849483962119,0.3176674334635936,0.1525239721328806,0.1436515680970215,0.07096227010930357,0.047586410216871766
1.0,43,fourier_gate_s1p5_p4_linear_sigma,6,1.166298747062683,2048,0.10369675598398925,0.07623344606914302,0.1588156618214218,0.6529378450129795,0.2515952283295956,0.2291936804703382,0.1665822007184659,0.0714075525398916,0.0441613314190947
1.0,43,fourier_gate_s1p5_p4_linear_sigma,7,1.7019013166427612,2048,0.06345188908611006,0.021906641840915474,0.07364375058167055,0.8616058875999564,0.18299193130220823,0.17408024675232697,0.1026706432492983,0.039694895363210705,0.022018103712385884
1.0,43,fourier_gate_s1p5_p4_linear_sigma,8,2.4834699630737305,2048,0.016983866387641686,0.0027537134207671664,0.017393249142612074,0.9764631236168846,0.11398472692739375,0.058453745247677234,0.028474708706894475,0.00896210693463143,0.0038213052758779655
1.0,43,scalar_gate_s1p5_p4_tanh_sigma,0,0.12079870700836182,2048,0.023863808244709607,1.6353668088123006,0.08468046664949849,0.2818100701249612,0.8902760814230521,0.007786025976992854,0.0128850963736135,0.022004127743532245,0.059339079168726494
1.0,43,scalar_gate_s1p5_p4_tanh_sigma,1,0.17627345025539398,2048,0.03479318035070883,1.1197480579599237,0.14117419548840884,0.24645566585548942,0.809801240138708,0.013480775525866032,0.022822530591934675,0.03482494189340951,0.06779457232990631
1.0,43,scalar_gate_s1p5_p4_tanh_sigma,2,0.25722402334213257,2048,0.044548313934950505,0.6732993848251895,0.20407568059721284,0.21829310481573824,0.6930548331881965,0.02520495072455751,0.04188978649736322,0.04629458346719124,0.053423879596859
1.0,43,scalar_gate_s1p5_p4_tanh_sigma,3,0.37534967064857483,2048,0.05562671364189457,0.3948310736914528,0.24764948532253375,0.22461873308336358,0.5511090167910024,0.04561955340595836,0.06561104590188083,0.05645691932084037,0.04029999052364389
1.0,43,scalar_gate_s1p5_p4_tanh_sigma,4,0.547722578048706,2048,0.07207997686969769,0.24026657154220554,0.25215659462767687,0.28585402248205233,0.4191833621242587,0.0916079269446611,0.107098895747787,0.06202488097517073,0.036961177757438915
1.0,43,scalar_gate_s1p5_p4_tanh_sigma,5,0.7992547750473022,2048,0.09667441811073531,0.1513355946298811,0.2212636819883056,0.4369195036528626,0.32169049729947163,0.16687418709345464,0.15752303799696216,0.07139304770835941,0.045006621509352515
1.0,43,scalar_gate_s1p5_p4_tanh_sigma,6,1.166298747062683,2048,0.10802185348959231,0.07941307386278473,0.1588156618214218,0.6801712894730501,0.2555980380685057,0.23309529999893863,0.17450530132137138,0.07362910166684532,0.05027198283605933
1.0,43,scalar_gate_s1p5_p4_tanh_sigma,7,1.7019013166427612,2048,0.06963176772415965,0.024040232974196832,0.07364375058167055,0.9455217472518372,0.18946344340661636,0.18814000032603465,0.10464646497248363,0.04580448217999192,0.0315596998929535
1.0,43,scalar_gate_s1p5_p4_tanh_sigma,8,2.4834699630737305,2048,0.025325324377152833,0.00410617253050183,0.017393249142612074,1.4560433286215515,0.12234595628037284,0.11900013828770699,0.03213723109603963,0.012608790712739789,0.009213942992162164
1.0,43,fourier_gate_s1p5_p4_tanh_sigma,0,0.12079870700836182,2048,0.022599195709693737,1.5487039700664595,0.08468046664949849,0.26687613571184277,0.88906352253463,0.00976056448812229,0.011840290803678887,0.020837797433064745,0.05551288193296936
1.0,43,fourier_gate_s1p5_p4_tanh_sigma,1,0.17627345025539398,2048,0.03266230168340542,1.051170042802634,0.14117419548840884,0.231361698718426,0.8076953515810906,0.016527440089542468,0.021397755393542325,0.032619632331231385,0.06181316908129889
1.0,43,fourier_gate_s1p5_p4_tanh_sigma,2,0.25722402334213257,2048,0.041826275047450207,0.632158723225732,0.20407568059721284,0.20495472525216435,0.6900261291732422,0.02951305482257739,0.039496444460701136,0.04294109021562552,0.048597350024604476
1.0,43,fourier_gate_s1p5_p4_tanh_sigma,3,0.37534967064857483,2048,0.05302346708420564,0.37635357311371254,0.24764948532253375,0.21410691411350577,0.5489586985046573,0.04986130133267057,0.0635499825262682,0.05280643783911297,0.03688630886396401
1.0,43,fourier_gate_s1p5_p4_tanh_sigma,4,0.547722578048706,2048,0.06930265362814393,0.23100882809815712,0.25215659462767687,0.2748397428608723,0.41654932820839313,0.09024524671253274,0.10176579656311045,0.05981322364363736,0.035804583305012176
1.0,43,fourier_gate_s1p5_p4_tanh_sigma,5,0.7992547750473022,2048,0.09137359662584482,0.1430376085946937,0.2212636819883056,0.41296246995778624,0.3163724189829675,0.15536615401577522,0.14837408680289726,0.06847636773463855,0.040988613572347295
1.0,43,fourier_gate_s1p5_p4_tanh_sigma,6,1.166298747062683,2048,0.1014444154705212,0.07457762108760431,0.1588156618214218,0.6387557392455983,0.2494291793212575,0.23052735999587365,0.1653296588098957,0.06834557852281475,0.041197953266661674
1.0,43,fourier_gate_s1p5_p4_tanh_sigma,7,1.7019013166427612,2048,0.061885797394054504,0.021365951716759587,0.07364375058167055,0.8403401090418862,0.18166228106816693,0.17546529974330197,0.10065055194126366,0.0377973495294606,0.02087175771567777
1.0,43,fourier_gate_s1p5_p4_tanh_sigma,8,2.4834699630737305,2048,0.016476132771109354,0.0026713910071242343,0.017393249142612074,0.9472717050171001,0.11348080064688608,0.05667773732749447,0.027308327069910935,0.008773745462008268,0.0039825813207411236
1.0,43,score,0,0.12079870700836182,2048,0.03569191918760309,2.445937353488287,0.08468046664949849,0.42148940127285506,0.9020266320033691,0.009389040283520165,0.01701962159961197,0.035345155265105385,0.0848098224424025
1.0,43,score,1,0.17627345025539398,2048,0.05027842701792413,1.61810936635039,0.14117419548840884,0.3561445974172543,0.8248399505327071,0.013378520509859285,0.028231111785451544,0.05476671620534161,0.09301784300544541
1.0,43,score,2,0.25722402334213257,2048,0.0650878233392446,0.9837317631799768,0.20407568059721284,0.3189396362602822,0.7137173808720865,0.025112545628247874,0.05095288550073472,0.07392826548895799,0.0790278634371209
1.0,43,score,3,0.37534967064857483,2048,0.07813896468271692,0.5546200611711144,0.24764948532253375,0.3155224190389505,0.573187165340756,0.05047205284795453,0.08489368030271058,0.08466015192753258,0.056865491674959294
1.0,43,score,4,0.547722578048706,2048,0.09268033161838937,0.3089344155534338,0.25215659462767687,0.3675506950561297,0.4402514615016315,0.09542959189048586,0.12822781267286218,0.08789120092472423,0.04604971443534144
1.0,43,score,5,0.7992547750473022,2048,0.10249578641339899,0.16044845251782863,0.2212636819883056,0.46322914584245317,0.3276550514314823,0.15726898534147946,0.16495864845064104,0.07981628188700439,0.04669927159797024
1.0,43,score,6,1.166298747062683,2048,0.10017711536251175,0.07364595593067043,0.1588156618214218,0.6307760469817808,0.24844413413019967,0.21363483788463836,0.157313144088709,0.06998376689636115,0.049633645986881886
1.0,43,score,7,1.7019013166427612,2048,0.08283102657869817,0.02859725153513365,0.07364375058167055,1.1247529617172196,0.2027954480138783,0.16398110064870125,0.10023085266929532,0.06735341386889028,0.06528560928246475
1.0,43,score,8,2.4834699630737305,2048,0.10439223884013758,0.01692584612695689,0.017393249142612074,6.001882568587195,0.20102950158333954,0.12865652664829968,0.09747487896516377,0.10420671672642719,0.10391046893179584
1.0,43,scalar_gaussian,0,0.12079870700836182,2048,0.028117176086611583,1.9268465476280086,0.08468046664949849,0.3320385113486866,0.8949917458341728,0.009722279884932886,0.015279094155932395,0.02985339764467748,0.05460076041161383
1.0,43,scalar_gaussian,1,0.17627345025539398,2048,0.041551839273358274,1.337261809987368,0.14117419548840884,0.29433027140409596,0.8169889471590882,0.013753888639073186,0.027271567605342648,0.046225319592590734,0.06472692471844407
1.0,43,scalar_gaussian,2,0.25722402334213257,2048,0.05894311179306142,0.8908611214310084,0.20407568059721284,0.28882967152464534,0.7078187201238719,0.021162736361792892,0.04938745981011825,0.06786228333959252,0.06322538693765878
1.0,43,scalar_gaussian,3,0.37534967064857483,2048,0.08312780022580168,0.5900301575975686,0.24764948532253375,0.3356671632793329,0.57864354089867,0.037566295623084105,0.09309941208198799,0.09170087629601609,0.05832526099550371
1.0,43,scalar_gaussian,4,0.547722578048706,2048,0.10838716396547271,0.36129051944958307,0.25215659462767687,0.42984068739313497,0.45489284137749403,0.07337661469009632,0.1505504169668847,0.10701011457913222,0.05808276146434684
1.0,43,scalar_gaussian,5,0.7992547750473022,2048,0.1302153809940656,0.20384112465120843,0.2212636819883056,0.5885077018692468,0.356734751305706,0.1348232478858044,0.20598880427082727,0.11245352412217562,0.060047495078218716
1.0,43,scalar_gaussian,6,1.166298747062683,2048,0.12168884503294251,0.0894604649586864,0.1588156618214218,0.766226980622188,0.27016281534215747,0.20442414615064494,0.19912510600875927,0.09174425313890128,0.05118433872136726
1.0,43,scalar_gaussian,7,1.7019013166427612,2048,0.07062988996612155,0.024384832745504466,0.07364375058167055,0.959075134118724,0.19075296310523662,0.17245998588683792,0.11067809781159803,0.04744710164152106,0.030440223066700522
1.0,43,scalar_gaussian,8,2.4834699630737305,2048,0.024168798367142846,0.003918656854003799,0.017393249142612074,1.3895505186510102,0.12091271134151843,0.07346757612943082,0.031157690458482656,0.016451781059059915,0.013509067945136474
1.0,43,fourier_gaussian,0,0.12079870700836182,2048,0.06793265207577576,4.655367797968559,0.08468046664949849,0.802223402440096,0.9341820533789248,0.006417474350055763,0.022248900673608622,0.07858021105992082,0.1430991971427027
1.0,43,fourier_gaussian,1,0.17627345025539398,2048,0.10965793803359411,3.5291186926665965,0.14117419548840884,0.7767562453904517,0.884867287355307,0.012545568720261312,0.043576436139814115,0.1312792592225071,0.1994069331940499
1.0,43,fourier_gaussian,2,0.25722402334213257,2048,0.15670822301041093,2.368474602743133,0.20407568059721284,0.7678926883978314,0.8049637685842069,0.025151266507196644,0.08207270876046333,0.19137891111800645,0.23150262466118704
1.0,43,fourier_gaussian,3,0.37534967064857483,2048,0.18736115200057782,1.3298647352904471,0.24764948532253375,0.756557808939366,0.6824324661522623,0.050643225868873876,0.13672678240135666,0.22781391355435893,0.20051066882474455
1.0,43,fourier_gaussian,4,0.547722578048706,2048,0.19473355819098387,0.6491118119438779,0.25215659462767687,0.7722723194232486,0.5425456470703107,0.09881618419762986,0.2007483855408062,0.21835204586539245,0.14810256390650864
1.0,43,fourier_gaussian,5,0.7992547750473022,2048,0.17155075008472637,0.2685481359043344,0.2212636819883056,0.7753226762889777,0.39696616905481197,0.16132322929106938,0.2334030044527123,0.1658511355846536,0.08880501976061353
1.0,43,fourier_gaussian,6,1.166298747062683,2048,0.12802135921686264,0.09411586014382116,0.1588156618214218,0.8061003414185598,0.2754096635580118,0.21847644154216378,0.2035180770763449,0.10045778012993016,0.04768122494769419
1.0,43,fourier_gaussian,7,1.7019013166427612,2048,0.06026693157807376,0.020807041428508533,0.07364375058167055,0.8183577167384765,0.17950783700608194,0.15604364932645054,0.10185850377955223,0.03800551320328864,0.01721576277553542
1.0,43,fourier_gaussian,8,2.4834699630737305,2048,0.014995830135329034,0.002431379154586851,0.017393249142612074,0.8621638207084866,0.11180581730646115,0.05086985810225851,0.024926834184241756,0.008046084745776234,0.0036652899828339683
1.0,43,scalar_normalized,0,0.12079870700836182,2048,0.03792175676532304,2.598746256671376,0.08468046664949849,0.44782177361262365,0.9047838632171348,0.014293345096526652,0.019229651013384627,0.03993186384655963,0.07668532450009558
1.0,43,scalar_normalized,1,0.17627345025539398,2048,0.05414819168596349,1.742649906425242,0.14117419548840884,0.3835558722231879,0.8303970404855211,0.016550807371872034,0.03316330967708431,0.06008462652410424,0.08991555270993451
1.0,43,scalar_normalized,2,0.25722402334213257,2048,0.07387178072977293,1.1164917395959053,0.20407568059721284,0.3619822828158283,0.7231516604164879,0.025007305843759358,0.05920563579834873,0.08476147197499527,0.08595302417369483
1.0,43,scalar_normalized,3,0.37534967064857483,2048,0.09474458236768638,0.6724845444493138,0.24764948532253375,0.38257532513864473,0.5910667158969329,0.03823389442931781,0.10044055507731381,0.10607870922644883,0.07319542271656203
1.0,43,scalar_normalized,4,0.547722578048706,2048,0.11413286950873272,0.38044286982374764,0.25215659462767687,0.45262694666881986,0.4617752591603655,0.06871146363443306,0.15430823381336978,0.11555264191747754,0.0625805293531751
1.0,43,scalar_normalized,5,0.7992547750473022,2048,0.12612099523268377,0.197431711323961,0.2212636819883056,0.5700031478249993,0.35141015808865095,0.11847121946563614,0.1993468107720045,0.11093300872571264,0.0575684809485868
1.0,43,scalar_normalized,6,1.166298747062683,2048,0.11218627000071216,0.08247457582104195,0.1588156618214218,0.7063929886641693,0.2603637050650686,0.17777596235071816,0.18688473167271152,0.0850933478608678,0.04530132602878875
1.0,43,scalar_normalized,7,1.7019013166427612,2048,0.061142387602139775,0.021109290925614276,0.07364375058167055,0.8302454331726786,0.18109526316763053,0.14082111081860543,0.09976830263232361,0.040742871200537205,0.025272976612052894
1.0,43,scalar_normalized,8,2.4834699630737305,2048,0.018364190460051624,0.0029775150473490292,0.017393249142612074,1.05582288331976,0.11518015202141038,0.05203342452649397,0.025325183017050522,0.012385757174725218,0.00986915495526316
1.0,43,fourier_normalized,0,0.12079870700836182,2048,0.050346307063995364,3.450190291274367,0.08468046664949849,0.5945445160615861,0.9157335115247451,0.0057902338683029604,0.01921485791418198,0.058107287007221946,0.10112522198685898
1.0,43,fourier_normalized,1,0.17627345025539398,2048,0.07873740806130716,2.534004045527001,0.14117419548840884,0.5577322951188479,0.8538235698406669,0.010654160180148364,0.037122893367647736,0.09483909296873647,0.1297142066892793
1.0,43,fourier_normalized,2,0.25722402334213257,2048,0.10852818495653341,1.6402856519806355,0.20407568059721284,0.5318036163786565,0.7571135041662249,0.019671712203173923,0.0682380978419738,0.13356688753934473,0.13492905937699629
1.0,43,fourier_normalized,3,0.37534967064857483,2048,0.12869601712619586,0.9134673485992202,0.24764948532253375,0.5196700366995907,0.6243586144383766,0.036945433776142914,0.11336765759605201,0.15348717937013764,0.11326347856381215
1.0,43,fourier_normalized,4,0.547722578048706,2048,0.13501638059808235,0.4500545682330331,0.25215659462767687,0.5354465577132397,0.4831774588294025,0.0693119944903358,0.16140274364714813,0.1463537800689068,0.08177955168093225
1.0,43,fourier_normalized,5,0.7992547750473022,2048,0.12510306273553046,0.19583822441439075,0.2212636819883056,0.5654026074742013,0.34965090657839026,0.11739611315883355,0.19116855735377475,0.11412840030472593,0.05339476902874504
1.0,43,fourier_normalized,6,1.166298747062683,2048,0.09388325436427576,0.06901897692421254,0.1588156618214218,0.5911460701517056,0.2414520256226731,0.1620504025347759,0.16159553012466904,0.0690582676540546,0.029418520489689886
1.0,43,fourier_normalized,7,1.7019013166427612,2048,0.04533127508518614,0.015650534945232587,0.07364375058167055,0.6155481589020101,0.165189331349846,0.11899525872165244,0.08107667992322165,0.026866482804334575,0.010615335302747629
1.0,43,fourier_normalized,8,2.4834699630737305,2048,0.011627767299088806,0.0018852914957195764,0.017393249142612074,0.6685218617723185,0.10852756916502622,0.04018540554734263,0.020086933028812308,0.005876725498625011,0.002450053776747017
1.0,43,scalar_gate_s1p5_p4,0,0.12079870700836182,2048,0.025036134919741073,1.7157053748019415,0.08468046664949849,0.2956541916965138,0.8914686238112451,0.01071249808718544,0.013929576414107043,0.022849192083153357,0.06100048788606386
1.0,43,scalar_gate_s1p5_p4,1,0.17627345025539398,2048,0.03649687839028506,1.1745781295985673,0.14117419548840884,0.25852372144937524,0.8113100730048719,0.014232808344763861,0.02380201548410347,0.03634045112070505,0.07202539882275524
1.0,43,scalar_gate_s1p5_p4,2,0.25722402334213257,2048,0.04583303964774421,0.6927166187379293,0.20407568059721284,0.22458844441247044,0.6939720192013774,0.025737827446583407,0.04273684868399442,0.04752356432586448,0.05611495935548995
1.0,43,scalar_gate_s1p5_p4,3,0.37534967064857483,2048,0.05565610971392336,0.39503972313201036,0.24764948532253375,0.22473743339881347,0.551279351412202,0.04542962493049504,0.06587853150675169,0.05642709655024707,0.04025167891357694
1.0,43,scalar_gate_s1p5_p4,4,0.547722578048706,2048,0.0712290489536559,0.23743014536817236,0.25215659462767687,0.2824794214041061,0.4187856300717823,0.09324372789849285,0.10487622461914914,0.0615119285851563,0.03589059197109022
1.0,43,scalar_gate_s1p5_p4,5,0.7992547750473022,2048,0.09610061366244094,0.1504373524777077,0.2212636819883056,0.4343261975886315,0.32097253219666755,0.17096945227559315,0.15557349939745582,0.070586828273261,0.045162651263120766
1.0,43,scalar_gate_s1p5_p4,6,1.166298747062683,2048,0.10711631770160521,0.07874736245260473,0.1588156618214218,0.6744694853965395,0.2544657722155972,0.2346582607677709,0.17302830193667154,0.072682331742175,0.04916676876035369
1.0,43,scalar_gate_s1p5_p4,7,1.7019013166427612,2048,0.0692594981965969,0.02391170764065575,0.07364375058167055,0.9404667422497508,0.189076966824906,0.19528904195838376,0.10351871998703355,0.04490244729396836,0.030353327444757987
1.0,43,scalar_gate_s1p5_p4,8,2.4834699630737305,2048,0.025106057261150533,0.004070621214547779,0.017393249142612074,1.4434368791764556,0.12213044059413503,0.10479929826668474,0.03030854877829557,0.014602461737074053,0.011263410429662606
1.0,43,fourier_gate_s1p5_p4,0,0.12079870700836182,2048,0.02417611241390326,1.6567687521784111,0.08468046664949849,0.2854981009253382,0.890837107350654,0.010269497061142352,0.012573518518761042,0.022356152469141445,0.05940424765923456
1.0,43,fourier_gate_s1p5_p4,1,0.17627345025539398,2048,0.03506518866216791,1.128502094683073,0.14117419548840884,0.24838242244523326,0.8099637979208607,0.01820161354240147,0.023412676987191697,0.03479269071978326,0.0661788544887823
1.0,43,fourier_gate_s1p5_p4,2,0.25722402334213257,2048,0.044352716331281794,0.6703431394683904,0.20407568059721284,0.21733464860431556,0.6928730658432556,0.031349599182781136,0.041783875686359655,0.04551457917540204,0.05175423848252284
1.0,43,fourier_gate_s1p5_p4,3,0.37534967064857483,2048,0.05472057289108271,0.3883994062041042,0.24764948532253375,0.22095976827820066,0.5505300177728367,0.05128832961353798,0.06549503493223595,0.05459944498308997,0.03793036984675219
1.0,43,fourier_gate_s1p5_p4,4,0.547722578048706,2048,0.06998606879230014,0.2332868784744579,0.25215659462767687,0.2775500236098859,0.4176893683379071,0.0899945710441958,0.10337764400531826,0.060207523931981505,0.03644860330152972
1.0,43,fourier_gate_s1p5_p4,5,0.7992547750473022,2048,0.09213544825929695,0.14423022265145646,0.2212636819883056,0.41640565424635106,0.31718953906118247,0.15669178352302873,0.14972308986573907,0.06864386348193033,0.04263877497137844
1.0,43,fourier_gate_s1p5_p4,6,1.166298747062683,2048,0.10154927741970877,0.07465471113417559,0.1588156618214218,0.6394160138557023,0.2493594858628107,0.23270309572479303,0.1661019841337159,0.0677951410044071,0.04144130399423348
1.0,43,fourier_gate_s1p5_p4,7,1.7019013166427612,2048,0.06154602063182294,0.02124864444753122,0.07364375058167055,0.8357263195546879,0.1810938218453449,0.17577360300164543,0.10055801339882095,0.037343395095422574,0.020163739755882037
1.0,43,fourier_gate_s1p5_p4,8,2.4834699630737305,2048,0.017348030364318794,0.0028127578813774657,0.017393249142612074,0.9974002109713649,0.11436716420348474,0.05765506529259608,0.02823412219690269,0.009609095808862345,0.0048381560224066604
1.0,43,scalar_gate_s1p5_p4_plateau_lo0p8_hi1,0,0.12079870700836182,2048,0.029306903940325674,2.0083776018307615,0.08468046664949849,0.34608812515913595,0.8956001812321965,0.008551306568693642,0.013610745385445586,0.026632568320599542,0.07884511891887348
1.0,43,scalar_gate_s1p5_p4_plateau_lo0p8_hi1,1,0.17627345025539398,2048,0.0401385558641675,1.291778145176137,0.14117419548840884,0.2843193525934638,0.8157857434257827,0.01906000596249736,0.02395299892290641,0.03908779837896784,0.08459271309364715
1.0,43,scalar_gate_s1p5_p4_plateau_lo0p8_hi1,2,0.25722402334213257,2048,0.05146498352511338,0.7778373340480467,0.20407568059721284,0.252185774289738,0.6994537995402462,0.02364928983587093,0.03968629288344279,0.054709156433070165,0.07560227684093684
1.0,43,scalar_gate_s1p5_p4_plateau_lo0p8_hi1,3,0.37534967064857483,2048,0.06444829443992856,0.4574454902210041,0.24764948532253375,0.2602399692290593,0.5615206439255173,0.04452189426697862,0.07032843216745092,0.06737692227734092,0.0540012334124143
1.0,43,scalar_gate_s1p5_p4_plateau_lo0p8_hi1,4,0.547722578048706,2048,0.08822782577928666,0.2940927305364316,0.25215659462767687,0.34989299371511545,0.4370280376166358,0.09054661450816559,0.12476224263971017,0.07953131952757705,0.05484300346228166
1.0,43,scalar_gate_s1p5_p4_plateau_lo0p8_hi1,5,0.7992547750473022,2048,0.12992119484399595,0.20338060120743998,0.2212636819883056,0.5871781291737821,0.3549505417354949,0.17059575371291172,0.21056908249674017,0.10017776617476962,0.07631425906235237
1.0,43,scalar_gate_s1p5_p4_plateau_lo0p8_hi1,6,1.166298747062683,2048,0.12360496289818489,0.09086911334460726,0.1588156618214218,0.778292024102578,0.2709258380058732,0.21569155873664894,0.2165324007400651,0.08760190348750185,0.04325296682049814
1.0,43,scalar_gate_s1p5_p4_plateau_lo0p8_hi1,7,1.7019013166427612,2048,0.06676012399748317,0.023048803538114303,0.07364375058167055,0.9065280281107699,0.18645717551576485,0.16556252820655978,0.11386265913286583,0.04150244416885612,0.023549960771018032
1.0,43,scalar_gate_s1p5_p4_plateau_lo0p8_hi1,8,2.4834699630737305,2048,0.019400845131447755,0.003145595142668296,0.017393249142612074,1.115423862003864,0.11617329416798766,0.05841909728867013,0.028480501435056656,0.012125454189242121,0.009067237397129689
1.0,43,fourier_gate_s1p5_p4_plateau_lo0p8_hi1,0,0.12079870700836182,2048,0.0206534001125157,1.4153602261121176,0.08468046664949849,0.24389804319338876,0.8871246105204005,0.007711536405838863,0.010866382633405775,0.019590937846666406,0.04925621291674005
1.0,43,fourier_gate_s1p5_p4_plateau_lo0p8_hi1,1,0.17627345025539398,2048,0.028821789859021462,0.9275709462676589,0.14117419548840884,0.20415763489431668,0.803699367341046,0.013627911088282105,0.019082767648498842,0.02921474478096835,0.05309215451189532
1.0,43,fourier_gate_s1p5_p4_plateau_lo0p8_hi1,2,0.25722402334213257,2048,0.03814351236651404,0.5764977648524879,0.20407568059721284,0.18690866180080734,0.6857109604534624,0.021645647836633905,0.030755817381915886,0.04128904735307437,0.048559540462060714
1.0,43,fourier_gate_s1p5_p4_plateau_lo0p8_hi1,3,0.37534967064857483,2048,0.051947648111591964,0.36871755199642714,0.24764948532253375,0.20976279455592803,0.547601880473252,0.04158119290541364,0.057110199462587885,0.053207150839064,0.04377079940947063
1.0,43,fourier_gate_s1p5_p4_plateau_lo0p8_hi1,4,0.547722578048706,2048,0.0773725632331032,0.25790852476348997,0.25215659462767687,0.30684330642769053,0.4245534420319438,0.08477256400657043,0.10275324578455866,0.06962161719080398,0.057421589982831055
1.0,43,fourier_gate_s1p5_p4_plateau_lo0p8_hi1,5,0.7992547750473022,2048,0.12044468557685009,0.18854593043325052,0.2212636819883056,0.5443490973960016,0.34562028501855413,0.1697895656981159,0.1799099396252239,0.09764258415070863,0.07345612814446113
1.0,43,fourier_gate_s1p5_p4_plateau_lo0p8_hi1,6,1.166298747062683,2048,0.1398365102651583,0.10280185684344884,0.1588156618214218,0.8804957185041086,0.28769873957272796,0.2465910749845221,0.22407527893472023,0.10786746196646059,0.05154256802581535
1.0,43,fourier_gate_s1p5_p4_plateau_lo0p8_hi1,7,1.7019013166427612,2048,0.06907778332974789,0.023848970934742572,0.07364375058167055,0.9379992570196567,0.18851682964624727,0.17891379239389518,0.1176727447666587,0.043311950657137076,0.019004325836132128
1.0,43,fourier_gate_s1p5_p4_plateau_lo0p8_hi1,8,2.4834699630737305,2048,0.017076810072797214,0.00276878303255913,0.017393249142612074,0.9818067879543213,0.11395617527881365,0.05855904947337696,0.028677342480435897,0.009032973033195939,0.0037957816085000726
1.0,43,scalar_gate_s1p5_p4_cap_lo1_hi2_d0p5,0,0.12079870700836182,2048,0.02424833357785045,1.6617180081061278,0.08468046664949849,0.28635096778832,0.8908781503013422,0.007533818115937482,0.012127956949376526,0.022309821317124206,0.06240478027005487
1.0,43,scalar_gate_s1p5_p4_cap_lo1_hi2_d0p5,1,0.17627345025539398,2048,0.034669327714925355,1.1157621116625789,0.14117419548840884,0.24557836221402013,0.8097773772693413,0.014712971878738023,0.0239476242879261,0.03368156267204127,0.06854855498947915
1.0,43,scalar_gate_s1p5_p4_cap_lo1_hi2_d0p5,2,0.25722402334213257,2048,0.043659611122142415,0.6598676069574606,0.20407568059721284,0.21393833402576776,0.6917201038543754,0.02450048006131721,0.04041216191947343,0.0451937023316505,0.0542813601692041
1.0,43,scalar_gate_s1p5_p4_cap_lo1_hi2_d0p5,3,0.37534967064857483,2048,0.05402293509239808,0.3834476651597628,0.24764948532253375,0.2181427311348525,0.5494390218844202,0.04420114532419951,0.0638018140659066,0.054552831902161474,0.040092978840498325
1.0,43,scalar_gate_s1p5_p4_cap_lo1_hi2_d0p5,4,0.547722578048706,2048,0.07007886952510949,0.2335962142272844,0.25215659462767687,0.2779180517907327,0.4170103250422707,0.09107324164570844,0.10459379549503062,0.05942673572468607,0.03729685542429431
1.0,43,scalar_gate_s1p5_p4_cap_lo1_hi2_d0p5,5,0.7992547750473022,2048,0.09786272458571094,0.1531957875382779,0.2212636819883056,0.44229004826414875,0.32283285603071366,0.17439557687450954,0.1590401550972201,0.07107692207126265,0.04777540634827774
1.0,43,scalar_gate_s1p5_p4_cap_lo1_hi2_d0p5,6,1.166298747062683,2048,0.10673287627505734,0.0784654726187904,0.1588156618214218,0.6720551049623289,0.25460451746972346,0.23265972429274773,0.17596406850783444,0.07166410221177986,0.04617787653489603
1.0,43,scalar_gate_s1p5_p4_cap_lo1_hi2_d0p5,7,1.7019013166427612,2048,0.06958765208520665,0.02402500213527232,0.07364375058167055,0.9449227060758439,0.18925773180293073,0.22138063279777537,0.1082891159131175,0.040850961027151966,0.025016448881255753
1.0,43,scalar_gate_s1p5_p4_cap_lo1_hi2_d0p5,8,2.4834699630737305,2048,0.02404587356690254,0.0038987261936676365,0.017393249142612074,1.3824831329525469,0.12110570334617965,0.09584204522516984,0.030414132140523777,0.014026292605038824,0.010689513259579233
1.0,43,fourier_gate_s1p5_p4_cap_lo1_hi2_d0p5,0,0.12079870700836182,2048,0.022407511125325588,1.5355679859091051,0.08468046664949849,0.26461251351002435,0.8890212020783342,0.008066577929395344,0.010588179295129462,0.02101927526383501,0.05663128829793323
1.0,43,fourier_gate_s1p5_p4_cap_lo1_hi2_d0p5,1,0.17627345025539398,2048,0.03104469570095031,0.9991106696973076,0.14117419548840884,0.21990347169004582,0.8062007106054347,0.01423155697213645,0.019899698488553302,0.03164222307487761,0.057941331070827364
1.0,43,fourier_gate_s1p5_p4_cap_lo1_hi2_d0p5,2,0.25722402334213257,2048,0.04017647996689463,0.6072238622914282,0.20407568059721284,0.19687049358022984,0.68850898238449,0.026204742796104363,0.0363151910635882,0.04223783956731417,0.0470157112882935
1.0,43,fourier_gate_s1p5_p4_cap_lo1_hi2_d0p5,3,0.37534967064857483,2048,0.05178387046436945,0.3675550798662953,0.24764948532253375,0.20910146611824035,0.5479229024595036,0.047716194588806715,0.06034354575941691,0.05210021435515948,0.03763141294994653
1.0,43,fourier_gate_s1p5_p4_cap_lo1_hi2_d0p5,4,0.547722578048706,2048,0.06930070092345893,0.2310023190830287,0.25215659462767687,0.2748319988449449,0.4169185220802206,0.08660375029865237,0.0987832748285416,0.06059590870949417,0.04015920158096034
1.0,43,fourier_gate_s1p5_p4_cap_lo1_hi2_d0p5,5,0.7992547750473022,2048,0.09336605113905652,0.14615662699089957,0.2212636819883056,0.42196735722761397,0.31822317890419627,0.151650796411166,0.14472550410328677,0.07183355400792345,0.05102493210242264
1.0,43,fourier_gate_s1p5_p4_cap_lo1_hi2_d0p5,6,1.166298747062683,2048,0.09940994986739643,0.0730819684766462,0.1588156618214218,0.6259455064272984,0.24700038310047986,0.22618165539353724,0.16545785576976435,0.0672340722070739,0.03311604079877161
1.0,43,fourier_gate_s1p5_p4_cap_lo1_hi2_d0p5,7,1.7019013166427612,2048,0.06043414975850492,0.020864773181506837,0.07364375058167055,0.8206283531347816,0.18001143829948793,0.17408237278379635,0.10191051526734013,0.03592395503304262,0.016154556136049165
1.0,43,fourier_gate_s1p5_p4_cap_lo1_hi2_d0p5,8,2.4834699630737305,2048,0.016726223013667114,0.002711939892850004,0.017393249142612074,0.9616502860692774,0.11384653019725398,0.057135038429035265,0.02765600752530919,0.00900143278526104,0.004028693958410733
1.0,44,scalar_gate_s1p5_p4_linear_sigma,0,0.12079870700836182,2048,0.023084847386811366,1.5819852730864112,0.08468046664949849,0.2726112443659766,0.8904720263653707,0.008676396191504824,0.01334179506929938,0.021051633238121464,0.05609155562149816
1.0,44,scalar_gate_s1p5_p4_linear_sigma,1,0.17627345025539398,2048,0.03357239404474422,1.0804595226346358,0.14117419548840884,0.23780829016660268,0.807798425760918,0.013725861333731704,0.021924090270424697,0.033659629682187504,0.06497678429708907
1.0,44,scalar_gate_s1p5_p4_linear_sigma,2,0.25722402334213257,2048,0.04296693419755105,0.6493985475023492,0.20407568059721284,0.21054411810271267,0.6902234594702472,0.024685174571139765,0.03890176223257325,0.04499608088083458,0.05268477445755786
1.0,44,scalar_gate_s1p5_p4_linear_sigma,3,0.37534967064857483,2048,0.05385405087475523,0.38224894726658043,0.24764948532253375,0.21746078254358892,0.5498060628235732,0.043792614430408626,0.06268559287896963,0.055037323160740094,0.03927307892262383
1.0,44,scalar_gate_s1p5_p4_linear_sigma,4,0.547722578048706,2048,0.06897655261397463,0.22992182479913367,0.25215659462767687,0.2735464948510362,0.4165647610616781,0.08657005842308227,0.1002356613505405,0.060154203793758014,0.036959507175838305
1.0,44,scalar_gate_s1p5_p4_linear_sigma,5,0.7992547750473022,2048,0.0952597839896869,0.14912110500505238,0.2212636819883056,0.43052607248360647,0.3207006539939205,0.1617145754733632,0.15006004512217017,0.07200776099721769,0.0487587446792248
1.0,44,scalar_gate_s1p5_p4_linear_sigma,6,1.166298747062683,2048,0.1072490245139867,0.07884492285870127,0.1588156618214218,0.6753050882008191,0.2549161294294913,0.22792520057179538,0.16997310819171174,0.07484760697669965,0.05110257752899951
1.0,44,scalar_gate_s1p5_p4_linear_sigma,7,1.7019013166427612,2048,0.06981752571841487,0.024104365562018035,0.07364375058167055,0.9480441336429163,0.18940680955565437,0.18634976548856683,0.10473107074002241,0.046071281271375025,0.03271690260762308
1.0,44,scalar_gate_s1p5_p4_linear_sigma,8,2.4834699630737305,2048,0.026324190255817947,0.0042681256637193635,0.017393249142612074,1.5134716946775504,0.12336307873878444,0.12986517015090276,0.038101021200450794,0.010679860024185832,0.006965638398700478
1.0,44,fourier_gate_s1p5_p4_linear_sigma,0,0.12079870700836182,2048,0.02113427372734017,1.4483140925215943,0.08468046664949849,0.24957672723766613,0.8884485440809131,0.009340172733936883,0.011519375560678047,0.019568601775257898,0.050694465061163235
1.0,44,fourier_gate_s1p5_p4_linear_sigma,1,0.17627345025539398,2048,0.030367715339945908,0.9773234275748368,0.14117419548840884,0.2151081168543954,0.8051357217066614,0.016083183466030826,0.02003880504984893,0.030824648919819685,0.05493988003943687
1.0,44,fourier_gate_s1p5_p4_linear_sigma,2,0.25722402334213257,2048,0.04035278067523774,0.6098884560321699,0.20407568059721284,0.19773439224677933,0.6871551096405732,0.02799052434977451,0.035727269682441005,0.04243767789565161,0.04756755312168136
1.0,44,fourier_gate_s1p5_p4_linear_sigma,3,0.37534967064857483,2048,0.0513998558637102,0.3648293949001194,0.24764948532253375,0.20755082852996062,0.54776883599596,0.04674066183761999,0.06037858778573254,0.05195464824902311,0.03593022456120519
1.0,44,fourier_gate_s1p5_p4_linear_sigma,4,0.547722578048706,2048,0.06757183081520933,0.22523941915449722,0.25215659462767687,0.26797566375364035,0.4154530666843145,0.08643406653767607,0.09813498303625859,0.05862998721582313,0.036538616174099245
1.0,44,fourier_gate_s1p5_p4_linear_sigma,5,0.7992547750473022,2048,0.09078609318632165,0.1421179218346917,0.2212636819883056,0.41030725137765695,0.3158033578767132,0.15157951475876308,0.142254095656198,0.06886998672248874,0.04830747900744275
1.0,44,fourier_gate_s1p5_p4_linear_sigma,6,1.166298747062683,2048,0.10223555057013525,0.07515922997572753,0.1588156618214218,0.6437372070085423,0.25008350748583047,0.2291288784348992,0.16414573634205074,0.07007611864479817,0.04316789210202346
1.0,44,fourier_gate_s1p5_p4_linear_sigma,7,1.7019013166427612,2048,0.06328657383436456,0.021849567070361127,0.07364375058167055,0.8593610908529172,0.1827109793374996,0.17396838864270495,0.10299986543917602,0.0393688303785655,0.021551189143084935
1.0,44,fourier_gate_s1p5_p4_linear_sigma,8,2.4834699630737305,2048,0.01697638899975791,0.0027525010594062213,0.017393249142612074,0.9760332218876294,0.11388997958296046,0.05839081019360885,0.028448605691076215,0.008972380125185486,0.003810692189215147
1.0,44,scalar_gate_s1p5_p4_tanh_sigma,0,0.12079870700836182,2048,0.02286438952939998,1.5668774806060395,0.08468046664949849,0.27000783573900383,0.8909158944712345,0.007149980269114693,0.013026516871901359,0.020896364661734817,0.056518928898513336
1.0,44,scalar_gate_s1p5_p4_tanh_sigma,1,0.17627345025539398,2048,0.03330188191785147,1.0717536375821761,0.14117419548840884,0.23589213172166248,0.8076032402538204,0.013190490612333891,0.02272057529474895,0.03307752682127218,0.06413365256017642
1.0,44,scalar_gate_s1p5_p4_tanh_sigma,2,0.25722402334213257,2048,0.04297151089659059,0.6494677193379511,0.20407568059721284,0.21056654458207635,0.689736929710254,0.02422907256945206,0.03998730135125372,0.04477040164391012,0.051893428557948214
1.0,44,scalar_gate_s1p5_p4_tanh_sigma,3,0.37534967064857483,2048,0.05473644134614952,0.38851203840438453,0.24764948532253375,0.221023844547312,0.5509498161296346,0.046144614321262024,0.06569755627006377,0.05490076726891802,0.039402465231447394
1.0,44,scalar_gate_s1p5_p4_tanh_sigma,4,0.547722578048706,2048,0.07129877120861225,0.23766255286725965,0.25215659462767687,0.28275592519754966,0.4189989709991846,0.0942884955858598,0.105169957290001,0.06116592622563772,0.0365908967900207
1.0,44,scalar_gate_s1p5_p4_tanh_sigma,5,0.7992547750473022,2048,0.09559535803765659,0.1496464176894657,0.2212636819883056,0.4320426975571575,0.32087404438952116,0.16649360012056139,0.15459110900699458,0.07078492738232028,0.0450544042996013
1.0,44,scalar_gate_s1p5_p4_tanh_sigma,6,1.166298747062683,2048,0.10683687934917152,0.07854193125692496,0.1588156618214218,0.672709971572595,0.2545028817761994,0.23355538255440353,0.1710310709383147,0.07334337789418614,0.04884570912884412
1.0,44,scalar_gate_s1p5_p4_tanh_sigma,7,1.7019013166427612,2048,0.06883595509066026,0.023765480203465486,0.07364375058167055,0.9347154992373933,0.18842484113996488,0.18736364070745415,0.10411713079198813,0.044854698504890586,0.030861008936321894
1.0,44,scalar_gate_s1p5_p4_tanh_sigma,8,2.4834699630737305,2048,0.025171241664416828,0.004081190019200511,0.017393249142612074,1.4471845632768687,0.12214754508639564,0.1187027129142412,0.03213093514091579,0.01244160500100534,0.008926263295848535
1.0,44,fourier_gate_s1p5_p4_tanh_sigma,0,0.12079870700836182,2048,0.021500591298142194,1.473417529099333,0.08468046664949849,0.25390260763601413,0.8888769951474198,0.010013832496071113,0.012042564920585237,0.01965356902003356,0.051674032798915547
1.0,44,fourier_gate_s1p5_p4_tanh_sigma,1,0.17627345025539398,2048,0.030979969803609165,0.9970275977528372,0.14117419548840884,0.2194449891953008,0.8055470868410863,0.016561383995925476,0.021082127691457862,0.03099909417768499,0.056514211371860384
1.0,44,fourier_gate_s1p5_p4_tanh_sigma,2,0.25722402334213257,2048,0.040272689527190625,0.6086779653099215,0.20407568059721284,0.1973419341752799,0.6876478668421165,0.028748154104648656,0.03753182798661618,0.04187091155342957,0.04551012429049915
1.0,44,fourier_gate_s1p5_p4_tanh_sigma,3,0.37534967064857483,2048,0.052276691281994324,0.3710530570039162,0.24764948532253375,0.21109145942261984,0.5482074235054243,0.04929899818622509,0.06367985946549522,0.05172209782637676,0.035753797063530914
1.0,44,fourier_gate_s1p5_p4_tanh_sigma,4,0.547722578048706,2048,0.06919292610613058,0.23064306971888307,0.25215659462767687,0.27440458659547556,0.4171544102657155,0.08952632822582977,0.1034938249931002,0.059215051827870735,0.03461140751400011
1.0,44,fourier_gate_s1p5_p4_tanh_sigma,5,0.7992547750473022,2048,0.09005725116861946,0.14097698152912028,0.2212636819883056,0.40701325386684667,0.3148997328196843,0.15379941373624878,0.14727651375178635,0.06663977554978992,0.04138782415432919
1.0,44,fourier_gate_s1p5_p4_tanh_sigma,6,1.166298747062683,2048,0.10027600754337823,0.07371865725739186,0.1588156618214218,0.6313987322996664,0.24805084787609577,0.22972619265670097,0.16405882629877422,0.06711088657884694,0.040258017225724335
1.0,44,fourier_gate_s1p5_p4_tanh_sigma,7,1.7019013166427612,2048,0.061728036188809704,0.02131148496613221,0.07364375058167055,0.8381978878215012,0.18129094643234567,0.17432258725523037,0.1013881929193628,0.03742602723727461,0.020476151892280928
1.0,44,fourier_gate_s1p5_p4_tanh_sigma,8,2.4834699630737305,2048,0.016445312792687364,0.002666393947781484,0.017393249142612074,0.9454997544074533,0.11348499991485794,0.057045851633995205,0.02715277025432843,0.008740441303243715,0.003961270242497122
1.0,44,score,0,0.12079870700836182,2048,0.03356768681165222,2.300365486407739,0.08468046664949849,0.39640413119819545,0.9001459116722512,0.008630314007851535,0.016698097113036648,0.033150520911168935,0.07898812456868372
1.0,44,score,1,0.17627345025539398,2048,0.047487340403372866,1.5282838952454456,0.14117419548840884,0.33637408195658414,0.8227836621057828,0.013464692973667203,0.02766098413405104,0.05182726988242103,0.0852403776444885
1.0,44,score,2,0.25722402334213257,2048,0.06096870495139256,0.9214757621871531,0.20407568059721284,0.2987553674841217,0.7089138769653649,0.025261973997427085,0.04884459226930147,0.06926605963629172,0.07101419366213856
1.0,44,score,3,0.37534967064857483,2048,0.0749904959331488,0.5322726454154633,0.24764948532253375,0.3028090118397891,0.5707444847105811,0.0508718262797234,0.083566800651742,0.08055681348651904,0.05211468215037636
1.0,44,score,4,0.547722578048706,2048,0.09102706278338857,0.303423519850161,0.25215659462767687,0.3609941787078583,0.43794105760056706,0.09692160683158149,0.127133491700178,0.08563408672058068,0.04393657425293013
1.0,44,score,5,0.7992547750473022,2048,0.1009780432677603,0.1580725544681754,0.2212636819883056,0.4563697140007698,0.32650975356345946,0.1606933735941301,0.16165464887525555,0.07800310883448298,0.04672753542105548
1.0,44,score,6,1.166298747062683,2048,0.10044171751644922,0.07384048018401433,0.1588156618214218,0.6324421430764782,0.24890655161284775,0.21672968430237508,0.15650315629644657,0.07031361354989621,0.049989793122362056
1.0,44,score,7,1.7019013166427612,2048,0.08186558974140372,0.028263936336496553,0.07364375058167055,1.111643406192562,0.2021090260456348,0.16272887382968432,0.09913779635017346,0.06691023653832412,0.06273339893284688
1.0,44,score,8,2.4834699630737305,2048,0.1013977120942782,0.01644032249525195,0.017393249142612074,5.829716533287727,0.1985801603048504,0.1268200950475299,0.09099357341879508,0.10267277286895438,0.10095351628344283
1.0,44,scalar_gaussian,0,0.12079870700836182,2048,0.02946367172789028,2.0191207671229536,0.08468046664949849,0.3479394114565236,0.8980931408176207,0.010648805637728404,0.015679037398692235,0.031008421174607153,0.05858667156451301
1.0,44,scalar_gaussian,1,0.17627345025539398,2048,0.043702400473470286,1.4064732676085547,0.14117419548840884,0.3095636587286838,0.8182453304260913,0.0140015819962124,0.027789170379384075,0.04890414575400126,0.06884200429053872
1.0,44,scalar_gaussian,2,0.25722402334213257,2048,0.06271104825305462,0.9478093889743834,0.20407568059721284,0.30729309866582455,0.7113563583763903,0.02148849138951261,0.05092553358099328,0.07222356425554433,0.07062832325150371
1.0,44,scalar_gaussian,3,0.37534967064857483,2048,0.08554237101017986,0.6071684624314182,0.24764948532253375,0.3454171160451684,0.5810489769329892,0.03623967675102062,0.09337763419553635,0.09504163581982876,0.06311728843262772
1.0,44,scalar_gaussian,4,0.547722578048706,2048,0.11166202405045661,0.37220671891399054,0.25215659462767687,0.44282809345253,0.4589805169130767,0.07418190655181431,0.15242371741021904,0.11129208660908937,0.06141662035528983
1.0,44,scalar_gaussian,5,0.7992547750473022,2048,0.132042807898404,0.2067018063353114,0.2212636819883056,0.5967667477637963,0.3575802127350118,0.1339299632035929,0.20845161857204061,0.11461024921716557,0.06101283543817907
1.0,44,scalar_gaussian,6,1.166298747062683,2048,0.12264719342228686,0.09016500194792271,0.1588156618214218,0.7722613249579623,0.27094246481017464,0.20550528240027663,0.2011440706565732,0.09253407587223603,0.050825584095975596
1.0,44,scalar_gaussian,7,1.7019013166427612,2048,0.07093758287070437,0.02449106312500569,0.07364375058167055,0.963253260601318,0.1905263987910949,0.1719170931651579,0.11264281038160935,0.04740546538354376,0.02959433875033929
1.0,44,scalar_gaussian,8,2.4834699630737305,2048,0.02427138132395685,0.003935289348541453,0.017393249142612074,1.395448379135437,0.12095141105677557,0.07549025286400204,0.03167315650854742,0.016141908711100838,0.013369082233226791
1.0,44,fourier_gaussian,0,0.12079870700836182,2048,0.07102447698179552,4.8672479714142565,0.08468046664949849,0.8387350683336858,0.9378755387676514,0.006823093925079791,0.023864848696526202,0.08166584500811691,0.1503305275321245
1.0,44,fourier_gaussian,1,0.17627345025539398,2048,0.11607861780169904,3.735755269968493,0.14117419548840884,0.8222367933467679,0.8916144379755471,0.01321634030852201,0.04756780368057608,0.13856525192535968,0.21007182371274252
1.0,44,fourier_gaussian,2,0.25722402334213257,2048,0.16539971895423153,2.499837124806933,0.20407568059721284,0.8104822606505641,0.8138107827978036,0.026886320150391073,0.08800677894984682,0.2019762145002805,0.2417611840124198
1.0,44,fourier_gaussian,3,0.37534967064857483,2048,0.19905286764726265,1.4128509902720656,0.24764948532253375,0.8037685496823067,0.6946256777094222,0.05370256970582045,0.1488696310793136,0.24119594186906182,0.20981050667539874
1.0,44,fourier_gaussian,4,0.547722578048706,2048,0.20706512395500898,0.6902170280738117,0.25215659462767687,0.8211767146552406,0.5548407912156781,0.1028161073353249,0.2158889488800337,0.2316444562417,0.15643918912729038
1.0,44,fourier_gaussian,5,0.7992547750473022,2048,0.18263031580555222,0.28589225546946506,0.2212636819883056,0.8253967129373032,0.40841192026901674,0.1672587214664546,0.25194226973484707,0.17599252585298086,0.09302493438490757
1.0,44,fourier_gaussian,6,1.166298747062683,2048,0.1339973737190395,0.09850917192042541,0.1588156618214218,0.8437289633922321,0.28149629292996853,0.22410101777329347,0.21531702481060608,0.10500442335265445,0.0489004486880124
1.0,44,fourier_gaussian,7,1.7019013166427612,2048,0.06308000637877328,0.021778250056308384,0.07364375058167055,0.8565561351851284,0.18285784560773544,0.15911704997297954,0.1081829882168732,0.03975369708703503,0.01766462732749227
1.0,44,fourier_gaussian,8,2.4834699630737305,2048,0.015225974237607864,0.0024686940326417543,0.017393249142612074,0.8753956269335234,0.11222542289292742,0.05134898619354986,0.02563893926052413,0.008106685432078094,0.0035407874866791897
1.0,44,scalar_normalized,0,0.12079870700836182,2048,0.03908374733117972,2.6783764977489417,0.08468046664949849,0.4615438350493689,0.9068012064828639,0.011758607494502627,0.019870773815486836,0.041578956511461825,0.07899443214283307
1.0,44,scalar_normalized,1,0.17627345025539398,2048,0.057000474940209225,1.8344448674635825,0.14117419548840884,0.40375987086740134,0.8334927025948173,0.016414477746062292,0.03421415566320678,0.06436198458920436,0.0922471156443136
1.0,44,scalar_normalized,2,0.25722402334213257,2048,0.07760912515205949,1.1729776417128692,0.20407568059721284,0.38029580460024415,0.724810381011974,0.024229391610468394,0.06015063731852825,0.09038652438878769,0.09003166948491473
1.0,44,scalar_normalized,3,0.37534967064857483,2048,0.10056684002797642,0.7138101610967312,0.24764948532253375,0.40608539887333167,0.5961913018321877,0.037218698645279054,0.10344755282959475,0.11437179932774695,0.07848691623857593
1.0,44,scalar_normalized,4,0.547722578048706,2048,0.11900423505233494,0.3966807537510132,0.25215659462767687,0.47194575746889056,0.46561765196195565,0.06654555834646318,0.15734443055522962,0.12301267309385319,0.06484460861582646
1.0,44,scalar_normalized,5,0.7992547750473022,2048,0.12921432098279395,0.20227405018594027,0.2212636819883056,0.5839834166260656,0.35486186847335754,0.11583893135899977,0.2025466053626222,0.1156889301061731,0.05737250852133031
1.0,44,scalar_normalized,6,1.166298747062683,2048,0.11207689616260208,0.08239416882556924,0.1588156618214218,0.7057043044572361,0.2600794732040417,0.1751392192251395,0.1861257176565713,0.08554431499016732,0.04563411845666744
1.0,44,scalar_normalized,7,1.7019013166427612,2048,0.06116087128924096,0.021115672382794784,0.07364375058167055,0.8304964210291526,0.18093359008225557,0.13868568762813166,0.10028662308989522,0.041086586604294234,0.02437082337627067
1.0,44,scalar_normalized,8,2.4834699630737305,2048,0.018148025918853627,0.0029424667736164924,0.017393249142612074,1.043394811978655,0.11521568372982033,0.05208040239724202,0.02501658060296342,0.012192223298057248,0.009585640559895659
1.0,44,fourier_normalized,0,0.12079870700836182,2048,0.0508753158805411,3.4864428227763233,0.08468046664949849,0.6007916334603998,0.9184987360817883,0.006036351955010124,0.01926291384493123,0.05907368032947774,0.10101407820649307
1.0,44,fourier_normalized,1,0.17627345025539398,2048,0.08021677503751001,2.5816144761319584,0.14117419548840884,0.5682113134060413,0.8562563933967585,0.011178679751358585,0.03671358284260044,0.09719412790065214,0.13177361439334095
1.0,44,fourier_normalized,2,0.25722402334213257,2048,0.11147332681831698,1.6847982727423847,0.20407568059721284,0.5462352324005403,0.7591569118080305,0.02102435688555338,0.06772510616061116,0.13831265499957787,0.1381043514876772
1.0,44,fourier_normalized,3,0.37534967064857483,2048,0.13142945598973063,0.932868936985462,0.24764948532253375,0.5307075676679058,0.6270880309861806,0.0388590435104635,0.11248374440690452,0.15867056158793402,0.11362788458780138
1.0,44,fourier_normalized,4,0.547722578048706,2048,0.1378123567035166,0.4593744878853524,0.25215659462767687,0.5465348106679667,0.48557600675340284,0.07224786786450815,0.1592747167870145,0.15184537328737785,0.08306814770438258
1.0,44,fourier_normalized,5,0.7992547750473022,2048,0.12764911872198412,0.19982385892040436,0.2212636819883056,0.5769094935730606,0.35333380262075054,0.12416972514132855,0.1867015557976347,0.11984624227530383,0.05407753804198382
1.0,44,fourier_normalized,6,1.166298747062683,2048,0.09666998353971694,0.0710676617291461,0.1588156618214218,0.6086930119550568,0.24456778203857255,0.1696735329578633,0.16214588149043563,0.0727621778066296,0.030029236942243562
1.0,44,fourier_normalized,7,1.7019013166427612,2048,0.04684948472521723,0.016174693883644193,0.07364375058167055,0.6361637525951559,0.16662600490842355,0.12413432146166377,0.08242872165952321,0.02822638586675541,0.011015416564836608
1.0,44,fourier_normalized,8,2.4834699630737305,2048,0.011664804301195765,0.001891296564732668,0.017393249142612074,0.6706512512729967,0.10861394077150982,0.040945030047764334,0.019800541355542076,0.005977742799820144,0.0024189342394610363
1.0,44,scalar_gate_s1p5_p4,0,0.12079870700836182,2048,0.023983059977401095,1.6435390302589865,0.08468046664949849,0.2832183256224785,0.891788115468819,0.009771738623574675,0.013933679885831055,0.02179193055828143,0.058021403142325734
1.0,44,scalar_gate_s1p5_p4,1,0.17627345025539398,2048,0.03458183699392835,1.112946399964527,0.14117419548840884,0.2449586262864002,0.808646295754552,0.014552629407322316,0.023196236566216364,0.034315741256627175,0.06695549253222409
1.0,44,scalar_gate_s1p5_p4,2,0.25722402334213257,2048,0.04424399229386933,0.6686998937192378,0.20407568059721284,0.21680188528291297,0.6916146173072646,0.024974538454064443,0.03998041552209582,0.04640048006360265,0.05438220489125462
1.0,44,scalar_gate_s1p5_p4,3,0.37534967064857483,2048,0.05478831698781289,0.3888802448641125,0.24764948532253375,0.22123331658233683,0.5507517902608019,0.045633039154412414,0.06563522577645889,0.055154220689129715,0.03920888617713452
1.0,44,scalar_gate_s1p5_p4,4,0.547722578048706,2048,0.07069149316386454,0.23563829286994928,0.25215659462767687,0.28034758824469547,0.41843916674995985,0.09435190416688036,0.10364599775282704,0.0608484243128153,0.03614596121910851
1.0,44,scalar_gate_s1p5_p4,5,0.7992547750473022,2048,0.09462733103660101,0.1481310535974396,0.2212636819883056,0.4276677048228924,0.31985652510019,0.16952258325846886,0.15235194661518425,0.06960497206591283,0.04492623044068165
1.0,44,scalar_gate_s1p5_p4,6,1.166298747062683,2048,0.10575185936255264,0.07774427069513629,0.1588156618214218,0.665878025817529,0.25398564212405744,0.23595582824175482,0.16949418065215247,0.07208353051307359,0.04728810334618373
1.0,44,scalar_gate_s1p5_p4,7,1.7019013166427612,2048,0.06815112045532842,0.023529042371707495,0.07364375058167055,0.9254162086672809,0.18788188769632855,0.19478176613747805,0.10269010825204723,0.043490795013570636,0.02955934621771897
1.0,44,scalar_gate_s1p5_p4,8,2.4834699630737305,2048,0.025047988659723297,0.004061206144773577,0.017393249142612074,1.4400983079324565,0.12206209313464528,0.10484165484905732,0.030229510541622224,0.014585195875980965,0.011032685725299564
1.0,44,fourier_gate_s1p5_p4,0,0.12079870700836182,2048,0.023336129847736174,1.5992054498502857,0.08468046664949849,0.275578663782368,0.8905510625659879,0.010448052142122818,0.012439219163560576,0.021346780332430135,0.057383779069434135
1.0,44,fourier_gate_s1p5_p4,1,0.17627345025539398,2048,0.03344439323651244,1.0763400758065471,0.14117419548840884,0.23690160316343647,0.8078670671997439,0.01752684133219638,0.022447683648351646,0.03329083135345662,0.06241730623162917
1.0,44,fourier_gate_s1p5_p4,2,0.25722402334213257,2048,0.04294959867525677,0.6491365399095723,0.20407568059721284,0.21045917156599872,0.6902759155579947,0.02936280130665338,0.039377297634053565,0.044874178304022565,0.04957794268906036
1.0,44,fourier_gate_s1p5_p4,3,0.37534967064857483,2048,0.054140819567157966,0.38428439360718886,0.24764948532253375,0.21861874453987273,0.5503944995519854,0.05057205477899803,0.06568289436121733,0.053828009272507166,0.03678595037315538
1.0,44,fourier_gate_s1p5_p4,4,0.547722578048706,2048,0.07022913119742245,0.234097086430755,0.25215659462767687,0.27851395796774475,0.41795290060839535,0.08951334502836869,0.10454642910204709,0.06029596117086286,0.03603245845012256
1.0,44,fourier_gate_s1p5_p4,5,0.7992547750473022,2048,0.0905488012444776,0.1417464614440151,0.2212636819883056,0.4092348117449449,0.31558881137022177,0.1545280700891758,0.14717796897265195,0.06710168628504383,0.042908676882974076
1.0,44,fourier_gate_s1p5_p4,6,1.166298747062683,2048,0.10061777292903507,0.07396990863790556,0.1588156618214218,0.6335506950326688,0.2483390033206233,0.23047306817122237,0.1654141352552817,0.06680835837556601,0.04100686419426466
1.0,44,fourier_gate_s1p5_p4,7,1.7019013166427612,2048,0.061158558725617346,0.0211148739746817,0.07364375058167055,0.8304650189942839,0.18066350808324322,0.17382668719036093,0.10054515393242242,0.03694188159601029,0.020029765033844175
1.0,44,fourier_gate_s1p5_p4,8,2.4834699630737305,2048,0.017223396068579755,0.002792550048541817,0.017393249142612074,0.9902345402725133,0.11423133509785843,0.05759699035719847,0.02780012904984054,0.009585426646773192,0.00484509175726388
1.0,44,scalar_gate_s1p5_p4_plateau_lo0p8_hi1,0,0.12079870700836182,2048,0.0294526443046644,2.0183650670374766,0.08468046664949849,0.34780918752576134,0.8975040021663061,0.008749193897472503,0.014438090916084036,0.026269527311435833,0.07967220919611072
1.0,44,scalar_gate_s1p5_p4_plateau_lo0p8_hi1,1,0.17627345025539398,2048,0.040453297660462594,1.3019074725790305,0.14117419548840884,0.2865488095789009,0.8151374823882003,0.0168499145286214,0.02572246212086237,0.039038674254860906,0.08509857322527006
1.0,44,scalar_gate_s1p5_p4_plateau_lo0p8_hi1,2,0.25722402334213257,2048,0.052770148720993004,0.7975634885499696,0.20407568059721284,0.2585812702746596,0.701248935231443,0.02405554477637229,0.04197273846450164,0.054760010713464695,0.08040084606354056
1.0,44,scalar_gate_s1p5_p4_plateau_lo0p8_hi1,3,0.37534967064857483,2048,0.06498211288992213,0.4612344631436923,0.24764948532253375,0.26239550954564156,0.5604491960557398,0.0447963053197384,0.07272037361537309,0.06700294266134152,0.054805296669415915
1.0,44,scalar_gate_s1p5_p4_plateau_lo0p8_hi1,4,0.547722578048706,2048,0.08817423440382434,0.29391409263162427,0.25215659462767687,0.3496804615957733,0.43634915811829034,0.09250811123602642,0.12435641416853366,0.07919486647019947,0.05536470655347842
1.0,44,scalar_gate_s1p5_p4_plateau_lo0p8_hi1,5,0.7992547750473022,2048,0.1317201090234251,0.20619664864121093,0.2212636819883056,0.5953083119641247,0.3562850380371139,0.18521894529033922,0.21390720034359983,0.10024424127053946,0.07479698248350787
1.0,44,scalar_gate_s1p5_p4_plateau_lo0p8_hi1,6,1.166298747062683,2048,0.12332138230963886,0.09066063695305537,0.1588156618214218,0.7765064282407235,0.27135876207533033,0.21390401904187692,0.21646927221525145,0.08729918735950454,0.04348529410448068
1.0,44,scalar_gate_s1p5_p4_plateau_lo0p8_hi1,7,1.7019013166427612,2048,0.06609462684134058,0.02281904193360197,0.07364375058167055,0.8974913189414758,0.18563427492573556,0.16247546738672042,0.11398514196073939,0.04081880525550232,0.022897458983698497
1.0,44,scalar_gate_s1p5_p4_plateau_lo0p8_hi1,8,2.4834699630737305,2048,0.019272029606913616,0.003124709377871481,0.017393249142612074,1.1080177975314962,0.11624416301861087,0.05831011345190677,0.028591156615343515,0.01189987495935892,0.008867230346582034
1.0,44,fourier_gate_s1p5_p4_plateau_lo0p8_hi1,0,0.12079870700836182,2048,0.02029911156361425,1.3910811283388547,0.08468046664949849,0.23971421470354484,0.8874561008006089,0.007840949053175231,0.010749088075034375,0.018912197890017662,0.04943758414936504
1.0,44,fourier_gate_s1p5_p4_plateau_lo0p8_hi1,1,0.17627345025539398,2048,0.02798146687503999,0.9005268525720629,0.14117419548840884,0.19820525116672202,0.802641597787201,0.01354960139364075,0.018146207492339732,0.028343113308215085,0.052117855630845235
1.0,44,fourier_gate_s1p5_p4_plateau_lo0p8_hi1,2,0.25722402334213257,2048,0.03766470864644046,0.5692611666133651,0.20407568059721284,0.1845624551451569,0.6853359631179312,0.020327594660679925,0.029314951496151334,0.04108221007377575,0.04922989040244366
1.0,44,fourier_gate_s1p5_p4_plateau_lo0p8_hi1,3,0.37534967064857483,2048,0.05108969273617045,0.3626278979457175,0.24764948532253375,0.20629840061905338,0.5471305821506096,0.039791381331588035,0.05513571038363316,0.05292273146666126,0.04324879916137284
1.0,44,fourier_gate_s1p5_p4_plateau_lo0p8_hi1,4,0.547722578048706,2048,0.0766837926174148,0.255612622883421,0.25215659462767687,0.30411178708469894,0.4245933204220635,0.08410084338537645,0.10087088258579734,0.06936059955864884,0.057229333802316346
1.0,44,fourier_gate_s1p5_p4_plateau_lo0p8_hi1,5,0.7992547750473022,2048,0.12004616496470313,0.18792208024630197,0.2212636819883056,0.5425479856700925,0.3454270221787012,0.17118639755257803,0.17603912078251494,0.09771873847138501,0.07643994771453128
1.0,44,fourier_gate_s1p5_p4_plateau_lo0p8_hi1,6,1.166298747062683,2048,0.14050575383987282,0.1032938562649929,0.1588156618214218,0.8847096830907187,0.2884163466988099,0.24725907963027197,0.224977419357573,0.10853001469158384,0.05182373759616486
1.0,44,fourier_gate_s1p5_p4_plateau_lo0p8_hi1,7,1.7019013166427612,2048,0.069238970082087,0.02390462034887115,0.07364375058167055,0.9401879933491617,0.18855052747010784,0.18002654617670447,0.11804284606492017,0.04325519579935468,0.019088795572584843
1.0,44,fourier_gate_s1p5_p4_plateau_lo0p8_hi1,8,2.4834699630737305,2048,0.01716546431348852,0.0027831571666242223,0.017393249142612074,0.986903836813014,0.11404281404764906,0.05869747316491014,0.02890730853841717,0.009059007098852915,0.0038421302514489927
1.0,44,scalar_gate_s1p5_p4_cap_lo1_hi2_d0p5,0,0.12079870700836182,2048,0.02293771351269129,1.571902311820525,0.08468046664949849,0.2708737259046167,0.8909119182827356,0.007228535118009041,0.01264071668155378,0.020674994463467284,0.05851885672882773
1.0,44,scalar_gate_s1p5_p4_cap_lo1_hi2_d0p5,1,0.17627345025539398,2048,0.03280044450221449,1.055615889704911,0.14117419548840884,0.23234022612091018,0.8070464390481592,0.014602439016235041,0.023095605103197213,0.0315751776474689,0.06479228126616163
1.0,44,scalar_gate_s1p5_p4_cap_lo1_hi2_d0p5,2,0.25722402334213257,2048,0.04171653017563886,0.6305000486732855,0.20407568059721284,0.2044169596963167,0.688877688318474,0.02346356347870084,0.037505001180088156,0.04343584969627557,0.052849022810289276
1.0,44,scalar_gate_s1p5_p4_cap_lo1_hi2_d0p5,3,0.37534967064857483,2048,0.05234112816922755,0.37151042152728914,0.24764948532253375,0.21135165332994538,0.5487854896777661,0.04494014110012538,0.06180226562287756,0.05244380351784123,0.03924510308414376
1.0,44,scalar_gate_s1p5_p4_cap_lo1_hi2_d0p5,4,0.547722578048706,2048,0.06909428725763953,0.23031427358191067,0.25215659462767687,0.27401340567618726,0.41714233904021436,0.0940245177130553,0.10151972918276647,0.05885424579108731,0.0362835302336022
1.0,44,scalar_gate_s1p5_p4_cap_lo1_hi2_d0p5,5,0.7992547750473022,2048,0.09654805593499301,0.15113778537094374,0.2212636819883056,0.4363484104910441,0.32186573129451823,0.1756623166968003,0.15527210857442236,0.0703730111418139,0.04708087559368032
1.0,44,scalar_gate_s1p5_p4_cap_lo1_hi2_d0p5,6,1.166298747062683,2048,0.10573367592861285,0.07773090300761851,0.1588156618214218,0.6657635318581092,0.2534493396933471,0.23432531688152985,0.1731537692100879,0.07119576519966503,0.04491248343039519
1.0,44,scalar_gate_s1p5_p4_cap_lo1_hi2_d0p5,7,1.7019013166427612,2048,0.06937397552454841,0.023951230716461037,0.07364375058167055,0.9420212166898401,0.18899781147855185,0.2233659094093035,0.10875502505380268,0.040091167988929324,0.024436086004460063
1.0,44,scalar_gate_s1p5_p4_cap_lo1_hi2_d0p5,8,2.4834699630737305,2048,0.023941818519459257,0.0038818550187476766,0.017393249142612074,1.3765006367213881,0.12075109858691133,0.0961946596742789,0.030355377273572143,0.013908665783175336,0.01030249042987581
1.0,44,fourier_gate_s1p5_p4_cap_lo1_hi2_d0p5,0,0.12079870700836182,2048,0.021369142295488044,1.4644094389492734,0.08468046664949849,0.25235031337199887,0.8885146896934704,0.008361207414878356,0.010278159963273477,0.019885711358401198,0.05391714713764744
1.0,44,fourier_gate_s1p5_p4_cap_lo1_hi2_d0p5,1,0.17627345025539398,2048,0.029086397084891386,0.9360867940373491,0.14117419548840884,0.20603196628295667,0.8034856479529557,0.014248577838436463,0.02005273779648532,0.02944566778078827,0.05203222388336671
1.0,44,fourier_gate_s1p5_p4_cap_lo1_hi2_d0p5,2,0.25722402334213257,2048,0.038718247662503966,0.5851842646781018,0.20407568059721284,0.18972494688832,0.6853610915399229,0.025120895282070354,0.03457337743307909,0.04094674622958331,0.0452222181394227
1.0,44,fourier_gate_s1p5_p4_cap_lo1_hi2_d0p5,3,0.37534967064857483,2048,0.05043462023585677,0.35797827977287977,0.24764948532253375,0.20365324066864798,0.5463660095971632,0.04618844653858899,0.05978108728904387,0.05043942462551699,0.03615951427884544
1.0,44,fourier_gate_s1p5_p4_cap_lo1_hi2_d0p5,4,0.547722578048706,2048,0.06821536178760124,0.22738452223488995,0.25215659462767687,0.270527772189837,0.41603611084774245,0.08661775610308534,0.09845254766741025,0.05905530969847114,0.03884145349605228
1.0,44,fourier_gate_s1p5_p4_cap_lo1_hi2_d0p5,5,0.7992547750473022,2048,0.09117360163404017,0.1427245334130765,0.2212636819883056,0.41205859368668984,0.3158592180787183,0.15157147554461897,0.1416759343968424,0.06932946155672365,0.05035960928637712
1.0,44,fourier_gate_s1p5_p4_cap_lo1_hi2_d0p5,6,1.166298747062683,2048,0.09917887755050026,0.07291209393388909,0.1588156618214218,0.6244905345797738,0.2466390025072645,0.22636214576437502,0.16549901500010178,0.06686293486807746,0.03270148987709773
1.0,44,fourier_gate_s1p5_p4_cap_lo1_hi2_d0p5,7,1.7019013166427612,2048,0.06048850889649837,0.020883540568639905,0.07364375058167055,0.8213664896034446,0.17979077174637345,0.17505060614553775,0.10231967831919622,0.03572067571872842,0.01604374567825569
1.0,44,fourier_gate_s1p5_p4_cap_lo1_hi2_d0p5,8,2.4834699630737305,2048,0.016659194672187162,0.0027010721175571286,0.017393249142612074,0.9577965873767348,0.11365077530303112,0.057208879313998165,0.027355977616792225,0.009012086991196707,0.004004162542291557
