spectrum_lambda,seed,method,noise_bin,sigma,n,score_error,unweighted_score_error,reference_error,relative_to_gaussian,dsm_pixel_mean,frequency_band_0,frequency_band_1,frequency_band_2,frequency_band_3
1.0,42,scalar_gate_s1p5_p4_linear_sigma,0,0.5,1024,0.06293880300962519,0.25175521203850076,0.25451124087094984,0.24729282209400869,0.44536710619727193,0.0707110382578946,0.0884783442134357,0.05682133218097448,0.03632771108427061
1.0,42,scalar_gate_s1p5_p4_linear_sigma,1,0.625,1024,0.07609524052447217,0.19480381574264874,0.245662157011717,0.3097556475531669,0.37902664874675185,0.10944883106168275,0.11341515249214844,0.06286041535871072,0.04121718624302954
1.0,42,scalar_gate_s1p5_p4_linear_sigma,2,0.75,1024,0.08886497838357438,0.15798218379302112,0.2272133861828322,0.3911080235038055,0.33140237403049905,0.15122744826801737,0.13542861853471794,0.0685996094948214,0.04799741731436219
1.0,42,scalar_gate_s1p5_p4_linear_sigma,3,0.800000011920929,1024,0.09359183539663178,0.1462372384490278,0.22092399094548656,0.4236381707395724,0.32174337628890304,0.16609184053105858,0.14782403507493272,0.06973800666113984,0.04701571945016254
1.0,42,scalar_gate_s1p5_p4_linear_sigma,4,0.875,1024,0.09884728202249474,0.1291066540701972,0.20802849885256244,0.47516221367607664,0.2997604420813877,0.18521898408918486,0.15450888915116023,0.07304453302665267,0.04938608662988716
1.0,42,scalar_gate_s1p5_p4_linear_sigma,5,1.0,1024,0.10575598549402983,0.10575598549402983,0.18866346927700323,0.5605535925916568,0.27664068671588304,0.21068202476100875,0.16829702115027256,0.07578511671901218,0.049502960106898905
1.0,42,scalar_gate_s1p5_p4_linear_sigma,6,1.125,1024,0.10758040085420721,0.08500179820579336,0.16656224675733286,0.6458870659384343,0.26029799965751327,0.2222880616944103,0.17273552668069964,0.07530230727086215,0.04996205245518934
1.0,42,scalar_gate_s1p5_p4_linear_sigma,7,1.25,1024,0.10389609392985732,0.06649350011510868,0.14418740701494248,0.7205628846567046,0.23941291074222282,0.22558087891219142,0.16310266876544643,0.07268946404332931,0.04892901546995245
1.0,42,scalar_gate_s1p5_p4_linear_sigma,8,1.375,1024,0.0958781433619151,0.0507124064063022,0.12185080469494965,0.7868486679422722,0.22852841946241464,0.22498346435610478,0.1511797148033724,0.06477982768199651,0.04332158614891141
1.0,42,scalar_gate_s1p5_p4_linear_sigma,9,1.5,1024,0.0879415160859077,0.03908511826040342,0.10209634070744247,0.8613581591323093,0.21654337600589174,0.20732974014236336,0.137826786614749,0.05944642310537239,0.040577928596403315
1.0,42,scalar_gate_s1p5_p4_linear_sigma,10,1.625,1024,0.07702655479504886,0.02916981956735578,0.08421561102624589,0.9146351116664515,0.1989585154547987,0.20118460272771438,0.11682804595723903,0.051109138934014205,0.03520189268580531
1.0,42,scalar_gate_s1p5_p4_linear_sigma,11,1.75,1024,0.0670264129089973,0.02188617564375422,0.06931799879163486,0.966940968830824,0.18539341104987353,0.1904360025762931,0.09923395519883885,0.04357353971099197,0.02980741999324598
1.0,42,scalar_gate_s1p5_p4_linear_sigma,12,1.875,1024,0.05532905605583271,0.01573804261143686,0.05343565402748417,1.0354333087674885,0.17177544522216687,0.1683360044651642,0.08076100061105354,0.03510371008703034,0.023741934723509352
1.0,42,scalar_gate_s1p5_p4_linear_sigma,13,2.0,1024,0.04741137944086701,0.011852844860216753,0.04298544785916096,1.1029634865317055,0.16134820872940409,0.17141040983547817,0.06858665739010032,0.027089482341856583,0.01764970190815212
1.0,42,scalar_gate_s1p5_p4_linear_sigma,14,2.125,1024,0.04175769233824426,0.009247378234074854,0.03455925081612765,1.2082927538104309,0.15117983018659933,0.17269294287006223,0.06074845354131922,0.021110030062418315,0.013256812945999044
1.0,42,scalar_gate_s1p5_p4_linear_sigma,15,2.25,1024,0.03946116577809661,0.007794798178389454,0.027392517260649743,1.440581944426987,0.14488405357170459,0.19908379728545386,0.05765111570633041,0.015448688197507936,0.009158041483817478
1.0,42,scalar_gate_s1p5_p4_linear_sigma,16,2.375,1024,0.03272587542397008,0.005801817249678907,0.022049406552376714,1.4842066314225835,0.13277904218793124,0.1682497522144319,0.04612606982198894,0.013040225892520015,0.007980274284935822
1.0,42,scalar_gate_s1p5_p4_linear_sigma,17,2.5,1024,0.025955938936181804,0.004152950229789089,0.01654586800333205,1.5687263388632573,0.12201704160264659,0.13399871506878333,0.03598204667586534,0.01041968242622944,0.006800507474008072
1.0,42,fourier_gate_s1p5_p4_linear_sigma,0,0.5,1024,0.06303469851735086,0.2521387940694034,0.25451124087094984,0.2476696050895161,0.4451541649028482,0.07202085825694306,0.08879245479704462,0.056581442933158095,0.036629786371739054
1.0,42,fourier_gate_s1p5_p4_linear_sigma,1,0.625,1024,0.0754750791731404,0.19321620268323944,0.245662157011717,0.30723119951088185,0.3780220643661656,0.10506919147713323,0.11343322736449322,0.062161619540193634,0.041848045277427116
1.0,42,fourier_gate_s1p5_p4_linear_sigma,2,0.75,1024,0.08696021890219965,0.1545959447150216,0.2272133861828322,0.3827248929436984,0.329547956561127,0.13821383834604312,0.13198996827977533,0.06827983204280998,0.04900344845317982
1.0,42,fourier_gate_s1p5_p4_linear_sigma,3,0.800000011920929,1024,0.09129562870661312,0.1426494156027991,0.22092399094548656,0.4132445205063333,0.31914841297807417,0.15467150489113735,0.14545155876428373,0.06775779494307603,0.048730304941603096
1.0,42,fourier_gate_s1p5_p4_linear_sigma,4,0.875,1024,0.0970145173169239,0.12671283894455365,0.20802849885256244,0.46635205201226637,0.2978837194292887,0.1783153388470534,0.15254455418802657,0.07173608588270022,0.048623625225292226
1.0,42,fourier_gate_s1p5_p4_linear_sigma,5,1.0,1024,0.10218469851740755,0.10218469851740755,0.18866346927700323,0.5416241888745081,0.27325200536334016,0.2062252145370062,0.16411275452438898,0.07247237410001339,0.0465366489598193
1.0,42,fourier_gate_s1p5_p4_linear_sigma,6,1.125,1024,0.10375651978392045,0.08198046007618406,0.16656224675733286,0.6229293960898891,0.25606644000666934,0.222274637258106,0.16923937752139412,0.07114541760186203,0.044696649008307145
1.0,42,fourier_gate_s1p5_p4_linear_sigma,7,1.25,1024,0.09962527942229375,0.06376017883026801,0.14418740701494248,0.6909429990094027,0.23561461420198848,0.2263438420304237,0.1600591990165105,0.06797499498249283,0.04135573991175098
1.0,42,fourier_gate_s1p5_p4_linear_sigma,8,1.375,1024,0.09044714672446298,0.04783981314351761,0.12185080469494965,0.7422777957921172,0.22323494546512532,0.22274241324115077,0.14639828879611347,0.059423007638240946,0.0346833826357633
1.0,42,fourier_gate_s1p5_p4_linear_sigma,9,1.5,1024,0.08311486406309203,0.036939939583596454,0.10209634070744247,0.8140826937300137,0.2121912075473556,0.20945678773393692,0.13551887242704339,0.0535896256065792,0.03130201465686874
1.0,42,fourier_gate_s1p5_p4_linear_sigma,10,1.625,1024,0.07029545506162876,0.026620764047007344,0.08421561102624589,0.8347081283982029,0.19200180494101732,0.18833208322229858,0.11479166556371424,0.043996513745051355,0.02496673238684159
1.0,42,fourier_gate_s1p5_p4_linear_sigma,11,1.75,1024,0.059421160881982786,0.01940282804309642,0.06931799879163486,0.857225567930758,0.17727872666181888,0.16605214672618934,0.09690086987900368,0.036674877975958683,0.019481532618810866
1.0,42,fourier_gate_s1p5_p4_linear_sigma,12,1.875,1024,0.047099576728688544,0.013397212936160297,0.05343565402748417,0.8814260363401426,0.16319596773198858,0.13587060315361218,0.07723650682989203,0.028370584249510052,0.014959546789599099
1.0,42,fourier_gate_s1p5_p4_linear_sigma,13,2.0,1024,0.03816276926876351,0.009540692317190878,0.04298544785916096,0.8878067152819101,0.15177178478602626,0.11463937573459237,0.06376807212866431,0.022174731701528134,0.010554480290813077
1.0,42,fourier_gate_s1p5_p4_linear_sigma,14,2.125,1024,0.03145424515279492,0.006965645985394031,0.03455925081612765,0.9101541384721301,0.1404254131500392,0.0975440454133,0.053618244596997766,0.01758260269496857,0.007739006392386636
1.0,42,fourier_gate_s1p5_p4_linear_sigma,15,2.25,1024,0.02642682999510899,0.00522011456693511,0.027392517260649743,0.9647463116897258,0.13186679404980506,0.08407274680131156,0.04467196292703721,0.014669293112025306,0.006382890337662445
1.0,42,fourier_gate_s1p5_p4_linear_sigma,16,2.375,1024,0.021427252567741053,0.0037987372973280536,0.022049406552376714,0.9717836403824393,0.12152125962144304,0.07159954413576222,0.03613633312708938,0.011501895739327176,0.004900073165118018
1.0,42,fourier_gate_s1p5_p4_linear_sigma,17,2.5,1024,0.016202095116744617,0.002592335218679139,0.01654586800333205,0.9792230370435565,0.111958148027897,0.05350868926193849,0.027587141785820987,0.008678413965750822,0.0036589219725888375
1.0,42,scalar_gate_s1p5_p4_tanh_sigma,0,0.5,1024,0.0651878148868234,0.2607512595472936,0.25451124087094984,0.2561294136311918,0.4472535067570886,0.0754351025931625,0.0939537258686472,0.05790373268735548,0.03587312383582717
1.0,42,scalar_gate_s1p5_p4_tanh_sigma,1,0.625,1024,0.07907400360128444,0.20242944921928818,0.245662157011717,0.32188109297401046,0.3811804032938352,0.11676233803136367,0.12105997751551731,0.06417301975215421,0.039786914278207325
1.0,42,scalar_gate_s1p5_p4_tanh_sigma,2,0.75,1024,0.08985207623278353,0.1597370244138374,0.2272133861828322,0.3954523883574452,0.3324970606537769,0.15164203300391493,0.14136216069791566,0.06848023531063659,0.04468890468336405
1.0,42,scalar_gate_s1p5_p4_tanh_sigma,3,0.800000011920929,1024,0.09496490290583962,0.14838265636822662,0.22092399094548656,0.429853283472832,0.32259690043565115,0.168121217539046,0.15470025266049903,0.06932848832002839,0.04497500586995067
1.0,42,scalar_gate_s1p5_p4_tanh_sigma,4,0.875,1024,0.0995688649655607,0.1300491297509364,0.20802849885256244,0.4786308871849759,0.30067491759912524,0.19125488052476033,0.15933828973837227,0.07190956950149097,0.046866106256381546
1.0,42,scalar_gate_s1p5_p4_tanh_sigma,5,1.0,1024,0.1060161642807983,0.1060161642807983,0.18866346927700323,0.5619326554688822,0.27712770557410427,0.21850972328201096,0.17216865909486795,0.07390741905071993,0.047215011590963564
1.0,42,scalar_gate_s1p5_p4_tanh_sigma,6,1.125,1024,0.1072028628488392,0.08470349657192233,0.16656224675733286,0.643620417807072,0.25995265114627936,0.2277930414582948,0.17425427711779778,0.07350892638163677,0.04829400935264683
1.0,42,scalar_gate_s1p5_p4_tanh_sigma,7,1.25,1024,0.1042400658667007,0.06671364215468845,0.14418740701494248,0.722948473966926,0.23962658960254551,0.2315105716442824,0.16666521396362366,0.07083990638782849,0.04873456851592063
1.0,42,scalar_gate_s1p5_p4_tanh_sigma,8,1.375,1024,0.09578994874868532,0.05066575801583356,0.12185080469494965,0.7861248761425335,0.22827143835315641,0.22636912294869585,0.1531889430515768,0.06360675344483786,0.04278426658029619
1.0,42,scalar_gate_s1p5_p4_tanh_sigma,9,1.5,1024,0.08699515426107936,0.038664513004924156,0.10209634070744247,0.8520888570371427,0.21555838643366904,0.20803443392551002,0.13730647420460762,0.05812272008093162,0.03938240367290357
1.0,42,scalar_gate_s1p5_p4_tanh_sigma,10,1.625,1024,0.07592782272990319,0.028753731684697064,0.08421561102624589,0.9015884561621265,0.19815729876583155,0.2011959839251523,0.11644681280631566,0.04958328227409502,0.03382445920752906
1.0,42,scalar_gate_s1p5_p4_tanh_sigma,11,1.75,1024,0.06584223755482915,0.021499506140352377,0.06931799879163486,0.9498577382873732,0.18417915258423334,0.18996235467352168,0.09825620646114411,0.04221043905025418,0.028537466561612244
1.0,42,scalar_gate_s1p5_p4_tanh_sigma,12,1.875,1024,0.05449443968293723,0.015500640620924369,0.05343565402748417,1.0198142172061464,0.1706134924883339,0.16736275484517787,0.07951793669614718,0.03435392622699404,0.02338998740288241
1.0,42,scalar_gate_s1p5_p4_tanh_sigma,13,2.0,1024,0.04633633912035672,0.01158408478008918,0.04298544785916096,1.0779540851167757,0.16028631878830024,0.16259301825885641,0.06575530120650125,0.027474664126203825,0.018481912534844304
1.0,42,scalar_gate_s1p5_p4_tanh_sigma,14,2.125,1024,0.039598426450278584,0.008769201705252005,0.03455925081612765,1.1458126410483216,0.1490983236952417,0.14591845727094216,0.05577229134196734,0.02273085403738779,0.015500145302272957
1.0,42,scalar_gate_s1p5_p4_tanh_sigma,15,2.25,1024,0.03445947205041917,0.0068068092939099585,0.027392517260649743,1.2579885127943804,0.13995206571731,0.14376141220886937,0.04630373856899242,0.01852267497670641,0.012885375985620392
1.0,42,scalar_gate_s1p5_p4_tanh_sigma,16,2.375,1024,0.029229259943685002,0.005181918660376288,0.022049406552376714,1.3256256976464689,0.12920035033964417,0.13176544885307756,0.03814350698173167,0.014962296515185325,0.010314577656271614
1.0,42,scalar_gate_s1p5_p4_tanh_sigma,17,2.5,1024,0.024093063625049448,0.0038548901800079115,0.01654586800333205,1.456137787403932,0.12011497792584304,0.11328786554208825,0.030732453976961123,0.01197847107364044,0.008503273795285614
1.0,42,fourier_gate_s1p5_p4_tanh_sigma,0,0.5,1024,0.06500112108279145,0.2600044843311658,0.25451124087094984,0.2553958750912315,0.4476387937597751,0.0746674668568883,0.09404048572995072,0.057939819745426994,0.03468141911005365
1.0,42,fourier_gate_s1p5_p4_tanh_sigma,1,0.625,1024,0.07728175035580682,0.19784128091086547,0.245662157011717,0.31458549129372343,0.37993504847525633,0.10893813491586894,0.12005424150502361,0.0628475551654048,0.038184067609794474
1.0,42,fourier_gate_s1p5_p4_tanh_sigma,2,0.75,1024,0.08687034435850957,0.15443616774846147,0.2272133861828322,0.3823293416727105,0.32910203205031147,0.14037978786276747,0.13769900882328845,0.06709687459768059,0.04148058023744667
1.0,42,fourier_gate_s1p5_p4_tanh_sigma,3,0.800000011920929,1024,0.09109784781814345,0.14234038297377513,0.22092399094548656,0.4123492764560008,0.3189315925224249,0.15678893841254987,0.15006533495548185,0.06674107692115316,0.04178617707683493
1.0,42,fourier_gate_s1p5_p4_tanh_sigma,4,0.875,1024,0.09593797483965372,0.12530674264771097,0.20802849885256244,0.46117707606806574,0.2966949345982398,0.17912182799686283,0.15456382303159558,0.06991401384238426,0.04381373451188123
1.0,42,fourier_gate_s1p5_p4_tanh_sigma,5,1.0,1024,0.10087282090608878,0.10087282090608878,0.18866346927700323,0.5346706561299542,0.271823182107334,0.20684756949430963,0.16589230339383293,0.07004790626560421,0.04285744702069597
1.0,42,fourier_gate_s1p5_p4_tanh_sigma,6,1.125,1024,0.10205879668823509,0.08063904923514871,0.16656224675733286,0.612736671575559,0.2545351852983816,0.22248389725942644,0.1679461904882042,0.06899325797886498,0.04293707585080428
1.0,42,fourier_gate_s1p5_p4_tanh_sigma,7,1.25,1024,0.09850806308466936,0.06304516037418839,0.14418740701494248,0.6831946362310318,0.2345801248387364,0.22836385133582446,0.16073647042101918,0.0656534525834146,0.03985509624081259
1.0,42,fourier_gate_s1p5_p4_tanh_sigma,8,1.375,1024,0.08957382438088868,0.04737789058162707,0.12185080469494965,0.7351106511371381,0.2221277644508495,0.22262835073615445,0.14744192432364187,0.05775653429868655,0.03297667237361002
1.0,42,fourier_gate_s1p5_p4_tanh_sigma,9,1.5,1024,0.0811486838124741,0.036066081694432935,0.10209634070744247,0.7948246063490759,0.21111083522349916,0.20834115624584387,0.13327030881204596,0.05159707956979552,0.029464926267037783
1.0,42,fourier_gate_s1p5_p4_tanh_sigma,10,1.625,1024,0.0693548230273327,0.026264548365380433,0.08421561102624589,0.8235387974056044,0.19089338427121777,0.18964600242140275,0.11401410618456492,0.042562066470067626,0.024349189189660055
1.0,42,fourier_gate_s1p5_p4_tanh_sigma,11,1.75,1024,0.058446282329424615,0.01908450035246518,0.06931799879163486,0.8431617090549617,0.17697582297503428,0.16788760896118388,0.09519850940046784,0.0355710213397493,0.01872590536869939
1.0,42,fourier_gate_s1p5_p4_tanh_sigma,12,1.875,1024,0.04676444276629929,0.013301885942414021,0.05343565402748417,0.8751543069398272,0.16311978845532432,0.13612648208026606,0.07717136532020437,0.02781429252911384,0.014651570614298285
1.0,42,fourier_gate_s1p5_p4_tanh_sigma,13,2.0,1024,0.038194216003610976,0.009548554000902744,0.04298544785916096,0.8885382822752447,0.15187651704995814,0.11510123767378855,0.06324905841247827,0.02225971546354731,0.011123152833544295
1.0,42,fourier_gate_s1p5_p4_tanh_sigma,14,2.125,1024,0.03131361131498764,0.006934502159720446,0.03455925081612765,0.9060847841173287,0.14020764486976386,0.09796692125532186,0.052329424681292064,0.017721168012950456,0.008271778949067936
1.0,42,fourier_gate_s1p5_p4_tanh_sigma,15,2.25,1024,0.025329280317562018,0.005003314630629535,0.027392517260649743,0.92467881197426,0.13083086116299064,0.08321089187547084,0.042101892468766514,0.013940792245794288,0.006378029454371688
1.0,42,fourier_gate_s1p5_p4_tanh_sigma,16,2.375,1024,0.02062881058961441,0.003657185256884549,0.022049406552376714,0.9355721452462775,0.12056006777781866,0.06961617669435252,0.034521798540465776,0.01100959373534535,0.0050542256238183736
1.0,42,fourier_gate_s1p5_p4_tanh_sigma,17,2.5,1024,0.015689885821883708,0.002510381731501393,0.01654586800333205,0.9482661059984303,0.11149769850992938,0.05208936288304187,0.02647193560377159,0.008429858439722725,0.0037266357304922113
1.0,42,score,0,0.5,1024,0.08858367300163517,0.35433469200654066,0.25451124087094984,0.3480540690403203,0.4704574189585654,0.07973552584804862,0.11797030242427431,0.08665225647251154,0.04855287600118083
1.0,42,score,1,0.625,1024,0.09624740635016463,0.24639336025642145,0.245662157011717,0.3917876791482135,0.39926525621815395,0.11597543996141355,0.14323851360454026,0.08382916048311809,0.048661014722756614
1.0,42,score,2,0.75,1024,0.09766444913198627,0.17362568734575337,0.2272133861828322,0.4298358066518072,0.3402642730203667,0.14398245515175348,0.15281723275836293,0.07805740824036315,0.04795387382024446
1.0,42,score,3,0.800000011920929,1024,0.09987102087654273,0.15604846546899132,0.22092399094548656,0.4520605500974591,0.3287497843999385,0.158559990571173,0.16310285832962323,0.07539557913539283,0.04731666215172685
1.0,42,score,4,0.875,1024,0.10213144467934412,0.13339617264240866,0.20802849885256244,0.49094929417208594,0.3032410107871629,0.17700395708404376,0.16391320297316958,0.07597952502459704,0.04949750840564373
1.0,42,score,5,1.0,1024,0.10162418947123356,0.10162418947123356,0.18866346927700323,0.5386532425205479,0.27394374552470024,0.20014504253293725,0.1646174186386496,0.07207706267189566,0.04652489827015719
1.0,42,score,6,1.125,1024,0.10110983640185495,0.07988925345331749,0.16656224675733286,0.6070393403684297,0.2538965520320919,0.20821649159729588,0.1642787913785685,0.0695795257503866,0.04842028157355528
1.0,42,score,7,1.25,1024,0.09705814231694972,0.06211721108284782,0.14418740701494248,0.6731388290164019,0.23227564864761618,0.211315374654845,0.14904321792454842,0.0678541005678291,0.05149036987906589
1.0,42,score,8,1.375,1024,0.09066546789034337,0.04795528880150393,0.12185080469494965,0.7440695046480984,0.22207100197756457,0.20111499533167096,0.1336743092245519,0.06474147509763879,0.05077954082345247
1.0,42,score,9,1.5,1024,0.08809272338960744,0.0391523215064922,0.10209634070744247,0.8628391848248268,0.21755273330599267,0.18629935026260752,0.12297281174343194,0.065984901856048,0.05504287718014403
1.0,42,score,10,1.625,1024,0.08335209450337444,0.031565290226129965,0.08421561102624589,0.989746360415264,0.2070480675053507,0.17333605931737675,0.10810468847527853,0.0646664267155891,0.05994669196606607
1.0,42,score,11,1.75,1024,0.08224580238066548,0.026855772205931584,0.06931799879163486,1.186499954043548,0.20034379716034292,0.15726591324664194,0.09689597646907215,0.06842620974232518,0.06673055904279683
1.0,42,score,12,1.875,1024,0.07985475265519326,0.022714240755254973,0.05343565402748417,1.4944095680782845,0.1951392718744414,0.13699237515573567,0.08832753534857365,0.06972787249805847,0.0713060070713915
1.0,42,score,13,2.0,1024,0.08118510000852816,0.02029627500213204,0.04298544785916096,1.8886647470680284,0.19440930401309767,0.1252794582376642,0.08292762457141246,0.07544289971364901,0.07528316955009075
1.0,42,score,14,2.125,1024,0.08581588829478998,0.01900421055663169,0.03455925081612765,2.4831524488587164,0.19451006437161994,0.12499678446079002,0.08559707599699404,0.08160551150284667,0.08034359127932422
1.0,42,score,15,2.25,1024,0.0905908620684618,0.017894491272782576,0.027392517260649743,3.3071389973567187,0.1957647695537435,0.12312843760334577,0.08533518545241858,0.0884381983952062,0.08999014129879092
1.0,42,score,16,2.375,1024,0.09619506544556741,0.017053972821374833,0.022049406552376714,4.36270541871788,0.1948113457787261,0.1251918364631402,0.08890139332774476,0.09582510327073011,0.09444991130576381
1.0,42,score,17,2.5,1024,0.1007494561723338,0.01611991298757341,0.01654586800333205,6.089100683750445,0.1954788000470304,0.11943393341780703,0.09194413765051507,0.1018235730548593,0.10196531574076355
1.0,42,scalar_gaussian,0,0.5,1024,0.10441689865013172,0.4176675946005269,0.25451124087094984,0.41026438868794957,0.48757879954424455,0.06160093696209462,0.1386794318276017,0.10567734918221594,0.0625306719289987
1.0,42,scalar_gaussian,1,0.625,1024,0.1168837578522409,0.29922242010173666,0.245662157011717,0.47579065198334985,0.4215837344098608,0.09265001324672066,0.16949249399049926,0.10997367119801875,0.06292507908102092
1.0,42,scalar_gaussian,2,0.75,1024,0.12545259131185404,0.22302682899885162,0.2272133861828322,0.552135564807374,0.36823174196141095,0.12023681663655265,0.1931554604568023,0.11136803633213628,0.06119790646382522
1.0,42,scalar_gaussian,3,0.800000011920929,1024,0.12663131893649376,0.19786142994154135,0.22092399094548656,0.573189531813864,0.35474423275474726,0.13247198619271092,0.2006885764114052,0.1084277042316156,0.06049836827940363
1.0,42,scalar_gaussian,4,0.875,1024,0.13097888154772594,0.17107445753172368,0.20802849885256244,0.6296198947268065,0.33117091384627395,0.16024054341515254,0.2050993233000724,0.11035343281609222,0.06087109038115582
1.0,42,scalar_gaussian,5,1.0,1024,0.1295723509733499,0.1295723509733499,0.18866346927700323,0.6867908846895348,0.3020613181827329,0.18337582751692869,0.20964086437227264,0.10293733742212391,0.0579586691556861
1.0,42,scalar_gaussian,6,1.125,1024,0.12464774651016736,0.09848710835371248,0.16656224675733286,0.7483553382404153,0.27714714402887736,0.1946959681539866,0.20570849212162,0.09535723130927672,0.05227713304660553
1.0,42,scalar_gaussian,7,1.25,1024,0.11366488473093132,0.07274552622779605,0.14418740701494248,0.7883135364182807,0.24973970945427093,0.20375555289381375,0.18603404322017875,0.0837211700019748,0.04807893185783702
1.0,42,scalar_gaussian,8,1.375,1024,0.10237821507406589,0.05415046086562163,0.12185080469494965,0.8401931799331741,0.23376953478040302,0.20870269172790618,0.16704149166799648,0.07241356685110345,0.04155190738613615
1.0,42,scalar_gaussian,9,1.5,1024,0.09004154869238648,0.040018466085505106,0.10209634070744247,0.8819272862129403,0.21920906273167612,0.18954234331185618,0.1452682255654104,0.06324952847011817,0.037796869191429966
1.0,42,scalar_gaussian,10,1.625,1024,0.07729976944430998,0.02927328547003455,0.08421561102624589,0.9178793397368977,0.19900876591236205,0.17872294982734444,0.12315823446075654,0.05247638720777427,0.0332046198736319
1.0,42,scalar_gaussian,11,1.75,1024,0.0665173233310089,0.021719942312166174,0.06931799879163486,0.9595967063468668,0.18418473494527587,0.16587712086785378,0.10392199666614474,0.04467522384078528,0.027334836844476084
1.0,42,scalar_gaussian,12,1.875,1024,0.05431636507074458,0.01544998828678957,0.05343565402748417,1.0164817116827545,0.17080360279473603,0.14131666057335504,0.08170376200617085,0.03648594339971867,0.024653532663523273
1.0,42,scalar_gaussian,13,2.0,1024,0.04494285461459074,0.011235713653647684,0.04298544785916096,1.0455364978827972,0.15883250135392024,0.11915465550820248,0.06679129842358636,0.029974241407578383,0.02142049279530536
1.0,42,scalar_gaussian,14,2.125,1024,0.03848594336710261,0.008522838669531373,0.03455925081612765,1.1136220392006444,0.1476757212780899,0.1038938308297235,0.056499393709014925,0.025584506571930905,0.01886307761733998
1.0,42,scalar_gaussian,15,2.25,1024,0.0330052789297096,0.006519561270066094,0.027392517260649743,1.20490127342633,0.13894364965234315,0.09538749037127867,0.046009401049850684,0.021970820953194907,0.01691578560430931
1.0,42,scalar_gaussian,16,2.375,1024,0.027759076485789864,0.004921276717702358,0.022049406552376714,1.258948916373339,0.12794326256128066,0.0838871731632547,0.03730155137603215,0.01844881888666512,0.014784485012349932
1.0,42,scalar_gaussian,17,2.5,1024,0.023426969513588088,0.003748315122174094,0.01654586800333205,1.4158803580972785,0.11926600750310258,0.07268179732939975,0.030518711116261543,0.015704255215161615,0.01263033411632883
1.0,42,fourier_gaussian,0,0.5,1024,0.2186368422455195,0.874547368982078,0.25451124087094984,0.8590459167828249,0.6002172984597459,0.08893765604589525,0.22031141554784459,0.249277979888927,0.17195951761052705
1.0,42,fourier_gaussian,1,0.625,1024,0.21214411122358579,0.5430889247323796,0.245662157011717,0.8635604026446264,0.5139711492087157,0.13007250525585393,0.2505976309972231,0.22645562159565652,0.13531192909137013
1.0,42,fourier_gaussian,2,0.75,1024,0.1979711326697374,0.35194868030175536,0.2272133861828322,0.8713004809955853,0.44127804388574604,0.15940364164843632,0.2629918412159392,0.19700567039220304,0.10745244775900929
1.0,42,fourier_gaussian,3,0.800000011920929,1024,0.1921680294667791,0.30026253709332135,0.22092399094548656,0.8698377602376237,0.42215144091344314,0.17265799385653996,0.267995374499465,0.18359749889492671,0.100580329130246
1.0,42,fourier_gaussian,4,0.875,1024,0.18073092830976428,0.23605672269030437,0.20802849885256244,0.8687796590689962,0.38171104578724424,0.19439800507152158,0.26314111907603527,0.16566614661599208,0.08354249958966815
1.0,42,fourier_gaussian,5,1.0,1024,0.16634635425368544,0.16634635425368544,0.18866346927700323,0.8817093997643449,0.3383033936883204,0.21844691330284868,0.25684689308860487,0.14216327175280952,0.06787006407871377
1.0,42,fourier_gaussian,6,1.125,1024,0.1487601502283384,0.11753888413103282,0.16656224675733286,0.893120458713969,0.3011636060335717,0.224692379553195,0.24088061497511784,0.1192503616020451,0.0542872869751407
1.0,42,fourier_gaussian,7,1.25,1024,0.12817121350176192,0.08202957664112763,0.14418740701494248,0.888920996328613,0.2642643599329033,0.22725450132370936,0.2125083587367342,0.0961590479511667,0.04412708748520014
1.0,42,fourier_gaussian,8,1.375,1024,0.10803561154434914,0.0571428028003169,0.12185080469494965,0.8866220605995464,0.2396543450288603,0.21561223617934816,0.18326213777332873,0.07672171399650264,0.03283171974302834
1.0,42,fourier_gaussian,9,1.5,1024,0.09180252373501314,0.040801121660005844,0.10209634070744247,0.8991754562298534,0.220594642823861,0.19824836595080836,0.15835243309696123,0.06194204562085527,0.027161245402926783
1.0,42,fourier_gaussian,10,1.625,1024,0.07641067348258769,0.028936586407607174,0.08421561102624589,0.9073219626557625,0.1980294926424117,0.1798400947408108,0.1328110864698173,0.04928038528549415,0.021174682884186787
1.0,42,fourier_gaussian,11,1.75,1024,0.06275870835970761,0.02049263946439432,0.06931799879163486,0.9053739209690108,0.18028187262456813,0.16136428562361538,0.10828296180951252,0.039038890729135634,0.016654025906710865
1.0,42,fourier_gaussian,12,1.875,1024,0.04886874623802502,0.013900443374371562,0.05343565402748417,0.9145344457258782,0.16522928065543407,0.13009705839907615,0.08439429549596854,0.02981482316567814,0.012566861296629706
1.0,42,fourier_gaussian,13,2.0,1024,0.0387844629138729,0.009696115728468225,0.04298544785916096,0.902269601585813,0.1523099423903988,0.10962655317235867,0.06788658891068827,0.02242492112561248,0.009493346642692867
1.0,42,fourier_gaussian,14,2.125,1024,0.031901962650589914,0.0070647944970164515,0.03455925081612765,0.9231092080185468,0.1405209621171049,0.09248873904228383,0.055434084850050885,0.018288704292999787,0.007835623429280986
1.0,42,fourier_gaussian,15,2.25,1024,0.025153271114001216,0.00496854738054345,0.027392517260649743,0.9182533636707687,0.13066352966452616,0.0782156929283871,0.04337391936687664,0.01390167471959531,0.005787915146430619
1.0,42,fourier_gaussian,16,2.375,1024,0.020163596606567705,0.003574709647701754,0.022049406552376714,0.9144734375807617,0.12027690985003603,0.06502959702905689,0.034571351425569906,0.010910161247152593,0.004581676940304663
1.0,42,fourier_gaussian,17,2.5,1024,0.015149356619260727,0.0024238970590817165,0.01654586800333205,0.9155975749480117,0.11094456349441327,0.04841174724515011,0.026156264099688773,0.008182280284097093,0.0034224813502905056
1.0,42,scalar_normalized,0,0.5,1024,0.11657032738439196,0.46628130953756786,0.25451124087094984,0.458016419964331,0.4987098591067254,0.05812563094407293,0.15072128918527045,0.12191314214910409,0.0681428153163173
1.0,42,scalar_normalized,1,0.625,1024,0.12501371820046914,0.320035118593201,0.245662157011717,0.5088847208750452,0.42835341432764995,0.08502238511495154,0.17767182460447176,0.12218135229129039,0.06431676307553841
1.0,42,scalar_normalized,2,0.75,1024,0.12674710046168186,0.22532817859854554,0.2272133861828322,0.5578328926434468,0.36972299638872874,0.10666305365650439,0.19350370279609333,0.11587413247888394,0.06030215691617442
1.0,42,scalar_normalized,3,0.800000011920929,1024,0.12946932920394033,0.20229582085227146,0.22092399094548656,0.5860356254196365,0.3581094472990336,0.1189715772972828,0.20380704473186725,0.11406578166381308,0.061336654476249725
1.0,42,scalar_normalized,4,0.875,1024,0.12749546655482893,0.1665246910103888,0.20802849885256244,0.6128750015409654,0.32717865584434624,0.14027633339693704,0.2012854671137356,0.10943716546956254,0.05743301030438576
1.0,42,scalar_normalized,5,1.0,1024,0.12544968811552798,0.12544968811552798,0.18866346927700323,0.6649389444404722,0.29774328183131515,0.15979605952634013,0.2054079014303621,0.10159801349840007,0.05432676221452174
1.0,42,scalar_normalized,6,1.125,1024,0.11868227428777157,0.09377364881996766,0.16656224675733286,0.7125400659411231,0.2707788195370296,0.17294071961338203,0.1985366828186467,0.0919554594907575,0.04754326761848551
1.0,42,scalar_normalized,7,1.25,1024,0.10699576581876119,0.06847729012400716,0.14418740701494248,0.7420604062022765,0.24236084499040092,0.17962683477275748,0.17726111930319383,0.07988494548117607,0.04414764259176026
1.0,42,scalar_normalized,8,1.375,1024,0.09370798638863924,0.04956455478407365,0.12185080469494965,0.7690387160202575,0.22620979064276875,0.18025991915402229,0.15614997340331976,0.06665025430919279,0.036833701348569885
1.0,42,scalar_normalized,9,1.5,1024,0.08147783354432293,0.03621237046414352,0.10209634070744247,0.7980485194645519,0.2104103727373044,0.16316527640963968,0.1359066792237928,0.05680079704404156,0.03255788863448564
1.0,42,scalar_normalized,10,1.625,1024,0.06858751851216187,0.025973971507564256,0.08421561102624589,0.8144276064301961,0.19100251579383973,0.15279526061847243,0.11233858414145372,0.046365698783780405,0.027974864086022715
1.0,42,scalar_normalized,11,1.75,1024,0.05830582636916375,0.019038637181767758,0.06931799879163486,0.8411354537863543,0.1759366242641767,0.1360505629424278,0.09417835259561383,0.03925638802189957,0.02330547095999277
1.0,42,scalar_normalized,12,1.875,1024,0.046506246111983965,0.013228443338519883,0.05343565402748417,0.8703223897673991,0.163138966084428,0.11356360542659012,0.07324865126469418,0.03109746079095103,0.019921070767397922
1.0,42,scalar_normalized,13,2.0,1024,0.03743792916903507,0.009359482292258768,0.04298544785916096,0.870944262153509,0.15129233167044862,0.09281950108747501,0.058403589377671955,0.024787326568757456,0.01718926977781836
1.0,42,scalar_normalized,14,2.125,1024,0.031773997253224995,0.00703645613912249,0.03455925081612765,0.9194064252804094,0.14070257811953635,0.08166009163512605,0.04874956730713991,0.020901598309968992,0.014954216286398321
1.0,42,scalar_normalized,15,2.25,1024,0.026411236416304853,0.005217034353837996,0.027392517260649743,0.9641770475123682,0.13261708659869628,0.07097891161880314,0.039232042761974895,0.017493383699393905,0.012548538064278213
1.0,42,scalar_normalized,16,2.375,1024,0.02202699868296224,0.0039050634784198986,0.022049406552376714,0.998983742743314,0.1223637884374591,0.06260928141209868,0.031013093927031055,0.014730582357226714,0.011070245074542752
1.0,42,scalar_normalized,17,2.5,1024,0.017996273079278667,0.0028794036926845868,0.01654586800333205,1.0876596547037924,0.1134456801978918,0.051499042687778204,0.025037764011548516,0.011989831256240487,0.009556419637554544
1.0,42,fourier_normalized,0,0.5,1024,0.12412845204878431,0.49651380819513724,0.25451124087094984,0.4877130441233586,0.5070865020388966,0.06091035136598468,0.13923999724728223,0.13854367818138422,0.07792712890763265
1.0,42,fourier_normalized,1,0.625,1024,0.11815302437648294,0.3024717424037963,0.245662157011717,0.48095736768625524,0.42131828704758867,0.08448649747400669,0.15409741499466673,0.12186419901841425,0.058935518464902414
1.0,42,fourier_normalized,2,0.75,1024,0.11410354577621816,0.20285074804661007,0.2272133861828322,0.5021867227681834,0.35511517413671156,0.10963774999930027,0.16512525694236546,0.10797371498713193,0.04903641767123653
1.0,42,fourier_normalized,3,0.800000011920929,1024,0.11253676065702936,0.17583868328620722,0.22092399094548656,0.5093913077317077,0.3414822132341593,0.11866488916770002,0.16723498788093932,0.10316706651011608,0.04728757430804482
1.0,42,fourier_normalized,4,0.875,1024,0.1101027041685641,0.14380761360792046,0.20802849885256244,0.5292674069940676,0.3111228593237732,0.13607647642283002,0.1715097708178479,0.09546653276099398,0.04179691530162126
1.0,42,fourier_normalized,5,1.0,1024,0.10162853688521399,0.10162853688521399,0.18866346927700323,0.5386762857413532,0.27298235358503664,0.15259810421660647,0.16329863811833378,0.0827039704442044,0.03516918161937485
1.0,42,fourier_normalized,6,1.125,1024,0.09282793579837904,0.0733455295197069,0.16656224675733286,0.5573167845989825,0.24543614952100118,0.15775400954770058,0.15714689611947938,0.06996590475241553,0.028780749318217724
1.0,42,fourier_normalized,7,1.25,1024,0.08356652428449111,0.05348257554207431,0.14418740701494248,0.5795688126621967,0.21878809297516447,0.16629369257596888,0.14227001357324637,0.059385799458854,0.024594632506067676
1.0,42,fourier_normalized,8,1.375,1024,0.06943069223596707,0.03672367192646192,0.12185080469494965,0.5698008512113237,0.2008469592162988,0.1582350345060502,0.11918418465828354,0.04652723906169157,0.018168449771288
1.0,42,fourier_normalized,9,1.5,1024,0.05790038487751126,0.025733504390005005,0.10209634070744247,0.5671151823494348,0.18716547869510336,0.14124187229434107,0.09991222533578337,0.03728671144439849,0.014785719578548129
1.0,42,fourier_normalized,10,1.625,1024,0.04943541449809468,0.01872110371525479,0.08421561102624589,0.5870101029450238,0.1721039665427682,0.13436695965722384,0.08593993313407061,0.02971174327518919,0.011865947565597593
1.0,42,fourier_normalized,11,1.75,1024,0.040221595394495435,0.013133582169631163,0.06931799879163486,0.5802474984224341,0.15778071567838298,0.1170870675935994,0.06850198590981288,0.023895867615670613,0.00891727708776715
1.0,42,fourier_normalized,12,1.875,1024,0.032195173841507496,0.00915773833713991,0.05343565402748417,0.6025035985326985,0.14880242543603237,0.09435313170614598,0.055103578002585515,0.018882352190571064,0.007229804978329459
1.0,42,fourier_normalized,13,2.0,1024,0.025306781625744713,0.006326695406436178,0.04298544785916096,0.5887290440397585,0.13819042428601136,0.07862278147077847,0.043919631523590935,0.013947905169108467,0.005508581840736303
1.0,42,fourier_normalized,14,2.125,1024,0.021204116328199754,0.004695721262992333,0.03455925081612765,0.6135583332236039,0.12946166201475506,0.06821399769974712,0.0363757435385583,0.011556737756534501,0.004561386240771426
1.0,42,fourier_normalized,15,2.25,1024,0.01767140414870269,0.0034906477330770747,0.027392517260649743,0.6451179342355748,0.12393057245389678,0.05982625978814247,0.02985195987728398,0.009457572566504428,0.003627749030951734
1.0,42,fourier_normalized,16,2.375,1024,0.01376813676467098,0.00244088851229624,0.022049406552376714,0.6244221009742734,0.11308052069718202,0.04948911279350157,0.022755751690580736,0.007185124363707641,0.0028143259506759285
1.0,42,fourier_normalized,17,2.5,1024,0.010872049890119112,0.0017395279824190578,0.01654586800333205,0.6570854963867516,0.10652672084940748,0.03686562725575726,0.018669544669354735,0.005670565301889123,0.0022190135238812276
1.0,42,scalar_gate_s1p5_p4,0,0.5,1024,0.06559686492606337,0.2623874597042535,0.25451124087094984,0.25773661195312125,0.4480977970110544,0.07622221987726227,0.09378237175693721,0.058589292335291865,0.03605937426342511
1.0,42,scalar_gate_s1p5_p4,1,0.625,1024,0.0790672582097131,0.20241218101686553,0.245662157011717,0.32185363497374947,0.38118788537918424,0.11908319236789802,0.12029535626345625,0.06430129261566521,0.039324323826025645
1.0,42,scalar_gate_s1p5_p4,2,0.75,1024,0.09002345205736537,0.1600416925464273,0.2272133861828322,0.3962066389210274,0.3331917966559036,0.15618970518344683,0.14173125903280218,0.06804504184851971,0.044368982042182724
1.0,42,scalar_gate_s1p5_p4,3,0.800000011920929,1024,0.09536733701070695,0.149011459638342,0.22092399094548656,0.43167487877873356,0.32265343123989976,0.17251880619451476,0.15520780751650887,0.06905948119739168,0.04550758408191254
1.0,42,scalar_gate_s1p5_p4,4,0.875,1024,0.10060184856895016,0.13139833282475122,0.20802849885256244,0.48359647415544943,0.3012995905241375,0.19599813809446553,0.1605368956799227,0.07246318983229404,0.047354314751524816
1.0,42,scalar_gate_s1p5_p4,5,1.0,1024,0.10619872995460397,0.10619872995460397,0.18866346927700323,0.5629003344504323,0.2766878558168185,0.2197779421259689,0.1718114387196935,0.07400077642834318,0.04809106537622732
1.0,42,scalar_gate_s1p5_p4,6,1.125,1024,0.10740910908755358,0.0848664565630053,0.16656224675733286,0.6448586710290933,0.2599348841751259,0.23088948099556678,0.17535285354830027,0.07298660662795564,0.04806058827803335
1.0,42,scalar_gate_s1p5_p4,7,1.25,1024,0.1034492540877292,0.0662075226161467,0.14418740701494248,0.7174638633803055,0.2390697135521172,0.2331091772785867,0.1662344673941096,0.06959080866982714,0.04770748912687324
1.0,42,scalar_gate_s1p5_p4,8,1.375,1024,0.09511131036822529,0.05030680878980511,0.12185080469494965,0.7805554555534862,0.22738751584440564,0.2275580630847669,0.15246971929998876,0.06292675342495413,0.0411453803215916
1.0,42,scalar_gate_s1p5_p4,9,1.5,1024,0.08606613874739191,0.03825161722106307,0.10209634070744247,0.8429894563411907,0.2149219738329236,0.2130217235453145,0.13577791942498413,0.056778436005840406,0.03780119190090997
1.0,42,scalar_gate_s1p5_p4,10,1.625,1024,0.07550253729144196,0.028592676844096363,0.08421561102624589,0.8965384965016938,0.19754973471011028,0.20566539928746924,0.11629271174357887,0.04854015221510864,0.03253186966710928
1.0,42,scalar_gate_s1p5_p4,11,1.75,1024,0.06573431632095109,0.021464266553779948,0.06931799879163486,0.9483008376878266,0.183975598110919,0.19357409037965229,0.09846657495464022,0.04160411528219784,0.02768007486373761
1.0,42,scalar_gate_s1p5_p4,12,1.875,1024,0.05456930397947445,0.015521935354161622,0.05343565402748417,1.0212152348955474,0.17057324212671326,0.1689768663791472,0.07931210730447916,0.03427988628979688,0.02367125245176319
1.0,42,scalar_gate_s1p5_p4,13,2.0,1024,0.04635761766880679,0.011589404417201698,0.04298544785916096,1.07844910260548,0.1603750853199772,0.15873024212160414,0.06496580119188311,0.028239163398137854,0.019294660620977525
1.0,42,scalar_gate_s1p5_p4,14,2.125,1024,0.039808952217012895,0.008815823328335035,0.03455925081612765,1.1519043751502676,0.14912137729727276,0.1397937587175077,0.05487517973569665,0.02408315222950821,0.016886010747429053
1.0,42,scalar_gate_s1p5_p4,15,2.25,1024,0.03437184183076837,0.006789499620892518,0.027392517260649743,1.2547894559564505,0.13978202523750444,0.13158623671203312,0.045204978587060816,0.020206892919070248,0.014616964107516561
1.0,42,scalar_gate_s1p5_p4,16,2.375,1024,0.029158427239521535,0.0051693610618542335,0.022049406552376714,1.3224132436516092,0.12891574700940772,0.11881562978163895,0.03679242725493224,0.016822123479631596,0.012381128892754886
1.0,42,scalar_gate_s1p5_p4,17,2.5,1024,0.024036454892823418,0.003845832782851747,0.01654586800333205,1.4527164660072769,0.11998330171779413,0.09986458659070022,0.029316342434382678,0.013968712275952578,0.010556942650520812
1.0,42,fourier_gate_s1p5_p4,0,0.5,1024,0.06619195283245924,0.26476781132983696,0.25451124087094984,0.2600747715737315,0.44930501164801984,0.07492166888649938,0.09546647344696567,0.059172086581960034,0.03581801310075575
1.0,42,fourier_gate_s1p5_p4,1,0.625,1024,0.07774114333319766,0.19901732693298602,0.245662157011717,0.31645551060389715,0.37993450497900344,0.10887591742974749,0.11932138437117337,0.06362279053342441,0.039859617566745505
1.0,42,fourier_gate_s1p5_p4,2,0.75,1024,0.08783972763566392,0.15615951579673584,0.2272133861828322,0.3865957420527229,0.3305303940244416,0.14033405153951634,0.13899450962330318,0.0675310521032605,0.04445604283346686
1.0,42,fourier_gate_s1p5_p4,3,0.800000011920929,1024,0.09230696071543998,0.14422962181949725,0.22092399094548656,0.41782225787427907,0.3197883600070698,0.1571383631898689,0.15160803727718597,0.06753627321313746,0.044443531573018356
1.0,42,fourier_gate_s1p5_p4,4,0.875,1024,0.09738845967891091,0.12720125345816935,0.20802849885256244,0.46814960554002627,0.29849021777112983,0.1787811466727014,0.15667541865650686,0.07096153130522587,0.04660632480055589
1.0,42,fourier_gate_s1p5_p4,5,1.0,1024,0.10201603433044162,0.10201603433044162,0.18866346927700323,0.54073019393414,0.273156895782559,0.20723131557032337,0.16713589751608587,0.07099708483959,0.044977152721468114
1.0,42,fourier_gate_s1p5_p4,6,1.125,1024,0.10287530304334135,0.08128419005893638,0.16656224675733286,0.6176387809731096,0.2552247319522677,0.22211426621598393,0.169446165513209,0.06980764103449297,0.04320551336775795
1.0,42,fourier_gate_s1p5_p4,7,1.25,1024,0.09896841931609766,0.0633397883623025,0.14418740701494248,0.6863873993228918,0.23500639018366543,0.22839889334641844,0.16265266988949853,0.06564137367161384,0.039748327381256825
1.0,42,fourier_gate_s1p5_p4,8,1.375,1024,0.0894577007842029,0.04731646983627261,0.12185080469494965,0.7341576529441718,0.2217820610570943,0.22306838542109136,0.1483870834681859,0.05731553902944546,0.031892140065712025
1.0,42,fourier_gate_s1p5_p4,9,1.5,1024,0.08046623328724029,0.03576277034988457,0.10209634070744247,0.7881402284320517,0.21031348712013276,0.2072161690323459,0.13280539044884934,0.05094079014570478,0.02854277478734422
1.0,42,fourier_gate_s1p5_p4,10,1.625,1024,0.06922950609573461,0.026217091065840328,0.08421561102624589,0.8220507486926523,0.19106616368391205,0.19012367953702147,0.11411434126158408,0.04237387046591102,0.02372543737950981
1.0,42,fourier_gate_s1p5_p4,11,1.75,1024,0.05831616283059825,0.019042012352848407,0.06931799879163486,0.8412845703450359,0.1770047643985469,0.16668830101394586,0.09519652854731522,0.035485349867575205,0.018794062648217598
1.0,42,fourier_gate_s1p5_p4,12,1.875,1024,0.04718932728976351,0.013422741984643842,0.05343565402748417,0.8831056370245246,0.16327315545236315,0.13604792255866732,0.07779163415836758,0.028233500068485115,0.015030242765461416
1.0,42,fourier_gate_s1p5_p4,13,2.0,1024,0.0387384142893604,0.0096846035723401,0.04298544785916096,0.9011983408032483,0.1521938683979564,0.11618934026305779,0.0638877801633618,0.022607705467241963,0.01193837163375127
1.0,42,fourier_gate_s1p5_p4,14,2.125,1024,0.0320146245908261,0.0070897438540237735,0.03455925081612765,0.9263691727913831,0.1409571988101805,0.09900459294309054,0.05258101363217199,0.018475262457713276,0.009384207491157176
1.0,42,fourier_gate_s1p5_p4,15,2.25,1024,0.02609446847365735,0.00515446290837676,0.027392517260649743,0.9526130156406952,0.1316474968703823,0.08358812436292556,0.0424394978929309,0.01488434181350688,0.0074450858392571505
1.0,42,fourier_gate_s1p5_p4,16,2.375,1024,0.02142070115672076,0.003797575828338307,0.022049406552376714,0.971486516239677,0.12120817348243795,0.0700834669591084,0.035280669544485846,0.011840347523836671,0.005938334523596278
1.0,42,fourier_gate_s1p5_p4,17,2.5,1024,0.01657361202075204,0.0026517779233203266,0.01654586800333205,1.0016767943159224,0.11227166821026374,0.052583848572539435,0.027339323681714076,0.009375354066702446,0.004622301032236118
1.0,42,scalar_gate_s1p5_p4_plateau_lo0p8_hi1,0,0.5,1024,0.08658146308481597,0.3463258523392639,0.25451124087094984,0.34018718697268535,0.4684459931013377,0.07411106065968495,0.11876011487081675,0.08153497502202221,0.05536748282755272
1.0,42,scalar_gate_s1p5_p4_plateau_lo0p8_hi1,1,0.625,1024,0.10614582921902607,0.2717333228007067,0.245662157011717,0.4320805064573433,0.40887583539371924,0.11536867143863108,0.15892852260124773,0.09092579753959074,0.06468402609538502
1.0,42,scalar_gate_s1p5_p4_plateau_lo0p8_hi1,2,0.75,1024,0.1245978427918058,0.2215072760743214,0.2272133861828322,0.5483736890904193,0.3676172836832618,0.15504331268352933,0.19462751493057523,0.09940142578261928,0.07837296219551847
1.0,42,scalar_gate_s1p5_p4_plateau_lo0p8_hi1,3,0.800000011920929,1024,0.13426081583852995,0.20978251849569673,0.22092399094548656,0.607724019758719,0.3612016222972022,0.18223727334049986,0.2159572161556388,0.10341474269296226,0.0788987929902755
1.0,42,scalar_gate_s1p5_p4_plateau_lo0p8_hi1,4,0.875,1024,0.12655154761379428,0.1652918172914864,0.20802849885256244,0.6083375514019648,0.3267769463955047,0.18718262832813806,0.20371066863856627,0.09866994345148541,0.061026347786064444
1.0,42,scalar_gate_s1p5_p4_plateau_lo0p8_hi1,5,1.0,1024,0.1371138196282753,0.1371138196282753,0.18866346927700323,0.7267640108269149,0.3091661614708414,0.20597370914890606,0.23988905216267603,0.10159546612243181,0.05032724752217656
1.0,42,scalar_gate_s1p5_p4_plateau_lo0p8_hi1,6,1.125,1024,0.12872997739124614,0.10171257472888584,0.16656224675733286,0.7728640787296467,0.28085990189980603,0.20729062992137295,0.22848777560967726,0.09231357246934578,0.04531105885781075
1.0,42,scalar_gate_s1p5_p4_plateau_lo0p8_hi1,7,1.25,1024,0.11640830573600966,0.07450131567104618,0.14418740701494248,0.807340309018429,0.2512480842852022,0.21458441006954088,0.2036439368446098,0.08072105243119677,0.04159897162027406
1.0,42,scalar_gate_s1p5_p4_plateau_lo0p8_hi1,8,1.375,1024,0.10204108941918211,0.05397214646965004,0.12185080469494965,0.8374264714512091,0.2336109188064589,0.21138417795878195,0.1784085044452644,0.0680184654031798,0.03406054868904466
1.0,42,scalar_gate_s1p5_p4_plateau_lo0p8_hi1,9,1.5,1024,0.08906719020524571,0.03958541786899809,0.10209634070744247,0.8723837660398441,0.21802004093116814,0.19664143580367777,0.1548740173378171,0.057825572064361244,0.030337696280442288
1.0,42,scalar_gate_s1p5_p4_plateau_lo0p8_hi1,10,1.625,1024,0.07454535940443167,0.02823019527741791,0.08421561102624589,0.8851726953711649,0.19673750287295777,0.17856826113948024,0.12811971710433798,0.04699309705785221,0.025597880283315926
1.0,42,scalar_gate_s1p5_p4_plateau_lo0p8_hi1,11,1.75,1024,0.06248687945150751,0.02040387900457388,0.06931799879163486,0.9014524443981536,0.18000954531786365,0.15884544556086175,0.10604189147024935,0.03867972196626086,0.02146136074614586
1.0,42,scalar_gate_s1p5_p4_plateau_lo0p8_hi1,12,1.875,1024,0.049995588107164965,0.014220967283815812,0.05343565402748417,0.9356222735002021,0.16668117819994044,0.1311322706171861,0.08281052059921744,0.030959437005424997,0.018496344222299836
1.0,42,scalar_gate_s1p5_p4_plateau_lo0p8_hi1,13,2.0,1024,0.04110817763348602,0.010277044408371506,0.04298544785916096,0.9563277732542024,0.15494767325374775,0.11099319935415082,0.06799388097419276,0.02503380387856916,0.015211771590435083
1.0,42,scalar_gate_s1p5_p4_plateau_lo0p8_hi1,14,2.125,1024,0.03385593425174516,0.007497507931182318,0.03455925081612765,0.9796489638006192,0.14309878693166325,0.09321369439553241,0.054701563640274176,0.020871735902949898,0.012871920132149411
1.0,42,scalar_gate_s1p5_p4_plateau_lo0p8_hi1,15,2.25,1024,0.02796334883549497,0.00552362446133234,0.027392517260649743,1.0208389601223413,0.13350816131075813,0.08071807909031561,0.04378027326397064,0.01716371558272833,0.011334803109311849
1.0,42,scalar_gate_s1p5_p4_plateau_lo0p8_hi1,16,2.375,1024,0.023382894401779708,0.004145443882863992,0.022049406552376714,1.0604772670972071,0.12355974211158861,0.06835991466261455,0.035784715930831545,0.014415337995611786,0.010225413517413691
1.0,42,scalar_gate_s1p5_p4_plateau_lo0p8_hi1,17,2.5,1024,0.01837545602535827,0.0029400729640573233,0.01654586800333205,1.1105767326112943,0.11439966352199632,0.05421656863957447,0.027479610797517574,0.011442403352557228,0.008470095075314448
1.0,42,fourier_gate_s1p5_p4_plateau_lo0p8_hi1,0,0.5,1024,0.07082269725444734,0.28329078901778937,0.25451124087094984,0.27826942736237753,0.45155207849660356,0.06850350889402432,0.08965067910565169,0.06699944205510382,0.05308257602783902
1.0,42,fourier_gate_s1p5_p4_plateau_lo0p8_hi1,1,0.625,1024,0.090361970965493,0.23132664567166208,0.245662157011717,0.3678302432278291,0.3933746431502262,0.10982277496063833,0.123903757230922,0.07909533752927006,0.0624834083664919
1.0,42,fourier_gate_s1p5_p4_plateau_lo0p8_hi1,2,0.75,1024,0.11023775140143263,0.195978224713658,0.2272133861828322,0.48517278516648404,0.35337555625050965,0.14891943109196956,0.1538659045397237,0.09215033678454787,0.07951700121351493
1.0,42,fourier_gate_s1p5_p4_plateau_lo0p8_hi1,3,0.800000011920929,1024,0.11788431311008293,0.18419423374508861,0.22092399094548656,0.5335967026739578,0.34542695445813676,0.16844877427892674,0.1743494307212684,0.09468791460406016,0.07704135328581488
1.0,42,fourier_gate_s1p5_p4_plateau_lo0p8_hi1,4,0.875,1024,0.11412691546758573,0.14906372632500994,0.20802849885256244,0.5486119262364708,0.31464290260929895,0.18358081791782224,0.1787472127466864,0.09005119060876311,0.05161362396571645
1.0,42,fourier_gate_s1p5_p4_plateau_lo0p8_hi1,5,1.0,1024,0.15943144046546498,0.15943144046546498,0.18866346927700323,0.8450572921002601,0.33191982786352225,0.23368443982461579,0.24278604957687622,0.1335314441110882,0.067838233073296
1.0,42,fourier_gate_s1p5_p4_plateau_lo0p8_hi1,6,1.125,1024,0.1443981481849316,0.11409236399797065,0.16656224675733286,0.8669320388989921,0.29694457730501783,0.24062198785265915,0.2316817354485808,0.1132592261608688,0.05340556532505504
1.0,42,fourier_gate_s1p5_p4_plateau_lo0p8_hi1,7,1.25,1024,0.1287254047365996,0.08238425903142374,0.14418740701494248,0.8927645444325071,0.2645549467553655,0.24421879590729606,0.21060149328341116,0.09526848781960072,0.04539771613387694
1.0,42,fourier_gate_s1p5_p4_plateau_lo0p8_hi1,8,1.375,1024,0.11001799793875608,0.058191337752730485,0.12185080469494965,0.902891024923334,0.24176328422635768,0.23472261276808443,0.1832285346202528,0.07723867641154702,0.034418583591480374
1.0,42,fourier_gate_s1p5_p4_plateau_lo0p8_hi1,9,1.5,1024,0.0940956981552521,0.041820310291223156,0.10209634070744247,0.9216363437048517,0.2228405820661844,0.21380375014141015,0.16046114242254017,0.062698044080433,0.02822157263707982
1.0,42,fourier_gate_s1p5_p4_plateau_lo0p8_hi1,10,1.625,1024,0.07805981728135593,0.029561114236726506,0.08421561102624589,0.9269043628624686,0.19976302130479331,0.19556389077926087,0.13312260329679707,0.0497000444241197,0.02202729877129471
1.0,42,fourier_gate_s1p5_p4_plateau_lo0p8_hi1,11,1.75,1024,0.0646772444178552,0.021119100218075167,0.06931799879163486,0.9330512355423092,0.18270764630899697,0.17355039757785257,0.10923441742866569,0.040229386699016066,0.017337980914252628
1.0,42,fourier_gate_s1p5_p4_plateau_lo0p8_hi1,12,1.875,1024,0.050517535007855496,0.01436943218001223,0.05343565402748417,0.9453900383042423,0.16681630079463414,0.14080831194479343,0.08603516457380496,0.030430583997222028,0.013097576854706265
1.0,42,fourier_gate_s1p5_p4_plateau_lo0p8_hi1,13,2.0,1024,0.04075205764910146,0.010188014412275365,0.04298544785916096,0.9480431094407331,0.15441143788591258,0.11970311829292712,0.06982461266361967,0.02353164003793555,0.010260726018903892
1.0,42,fourier_gate_s1p5_p4_plateau_lo0p8_hi1,14,2.125,1024,0.03310322201952655,0.007330817333043941,0.03455925081612765,0.9578686238209301,0.14191750387956165,0.09977495264883475,0.05692725698929782,0.01873889892295702,0.007974752310691268
1.0,42,fourier_gate_s1p5_p4_plateau_lo0p8_hi1,15,2.25,1024,0.026592950373325125,0.005252928468804963,0.027392517260649743,0.9708107553710216,0.13213543047777598,0.0857791567456426,0.045257596805664504,0.01453362919080893,0.006087566531828818
1.0,42,fourier_gate_s1p5_p4_plateau_lo0p8_hi1,16,2.375,1024,0.021584580349432336,0.0038266292032234613,0.022049406552376714,0.9789188792070109,0.12163015572745574,0.07208212573278965,0.03651503004375369,0.011558287002165496,0.004864474991781712
1.0,42,fourier_gate_s1p5_p4_plateau_lo0p8_hi1,17,2.5,1024,0.016269346639998968,0.0026030954623998347,0.01654586800333205,0.9832875879780137,0.11216029832993964,0.05341715052388538,0.02785752975027278,0.008694715823931727,0.0036457353691626403
1.0,42,scalar_gate_s1p5_p4_cap_lo1_hi2_d0p5,0,0.5,1024,0.06504962750730903,0.2601985100292361,0.25451124087094984,0.25558646166159904,0.4470482271034581,0.07658730587916421,0.09212032998160236,0.05783100686387617,0.037784457554947797
1.0,42,scalar_gate_s1p5_p4_cap_lo1_hi2_d0p5,1,0.625,1024,0.07914825412636683,0.2026195305634991,0.245662157011717,0.3221833394656378,0.3813883648912803,0.12201155460417883,0.11981335916974797,0.06361751196010772,0.04171348196743926
1.0,42,scalar_gate_s1p5_p4_cap_lo1_hi2_d0p5,2,0.75,1024,0.09257288819741093,0.16457402346206387,0.2272133861828322,0.40742708760530566,0.3356393896094475,0.1635062987300801,0.14471782599479574,0.0693186031477935,0.04831284756024306
1.0,42,scalar_gate_s1p5_p4_cap_lo1_hi2_d0p5,3,0.800000011920929,1024,0.09829397195094017,0.15358432659617435,0.22092399094548656,0.44492212697350014,0.3252837553217627,0.18093255305726036,0.15888136511537065,0.0709178263693466,0.04809372235223935
1.0,42,scalar_gate_s1p5_p4_cap_lo1_hi2_d0p5,4,0.875,1024,0.10354534123093753,0.13524289466897962,0.20802849885256244,0.4977459425130207,0.3045322428584613,0.20464794901983296,0.16484819823981195,0.07397736350605817,0.050095618070874336
1.0,42,scalar_gate_s1p5_p4_cap_lo1_hi2_d0p5,5,1.0,1024,0.11011367949786346,0.11011367949786346,0.18866346927700323,0.5836513020768751,0.2810265446630496,0.22782261203541765,0.1785428393631408,0.07643628155844018,0.05029371387655052
1.0,42,scalar_gate_s1p5_p4_cap_lo1_hi2_d0p5,6,1.125,1024,0.10875867076202742,0.08593277689839203,0.16656224675733286,0.6529611174162391,0.26134578317521834,0.2281969801789215,0.1790657878634542,0.07434294406943721,0.04742859152211278
1.0,42,scalar_gate_s1p5_p4_cap_lo1_hi2_d0p5,7,1.25,1024,0.10449951329080714,0.06687968850611657,0.14418740701494248,0.7247478504137161,0.2396861951530547,0.24913822852725778,0.16969516835647758,0.06896279777228548,0.042491098890446825
1.0,42,scalar_gate_s1p5_p4_cap_lo1_hi2_d0p5,8,1.375,1024,0.09658365147536754,0.051085567722508454,0.12185080469494965,0.7926386019129068,0.22829396459564968,0.26084356917248924,0.1578115279942177,0.06010320315781971,0.03429361036530268
1.0,42,scalar_gate_s1p5_p4_cap_lo1_hi2_d0p5,9,1.5,1024,0.08793642310386861,0.03908285471283049,0.10209634070744247,0.8613082750521963,0.21615478889778877,0.25246576914003616,0.1424450265989075,0.05315890719446356,0.031008773639236584
1.0,42,scalar_gate_s1p5_p4_cap_lo1_hi2_d0p5,10,1.625,1024,0.07732405193611172,0.029282481206574854,0.08421561102624589,0.9181676769169743,0.1990545238040854,0.2463322045525469,0.1211603243305612,0.04517012947490979,0.026969856634722577
1.0,42,scalar_gate_s1p5_p4_cap_lo1_hi2_d0p5,11,1.75,1024,0.06745419474019841,0.022025859507003562,0.06931799879163486,0.9731122640017505,0.18529343729612,0.22934580555615253,0.10288539183688833,0.03866744204779941,0.023275570730727002
1.0,42,scalar_gate_s1p5_p4_cap_lo1_hi2_d0p5,12,1.875,1024,0.055417748226962396,0.015763270606780413,0.05343565402748417,1.037093102640023,0.17178005486673573,0.19270873826657192,0.08171678098429935,0.03211576021456073,0.020420872460986596
1.0,42,scalar_gate_s1p5_p4_cap_lo1_hi2_d0p5,13,2.0,1024,0.04701547976535868,0.01175386994133967,0.04298544785916096,1.0937534004391871,0.16092755301411918,0.17470219877561796,0.06747958472922343,0.026450329701511916,0.01738834950954286
1.0,42,scalar_gate_s1p5_p4_cap_lo1_hi2_d0p5,14,2.125,1024,0.03979742316137255,0.008813270181065203,0.03455925081612765,1.1515707725585422,0.14921934618939328,0.1470577787717276,0.05598534206654038,0.022896039781804833,0.0152794847581328
1.0,42,scalar_gate_s1p5_p4_cap_lo1_hi2_d0p5,15,2.25,1024,0.03427254551214436,0.006769885533263084,0.027392517260649743,1.2511645127765607,0.13989235302038225,0.13601378463955566,0.045853080222296554,0.019323661120859925,0.013635580879275442
1.0,42,scalar_gate_s1p5_p4_cap_lo1_hi2_d0p5,16,2.375,1024,0.028820442027657763,0.005109441245900545,0.022049406552376714,1.3070847035813395,0.12879437351827885,0.11819310127547396,0.037170293257774406,0.01638457273406232,0.011304735367801964
1.0,42,scalar_gate_s1p5_p4_cap_lo1_hi2_d0p5,17,2.5,1024,0.023379924327830575,0.003740787892452892,0.01654586800333205,1.4130370388016067,0.11943315110421712,0.09574177632782735,0.029362258630991102,0.01347568785121713,0.009959638922753323
1.0,42,fourier_gate_s1p5_p4_cap_lo1_hi2_d0p5,0,0.5,1024,0.06389654383250032,0.2555861753300013,0.25451124087094984,0.25105588112274824,0.4464810183787095,0.0728332707191158,0.0892887106369705,0.05735382420776978,0.03850700649208239
1.0,42,fourier_gate_s1p5_p4_cap_lo1_hi2_d0p5,1,0.625,1024,0.07704881336917073,0.19724496222507706,0.245662157011717,0.31363729076715646,0.3797784452263284,0.1069612527045725,0.11466817680997718,0.0635688380593597,0.0444762743473556
1.0,42,fourier_gate_s1p5_p4_cap_lo1_hi2_d0p5,2,0.75,1024,0.0880322857535207,0.15650184133959236,0.2272133861828322,0.3874432190482105,0.330106264071956,0.13673678608117168,0.13337799807104742,0.06925290000456816,0.05130397650304343
1.0,42,fourier_gate_s1p5_p4_cap_lo1_hi2_d0p5,3,0.800000011920929,1024,0.09247079536265189,0.1444856134481367,0.22092399094548656,0.41856384617580644,0.32051530685283197,0.15395572769907534,0.14514541912876253,0.06942422686411293,0.05173353836381158
1.0,42,fourier_gate_s1p5_p4_cap_lo1_hi2_d0p5,4,0.875,1024,0.09782544493713996,0.12777200971381547,0.20802849885256244,0.47025020839318993,0.29909037892336887,0.1758327938162848,0.1498539532162657,0.07343488346809213,0.05413502416890546
1.0,42,fourier_gate_s1p5_p4_cap_lo1_hi2_d0p5,5,1.0,1024,0.10293781637991026,0.10293781637991026,0.18866346927700323,0.5456160473163613,0.2740578856199198,0.20254750000782998,0.16106977154550678,0.07414269904409627,0.053034959560858415
1.0,42,fourier_gate_s1p5_p4_cap_lo1_hi2_d0p5,6,1.125,1024,0.09967293585485873,0.07875392462606122,0.16656224675733286,0.5984125322233063,0.25183730196626997,0.2178563239974888,0.16681844787199124,0.06817437033681226,0.03364027970222647
1.0,42,fourier_gate_s1p5_p4_cap_lo1_hi2_d0p5,7,1.25,1024,0.09720103154937282,0.062208660191598604,0.14418740701494248,0.6741298256324122,0.23309986972391478,0.2257582569545733,0.16155581779571682,0.06534124272054176,0.03173104412856728
1.0,42,fourier_gate_s1p5_p4_cap_lo1_hi2_d0p5,8,1.375,1024,0.08872230055693917,0.04692749781524055,0.12185080469494965,0.7281224016456286,0.22126708148523141,0.2217056743680282,0.14883655585541458,0.057540651377006743,0.025770202588789426
1.0,42,fourier_gate_s1p5_p4_cap_lo1_hi2_d0p5,9,1.5,1024,0.07909121266546422,0.03515165007353965,0.10209634070744247,0.7746723547330697,0.2082193891380544,0.20560348096267084,0.13361661136610076,0.04973053317829032,0.022790699539652626
1.0,42,fourier_gate_s1p5_p4_cap_lo1_hi2_d0p5,10,1.625,1024,0.06758552052069744,0.025594516646891337,0.08421561102624589,0.8025295986944075,0.18977729358497566,0.1876555049055549,0.11401127172904904,0.040995770284266264,0.018795472385224873
1.0,42,fourier_gate_s1p5_p4_cap_lo1_hi2_d0p5,11,1.75,1024,0.05697708574403376,0.018604762691929393,0.06931799879163486,0.8219666859584762,0.17515297319734435,0.1678394784061082,0.09527553723286884,0.033814750896875696,0.014802885485327199
1.0,42,fourier_gate_s1p5_p4_cap_lo1_hi2_d0p5,12,1.875,1024,0.045544539591870284,0.012954891261687548,0.05343565402748417,0.8523249208935451,0.1618841155819613,0.13659605317019408,0.07707242063149927,0.026270185518595,0.01172502558805666
1.0,42,fourier_gate_s1p5_p4_cap_lo1_hi2_d0p5,13,2.0,1024,0.03709472899786205,0.009273682249465513,0.04298544785916096,0.8629601608293237,0.15057002648613954,0.11440518640550208,0.06269633734981832,0.02104373654205014,0.009267587089873637
1.0,42,fourier_gate_s1p5_p4_cap_lo1_hi2_d0p5,14,2.125,1024,0.030885269071724612,0.0068396443619044124,0.03455925081612765,0.8936903533022043,0.13976206064988797,0.0983180404560006,0.05223389455330989,0.01713412184512115,0.007418284747032762
1.0,42,fourier_gate_s1p5_p4_cap_lo1_hi2_d0p5,15,2.25,1024,0.025057244096947706,0.004949579080878559,0.027392517260649743,0.9147477706601016,0.13041056841360457,0.08349079513457315,0.04194494486290701,0.013598097029859379,0.00586169219000628
1.0,42,fourier_gate_s1p5_p4_cap_lo1_hi2_d0p5,16,2.375,1024,0.0206800241091884,0.00366626466201678,0.022049406552376714,0.9378948163554675,0.12049409379191543,0.07040305791746818,0.03455067049894733,0.011023501333597531,0.004877386675027061
1.0,42,fourier_gate_s1p5_p4_cap_lo1_hi2_d0p5,17,2.5,1024,0.01595624172669033,0.0025529986762704527,0.01654586800333205,0.9643641375282952,0.11167174334632433,0.052582364606521825,0.02663549438245421,0.008752861622214772,0.003835826911222484
1.0,43,scalar_gate_s1p5_p4_linear_sigma,0,0.5,1024,0.06457408142564337,0.2582963257025735,0.25451124087094984,0.25371799376981435,0.44598478222341653,0.07308130728965676,0.09113586516127266,0.058322982559483254,0.03624215835445552
1.0,43,scalar_gate_s1p5_p4_linear_sigma,1,0.625,1024,0.07841776440180495,0.20074947686862069,0.245662157011717,0.31920978532344635,0.38059973481468906,0.11034196814260941,0.11908945520064537,0.0641022981882925,0.04245751771002211
1.0,43,scalar_gate_s1p5_p4_linear_sigma,2,0.75,1024,0.09068284997329785,0.16121395550808507,0.2272133861828322,0.3991087474939875,0.3342318320645894,0.15020986225701544,0.14084558812613823,0.06940005736874541,0.048835747383381124
1.0,43,scalar_gate_s1p5_p4_linear_sigma,3,0.800000011920929,1024,0.0946838777642022,0.14794355459750438,0.22092399094548656,0.42858123899982253,0.323641705526588,0.16445545975459125,0.15220346525742218,0.0695792519007074,0.0485045410436864
1.0,43,scalar_gate_s1p5_p4_linear_sigma,4,0.875,1024,0.10205886214612243,0.133301370966364,0.20802849885256244,0.4906003874904436,0.30326625733835977,0.1877374387424163,0.16219325907915533,0.07432135760497428,0.052340186644904835
1.0,43,scalar_gate_s1p5_p4_linear_sigma,5,1.0,1024,0.10694117410889747,0.10694117410889747,0.18866346927700323,0.5668356175083485,0.27847030635038217,0.20919724775792597,0.17277940994261243,0.07574402320295759,0.050942395133050086
1.0,43,scalar_gate_s1p5_p4_linear_sigma,6,1.125,1024,0.10880436073495939,0.08596887761774569,0.16656224675733286,0.6532354291154475,0.2619497534741441,0.22230910518632147,0.17612284580156062,0.0755945096421115,0.05152830004989239
1.0,43,scalar_gate_s1p5_p4_linear_sigma,7,1.25,1024,0.10568308798005133,0.06763717630723284,0.14418740701494248,0.7329564361269021,0.240967954762936,0.22887909789190158,0.16734268003592498,0.07325970267378686,0.05011215219780279
1.0,43,scalar_gate_s1p5_p4_linear_sigma,8,1.375,1024,0.09709864925711287,0.0513579632434316,0.12185080469494965,0.7968650637982805,0.22937742090257424,0.22386072492253878,0.15370000609270762,0.06544038022001031,0.04564854476431747
1.0,43,scalar_gate_s1p5_p4_linear_sigma,9,1.5,1024,0.08990805430548028,0.03995913524688013,0.10209634070744247,0.8806197527011493,0.21828945696695562,0.2096988788182701,0.14021010569076423,0.061133028847818696,0.04263737884236936
1.0,43,scalar_gate_s1p5_p4_linear_sigma,10,1.625,1024,0.07653909298306089,0.02898521864447276,0.08421561102624589,0.9088468521496257,0.1983474616333663,0.19625531688062098,0.11659517587165406,0.0507046337929227,0.036416111511883884
1.0,43,scalar_gate_s1p5_p4_linear_sigma,11,1.75,1024,0.06682912536812921,0.02182175522224627,0.06931799879163486,0.9640948459722989,0.18528565101223218,0.18391468185432908,0.10044530850765014,0.04372364201418945,0.029306872187086774
1.0,43,scalar_gate_s1p5_p4_linear_sigma,12,1.875,1024,0.05526075857911544,0.01571861577361506,0.05343565402748417,1.0341551831796154,0.17172086112741106,0.16283636172024582,0.08200375648778419,0.03515593990064542,0.02390496444840751
1.0,43,scalar_gate_s1p5_p4_linear_sigma,13,2.0,1024,0.04692641796493316,0.01173160449123329,0.04298544785916096,1.0916814945998592,0.1608801913270655,0.15941501712278955,0.06890777575438918,0.027571045932615394,0.01847507670695823
1.0,43,scalar_gate_s1p5_p4_linear_sigma,14,2.125,1024,0.04082872530951849,0.009041655431865686,0.03455925081612765,1.1814123380957404,0.1501162365207165,0.15966654609861977,0.061524202476237265,0.02090904519933626,0.013267879213206178
1.0,43,scalar_gate_s1p5_p4_linear_sigma,15,2.25,1024,0.038169725930113696,0.007539698949158261,0.027392517260649743,1.3934362281098485,0.1435319768117721,0.17909184837753317,0.058300465376569244,0.015568918803168826,0.009472503589640306
1.0,43,scalar_gate_s1p5_p4_linear_sigma,16,2.375,1024,0.03140921929893525,0.005568393449118714,0.022049406552376714,1.4244927283791062,0.13155669500402647,0.1510394954513512,0.04661667733908557,0.012846752467584788,0.00803734850576087
1.0,43,scalar_gate_s1p5_p4_linear_sigma,17,2.5,1024,0.024864095534237483,0.003978255285477997,0.01654586800333205,1.5027374525912018,0.12097594168599034,0.11936318592885983,0.036381211161614475,0.010315260282944062,0.006851995148996714
1.0,43,fourier_gate_s1p5_p4_linear_sigma,0,0.5,1024,0.06338645637323717,0.2535458254929487,0.25451124087094984,0.24905169672005698,0.4458164053082506,0.07163561684383021,0.08904141711379258,0.057192565276455866,0.0365939144942053
1.0,43,fourier_gate_s1p5_p4_linear_sigma,1,0.625,1024,0.07649135015971642,0.19581785640887403,0.245662157011717,0.31136806372691794,0.3792928375771669,0.10602580091575231,0.11472503925289548,0.06341770970934708,0.0415016274976624
1.0,43,fourier_gate_s1p5_p4_linear_sigma,2,0.75,1024,0.08795969292923356,0.15637278742974856,0.2272133861828322,0.3871237272017718,0.3305018491768769,0.1374060904354931,0.1334286198171612,0.06969324560629307,0.04866240306721539
1.0,43,fourier_gate_s1p5_p4_linear_sigma,3,0.800000011920929,1024,0.09180873146936594,0.14345113864570716,0.22092399094548656,0.4155670512580045,0.321403328941519,0.1551790551788459,0.14497331480401565,0.06893433940633023,0.0485025512739681
1.0,43,fourier_gate_s1p5_p4_linear_sigma,4,0.875,1024,0.09817001958291596,0.12822206639401268,0.20802849885256244,0.471906590320073,0.2997165806087029,0.17894272068114198,0.15336601231582828,0.07345063304395504,0.04855443659479865
1.0,43,fourier_gate_s1p5_p4_linear_sigma,5,1.0,1024,0.10351985960438866,0.10351985960438866,0.18866346927700323,0.548701134358961,0.2745497616521086,0.2052965142237675,0.16457147526593846,0.07481879920716539,0.046867296251488805
1.0,43,fourier_gate_s1p5_p4_linear_sigma,6,1.125,1024,0.10465645882262409,0.08269152302034496,0.16656224675733286,0.6283324154188417,0.25724931793181643,0.22086748135723783,0.17012680283992793,0.07275584348415597,0.04421649266240034
1.0,43,fourier_gate_s1p5_p4_linear_sigma,7,1.25,1024,0.10066454606839162,0.06442530948377063,0.14418740701494248,0.6981507480605398,0.23649514493734874,0.2276024692659621,0.16202971746710165,0.0686505175287877,0.0419917251772051
1.0,43,fourier_gate_s1p5_p4_linear_sigma,8,1.375,1024,0.09163889132232417,0.04847015739362601,0.12185080469494965,0.7520581546567524,0.2236382618474696,0.22365053812749877,0.14911699517575633,0.06017854886976298,0.03496597440080129
1.0,43,fourier_gate_s1p5_p4_linear_sigma,9,1.5,1024,0.08334310417591384,0.037041379633739484,0.10209634070744247,0.8163182303931331,0.21308850507669722,0.20874084881415814,0.13537264285271336,0.054196402181142654,0.031290495931714624
1.0,43,fourier_gate_s1p5_p4_linear_sigma,10,1.625,1024,0.07081222445705669,0.026816463699713775,0.08421561102624589,0.8408443944554174,0.19290752447554257,0.19060271869694462,0.11553975102892045,0.044329826099937276,0.0247909631007012
1.0,43,fourier_gate_s1p5_p4_linear_sigma,11,1.75,1024,0.059542439011320794,0.019442429064921076,0.06931799879163486,0.8589751586785024,0.17776639214478113,0.16828901562977117,0.0954412361261027,0.037289837650322906,0.01937297338300596
1.0,43,fourier_gate_s1p5_p4_linear_sigma,12,1.875,1024,0.047598448032494294,0.013539114107020599,0.05343565402748417,0.8907619621912449,0.1639027433695382,0.13456946710894283,0.07896818834766925,0.02880242839981237,0.01451997326428807
1.0,43,fourier_gate_s1p5_p4_linear_sigma,13,2.0,1024,0.038441181052470234,0.009610295263117559,0.04298544785916096,0.894283599845703,0.1517955597703287,0.11480174092564477,0.06463780997013199,0.02224843199248797,0.010619470607018712
1.0,43,fourier_gate_s1p5_p4_linear_sigma,14,2.125,1024,0.03132648657706462,0.006937353428830919,0.03455925081612765,0.9064573402860224,0.14018980152985955,0.09664807704349668,0.053188583837566986,0.017634837796000353,0.007894769916618792
1.0,43,fourier_gate_s1p5_p4_linear_sigma,15,2.25,1024,0.026384362560782696,0.005211725937932384,0.027392517260649743,0.9631959819437517,0.13188339847100128,0.08366618947676066,0.04445423945004852,0.0147505592564283,0.006386823398550069
1.0,43,fourier_gate_s1p5_p4_linear_sigma,16,2.375,1024,0.021351752794319057,0.0037853522959457606,0.022049406552376714,0.968359522221134,0.12143981897991199,0.07169488653723281,0.03595458127825276,0.011437902702224929,0.004875083758062627
1.0,43,fourier_gate_s1p5_p4_linear_sigma,17,2.5,1024,0.016184968649293387,0.002589594983886942,0.01654586800333205,0.978187946745013,0.11206577434259914,0.05332239429664597,0.02752106738892746,0.008702582234339432,0.0036667942090185517
1.0,43,scalar_gate_s1p5_p4_tanh_sigma,0,0.5,1024,0.06669046750655888,0.2667618700262355,0.25451124087094984,0.2620334853515344,0.4482661102794735,0.07557303769300514,0.09672922640903708,0.059298736366868846,0.036277785881845416
1.0,43,scalar_gate_s1p5_p4_tanh_sigma,1,0.625,1024,0.08052839833969598,0.20615269974962172,0.245662157011717,0.32780139733062397,0.38236633641749523,0.1165915237625021,0.12411139578544977,0.06509226017107148,0.041326744060489556
1.0,43,scalar_gate_s1p5_p4_tanh_sigma,2,0.75,1024,0.09109363851221855,0.1619442462439441,0.2272133861828322,0.4009166891202355,0.33364597942062635,0.15013372481180548,0.14584666632476925,0.06913209392710132,0.04392070955613418
1.0,43,scalar_gate_s1p5_p4_tanh_sigma,3,0.800000011920929,1024,0.09607816447881057,0.15012212752415344,0.22092399094548656,0.43489239927101464,0.32588317272688816,0.16976707537217467,0.15789584212815838,0.0695433146953703,0.04548455289887544
1.0,43,scalar_gate_s1p5_p4_tanh_sigma,4,0.875,1024,0.10268867658809108,0.1341239857477108,0.20802849885256244,0.4936279267239744,0.3038112777198062,0.19312122132985962,0.16603431823490272,0.0735773499543561,0.049810022753553444
1.0,43,scalar_gate_s1p5_p4_tanh_sigma,5,1.0,1024,0.10695962212827086,0.10695962212827086,0.18866346927700323,0.5669334001869142,0.2785649087079588,0.2146958289786211,0.17597315866783822,0.07416369255671094,0.04831117618918293
1.0,43,scalar_gate_s1p5_p4_tanh_sigma,6,1.125,1024,0.10911890384392506,0.08621740550631116,0.16656224675733286,0.6551238709147703,0.261930891586441,0.22827963609076232,0.17909952430979495,0.0743061795464303,0.05002324133578243
1.0,43,scalar_gate_s1p5_p4_tanh_sigma,7,1.25,1024,0.10541092555595977,0.06746299235581425,0.14418740701494248,0.7310688758348763,0.24069787436355441,0.2289101740802776,0.1694785623444048,0.07206681927750543,0.048868834692708474
1.0,43,scalar_gate_s1p5_p4_tanh_sigma,8,1.375,1024,0.09684598273096068,0.05122432144447507,0.12185080469494965,0.7947914909007955,0.2290331099247312,0.22214513391635346,0.15584475006260537,0.06450653701520663,0.04451988507566727
1.0,43,scalar_gate_s1p5_p4_tanh_sigma,9,1.5,1024,0.08832310200139049,0.039254712000617996,0.10209634070744247,0.8650956673802906,0.21668744182694308,0.20619360370682677,0.1386384943897218,0.059746318461744684,0.04134664129111004
1.0,43,scalar_gate_s1p5_p4_tanh_sigma,10,1.625,1024,0.07557232166466893,0.028619104062359832,0.08421561102624589,0.897367135899741,0.19744280906599107,0.19761482950397116,0.11514650578155727,0.04959938584822164,0.035536803074944945
1.0,43,scalar_gate_s1p5_p4_tanh_sigma,11,1.75,1024,0.06619294703655536,0.021614023522140525,0.06931799879163486,0.9549171671202858,0.18487182602463476,0.1859917008969414,0.09935368121872902,0.04287921163555031,0.02875977897182905
1.0,43,scalar_gate_s1p5_p4_tanh_sigma,12,1.875,1024,0.054924475186136315,0.015622961830723219,0.05343565402748417,1.0278619432240201,0.1715062424662499,0.16626114549138887,0.08037523856745088,0.034735007448265694,0.024096290459503584
1.0,43,scalar_gate_s1p5_p4_tanh_sigma,13,2.0,1024,0.04716529166401472,0.01179132291600368,0.04298544785916096,1.0972385775425384,0.1611547338118488,0.16003410177311767,0.06627731861109705,0.028644910241618634,0.02044934573764082
1.0,43,scalar_gate_s1p5_p4_tanh_sigma,14,2.125,1024,0.03986909048578044,0.008829141145639959,0.03455925081612765,1.1536445248163443,0.1488840805081405,0.14561839469391952,0.056147185966682014,0.022924593054556748,0.016193186477612097
1.0,43,scalar_gate_s1p5_p4_tanh_sigma,15,2.25,1024,0.034487272759367485,0.0068123007919738245,0.027392517260649743,1.2590034143707411,0.1398723348650232,0.14189687675587326,0.046194644221273486,0.01878269632681511,0.013330565574229245
1.0,43,scalar_gate_s1p5_p4_tanh_sigma,16,2.375,1024,0.029389090804233416,0.005210254325404262,0.022049406552376714,1.3328744578418394,0.1293476435130368,0.13081327341842702,0.038274861805030785,0.015204114937697551,0.010833083068510465
1.0,43,scalar_gate_s1p5_p4_tanh_sigma,17,2.5,1024,0.02402294889952456,0.00384367182392393,0.01654586800333205,1.4519001901070863,0.12020220302630633,0.11108368598210712,0.030814910510696715,0.01205041648815256,0.008810841210077972
1.0,43,fourier_gate_s1p5_p4_tanh_sigma,0,0.5,1024,0.06363526857800313,0.2545410743120125,0.25451124087094984,0.25002930463990564,0.4453286546666091,0.07455648536213014,0.0918402731556077,0.05652173655654963,0.03429903875212653
1.0,43,fourier_gate_s1p5_p4_tanh_sigma,1,0.625,1024,0.07689718502258985,0.19685679365783001,0.245662157011717,0.31302006771406066,0.37975409566935203,0.11021254024029684,0.11764565638382654,0.06307137208117936,0.03817777637143814
1.0,43,fourier_gate_s1p5_p4_tanh_sigma,2,0.75,1024,0.08621853192963147,0.1532773900971226,0.2272133861828322,0.3794606179596032,0.3288706832656181,0.14065162680726698,0.1367317585510946,0.06650326027090342,0.04065654704798329
1.0,43,fourier_gate_s1p5_p4_tanh_sigma,3,0.800000011920929,1024,0.09077067791538765,0.1418291800159542,0.22092399094548656,0.4108683603211998,0.3195396400021625,0.15723196324540273,0.14799786627308667,0.06687253540201724,0.0423923895910915
1.0,43,fourier_gate_s1p5_p4_tanh_sigma,4,0.875,1024,0.09563831008178501,0.12491534378029064,0.20802849885256244,0.45973657748483515,0.29681187356133715,0.1796073525612914,0.15417884632197537,0.06942370241169303,0.043949739919846166
1.0,43,fourier_gate_s1p5_p4_tanh_sigma,5,1.0,1024,0.10063389921286314,0.10063389921286314,0.18866346927700323,0.5334042652693323,0.2722172233670535,0.20696888052714435,0.1648718576195888,0.07025134763256165,0.04213662284077799
1.0,43,fourier_gate_s1p5_p4_tanh_sigma,6,1.125,1024,0.10213995429538457,0.08070317376425447,0.16656224675733286,0.6132239224906342,0.25505057641450213,0.2219274481914467,0.16956360122240177,0.06866048230349095,0.04220509067447321
1.0,43,fourier_gate_s1p5_p4_tanh_sigma,7,1.25,1024,0.09859371341328535,0.06309997658450263,0.14418740701494248,0.6837886570986594,0.23428123623759403,0.2269954738505698,0.16136892752343307,0.06561222024708496,0.04025577338017727
1.0,43,fourier_gate_s1p5_p4_tanh_sigma,8,1.375,1024,0.09041693772452103,0.04782383482949873,0.12185080469494965,0.7420298778565928,0.22236476229725036,0.2264257388460727,0.14941775736188284,0.05766507699094797,0.033695398295180694
1.0,43,fourier_gate_s1p5_p4_tanh_sigma,9,1.5,1024,0.0809258267488763,0.03596703411061169,0.10209634070744247,0.7926417948785219,0.21046028992921437,0.20887592970834928,0.1321346879744862,0.05158982225253969,0.029629366578689913
1.0,43,fourier_gate_s1p5_p4_tanh_sigma,10,1.625,1024,0.06870466643794082,0.026018335219101848,0.08421561102624589,0.8158186540560625,0.19048117685408272,0.18887346124621662,0.11279602893905308,0.04212663580285348,0.02396547394169571
1.0,43,fourier_gate_s1p5_p4_tanh_sigma,11,1.75,1024,0.058241639286188376,0.01901767813426559,0.06931799879163486,0.840209473750948,0.17641098199373828,0.16742329874488193,0.09546685830399107,0.03517904876136647,0.018532336649036592
1.0,43,fourier_gate_s1p5_p4_tanh_sigma,12,1.875,1024,0.04675445099797748,0.013299043839424705,0.05343565402748417,0.8749673200206314,0.16304756305854096,0.1360227074370657,0.07697332511807306,0.027910034042146942,0.01462855192922947
1.0,43,fourier_gate_s1p5_p4_tanh_sigma,13,2.0,1024,0.03802024595777509,0.009505061489443772,0.04298544785916096,0.884491097599959,0.15127919350259558,0.1149237858404227,0.06307421861113037,0.022028918142459716,0.011167344163752924
1.0,43,fourier_gate_s1p5_p4_tanh_sigma,14,2.125,1024,0.031160461152185726,0.006900586552733171,0.03455925081612765,0.9016532597299296,0.1399283853080924,0.09695916878608697,0.0519808267258586,0.0177040180965841,0.008427091879094963
1.0,43,fourier_gate_s1p5_p4_tanh_sigma,15,2.25,1024,0.025178775813831825,0.004973585345942089,0.027392517260649743,0.9191844464036159,0.13054603844790466,0.08241409662535933,0.041799769084610625,0.013867207081463898,0.0065655358705441974
1.0,43,fourier_gate_s1p5_p4_tanh_sigma,16,2.375,1024,0.020347288717416923,0.0036072755620905348,0.022049406552376714,0.9228043697721959,0.12042624732645825,0.06968991231406788,0.03340170394350184,0.010982000879554947,0.0051068470381607075
1.0,43,fourier_gate_s1p5_p4_tanh_sigma,17,2.5,1024,0.015590835416233406,0.002494533666597345,0.01654586800333205,0.9422796926153213,0.11153593204963656,0.05124335352752065,0.026265931489836164,0.008438162028070649,0.0038271429121726794
1.0,43,score,0,0.5,1024,0.0895791277409175,0.35831651096367,0.25451124087094984,0.3519653098007513,0.4705997329017435,0.08095640750302173,0.1189320976533268,0.08790804307545033,0.04849945676500784
1.0,43,score,1,0.625,1024,0.09716910885977974,0.24875291868103613,0.245662157011717,0.39553958998717575,0.3995507655886384,0.1170605085985134,0.14470970252526572,0.08510699460278887,0.04716970745936274
1.0,43,score,2,0.75,1024,0.09992552854342457,0.17764538407719924,0.2272133861828322,0.4397871543669408,0.3416690805338869,0.14528799417486768,0.15585328333956489,0.08065417732555888,0.04809992148919933
1.0,43,score,3,0.800000011920929,1024,0.10128789750541528,0.1582623351356262,0.22092399094548656,0.4584739623430407,0.33044541779510994,0.15835560939963939,0.16450903298324737,0.0777225247321596,0.04621522496922188
1.0,43,score,4,0.875,1024,0.1035813190371993,0.13528988608940318,0.20802849885256244,0.4979188890393871,0.3047830210601242,0.17584354469732366,0.16684604382496224,0.07755160673012425,0.04929948498561302
1.0,43,score,5,1.0,1024,0.1032232505688639,0.1032232505688639,0.18866346927700323,0.5471289750179851,0.2753797126467339,0.2012753702723864,0.16766749803503805,0.07351751116816642,0.046403981863010084
1.0,43,score,6,1.125,1024,0.1010400371391805,0.07983410341861175,0.16656224675733286,0.606620282244315,0.25394484856604915,0.20888784100046368,0.1624519524714516,0.07027911194870307,0.04815579178956721
1.0,43,score,7,1.25,1024,0.09824281427937895,0.06287540113880252,0.14418740701494248,0.6813550247782583,0.2329310933747511,0.20808082269664707,0.15023955244345955,0.06965305597038239,0.05278880647874042
1.0,43,score,8,1.375,1024,0.09092445819949801,0.04809227541130474,0.12185080469494965,0.7461949752988916,0.22317135902880622,0.2025900114796193,0.13453625884137865,0.06448654734874856,0.05123250178336301
1.0,43,score,9,1.5,1024,0.0889589048495878,0.03953729104426124,0.10209634070744247,0.871323146678684,0.21842417963105426,0.18787884140568917,0.12258058450531954,0.06671992817463185,0.05824542148028641
1.0,43,score,10,1.625,1024,0.08393877250174878,0.031787464142674096,0.08421561102624589,0.9967127410093737,0.2068445291292495,0.17270379865077318,0.10806664612510043,0.0657577066393177,0.06041489812440531
1.0,43,score,11,1.75,1024,0.08302191712039853,0.027109197427068906,0.06931799879163486,1.197696392966518,0.201491256902635,0.16041389087264044,0.0967457501654458,0.06898523368679652,0.06865592148267657
1.0,43,score,12,1.875,1024,0.08022583295402808,0.02281979248470132,0.05343565402748417,1.501354000697074,0.19612717841113728,0.13595682731866315,0.08754736744032662,0.07062836043953928,0.07250522649721335
1.0,43,score,13,2.0,1024,0.08172299999357754,0.020430749998394386,0.04298544785916096,1.901178283900581,0.19430884886645725,0.12522271673077692,0.08373428032294022,0.07524777054136399,0.07844285915129547
1.0,43,score,14,2.125,1024,0.08764616328030965,0.019409530968649887,0.03455925081612765,2.5361129425701585,0.1962639850026098,0.12913693980426708,0.08664644178261828,0.082507306898357,0.0857864719836058
1.0,43,score,15,2.25,1024,0.09339374997855476,0.018448148143912053,0.027392517260649743,3.409462120252744,0.19849213508405716,0.12277076652413235,0.09006793113636047,0.0905429650408083,0.09375538404862144
1.0,43,score,16,2.375,1024,0.09758090171876149,0.017299661246539432,0.022049406552376714,4.425556827888559,0.1967662317237161,0.12862950697123432,0.09157696984914604,0.0956350382487434,0.09835637301121682
1.0,43,score,17,2.5,1024,0.10371153289843457,0.016593845263749532,0.01654586800333205,6.268122825441909,0.198807823146843,0.12025713900796778,0.09744328715500306,0.10400411173089093,0.10455777968107044
1.0,43,scalar_gaussian,0,0.5,1024,0.10354299413774527,0.4141719765509811,0.25451124087094984,0.4068307308683739,0.48586015624215934,0.06043137370138938,0.14151315367128137,0.10378325247000887,0.05908374595421642
1.0,43,scalar_gaussian,1,0.625,1024,0.11804385211410486,0.3021922614121084,0.245662157011717,0.4805129676870609,0.41892018235678075,0.09187011823790678,0.17303277116338606,0.11110222067759477,0.0610506780511976
1.0,43,scalar_gaussian,2,0.75,1024,0.12584368271626578,0.22372210260669473,0.2272133861828322,0.5538568164069476,0.36850214078290167,0.11664184004789932,0.19471448544103723,0.11156331998327883,0.062466871901493026
1.0,43,scalar_gaussian,3,0.800000011920929,1024,0.12892274906336654,0.20144178940807703,0.22092399094548656,0.5835615612030949,0.35862624658385955,0.13525407638073042,0.20479932025510098,0.11004942913250047,0.06181287150724176
1.0,43,scalar_gaussian,4,0.875,1024,0.13088436523346442,0.17095100765187188,0.20802849885256244,0.6291655516210164,0.3321553716147546,0.15255077748967208,0.20817802507205446,0.10983574338670554,0.06095353457694481
1.0,43,scalar_gaussian,5,1.0,1024,0.13147202921930368,0.13147202921930368,0.18866346927700323,0.6968600213021166,0.30365669332257167,0.18956982557852392,0.21204435580350806,0.10457070171419935,0.05758302122265651
1.0,43,scalar_gaussian,6,1.125,1024,0.12582756711979426,0.09941931229218312,0.16656224675733286,0.755438699761984,0.2781805252332597,0.20036007663240296,0.20702862004379202,0.09629071882875384,0.05164683906961299
1.0,43,scalar_gaussian,7,1.25,1024,0.11568065118045257,0.07403561675548964,0.14418740701494248,0.8022937202030709,0.2506755017301346,0.20659133069038987,0.18864847094766035,0.08552302260463056,0.04938296870855671
1.0,43,scalar_gaussian,8,1.375,1024,0.10311363162713072,0.05453944152178815,0.12185080469494965,0.8462285652136072,0.2351119183602725,0.2089028152619136,0.1686862505173382,0.0729695151355166,0.041646091660202576
1.0,43,scalar_gaussian,9,1.5,1024,0.09145335488068172,0.04064593550252521,0.10209634070744247,0.8957554624091937,0.22017726559184075,0.19339193758446876,0.14815550331645994,0.06376941591312518,0.03860075892574119
1.0,43,scalar_gaussian,10,1.625,1024,0.07764869667019264,0.02940542359107887,0.08421561102624589,0.9220226003702964,0.20018568817897303,0.1813020146266493,0.12377980602103283,0.052751619019322175,0.03210828564062258
1.0,43,scalar_gaussian,11,1.75,1024,0.06617260455677369,0.021607381079762837,0.06931799879163486,0.954623701063327,0.18376695055394038,0.16590751013814006,0.10231806155353444,0.04442959192705865,0.028646003396252354
1.0,43,scalar_gaussian,12,1.875,1024,0.05409939342586522,0.015388271907801662,0.05343565402748417,1.012421283325917,0.17073617873836694,0.14235055972127414,0.08192323934885483,0.036021791577611983,0.023899515269835445
1.0,43,scalar_gaussian,13,2.0,1024,0.04563505364475143,0.011408763411187857,0.04298544785916096,1.0616395993888845,0.1592840362019492,0.12178401682805758,0.06789577474841389,0.030316142507234037,0.021626900878136013
1.0,43,scalar_gaussian,14,2.125,1024,0.03880610375502995,0.008593739239868224,0.03455925081612765,1.12288614013937,0.14753832171630435,0.10435536353604377,0.05675431302903697,0.025886896744619824,0.019287813873336977
1.0,43,scalar_gaussian,15,2.25,1024,0.03304531989162554,0.00652747059587665,0.027392517260649743,1.2063630215940846,0.13816237420535538,0.09695991366641907,0.04535893528783763,0.02219628695739129,0.01663157595280372
1.0,43,scalar_gaussian,16,2.375,1024,0.028029999653591736,0.004969307417811277,0.022049406552376714,1.2712360120445223,0.1277613155156551,0.08394417466343787,0.03785171402140649,0.018702371403607053,0.014743450271948696
1.0,43,scalar_gaussian,17,2.5,1024,0.02334609597946345,0.0037353753567141517,0.01654586800333205,1.4109925193868311,0.11916198003466819,0.0708350287852761,0.030516505825636246,0.015731843089643604,0.012980915611246433
1.0,43,fourier_gaussian,0,0.5,1024,0.19286297171088962,0.7714518868435585,0.25451124087094984,0.7577778138635572,0.5747946566522666,0.08169354153260092,0.1874629751052102,0.22063509884768817,0.1593068354810191
1.0,43,fourier_gaussian,1,0.625,1024,0.19068988042426657,0.4881660938861224,0.245662157011717,0.7762281449607703,0.49401587878341036,0.12054358282175552,0.21868594530182767,0.20436627398458204,0.1282228880821391
1.0,43,fourier_gaussian,2,0.75,1024,0.17607357636276694,0.3130196913115857,0.2272133861828322,0.7749260698094851,0.41905722378532395,0.148054342225978,0.2295380587494352,0.17518491346676318,0.09994901980292038
1.0,43,fourier_gaussian,3,0.800000011920929,1024,0.17047943184389874,0.2663741043175248,0.22092399094548656,0.7716655448523239,0.3990242021592699,0.16007483214428858,0.23331959740745314,0.16332440759045438,0.09157400674370852
1.0,43,fourier_gaussian,4,0.875,1024,0.16252252271512135,0.21227431538301564,0.20802849885256244,0.7812512401500677,0.36280320974850594,0.18268441973914767,0.22976601333503782,0.14971032309578391,0.08017912849497456
1.0,43,fourier_gaussian,5,1.0,1024,0.1487126183100459,0.1487126183100459,0.18866346927700323,0.788242784254646,0.3202598263827298,0.2022895936762051,0.22627253662163238,0.12674871676907043,0.06403807192971128
1.0,43,fourier_gaussian,6,1.125,1024,0.13194626038026738,0.10425383536218658,0.16656224675733286,0.792173874626595,0.2847396396511687,0.20732146869631274,0.2103416394514685,0.10557780623451303,0.050315741962067936
1.0,43,fourier_gaussian,7,1.25,1024,0.1140309274849205,0.07297979359034912,0.14418740701494248,0.7908521960805024,0.24983551956272182,0.21003017593041823,0.18527532258847734,0.08565299734491279,0.04124682313779428
1.0,43,fourier_gaussian,8,1.375,1024,0.09969070399422653,0.05272896740190494,0.12185080469494965,0.8181374283395143,0.23152087795760234,0.20543637111291946,0.16538131622169963,0.07115424656728098,0.03196419524790598
1.0,43,fourier_gaussian,9,1.5,1024,0.08122230983411728,0.036098804370718794,0.10209634070744247,0.7955457489594087,0.20937255777265348,0.18244479969034738,0.13718134429173956,0.05489840006410424,0.02495074667604351
1.0,43,fourier_gaussian,10,1.625,1024,0.06835936663856175,0.02588757079803522,0.08421561102624589,0.8117184665116005,0.1907229769421768,0.1706428908988004,0.11542006356512935,0.043970733809932994,0.02000656042157324
1.0,43,fourier_gaussian,11,1.75,1024,0.05637091919762329,0.018406830758407607,0.06931799879163486,0.8132219651503558,0.17438092557791388,0.15038950979989668,0.09414430905408123,0.03557080798062614,0.015563873715757641
1.0,43,fourier_gaussian,12,1.875,1024,0.04354248554006749,0.012385418109174753,0.05343565402748417,0.8148582876457691,0.16020609926515095,0.12092423792431725,0.0732947836357315,0.026592750290395675,0.01169198187750848
1.0,43,fourier_gaussian,13,2.0,1024,0.035330752254511176,0.008832688063627794,0.04298544785916096,0.8219235581834602,0.14838487621387683,0.10448355604494752,0.05987914368780729,0.02055696173280365,0.009083040682637461
1.0,43,fourier_gaussian,14,2.125,1024,0.028736945505733656,0.006363891046252436,0.03455925081612765,0.8315268655165141,0.1372576384996204,0.08605525315305598,0.0486238392340143,0.016638067377304666,0.0072458364476762965
1.0,43,fourier_gaussian,15,2.25,1024,0.023462144687184633,0.004634497715987088,0.027392517260649743,0.8565165612175695,0.12924131647711143,0.07490041155215707,0.03951529073964404,0.013049778293360789,0.00568200982338441
1.0,43,fourier_gaussian,16,2.375,1024,0.018327386839170574,0.0032491766141465837,0.022049406552376714,0.8311963769018109,0.1180878626919561,0.06129437717068873,0.030484079744584263,0.009966661445169278,0.004429900756041075
1.0,43,fourier_gaussian,17,2.5,1024,0.014499175313364452,0.0023198680501383124,0.01654586800333205,0.8763018845819736,0.1100640756593069,0.04684834862809794,0.02448311109735797,0.007943175559464777,0.0035453033705894763
1.0,43,scalar_normalized,0,0.5,1024,0.11099088048235364,0.4439635219294146,0.25451124087094984,0.4360942176956014,0.49232004958395276,0.05922946947388541,0.1462157886544715,0.11433754944674857,0.064482189315579
1.0,43,scalar_normalized,1,0.625,1024,0.11907738800617058,0.3048381132957967,0.245662157011717,0.48472011096316764,0.4209131737232012,0.08358777722377908,0.17161113214940854,0.1150709525405677,0.060535938389575966
1.0,43,scalar_normalized,2,0.75,1024,0.12188545434631959,0.21668525217123483,0.2272133861828322,0.5364360630066126,0.364030366882821,0.10271464241623354,0.18727715894971975,0.11066045168384309,0.058689551737456186
1.0,43,scalar_normalized,3,0.800000011920929,1024,0.1254037124786248,0.19594329490828596,0.22092399094548656,0.5676328403354275,0.35377989748050365,0.12016515761451418,0.2002533518318953,0.10892279073797373,0.05750925512866505
1.0,43,scalar_normalized,4,0.875,1024,0.12381978162413028,0.1617237964070273,0.20802849885256244,0.5952058602888154,0.32511925900158445,0.13380330087390305,0.19723705330908187,0.10583724605635922,0.0556878111903667
1.0,43,scalar_normalized,5,1.0,1024,0.12227022636000034,0.12227022636000034,0.18866346927700323,0.6480863880462111,0.29454215345984264,0.1617245333669991,0.19975614027368555,0.0984015622905418,0.052768939771959796
1.0,43,scalar_normalized,6,1.125,1024,0.11636906854564788,0.09194593070273413,0.16656224675733286,0.6986521304265774,0.26820778998981787,0.17281054480180363,0.19581122997288042,0.08912332760071985,0.04671053832465388
1.0,43,scalar_normalized,7,1.25,1024,0.10410123276780756,0.06662478897139684,0.14418740701494248,0.7219856083341543,0.23931115512249904,0.1776509982515017,0.17297658223460896,0.07716750203767354,0.04254483564972569
1.0,43,scalar_normalized,8,1.375,1024,0.09289301692262629,0.04913349655411638,0.12185080469494965,0.7623504592783081,0.22464749608027795,0.17896806089150502,0.15435336785975567,0.06620760425284902,0.036622260915288946
1.0,43,scalar_normalized,9,1.5,1024,0.08043720596327422,0.03574986931701077,0.10209634070744247,0.7878559153629943,0.20970046628110972,0.16014644177432397,0.13389573441415464,0.056120508893965505,0.03297999108406999
1.0,43,scalar_normalized,10,1.625,1024,0.06808779431352602,0.025784726840625237,0.08421561102624589,0.8084937398638167,0.19060162750568266,0.1518662171420619,0.1119956937166048,0.04596200059788291,0.027072070062406597
1.0,43,scalar_normalized,11,1.75,1024,0.056886698019603124,0.018575248332931633,0.06931799879163486,0.820662728458169,0.17467499795884656,0.13274362182017857,0.09168871620195701,0.03823095316263306,0.023350966376985687
1.0,43,scalar_normalized,12,1.875,1024,0.04623218249774953,0.013150487466026534,0.05343565402748417,0.8651935367717294,0.16237320923799056,0.1154886340257875,0.0728694152129353,0.03061373114991748,0.019404334135874828
1.0,43,scalar_normalized,13,2.0,1024,0.037230348893121074,0.009307587223280268,0.04298544785916096,0.866115179609246,0.15066550871131212,0.09465464620250243,0.05785760923104388,0.024407260866774277,0.017100053442245456
1.0,43,scalar_normalized,14,2.125,1024,0.031774279680815,0.007036518683640691,0.03455925081612765,0.9194145975521841,0.14038732070154145,0.08181306737227947,0.04856001938186191,0.02104183656211518,0.014678423276561766
1.0,43,scalar_normalized,15,2.25,1024,0.02622454683448417,0.005180157399404281,0.027392517260649743,0.9573616979026823,0.1322591678859588,0.07057075915692369,0.038778620061651864,0.01742275654473724,0.012520617568319178
1.0,43,scalar_normalized,16,2.375,1024,0.021754288576350457,0.0038567159802948177,0.022049406552376714,0.9866156045821357,0.1213863387793819,0.06085319252104175,0.031037478734557644,0.014431087311937684,0.011194653102490749
1.0,43,scalar_normalized,17,2.5,1024,0.017900395008487086,0.002864063201357934,0.01654586800333205,1.0818649710539365,0.11352383033205007,0.05062319794774338,0.02484799734066389,0.011978137235962135,0.009742740814569086
1.0,43,fourier_normalized,0,0.5,1024,0.1351820634183739,0.5407282536734956,0.25451124087094984,0.5311437834956693,0.5187479886794193,0.0601643429837496,0.1544927538033665,0.14937721290134912,0.08890233826193865
1.0,43,fourier_normalized,1,0.625,1024,0.13044745517715914,0.3339454852535274,0.245662157011717,0.5310034592382797,0.4337006340010098,0.08273247845510837,0.17295017528630685,0.13362062740393152,0.06940784474978473
1.0,43,fourier_normalized,2,0.75,1024,0.12321039355791027,0.21904069965850714,0.2272133861828322,0.542267318082951,0.36497233668093276,0.10465462639779007,0.1825531737225153,0.11579389406655805,0.05603876421045444
1.0,43,fourier_normalized,3,0.800000011920929,1024,0.12229874239329835,0.19109177929454982,0.22092399094548656,0.5535783681523109,0.3509502965868708,0.11312564056127924,0.18660454137622542,0.11106859202770283,0.05549850215591053
1.0,43,fourier_normalized,4,0.875,1024,0.11447123078786288,0.1495134442943515,0.20802849885256244,0.5502670615769473,0.31469797269629307,0.12999482206854754,0.18163708707865184,0.09906373501249016,0.04464714182193249
1.0,43,fourier_normalized,5,1.0,1024,0.1106353891089745,0.1106353891089745,0.18866346927700323,0.5864165942296715,0.2826585325584179,0.15099696854821099,0.1835275112158956,0.08915791925812785,0.03976340288918185
1.0,43,fourier_normalized,6,1.125,1024,0.10053379317591568,0.07943410818837782,0.16656224675733286,0.6035809142415384,0.2534149907442139,0.15780889959847616,0.174559583952135,0.07532020141069641,0.03236423045204267
1.0,43,fourier_normalized,7,1.25,1024,0.08560951968833194,0.05479009260053244,0.14418740701494248,0.5937378406386074,0.22026618764850042,0.15991614281662833,0.1488950582443856,0.06076855433736436,0.025664085176616114
1.0,43,fourier_normalized,8,1.375,1024,0.07374436300752057,0.039005282913068734,0.12185080469494965,0.6052021009802742,0.20509472888409797,0.153014755736068,0.1317167389954239,0.04913716866750858,0.019603766130989235
1.0,43,fourier_normalized,9,1.5,1024,0.06180850419902831,0.02747044631067925,0.10209634070744247,0.6053939227473476,0.18998130676038133,0.1426209692374562,0.11015194437174408,0.039306511807899694,0.015976323459337343
1.0,43,fourier_normalized,10,1.625,1024,0.05168899258387508,0.019574529735905358,0.08421561102624589,0.6137697269425042,0.17523125420663513,0.1291092243667949,0.0934803738134022,0.03100653476986038,0.012515693371593667
1.0,43,fourier_normalized,11,1.75,1024,0.041930504292731256,0.01369159323844286,0.06931799879163486,0.6049006754908126,0.15945818730388656,0.11229864688390286,0.07446816902622026,0.024821830195142103,0.00962512325121454
1.0,43,fourier_normalized,12,1.875,1024,0.034082746100999775,0.009694647779839936,0.05343565402748417,0.6378278084417122,0.15068338192240627,0.09472829046015177,0.060652749131609354,0.019595789646370505,0.007883718231208902
1.0,43,fourier_normalized,13,2.0,1024,0.026671592863232164,0.006667898215808041,0.04298544785916096,0.6204795853382734,0.14091807580174293,0.07838482557565449,0.047959296356158976,0.014503116044137836,0.006067014241039588
1.0,43,fourier_normalized,14,2.125,1024,0.022002297763299518,0.00487248116557498,0.03455925081612765,0.6366543615300763,0.1304717934088331,0.0671548507518374,0.03901283485668649,0.011921801701871656,0.004758465280151336
1.0,43,fourier_normalized,15,2.25,1024,0.017913392297252945,0.003538447861185767,0.027392517260649743,0.6539520310163727,0.12365694950152148,0.05868635191394567,0.03113298155433454,0.00942366687577644,0.003832552089856495
1.0,43,fourier_normalized,16,2.375,1024,0.014766874397701621,0.002617950031725495,0.022049406552376714,0.6697175437635483,0.11440221447429545,0.050163924635493205,0.0255469585421351,0.007591278653886664,0.003045058596569966
1.0,43,fourier_normalized,17,2.5,1024,0.011413919483866585,0.0018262271174186537,0.01654586800333205,0.6898350380631599,0.10689198761429443,0.03741765945562929,0.020000339664924965,0.005930892492703203,0.0024163078109563038
1.0,43,scalar_gate_s1p5_p4,0,0.5,1024,0.06596919576049766,0.26387678304199064,0.25451124087094984,0.2591995368642574,0.4474443425685377,0.0764803310299303,0.0952709410032899,0.0586481025142808,0.0356951479982238
1.0,43,scalar_gate_s1p5_p4,1,0.625,1024,0.08003378941887969,0.20488650091233201,0.245662157011717,0.3257880269082813,0.3825967061176485,0.11950869399525679,0.12271445071728952,0.06458233013315316,0.04059873520313065
1.0,43,scalar_gate_s1p5_p4,2,0.75,1024,0.09048470597901413,0.16086169951824736,0.2272133861828322,0.3982366862232476,0.33287265208148026,0.1550359122949741,0.14423348047801227,0.06815618124218886,0.043421752366601965
1.0,43,scalar_gate_s1p5_p4,3,0.800000011920929,1024,0.09562038702793696,0.14940685027848036,0.22092399094548656,0.4328202954269981,0.32504686399855526,0.17350237260997242,0.15565579437473936,0.06921003058109403,0.04539546188723077
1.0,43,scalar_gate_s1p5_p4,4,0.875,1024,0.10185757630873785,0.13303846701549432,0.20802849885256244,0.48963279969120055,0.3031209888817535,0.19710320511144971,0.16348050599348113,0.07286187368406323,0.048930784116458445
1.0,43,scalar_gate_s1p5_p4,5,1.0,1024,0.10594275215701411,0.10594275215701411,0.18866346927700323,0.5615435386776692,0.27744063970610533,0.21705695435578293,0.17359325093794392,0.07315873134123313,0.04779583174010663
1.0,43,scalar_gate_s1p5_p4,6,1.125,1024,0.10839000103763702,0.08564148230134283,0.16656224675733286,0.6507477123285453,0.2610376671776366,0.22998846443973306,0.1773017161030419,0.07358087977846078,0.04982670823264107
1.0,43,scalar_gate_s1p5_p4,7,1.25,1024,0.10460035414034849,0.06694422664982304,0.14418740701494248,0.7254472239001323,0.2400433924788769,0.23336342000868804,0.1690471612204876,0.07044075651078117,0.04754058489383356
1.0,43,scalar_gate_s1p5_p4,8,1.375,1024,0.0955959350040472,0.05056313917569439,0.12185080469494965,0.7845326523970783,0.22764529094900268,0.2270019277828368,0.15342001992988635,0.06312176038926266,0.042474447692414
1.0,43,scalar_gate_s1p5_p4,9,1.5,1024,0.08726095225800753,0.03878264544800335,0.10209634070744247,0.8546922607936966,0.2158789637147729,0.21284740458172408,0.13694072059485168,0.05801645388892924,0.03965032887362688
1.0,43,scalar_gate_s1p5_p4,10,1.625,1024,0.0749389941966575,0.02837926407447385,0.08421561102624589,0.8898468263004431,0.1968432462292763,0.20594358031233817,0.11419455737395673,0.04802413391225236,0.034049361780500234
1.0,43,scalar_gate_s1p5_p4,11,1.75,1024,0.06606256978486037,0.021571451358321753,0.06931799879163486,0.953036309998503,0.184713883210619,0.19228090958351465,0.09850560319987976,0.04226405503732528,0.028170266205150604
1.0,43,scalar_gate_s1p5_p4,12,1.875,1024,0.0548012881517755,0.015587921963171698,0.05343565402748417,1.0255566091431936,0.17151205490575194,0.16761493952704232,0.07968502471483727,0.034760704537561006,0.023598154929327826
1.0,43,scalar_gate_s1p5_p4,13,2.0,1024,0.0469748821457109,0.011743720536427724,0.04298544785916096,1.0928089501270537,0.16101949065447088,0.15476817568879317,0.06546396299052666,0.029383682947496246,0.02067588342424803
1.0,43,scalar_gate_s1p5_p4,14,2.125,1024,0.03968672842428366,0.008788756467661434,0.03455925081612765,1.1483677304070257,0.1489014478573984,0.13788992673628747,0.05472017104558184,0.024053409723328915,0.017462479794469382
1.0,43,scalar_gate_s1p5_p4,15,2.25,1024,0.03404429488871519,0.006724798990363494,0.027392517260649743,1.2428319224834785,0.13929614074754437,0.12919923339195044,0.04456028897833755,0.0201679360798993,0.0149071395053381
1.0,43,scalar_gate_s1p5_p4,16,2.375,1024,0.02914592692370927,0.005167144939383361,0.022049406552376714,1.3218463206470117,0.12896982604298116,0.11741872925545291,0.036509672944286954,0.016994894703641433,0.012918276645303225
1.0,43,scalar_gate_s1p5_p4,17,2.5,1024,0.023782628341246913,0.003805220534599506,0.01654586800333205,1.4373756841561594,0.11974452325383379,0.09673111509202184,0.028900777979220527,0.014146338271978035,0.010560521051656856
1.0,43,fourier_gate_s1p5_p4,0,0.5,1024,0.06464339521242926,0.25857358084971704,0.25451124087094984,0.25399033453774544,0.4460506967141624,0.07510538641684943,0.09379741570640057,0.05732530376275983,0.0346479313638869
1.0,43,fourier_gate_s1p5_p4,1,0.625,1024,0.07712027675319041,0.19742790848816746,0.245662157011717,0.31392819183588017,0.37971083509206816,0.11032072530150797,0.1187386679047232,0.06262100422089623,0.03946236174562271
1.0,43,fourier_gate_s1p5_p4,2,0.75,1024,0.08674606739952054,0.15421523093248096,0.2272133861828322,0.3817823802410938,0.32973255993341927,0.14124869313073468,0.13787643332064758,0.06650529896146999,0.04203352778836663
1.0,43,fourier_gate_s1p5_p4,3,0.800000011920929,1024,0.09148685406776391,0.14294820522069257,0.22092399094548656,0.4141100913315407,0.3202609288757018,0.15846127862731899,0.14930760260379283,0.06703294987819745,0.04386781440898871
1.0,43,fourier_gate_s1p5_p4,4,0.875,1024,0.09606254021662827,0.12546944028294305,0.20802849885256244,0.46177586603031434,0.2971680440540405,0.18039522943747643,0.15518375412584934,0.06913224047505379,0.04584335383460114
1.0,43,fourier_gate_s1p5_p4,5,1.0,1024,0.101143463967259,0.101143463967259,0.18866346927700323,0.536105184299119,0.2727189291968664,0.20878913757767475,0.16605864183670505,0.07004514265451398,0.043418098486160926
1.0,43,fourier_gate_s1p5_p4,6,1.125,1024,0.10216030709716395,0.08071925499035176,0.16656224675733286,0.6133461158578324,0.25488165213361924,0.22410870858748622,0.16975142464354714,0.06809575305316509,0.04293752368629945
1.0,43,fourier_gate_s1p5_p4,7,1.25,1024,0.09817662565470557,0.06283304041901157,0.14418740701494248,0.6808959789708354,0.2335687532125028,0.2284517076611748,0.16236776045759221,0.06457910421855591,0.03860797698254517
1.0,43,fourier_gate_s1p5_p4,8,1.375,1024,0.08954002904692039,0.04736001536366037,0.12185080469494965,0.734833301028102,0.2217821825782262,0.2273305879472784,0.14827809667028785,0.05658392335863709,0.03306733092758308
1.0,43,fourier_gate_s1p5_p4,9,1.5,1024,0.08081509672043241,0.03591782076463663,0.10209634070744247,0.7915572307533375,0.2102683615645721,0.20969301775634808,0.13313033039654207,0.05091630923843904,0.029162366763814826
1.0,43,fourier_gate_s1p5_p4,10,1.625,1024,0.06814229468003341,0.025805366032675376,0.08421561102624589,0.8091408926404011,0.18993588299199668,0.1895570907733511,0.11325942982688,0.04092900738417918,0.023287141929245674
1.0,43,fourier_gate_s1p5_p4,11,1.75,1024,0.058052631127066184,0.01895596118434814,0.06931799879163486,0.837482791469044,0.1761661746513044,0.16885973935645618,0.09521691394741708,0.03472312337053332,0.018556986399238806
1.0,43,fourier_gate_s1p5_p4,12,1.875,1024,0.04689008465662975,0.013337624080108017,0.05343565402748417,0.8775055814328059,0.16303744126020867,0.13663373590667358,0.07706855421879552,0.027925352211854146,0.015026432865240786
1.0,43,fourier_gate_s1p5_p4,13,2.0,1024,0.03842777297442857,0.009606943243607143,0.04298544785916096,0.8939716785162896,0.1519323234282795,0.11624385894113629,0.0633637465463141,0.02237937010382463,0.01149329415407604
1.0,43,fourier_gate_s1p5_p4,14,2.125,1024,0.031942162449739256,0.007073696874682742,0.03455925081612765,0.9242724218672274,0.1408470901773159,0.09853564174241342,0.05276481000140897,0.01835389009331063,0.00926121831957119
1.0,43,fourier_gate_s1p5_p4,15,2.25,1024,0.02594226567014725,0.005124398157066124,0.027392517260649743,0.9470566513948746,0.1313804288165038,0.08286506801901376,0.04254220591305374,0.014655162828456778,0.007447648001996075
1.0,43,fourier_gate_s1p5_p4,16,2.375,1024,0.021191074168830284,0.003756866334640272,0.022049406552376714,0.9610723136013876,0.12122887790813676,0.07028658347727694,0.03413557567215776,0.01186929374751539,0.00611895902763399
1.0,43,fourier_gate_s1p5_p4,17,2.5,1024,0.016423177169187234,0.0026277083470699573,0.01654586800333205,0.9925848052142016,0.11244322635988384,0.05223498429478003,0.02709373006591466,0.009256599735040458,0.004631593923119196
1.0,43,scalar_gate_s1p5_p4_plateau_lo0p8_hi1,0,0.5,1024,0.08052298031923213,0.32209192127692854,0.25451124087094984,0.3163828051117844,0.4626739342120426,0.07453134439209416,0.11052834005085078,0.07472108272072321,0.05242708501690942
1.0,43,scalar_gate_s1p5_p4_plateau_lo0p8_hi1,1,0.625,1024,0.10222490550971366,0.261695758104867,0.245662157011717,0.4161198727276419,0.40485398790800403,0.11195342078836068,0.15204201925831104,0.08768343255163587,0.06319087042125276
1.0,43,scalar_gate_s1p5_p4_plateau_lo0p8_hi1,2,0.75,1024,0.1208579662697879,0.21485860670184515,0.2272133861828322,0.5319139347385848,0.36417495065295596,0.14710279015672295,0.18840692046099033,0.09597931221843758,0.0801765052977875
1.0,43,scalar_gate_s1p5_p4_plateau_lo0p8_hi1,3,0.800000011920929,1024,0.12862983339013645,0.20098410868229497,0.22092399094548656,0.5822356949086445,0.35722745187071425,0.16972319816608275,0.20980463293445645,0.09808310200932698,0.0768881945410999
1.0,43,scalar_gate_s1p5_p4_plateau_lo0p8_hi1,4,0.875,1024,0.12269347355845107,0.1602527001579769,0.20802849885256244,0.5897916594851195,0.32435052337449244,0.17558003386738436,0.1992194935924121,0.09544428055658143,0.06020718911128726
1.0,43,scalar_gate_s1p5_p4_plateau_lo0p8_hi1,5,1.0,1024,0.1372055400050229,0.1372055400050229,0.18866346927700323,0.7272501694727784,0.3096395038005897,0.20947892391672598,0.2387499533229953,0.1013150259270247,0.05211664511678584
1.0,43,scalar_gate_s1p5_p4_plateau_lo0p8_hi1,6,1.125,1024,0.12760696967455532,0.1008252599897721,0.16656224675733286,0.7661218082658785,0.2801088254528641,0.20793888649901188,0.22495658685808015,0.09155229819957993,0.04611867757349793
1.0,43,scalar_gate_s1p5_p4_plateau_lo0p8_hi1,7,1.25,1024,0.11535830165387256,0.07382931305847844,0.14418740701494248,0.8000580913554934,0.2502887169832955,0.2151903733871273,0.20040480115575754,0.08020437781785258,0.041505974957010985
1.0,43,scalar_gate_s1p5_p4_plateau_lo0p8_hi1,8,1.375,1024,0.10101375482504632,0.05342876288266913,0.12185080469494965,0.828995385610556,0.2331574653220983,0.2074152616327421,0.1766305903602025,0.06739070513145856,0.03449228671182474
1.0,43,scalar_gate_s1p5_p4_plateau_lo0p8_hi1,9,1.5,1024,0.08826865933811634,0.03923051526138504,0.10209634070744247,0.8645624194411686,0.21699360019685454,0.1901361563062595,0.1538420120456329,0.057490711621037825,0.031373003140304
1.0,43,scalar_gate_s1p5_p4_plateau_lo0p8_hi1,10,1.625,1024,0.07399439344820677,0.028021545447841616,0.08421561102624589,0.8786303696727479,0.19600175548018078,0.175361145664999,0.12743473797871435,0.04677531475227493,0.025502104791495783
1.0,43,scalar_gate_s1p5_p4_plateau_lo0p8_hi1,11,1.75,1024,0.06216859347798641,0.020299948890771073,0.06931799879163486,0.8968607657711084,0.18026275969796768,0.15699284603101588,0.10489733674492324,0.03882602710473686,0.021709271439580735
1.0,43,scalar_gate_s1p5_p4_plateau_lo0p8_hi1,12,1.875,1024,0.04953715375881554,0.014090568180285309,0.05343565402748417,0.9270430887462616,0.1661863369504051,0.13042032646340626,0.08176671507647776,0.03075951193819336,0.0182428179027717
1.0,43,scalar_gate_s1p5_p4_plateau_lo0p8_hi1,13,2.0,1024,0.04072672615311994,0.010181681538279985,0.04298544785916096,0.9474538054496587,0.15474545399750037,0.10986816058606493,0.06714133475222053,0.024795179604289726,0.015541356476441396
1.0,43,scalar_gate_s1p5_p4_plateau_lo0p8_hi1,14,2.125,1024,0.03428853791931381,0.007593309435418976,0.03455925081612765,0.9921667023902178,0.1429754759941238,0.09594411327584722,0.05541325219234366,0.020807921304268555,0.01340716678157982
1.0,43,scalar_gate_s1p5_p4_plateau_lo0p8_hi1,15,2.25,1024,0.0280784929701746,0.005546368981762884,0.027392517260649743,1.0250424487460408,0.13393088023512656,0.08018145950430555,0.04303620858017894,0.017622343081910838,0.012041916722423922
1.0,43,scalar_gate_s1p5_p4_plateau_lo0p8_hi1,16,2.375,1024,0.023500247157212308,0.004166248803494703,0.022049406552376714,1.065799530766927,0.12331090907306222,0.06860517726666623,0.035424253816155146,0.014594034164194133,0.010889412120797042
1.0,43,scalar_gate_s1p5_p4_plateau_lo0p8_hi1,17,2.5,1024,0.018411636084990704,0.0029458617735985126,0.01654586800333205,1.112763384869438,0.1139093906173851,0.05327248608149397,0.027353665389400206,0.01160607414161834,0.008857456887389826
1.0,43,fourier_gate_s1p5_p4_plateau_lo0p8_hi1,0,0.5,1024,0.0701879437473713,0.2807517749894852,0.25451124087094984,0.2757754176482923,0.45156664599925217,0.06874348572118448,0.09244917291641797,0.06486917527329315,0.05150802725235417
1.0,43,fourier_gate_s1p5_p4_plateau_lo0p8_hi1,1,0.625,1024,0.0916928108226717,0.23473359570603955,0.245662157011717,0.37324760125060025,0.39423595489713203,0.1111407484852831,0.1283663550450947,0.07893102316750579,0.06390218686753997
1.0,43,fourier_gate_s1p5_p4_plateau_lo0p8_hi1,2,0.75,1024,0.11152837243524168,0.19827266210709632,0.2272133861828322,0.4908530008240709,0.35545208879719903,0.1486180120794111,0.1574759441585135,0.09318993347105778,0.07851699232291469
1.0,43,fourier_gate_s1p5_p4_plateau_lo0p8_hi1,3,0.800000011920929,1024,0.11891552663187821,0.1858055048248741,0.22092399094548656,0.5382644325903965,0.3479624329341406,0.17203926574433334,0.17779394354317185,0.09536399408496762,0.07370205334876569
1.0,43,fourier_gate_s1p5_p4_plateau_lo0p8_hi1,4,0.875,1024,0.11607209970549313,0.15160437512554206,0.20802849885256244,0.5579624923783052,0.31722862540083085,0.18681202191570317,0.18494811271364175,0.09036261033344152,0.05145063520197394
1.0,43,fourier_gate_s1p5_p4_plateau_lo0p8_hi1,5,1.0,1024,0.15991723115200734,0.15991723115200734,0.18866346927700323,0.8476321980341117,0.3327524381276446,0.23240723431161564,0.24290483476875346,0.13430401364660277,0.0688725335428715
1.0,43,fourier_gate_s1p5_p4_plateau_lo0p8_hi1,6,1.125,1024,0.14597485234209753,0.11533815493696595,0.16656224675733286,0.8763981945726907,0.2988291217849095,0.24174097278850878,0.23375117422635835,0.11473022087731277,0.05475993205570356
1.0,43,fourier_gate_s1p5_p4_plateau_lo0p8_hi1,7,1.25,1024,0.1293302523778796,0.08277136152184295,0.14418740701494248,0.8969594159112438,0.26491844444362284,0.24463018323966898,0.21066126903206184,0.09615222613232138,0.046025471441559135
1.0,43,fourier_gate_s1p5_p4_plateau_lo0p8_hi1,8,1.375,1024,0.11089376691784134,0.05865455440282517,0.12185080469494965,0.9100782485225356,0.24255965906070545,0.23705820374376724,0.18427789208617534,0.07785724944746006,0.03514636771450688
1.0,43,fourier_gate_s1p5_p4_plateau_lo0p8_hi1,9,1.5,1024,0.09460062387140188,0.042044721720623054,0.10209634070744247,0.9265819246399868,0.22318263450570947,0.2141996029455892,0.1608408578333973,0.06340265522249539,0.02825532334917504
1.0,43,fourier_gate_s1p5_p4_plateau_lo0p8_hi1,10,1.625,1024,0.07862621985638935,0.029775609886443302,0.08421561102624589,0.9336299873414846,0.20006626302712546,0.19630926388369851,0.13372252521145334,0.05033201381673008,0.022186986470927695
1.0,43,fourier_gate_s1p5_p4_plateau_lo0p8_hi1,11,1.75,1024,0.06466476635531042,0.02111502574867279,0.06931799879163486,0.9328712236729202,0.1827796869525443,0.17239329341966253,0.10926594002190103,0.04032614295871963,0.017470519854963482
1.0,43,fourier_gate_s1p5_p4_plateau_lo0p8_hi1,12,1.875,1024,0.050752219795238154,0.014436186963978853,0.05343565402748417,0.9497819521238421,0.167013569042827,0.14020776776680272,0.08636006764885663,0.030784449614596497,0.013185650975915755
1.0,43,fourier_gate_s1p5_p4_plateau_lo0p8_hi1,13,2.0,1024,0.04078931074839448,0.01019732768709862,0.04298544785916096,0.9489097538785223,0.15417094143313037,0.12027739031740267,0.06978214410406078,0.02355187365898821,0.010205658471073511
1.0,43,fourier_gate_s1p5_p4_plateau_lo0p8_hi1,14,2.125,1024,0.033292048497608376,0.0073726335773250384,0.03455925081612765,0.963332471376147,0.14197293874441758,0.10003047098383673,0.0573111605326868,0.018869462941340783,0.007999826711019703
1.0,43,fourier_gate_s1p5_p4_plateau_lo0p8_hi1,15,2.25,1024,0.026637897377144483,0.005261806889312491,0.027392517260649743,0.9724516050743063,0.13214785052609188,0.08494347924419499,0.04533905619429026,0.014686362423660018,0.006149646044798573
1.0,43,fourier_gate_s1p5_p4_plateau_lo0p8_hi1,16,2.375,1024,0.021570474747180966,0.0038241284870348525,0.022049406552376714,0.978279152136903,0.12157208147074183,0.07167057163705123,0.0364928582688929,0.011598384056124202,0.004880748380424047
1.0,43,fourier_gate_s1p5_p4_plateau_lo0p8_hi1,17,2.5,1024,0.01621256292115474,0.0025940100673847583,0.01654586800333205,0.9798556907313541,0.11207445923516565,0.05344672497964651,0.027639001800714307,0.008682419987414003,0.0036604548524628825
1.0,43,scalar_gate_s1p5_p4_cap_lo1_hi2_d0p5,0,0.5,1024,0.06425360086908026,0.25701440347632104,0.25451124087094984,0.25245879376172664,0.44658948999079295,0.07451367171720771,0.0938970462110273,0.05627442513774257,0.035997655886157116
1.0,43,scalar_gate_s1p5_p4_cap_lo1_hi2_d0p5,1,0.625,1024,0.07987573247029585,0.20448187512395738,0.245662157011717,0.3251446353883725,0.38171717090778257,0.12153455275983768,0.12326305284073331,0.06337565421722517,0.0419325583847063
1.0,43,scalar_gate_s1p5_p4_cap_lo1_hi2_d0p5,2,0.75,1024,0.0919282899571273,0.16342807103489299,0.2272133861828322,0.4045901146121523,0.3341921236311984,0.15840491515385247,0.14701640139691635,0.06840001642185968,0.0459470000881105
1.0,43,scalar_gate_s1p5_p4_cap_lo1_hi2_d0p5,3,0.800000011920929,1024,0.09766319309276986,0.15259873465965618,0.22092399094548656,0.4420669420048113,0.32665862630389153,0.17801999654557735,0.1592330738843652,0.06986037684523885,0.04859582003571335
1.0,43,scalar_gate_s1p5_p4_cap_lo1_hi2_d0p5,4,0.875,1024,0.10486531204576169,0.13696693818221936,0.20802849885256244,0.5040910866740602,0.3061230621245542,0.2050637598018042,0.1686034353808415,0.07416121371014409,0.05188054885348499
1.0,43,scalar_gate_s1p5_p4_cap_lo1_hi2_d0p5,5,1.0,1024,0.10967436082124303,0.10967436082124303,0.18866346927700323,0.5813227183913107,0.2809636955374333,0.22392010639490972,0.1809524302187447,0.0748861260036095,0.05091015477359651
1.0,43,scalar_gate_s1p5_p4_cap_lo1_hi2_d0p5,6,1.125,1024,0.1093452767393784,0.08639626804099033,0.16656224675733286,0.6564829597831088,0.262322156925999,0.22970070376147006,0.1817045995197863,0.07354319414473633,0.04909466658613904
1.0,43,scalar_gate_s1p5_p4_cap_lo1_hi2_d0p5,7,1.25,1024,0.10398646953248578,0.0665513405007909,0.14418740701494248,0.7211896772768055,0.23918550861776816,0.24111081697089604,0.1707876652094248,0.06876836594970653,0.042094764398199105
1.0,43,scalar_gate_s1p5_p4_cap_lo1_hi2_d0p5,8,1.375,1024,0.09547636769249598,0.05049989696132019,0.12185080469494965,0.7835513924714622,0.2273178432578793,0.24983443010702935,0.15820431365904353,0.05938441941818565,0.03455290033573198
1.0,43,scalar_gate_s1p5_p4_cap_lo1_hi2_d0p5,9,1.5,1024,0.08730425151875573,0.03880188956389144,0.10209634070744247,0.8551163627786275,0.21546649859923012,0.2418769958126899,0.14160983568914728,0.053638440883517664,0.0320691952301067
1.0,43,scalar_gate_s1p5_p4_cap_lo1_hi2_d0p5,10,1.625,1024,0.07566394692097864,0.028653802384275933,0.08421561102624589,0.8984551201249122,0.19743506162896785,0.2348301853102761,0.11978302913548272,0.044332255309594226,0.02716850329970276
1.0,43,scalar_gate_s1p5_p4_cap_lo1_hi2_d0p5,11,1.75,1024,0.0662089203358219,0.021619239293329602,0.06931799879163486,0.955147602209945,0.18459095839009504,0.2161586721434608,0.1026497174177575,0.0384024227096008,0.023166632218305665
1.0,43,scalar_gate_s1p5_p4_cap_lo1_hi2_d0p5,12,1.875,1024,0.05466707502990961,0.015549745786285402,0.05343565402748417,1.0230449317938932,0.1715770922162865,0.18190563376664365,0.0820606692752587,0.032251170340413436,0.01996157034475569
1.0,43,scalar_gate_s1p5_p4_cap_lo1_hi2_d0p5,13,2.0,1024,0.04650040518212883,0.011625101295532207,0.04298544785916096,1.081770866607797,0.16025916797907036,0.16339106931076938,0.06750988421880173,0.02696339066112656,0.018017461680363073
1.0,43,scalar_gate_s1p5_p4_cap_lo1_hi2_d0p5,14,2.125,1024,0.03893838526499394,0.008623033415085163,0.03455925081612765,1.1267138131021839,0.14816681923604558,0.13599179737976358,0.05657792813235438,0.022573565137746127,0.015483289473306263
1.0,43,scalar_gate_s1p5_p4_cap_lo1_hi2_d0p5,15,2.25,1024,0.03352512603040002,0.006622247117116053,0.027392517260649743,1.2238789780214896,0.13888559880354354,0.12662477705149328,0.04538557020129518,0.019452464665698978,0.013881250981516284
1.0,43,scalar_gate_s1p5_p4_cap_lo1_hi2_d0p5,16,2.375,1024,0.028262856856566633,0.005010589581219569,0.022049406552376714,1.2817967136408108,0.1282232434472699,0.10970937011398241,0.03707783106397707,0.016431259739265364,0.01204087334352189
1.0,43,scalar_gate_s1p5_p4_cap_lo1_hi2_d0p5,17,2.5,1024,0.022849990606603643,0.0036559984970565827,0.01654586800333205,1.381008877987063,0.11891162013575032,0.0889633800851186,0.029218229260680007,0.013483769126563848,0.01018251999144326
1.0,43,fourier_gate_s1p5_p4_cap_lo1_hi2_d0p5,0,0.5,1024,0.06309768203323537,0.2523907281329415,0.25451124087094984,0.24791707359294637,0.44477793128120413,0.07208403249437983,0.08838101062468473,0.0563239815935445,0.038746660386632895
1.0,43,fourier_gate_s1p5_p4_cap_lo1_hi2_d0p5,1,0.625,1024,0.07812876599695531,0.2000096409522056,0.245662157011717,0.3180333794481374,0.3809602463553199,0.10661142596994018,0.11491714987181192,0.06514994202446708,0.045934607463840794
1.0,43,fourier_gate_s1p5_p4_cap_lo1_hi2_d0p5,2,0.75,1024,0.08768861124244046,0.15589086443100525,0.2272133861828322,0.38593065626811224,0.33090938390022306,0.136343299311472,0.13209638029232046,0.06930034744778421,0.05117785833967106
1.0,43,fourier_gate_s1p5_p4_cap_lo1_hi2_d0p5,3,0.800000011920929,1024,0.09171346723442186,0.14330228828304314,0.22092399094548656,0.41513584306492246,0.32017656213326584,0.15244516559718693,0.14279119156542602,0.06937566605159586,0.051556040468443115
1.0,43,fourier_gate_s1p5_p4_cap_lo1_hi2_d0p5,4,0.875,1024,0.0979845012689851,0.12797975675949075,0.20802849885256244,0.4710147975370931,0.298799798747649,0.1735554094492566,0.15045955940143402,0.07362801009656314,0.05472508225140798
1.0,43,fourier_gate_s1p5_p4_cap_lo1_hi2_d0p5,5,1.0,1024,0.10329595503118888,0.10329595503118888,0.18866346927700323,0.5475143408898394,0.27451306832566,0.2012458261948485,0.16364132074095533,0.07392346276915154,0.05256145833504527
1.0,43,fourier_gate_s1p5_p4_cap_lo1_hi2_d0p5,6,1.125,1024,0.10029870293720947,0.07924835787631365,0.16656224675733286,0.6021694885236282,0.253119126690437,0.21820755595151592,0.1686750740345344,0.06831780492605262,0.03405251735394293
1.0,43,fourier_gate_s1p5_p4_cap_lo1_hi2_d0p5,7,1.25,1024,0.09736033789275947,0.06231061625136606,0.14418740701494248,0.675234681782368,0.23291458849387442,0.22463832098841027,0.16251433203687563,0.06533121423161684,0.03181993596995246
1.0,43,fourier_gate_s1p5_p4_cap_lo1_hi2_d0p5,8,1.375,1024,0.08951212807744172,0.047345257826084876,0.12185080469494965,0.7346043245387918,0.22145770427990868,0.2234731689365565,0.15061494995812533,0.057868841613268225,0.0260033931213735
1.0,43,fourier_gate_s1p5_p4_cap_lo1_hi2_d0p5,9,1.5,1024,0.07933887195297085,0.03526172086798704,0.10209634070744247,0.7770980958104732,0.20869000000361482,0.20488470700446992,0.13449058009233805,0.049833671463638166,0.023007795414075452
1.0,43,fourier_gate_s1p5_p4_cap_lo1_hi2_d0p5,10,1.625,1024,0.06739370037220352,0.02552187469716583,0.08421561102624589,0.8002518719623158,0.18931500250646427,0.18780152282754878,0.11425277736245863,0.0405686455614288,0.018534535866151582
1.0,43,fourier_gate_s1p5_p4_cap_lo1_hi2_d0p5,11,1.75,1024,0.057240234882649926,0.018690688941273445,0.06931799879163486,0.8257629458506172,0.17539654650684897,0.1683355130464148,0.09646087077375706,0.03373135535251528,0.014606383654654295
1.0,43,fourier_gate_s1p5_p4_cap_lo1_hi2_d0p5,12,1.875,1024,0.045680996568021104,0.012993705690459337,0.05343565402748417,0.8548785899490531,0.16183805229501438,0.13623061125258848,0.07724971134350135,0.02655072641978074,0.011523404924649096
1.0,43,fourier_gate_s1p5_p4_cap_lo1_hi2_d0p5,13,2.0,1024,0.03726677752412794,0.009316694381031986,0.04298544785916096,0.866962643874972,0.15074844203117313,0.11565519888991896,0.06329893215375429,0.020951633045703046,0.009073258786735778
1.0,43,fourier_gate_s1p5_p4_cap_lo1_hi2_d0p5,14,2.125,1024,0.030717007894634996,0.006802382371130241,0.03455925081612765,0.8888215794394592,0.1395419404645493,0.09763428215049906,0.052036085702009495,0.01703767603001085,0.007317637583513769
1.0,43,fourier_gate_s1p5_p4_cap_lo1_hi2_d0p5,15,2.25,1024,0.024966953086242652,0.004931743819504722,0.027392517260649743,0.911451578132562,0.13036579087987432,0.08225830287742046,0.0416539814446332,0.01371314255809473,0.005986992560341702
1.0,43,fourier_gate_s1p5_p4_cap_lo1_hi2_d0p5,16,2.375,1024,0.020572466999640292,0.0036471963655871987,0.022049406552376714,0.9330168116212986,0.12047265174685712,0.06958669389375305,0.034353391606447514,0.011044178496027653,0.004838675993345906
1.0,43,fourier_gate_s1p5_p4_cap_lo1_hi2_d0p5,17,2.5,1024,0.01593610016816815,0.0025497760269069043,0.01654586800333205,0.9631468210044282,0.11184594981572987,0.052167983940221485,0.026747562942212828,0.008722936605606725,0.003836626599513399
1.0,44,scalar_gate_s1p5_p4_linear_sigma,0,0.5,1024,0.06338812188760362,0.2535524875504145,0.25451124087094984,0.24905824069179178,0.44614262177870956,0.07095953673793792,0.0897455332823649,0.057099122226769265,0.036082603209883296
1.0,44,scalar_gate_s1p5_p4_linear_sigma,1,0.625,1024,0.0780375611341545,0.19977615650343553,0.245662157011717,0.3176621181032472,0.38053754564878467,0.110099165979526,0.11771214350555828,0.06419732024934632,0.04197832201350555
1.0,44,scalar_gate_s1p5_p4_linear_sigma,2,0.75,1024,0.08971675620741058,0.15949645547984104,0.2272133861828322,0.39485682474367084,0.33234405718782456,0.15286514204885088,0.1380012732805193,0.06874055283417814,0.04803861313107308
1.0,44,scalar_gate_s1p5_p4_linear_sigma,3,0.800000011920929,1024,0.09410416534146251,0.1470377539639686,0.22092399094548656,0.42595720337445336,0.3222323048196607,0.16797436470741955,0.14862864552032565,0.06955450316815226,0.048875924697124
1.0,44,scalar_gate_s1p5_p4_linear_sigma,4,0.875,1024,0.10076696991975627,0.13161400152784491,0.20802849885256244,0.4843902180497566,0.3024194956117342,0.18761125187554648,0.15840147832203494,0.0738883129812553,0.05160039121904775
1.0,44,scalar_gate_s1p5_p4_linear_sigma,5,1.0,1024,0.10556447224115761,0.10556447224115761,0.18866346927700323,0.5595384874756206,0.2772824290988886,0.20631739204624902,0.1692804778759455,0.07501613069496926,0.05172257483986215
1.0,44,scalar_gate_s1p5_p4_linear_sigma,6,1.125,1024,0.10861843005960711,0.08582196942981303,0.16656224675733286,0.6521191456900495,0.26177164425431304,0.2202022975139498,0.1732492988184196,0.07624396151182004,0.054031618194279166
1.0,44,scalar_gate_s1p5_p4_linear_sigma,7,1.25,1024,0.10434174272486126,0.06677871534391121,0.14418740701494248,0.7236536455229275,0.23936396632987988,0.22369852324089776,0.16452287709495406,0.07277445345493355,0.05029794079995862
1.0,44,scalar_gate_s1p5_p4_linear_sigma,8,1.375,1024,0.09616243227178224,0.050862774094165814,0.12185080469494965,0.7891817580730994,0.22792376159889732,0.22188013566372433,0.15156668469919923,0.0654453229685589,0.04386522788413907
1.0,44,scalar_gate_s1p5_p4_linear_sigma,9,1.5,1024,0.08843959671530705,0.03930648742902535,0.10209634070744247,0.8662366946992851,0.21805977371835794,0.20627605646635758,0.13736150077351694,0.06057933355342517,0.04125250602834851
1.0,44,scalar_gate_s1p5_p4_linear_sigma,10,1.625,1024,0.07665587834634074,0.029029445054235548,0.08421561102624589,0.9102335946057656,0.19812200628357507,0.19466295175036452,0.11738894363378087,0.0506921292935858,0.03676732903239718
1.0,44,scalar_gate_s1p5_p4_linear_sigma,11,1.75,1024,0.06617822595911729,0.02160921663971177,0.06931799879163486,0.9547047969178177,0.18389593768240667,0.1810981256856142,0.09899929245810082,0.04365363887136965,0.029078159111028328
1.0,44,scalar_gate_s1p5_p4_linear_sigma,12,1.875,1024,0.05503254114326605,0.015653700591862343,0.05343565402748417,1.0298843000024016,0.17153365389312714,0.1631952526015064,0.08140855839566291,0.035081102179814846,0.0234235513019093
1.0,44,scalar_gate_s1p5_p4_linear_sigma,13,2.0,1024,0.04667544383757622,0.011668860959394055,0.04298544785916096,1.085842911082497,0.1603988343855997,0.1595706932604291,0.06863044532663085,0.027363118754823113,0.01788241960140594
1.0,44,scalar_gate_s1p5_p4_linear_sigma,14,2.125,1024,0.0408363204920785,0.009043337410010463,0.03455925081612765,1.1816321108738141,0.15019674269097993,0.15951384338108032,0.06172061293858702,0.020837285938348143,0.013328640629599264
1.0,44,scalar_gate_s1p5_p4_linear_sigma,15,2.25,1024,0.038560394808426046,0.007616868110306379,0.027392517260649743,1.4076981111852516,0.14364489777858774,0.18241603984566684,0.05893121238966623,0.015653421843521968,0.008963258621836263
1.0,44,scalar_gate_s1p5_p4_linear_sigma,16,2.375,1024,0.031622670023752755,0.005606235128864754,0.022049406552376714,1.4341732938995646,0.13179253573190042,0.1537923618302521,0.046693161353147085,0.012785570284412835,0.00812101122761403
1.0,44,scalar_gate_s1p5_p4_linear_sigma,17,2.5,1024,0.025195302300301925,0.004031248368048308,0.01654586800333205,1.5227549437254078,0.1212418422546764,0.1228748160808177,0.03652896909711026,0.010401217036263163,0.0066689313365025866
1.0,44,fourier_gate_s1p5_p4_linear_sigma,0,0.5,1024,0.062421399263433736,0.24968559705373494,0.25451124087094984,0.2452598912716966,0.4449615992730467,0.07173892547294383,0.08860594514326599,0.05579528771838986,0.03572666897528098
1.0,44,fourier_gate_s1p5_p4_linear_sigma,1,0.625,1024,0.07554408154992354,0.19339284876780424,0.245662157011717,0.3075120827271757,0.37851705935515245,0.10747372549134848,0.11455441577297293,0.06144707546233164,0.041709041516835736
1.0,44,fourier_gate_s1p5_p4_linear_sigma,2,0.75,1024,0.08615740640209162,0.15316872249260732,0.2272133861828322,0.37919159539642255,0.3290953418905436,0.1367239995318396,0.13002956365057047,0.06778670971423925,0.04947031815348929
1.0,44,fourier_gate_s1p5_p4_linear_sigma,3,0.800000011920929,1024,0.08954752071766724,0.13991799695147378,0.22092399094548656,0.4053318081681915,0.31748925725825144,0.15394432761097648,0.1414675953877137,0.06686433159947971,0.04716120969889906
1.0,44,fourier_gate_s1p5_p4_linear_sigma,4,0.875,1024,0.09604668914631642,0.12544873684416838,0.20802849885256244,0.4616996694014905,0.29804588258377296,0.17784704742095647,0.15095571074517763,0.07091914173773203,0.047912297472637505
1.0,44,fourier_gate_s1p5_p4_linear_sigma,5,1.0,1024,0.10124679149339279,0.10124679149339279,0.18866346927700323,0.5366528659808445,0.2734330141356368,0.20533615957001589,0.1626582245271244,0.07174983594200735,0.0456764270294244
1.0,44,fourier_gate_s1p5_p4_linear_sigma,6,1.125,1024,0.10288190620818012,0.08128940737436453,0.16656224675733286,0.617678424799771,0.2555756359363942,0.21825739045171516,0.16755108148138367,0.07077877836371188,0.045095475221845566
1.0,44,fourier_gate_s1p5_p4_linear_sigma,7,1.25,1024,0.09868677319432922,0.0631595348443707,0.14418740701494248,0.6844340656192124,0.2335188791997329,0.22076173080000797,0.15919508477468985,0.06751501081884763,0.04105701180013054
1.0,44,fourier_gate_s1p5_p4_linear_sigma,8,1.375,1024,0.09037896737979388,0.047803751341378584,0.12185080469494965,0.7417182644468807,0.22218362599418218,0.2204861939487147,0.1467310314535127,0.05948267969897789,0.034635036615753734
1.0,44,fourier_gate_s1p5_p4_linear_sigma,9,1.5,1024,0.08234042004926094,0.03659574224411597,0.10209634070744247,0.8064972699188876,0.21240283931627835,0.20802334165461,0.13387102918551683,0.05322641882819689,0.03089282975029861
1.0,44,fourier_gate_s1p5_p4_linear_sigma,10,1.625,1024,0.06987546673354046,0.026461715212701714,0.08421561102624589,0.8297210681255248,0.19199369492406848,0.1882898197264687,0.1141314381484804,0.04348065654526415,0.025126159933286513
1.0,44,fourier_gate_s1p5_p4_linear_sigma,11,1.75,1024,0.05885284276810998,0.01921725478142367,0.06931799879163486,0.8490268587386313,0.17732050562257268,0.16670837943002817,0.09524615868199734,0.03629756201124592,0.019442710301619964
1.0,44,fourier_gate_s1p5_p4_linear_sigma,12,1.875,1024,0.04730074726580796,0.013454434777829821,0.05343565402748417,0.8851907612374171,0.1635063614998925,0.1358963693721016,0.07790413077230765,0.028540320812574477,0.014547664240749693
1.0,44,fourier_gate_s1p5_p4_linear_sigma,13,2.0,1024,0.03812059842187502,0.009530149605468755,0.04298544785916096,0.8868256659038355,0.15165611550654967,0.11469028808764248,0.0641900302550358,0.021905607644890735,0.010492857172770141
1.0,44,fourier_gate_s1p5_p4_linear_sigma,14,2.125,1024,0.031339715670140704,0.006940283054979257,0.03455925081612765,0.9068401348421449,0.1402327090287248,0.09722732318651903,0.05341792758741818,0.017491776659510686,0.007799771014928446
1.0,44,fourier_gate_s1p5_p4_linear_sigma,15,2.25,1024,0.026435796445696533,0.005221885717668451,0.027392517260649743,0.9650736438039021,0.13176903551108962,0.08455339644854228,0.044443508060618406,0.014714441463564494,0.006415205727864407
1.0,44,fourier_gate_s1p5_p4_linear_sigma,16,2.375,1024,0.021434208483418683,0.003799970479054836,0.022049406552376714,0.972099109901363,0.12153418589863506,0.07168619883812889,0.0361624470689301,0.0114884881485588,0.004905622066030086
1.0,44,fourier_gate_s1p5_p4_linear_sigma,17,2.5,1024,0.016197844238708767,0.0025916550781934027,0.01654586800333205,0.9789661222636855,0.11190202169644423,0.05361243820352792,0.027589563009430208,0.008652465427562312,0.0036647786190799592
1.0,44,scalar_gate_s1p5_p4_tanh_sigma,0,0.5,1024,0.06493210606958813,0.2597284242783525,0.25451124087094984,0.25512470823444694,0.447782866585772,0.07671529665070376,0.09415995032179918,0.057267134968097294,0.0353818345706697
1.0,44,scalar_gate_s1p5_p4_tanh_sigma,1,0.625,1024,0.08039517079295745,0.2058116372299711,0.245662157011717,0.327259077144401,0.38274543756263485,0.1186929253360437,0.12318462720184177,0.06514969944959247,0.040642498617049654
1.0,44,scalar_gate_s1p5_p4_tanh_sigma,2,0.75,1024,0.08975398628079441,0.15956264227696784,0.2272133861828322,0.3950206798492581,0.33283098732023014,0.15331980106826112,0.14210220028340514,0.06791337176323213,0.04388514134946237
1.0,44,scalar_gate_s1p5_p4_tanh_sigma,3,0.800000011920929,1024,0.09497816613880093,0.14840338016911103,0.22092399094548656,0.4299133187496915,0.32362272437188777,0.1712005641047139,0.1544293059237031,0.06893082731142357,0.04534253211022668
1.0,44,scalar_gate_s1p5_p4_tanh_sigma,4,0.875,1024,0.10072971151991046,0.13156533749539326,0.20802849885256244,0.4842111156669037,0.3026731168039704,0.1946526670378582,0.16201690881584774,0.0723198689924281,0.046921346143206574
1.0,44,scalar_gate_s1p5_p4_tanh_sigma,5,1.0,1024,0.10569973162577193,0.10569973162577193,0.18866346927700323,0.5602554221590157,0.27744714272349125,0.21543921308881647,0.17174745669916308,0.0735416911717912,0.04880110573086787
1.0,44,scalar_gate_s1p5_p4_tanh_sigma,6,1.125,1024,0.10789486770445351,0.08525026584055587,0.16656224675733286,0.6477750498985958,0.2602966193399853,0.2266624428832023,0.17438655497469852,0.07409932805686638,0.051377476126709
1.0,44,scalar_gate_s1p5_p4_tanh_sigma,7,1.25,1024,0.10431678199473876,0.0667627404766328,0.14418740701494248,0.7234805324152072,0.2395811435742822,0.22719305776407475,0.16755267216141537,0.07135243387630981,0.048164805829525426
1.0,44,scalar_gate_s1p5_p4_tanh_sigma,8,1.375,1024,0.09577956677946806,0.050660266726330214,0.12185080469494965,0.7860396738392474,0.22802569834632286,0.22563551429239054,0.15315547495640483,0.06388055970002615,0.04214311925784848
1.0,44,scalar_gate_s1p5_p4_tanh_sigma,9,1.5,1024,0.08684997631156026,0.03859998947180456,0.10209634070744247,0.8506668868811789,0.21653361390798243,0.2044850546183412,0.1365961848750853,0.05869051518331756,0.0394396374015544
1.0,44,scalar_gate_s1p5_p4_tanh_sigma,10,1.625,1024,0.07566360345213308,0.02865367231323383,0.08421561102624589,0.8984510416786317,0.19709412856307468,0.1963429703626014,0.11693812989243321,0.04927918885472793,0.03491702997598097
1.0,44,scalar_gate_s1p5_p4_tanh_sigma,11,1.75,1024,0.0655141372109606,0.021392371334191217,0.06931799879163486,0.945124474927379,0.18346366423453847,0.18400574072994474,0.09851036895491304,0.04234386059256485,0.028557657158437937
1.0,44,scalar_gate_s1p5_p4_tanh_sigma,12,1.875,1024,0.05485878649732045,0.015604277048126705,0.05343565402748417,1.0266326387453648,0.1710797587648339,0.16726385682735886,0.08052191967684716,0.03456707607158242,0.023445750047595294
1.0,44,scalar_gate_s1p5_p4_tanh_sigma,13,2.0,1024,0.04661377456518069,0.011653443641295173,0.04298544785916096,1.0844082564384976,0.16024572313085914,0.16002707773168173,0.06653825382270538,0.02788353503374453,0.018943770133617248
1.0,44,scalar_gate_s1p5_p4_tanh_sigma,14,2.125,1024,0.03969388860008408,0.008790342112129347,0.03455925081612765,1.1485749159110898,0.149138241194578,0.1459290957220404,0.056534898116496396,0.022582121115307153,0.015379211556754887
1.0,44,scalar_gate_s1p5_p4_tanh_sigma,15,2.25,1024,0.034416470986031886,0.006798315256500126,0.027392517260649743,1.2564187021786524,0.13945517822853515,0.14185512256742525,0.04660653445438834,0.018621927161481883,0.0127253839453686
1.0,44,scalar_gate_s1p5_p4_tanh_sigma,16,2.375,1024,0.02924104156192243,0.005184007368318658,0.022049406552376714,1.3261600257794932,0.12923421831201054,0.13166292167039867,0.037974888695708385,0.014986673762720762,0.010662991616355826
1.0,44,scalar_gate_s1p5_p4_tanh_sigma,17,2.5,1024,0.02403665683819043,0.003845865094110469,0.01654586800333205,1.452728671191494,0.12023961575733202,0.11240941838401737,0.030931486762613387,0.011916547650017845,0.0084702819357422
1.0,44,fourier_gate_s1p5_p4_tanh_sigma,0,0.5,1024,0.0630143022035999,0.2520572088143996,0.25451124087094984,0.2475894659424939,0.4453772323296822,0.07412647658526081,0.09214372651178268,0.055346342843243204,0.03402307524947753
1.0,44,fourier_gate_s1p5_p4_tanh_sigma,1,0.625,1024,0.07672744663887733,0.19642226339552596,0.245662157011717,0.3123291253818054,0.3793528221281516,0.11072962569384512,0.1194602071205636,0.062035282395541055,0.037371726782390084
1.0,44,fourier_gate_s1p5_p4_tanh_sigma,2,0.75,1024,0.08565283186081041,0.15227170108588517,0.2272133861828322,0.37697088758620934,0.3281855666755985,0.1397229622115633,0.1363915610969381,0.06553745517392795,0.04140310828549892
1.0,44,fourier_gate_s1p5_p4_tanh_sigma,3,0.800000011920929,1024,0.08890409033397345,0.1389126370069143,0.22092399094548656,0.40241935678190205,0.31754428001347096,0.15507493050584376,0.1467923148153636,0.06464811010928485,0.040863816453731265
1.0,44,fourier_gate_s1p5_p4_tanh_sigma,4,0.875,1024,0.0941825654296425,0.1230139630101453,0.20802849885256244,0.45273876391519413,0.29574000012300383,0.17739793798990733,0.15386098272732027,0.06756254813524704,0.042421348590228926
1.0,44,fourier_gate_s1p5_p4_tanh_sigma,5,1.0,1024,0.09904496419600486,0.09904496419600486,0.18866346927700323,0.5249822054877148,0.27107617325706934,0.20490896036377032,0.16339340550436388,0.06839406979199239,0.04162667174754416
1.0,44,fourier_gate_s1p5_p4_tanh_sigma,6,1.125,1024,0.10150396642902526,0.08020066483281008,0.16656224675733286,0.609405603041054,0.2545567878888936,0.22099170613517716,0.16842112755707983,0.06815925581971904,0.04212695355533411
1.0,44,fourier_gate_s1p5_p4_tanh_sigma,7,1.25,1024,0.09680657757733604,0.06195620964949507,0.14418740701494248,0.6713941222849216,0.2318164788968702,0.22149241942562048,0.15855986891771062,0.06452536242260569,0.0397042936410492
1.0,44,fourier_gate_s1p5_p4_tanh_sigma,8,1.375,1024,0.0893414241651686,0.04725496815347761,0.12185080469494965,0.7332033989339057,0.221033607782377,0.22222360065250135,0.14739404019303748,0.05751929778446394,0.03253026394976791
1.0,44,fourier_gate_s1p5_p4_tanh_sigma,9,1.5,1024,0.0802500318901877,0.035666680840083426,0.10209634070744247,0.7860226070211912,0.20978441301877437,0.20687511963988295,0.13111428069622685,0.051257958352756684,0.029003040848804697
1.0,44,fourier_gate_s1p5_p4_tanh_sigma,10,1.625,1024,0.06840524711613663,0.02590494565344819,0.08421561102624589,0.8122632642874023,0.19056395719929473,0.18966164432295032,0.11221232167227059,0.041785662615026344,0.023724213127863145
1.0,44,fourier_gate_s1p5_p4_tanh_sigma,11,1.75,1024,0.05783267821153514,0.01888413982417474,0.06931799879163486,0.834309691850398,0.1760232064413154,0.16749852309974997,0.09409800505531246,0.03494206738539067,0.018911157561246398
1.0,44,fourier_gate_s1p5_p4_tanh_sigma,12,1.875,1024,0.04668578401910307,0.013279511898767095,0.05343565402748417,0.8736822795336356,0.1626198345589958,0.13583010521263778,0.0769996777171235,0.027884428908703913,0.014297136087722049
1.0,44,fourier_gate_s1p5_p4_tanh_sigma,13,2.0,1024,0.03789835149748226,0.009474587874370565,0.04298544785916096,0.8816553830415762,0.15148488033956103,0.11502582932560841,0.06336593843454799,0.02170452318678115,0.01095072732305507
1.0,44,fourier_gate_s1p5_p4_tanh_sigma,14,2.125,1024,0.03129271893780694,0.006929875474116416,0.03455925081612765,0.9054802462096103,0.1401431647943862,0.09624092508833473,0.052875836110514,0.017657179107338817,0.00835243546224746
1.0,44,fourier_gate_s1p5_p4_tanh_sigma,15,2.25,1024,0.025257891558067312,0.004989213147272555,0.027392517260649743,0.922072671077627,0.1307927394211175,0.0816813594201903,0.04239622829371476,0.013909728058782468,0.0063142062130351765
1.0,44,fourier_gate_s1p5_p4_tanh_sigma,16,2.375,1024,0.020360286406517304,0.003609579861543234,0.022049406552376714,0.9233938499955983,0.12035062993870596,0.06980006477386415,0.033654317129730646,0.010887484969920522,0.005046049232755401
1.0,44,fourier_gate_s1p5_p4_tanh_sigma,17,2.5,1024,0.015679359411986744,0.002508697505917879,0.01654586800333205,0.9476299103092803,0.1113546312817778,0.052384490111745875,0.02643508511427887,0.008394951354719267,0.003685204879945024
1.0,44,score,0,0.5,1024,0.08690869470019531,0.34763477880078125,0.25451124087094984,0.34147291256287754,0.46915056789971427,0.07983724250523616,0.11781997388079962,0.08424464930696464,0.04594806552852525
1.0,44,score,1,0.625,1024,0.0946931360144326,0.24241442819694747,0.245662157011717,0.3854608180856938,0.3978450676356754,0.11833022272876029,0.14167909109016785,0.08207431687417177,0.04570192890170672
1.0,44,score,2,0.75,1024,0.09692459919754604,0.17231039857341518,0.2272133861828322,0.42657961674649547,0.34013448474680275,0.14652166396676042,0.1523773158931669,0.07696751642675818,0.04618149066763295
1.0,44,score,3,0.800000011920929,1024,0.10060177119876254,0.15719026281343154,0.22092399094548656,0.4553682502666097,0.3290808135498781,0.1622607523636363,0.16178919160141295,0.07694079482729539,0.04695505612799686
1.0,44,score,4,0.875,1024,0.10186941301075925,0.13305392719772635,0.20802849885256244,0.48968969911645566,0.30333745363787956,0.17906847185484306,0.16333843068759077,0.0759516733343453,0.04761425433835383
1.0,44,score,5,1.0,1024,0.10208978125750748,0.10208978125750748,0.18866346927700323,0.5411210853311257,0.2743111423139292,0.20211598270615547,0.1652899633456124,0.07229712092464285,0.04671384022022741
1.0,44,score,6,1.125,1024,0.10131387154847551,0.08005046640867201,0.16656224675733286,0.608264318720924,0.2541256724198804,0.20893777092983531,0.16227626661180333,0.07050374376620447,0.049539041179272464
1.0,44,score,7,1.25,1024,0.09772676413886089,0.06254512904887097,0.14418740701494248,0.6777760011228527,0.23321311416511256,0.2114642585725876,0.14851645912598713,0.06916252624935364,0.052155819281149034
1.0,44,score,8,1.375,1024,0.09099997649446336,0.04813221897227814,0.12185080469494965,0.7468147356291939,0.2224189958632943,0.20159362784319274,0.13394439200791775,0.06508872129200273,0.0511003955972127
1.0,44,score,9,1.5,1024,0.08866553408152848,0.03940690403623488,0.10209634070744247,0.8684496767185806,0.21796539515812138,0.19069601224902877,0.12255692284583027,0.06609352098999778,0.05700262675327453
1.0,44,score,10,1.625,1024,0.08385261403902616,0.031754836085785054,0.08421561102624589,0.9956896710384658,0.2068381763840607,0.17680990412041625,0.10703270942796075,0.06545943506168607,0.060485959438988254
1.0,44,score,11,1.75,1024,0.08183118653700176,0.026720387440653637,0.06931799879163486,1.1805185949320418,0.19945949475671276,0.16108184346958904,0.09577667423304914,0.06745891154601026,0.06730632674744813
1.0,44,score,12,1.875,1024,0.07924379092000051,0.022540456083911257,0.05343565402748417,1.482975971048135,0.19364299759720868,0.1407951113708527,0.08497032200856941,0.06923992487955785,0.07266049599818797
1.0,44,score,13,2.0,1024,0.08075154381288356,0.02018788595322089,0.04298544785916096,1.878578631481537,0.19394348588440408,0.12980120447763965,0.08098681458192605,0.07478401500479852,0.07562747090693146
1.0,44,score,14,2.125,1024,0.0848616906851197,0.018792900359334466,0.03455925081612765,2.4555419657858315,0.1939620212024646,0.12470162022258499,0.08333895899883138,0.08061235683503229,0.08148851404025954
1.0,44,score,15,2.25,1024,0.09060547795777166,0.017897378362028968,0.027392517260649743,3.307672569688563,0.19565593937258982,0.12581900377557265,0.08455653544806828,0.08831758091960012,0.0904392502204474
1.0,44,score,16,2.375,1024,0.09537688034092075,0.016908920614456865,0.022049406552376714,4.325598519595532,0.19557333034586452,0.12779903583624308,0.08507432919067236,0.09521567788647323,0.09628920527187385
1.0,44,score,17,2.5,1024,0.10002139191170167,0.016003422705872267,0.01654586800333205,6.045097899461007,0.19495100305986265,0.12079968753577049,0.09073843969663756,0.10149505918900156,0.0994137330108667
1.0,44,scalar_gaussian,0,0.5,1024,0.10527148260145702,0.4210859304058281,0.25451124087094984,0.41362213409990417,0.4879043170837576,0.06066407090888748,0.14152944793008126,0.10630039122658588,0.061707784818176896
1.0,44,scalar_gaussian,1,0.625,1024,0.11943536101762779,0.30575452420512717,0.245662157011717,0.48617728701263196,0.4224950339035002,0.09262228379376942,0.17289056889851395,0.11374251312398986,0.0608063486186059
1.0,44,scalar_gaussian,2,0.75,1024,0.12615586700035503,0.22427709688952005,0.2272133861828322,0.5552307860014944,0.3700925442515663,0.11534511005322604,0.1949944294998599,0.11228725847048664,0.06217469752914324
1.0,44,scalar_gaussian,3,0.800000011920929,1024,0.12966580350631224,0.2026028119405785,0.22092399094548656,0.5869249552815997,0.35891859449354546,0.13258805027245688,0.20570669181651718,0.1113477006610361,0.06206025350024418
1.0,44,scalar_gaussian,4,0.875,1024,0.13185290425959187,0.1722160382166098,0.20802849885256244,0.633821351338217,0.33301499870969703,0.15575752537240903,0.20850497908966414,0.11118788971101991,0.0603700366825035
1.0,44,scalar_gaussian,5,1.0,1024,0.1313824000142656,0.1313824000142656,0.18866346927700323,0.6963849467930897,0.3032415161684119,0.17930553118943018,0.21290552724989048,0.1057199991177937,0.056775282106957245
1.0,44,scalar_gaussian,6,1.125,1024,0.12676276994754143,0.10015823798324261,0.16656224675733286,0.7610534344690012,0.2796498251134969,0.19335837143990148,0.2100712150003813,0.09689890668728242,0.05448035022993815
1.0,44,scalar_gaussian,7,1.25,1024,0.11588432791453243,0.07416596986530076,0.14418740701494248,0.8037063035783913,0.25161526385028465,0.20383399454078419,0.18956768502311547,0.08535337997833035,0.05136990379923065
1.0,44,scalar_gaussian,8,1.375,1024,0.10268338296115555,0.054311871979454175,0.12185080469494965,0.8426976187660045,0.23492478482922807,0.20454608604792215,0.16697344800563801,0.07352259896342007,0.04196250515865043
1.0,44,scalar_gaussian,9,1.5,1024,0.09148588134918292,0.040660391710747965,0.10209634070744247,0.8960740484454397,0.22068983126479008,0.1878604726672261,0.14992225013427676,0.06391496988432244,0.03821434053290968
1.0,44,scalar_gaussian,10,1.625,1024,0.07709533181406095,0.029195865302366276,0.08421561102624589,0.9154517894554502,0.19889044125917887,0.17739733325459342,0.12321608146568738,0.052467324319905306,0.0324186932776839
1.0,44,scalar_gaussian,11,1.75,1024,0.066664460922575,0.02176798724002449,0.06931799879163486,0.9617193526166816,0.18427901794465504,0.1632644099810703,0.1057629218094692,0.04432356652084576,0.027888382053242906
1.0,44,scalar_gaussian,12,1.875,1024,0.05477618856283577,0.015580782524539951,0.05343565402748417,1.0250868930070942,0.17134374746201986,0.14187069095133298,0.08368330833871124,0.036497236664616114,0.02405373702761075
1.0,44,scalar_gaussian,13,2.0,1024,0.04562587813621238,0.011406469534053096,0.04298544785916096,1.0614261432311376,0.1599437474606341,0.12213599330296547,0.06903067545797727,0.029785122467221217,0.021354584776623057
1.0,44,scalar_gaussian,14,2.125,1024,0.03841762900682532,0.008507710229885192,0.03455925081612765,1.1116453076840744,0.14756936307424198,0.10694724898038332,0.0565431163112742,0.025249931944318193,0.01786716271641093
1.0,44,scalar_gaussian,15,2.25,1024,0.033053587744089376,0.006529103751918889,0.027392517260649743,1.206664850461624,0.1388379636024541,0.0979687622415347,0.04555536556345239,0.022035536195775706,0.016387969415826053
1.0,44,scalar_gaussian,16,2.375,1024,0.028018046858665796,0.004967188362755155,0.022049406552376714,1.2706939205874328,0.12812695193125084,0.08239627461430718,0.03893384106148561,0.01836624499491745,0.014864426563568
1.0,44,scalar_gaussian,17,2.5,1024,0.023213028421953205,0.0037140845475125126,0.01654586800333205,1.402950175673981,0.11890008172155267,0.07110966396337984,0.03079103113160002,0.015415753247731936,0.012588154517735536
1.0,44,fourier_gaussian,0,0.5,1024,0.20473458218269314,0.8189383287307725,0.25451124087094984,0.8044225531339262,0.5854617480392749,0.08624062119201312,0.20214208693328994,0.2327610241595897,0.169295771263734
1.0,44,fourier_gaussian,1,0.625,1024,0.20204357601160655,0.5172315545897128,0.245662157011717,0.8224448505594207,0.5041920653903915,0.1256419343866017,0.23328891519111722,0.21661873094303324,0.1338799664098672
1.0,44,fourier_gaussian,2,0.75,1024,0.1873105929642511,0.3329966097142242,0.2272133861828322,0.8243818558010818,0.4295418758689934,0.15370657553130873,0.24684192243365385,0.18632815369417635,0.103857454168341
1.0,44,fourier_gaussian,3,0.800000011920929,1024,0.18223502870679767,0.28474222386839176,0.22092399094548656,0.8248765918399714,0.4109262340936386,0.16827579001947557,0.25197620753388633,0.17373812621454565,0.09810525281121578
1.0,44,fourier_gaussian,4,0.875,1024,0.17084106036567953,0.22313934415109163,0.20802849885256244,0.8212387307892894,0.37152574239151426,0.18740647889156306,0.24601866654087307,0.15663158824557563,0.08166920043801483
1.0,44,fourier_gaussian,5,1.0,1024,0.15791545906155216,0.15791545906155216,0.18866346927700323,0.8370219187992053,0.33050055309558984,0.2090277525060132,0.24329931944571181,0.1344873430507436,0.06623242695028891
1.0,44,fourier_gaussian,6,1.125,1024,0.14040650513990516,0.1109384731969621,0.16656224675733286,0.8429671661698079,0.2928384267513483,0.21654227291137929,0.22637364505709273,0.112010132987658,0.05255356910035314
1.0,44,fourier_gaussian,7,1.25,1024,0.1208532521612533,0.0773460813832021,0.14418740701494248,0.8381678723768782,0.2567361172904947,0.2167911960341328,0.19866150195771226,0.09069581102866214,0.04315672798351548
1.0,44,fourier_gaussian,8,1.375,1024,0.1043700014511001,0.055203967709672785,0.12185080469494965,0.8565392876344782,0.23589603427532968,0.210960741417888,0.1753067346819433,0.07426491156982264,0.032773515277322765
1.0,44,fourier_gaussian,9,1.5,1024,0.08759961480651568,0.03893316213622919,0.10209634070744247,0.8580093488123416,0.2160512217742639,0.19245381495625677,0.14968587345629975,0.059155667446950604,0.02642662270428928
1.0,44,fourier_gaussian,10,1.625,1024,0.07146867496784615,0.027065060342852977,0.08421561102624589,0.8486392736089375,0.19350608831522076,0.17262864970824654,0.12281223567433765,0.04596901627936987,0.020323291679215857
1.0,44,fourier_gaussian,11,1.75,1024,0.059522912175615304,0.019436052955302957,0.06931799879163486,0.858693459321252,0.17702524093040356,0.15534721603138893,0.10125564652473643,0.0373228801935523,0.015962447567319318
1.0,44,fourier_gaussian,12,1.875,1024,0.04622252961441707,0.013147741756989744,0.05343565402748417,0.8650128917790154,0.1631513891586546,0.12508234911952326,0.0792159399218241,0.02811602934505548,0.012158901471556018
1.0,44,fourier_gaussian,13,2.0,1024,0.036397041438275116,0.009099260359568779,0.04298544785916096,0.846729375893155,0.14966412710977905,0.10574394573775629,0.06286018797684273,0.020943585210578604,0.009205113174630032
1.0,44,fourier_gaussian,14,2.125,1024,0.02981456652587286,0.006602533763515097,0.03455925081612765,0.8627087052465673,0.13850537135149915,0.08792814919134277,0.05141993121392745,0.01704375133213257,0.007365007442644713
1.0,44,fourier_gaussian,15,2.25,1024,0.024043596133030216,0.00474935232257387,0.027392517260649743,0.8777432137487282,0.129429412569608,0.07575326473974828,0.041022180416733285,0.013308269207644078,0.005687532120840139
1.0,44,fourier_gaussian,16,2.375,1024,0.019221744602384704,0.0034077331151042135,0.022049406552376714,0.8717579113399215,0.1193617889292502,0.06261104321648334,0.032547035128506846,0.010457792770575429,0.004535435801614452
1.0,44,fourier_gaussian,17,2.5,1024,0.014621806942178833,0.002339489110748613,0.01654586800333205,0.8837135011130425,0.11063814862953743,0.04679876108916144,0.02495087432169165,0.007965544191956752,0.0035288163533380157
1.0,44,scalar_normalized,0,0.5,1024,0.11475725320677523,0.4590290128271009,0.25451124087094984,0.4508926710430169,0.4970182168910717,0.056961439075208745,0.1478861780819815,0.12017035464311829,0.06752067807553831
1.0,44,scalar_normalized,1,0.625,1024,0.12349325769682795,0.31614273970387957,0.245662157011717,0.5026954871642597,0.4247969050249184,0.0832948430568354,0.1755256810722342,0.1209490092390804,0.06293522955870359
1.0,44,scalar_normalized,2,0.75,1024,0.12476766593115,0.2218091838776,0.2272133861828322,0.5491211060546978,0.3687887990387707,0.10337822791816129,0.18986500320719707,0.11462383780198078,0.05924321593558847
1.0,44,scalar_normalized,3,0.800000011920929,1024,0.1268571904692512,0.19821435420095687,0.22092399094548656,0.5742119265831725,0.3555742720486214,0.1183056979248448,0.19942212026592682,0.11174847359983955,0.059681074862053395
1.0,44,scalar_normalized,4,0.875,1024,0.12546962938929174,0.1638786996105035,0.20802849885256244,0.603136734059773,0.3261164839716255,0.1358044296653833,0.19856190993346462,0.1079339456096473,0.05603215810270142
1.0,44,scalar_normalized,5,1.0,1024,0.12384998034422305,0.12384998034422305,0.18866346927700323,0.6564597842859635,0.29619406786781627,0.15724827092482951,0.20262988911833799,0.10088205077122608,0.05200993725455928
1.0,44,scalar_normalized,6,1.125,1024,0.11843488770766633,0.09357818288013142,0.16656224675733286,0.7110548159224579,0.2714478394942027,0.1708124184103197,0.19819831248828113,0.09170021059325967,0.04853228458396886
1.0,44,scalar_normalized,7,1.25,1024,0.10487818807681343,0.0671220403691606,0.14418740701494248,0.727374118503599,0.24036871394684386,0.17564045710741988,0.1743632146174533,0.0780479360625896,0.04339561015240681
1.0,44,scalar_normalized,8,1.375,1024,0.09256969692911572,0.048962484326143856,0.12185080469494965,0.7596970505107584,0.22453623081919505,0.1765737553395977,0.1542996101200455,0.06626131769045646,0.035545918152130075
1.0,44,scalar_normalized,9,1.5,1024,0.0806119786455263,0.035827546064678355,0.10209634070744247,0.7895677561698347,0.20950157225473887,0.16230148120607674,0.13439776242433293,0.0562900257339249,0.03149268372672514
1.0,44,scalar_normalized,10,1.625,1024,0.06780009471823527,0.02567577551459797,0.08421561102624589,0.8050775134446901,0.1907318596195019,0.1498973702568316,0.1111742824549675,0.046143517520602605,0.026894566189214476
1.0,44,scalar_normalized,11,1.75,1024,0.05697679190770798,0.018604666745374032,0.06931799879163486,0.82196244699701,0.17438178833448342,0.1337165001852587,0.09234494475797898,0.03803372090823555,0.02302961712881607
1.0,44,scalar_normalized,12,1.875,1024,0.04630287169816316,0.01317059461636641,0.05343565402748417,0.8665164213082838,0.16220658276271216,0.11244564577215228,0.07326271220904806,0.030994735221497243,0.019459018549556197
1.0,44,scalar_normalized,13,2.0,1024,0.03724552898886401,0.009311382247216003,0.04298544785916096,0.8664683246036328,0.15068840506252593,0.09299032775889492,0.05845489391331524,0.0245295306370109,0.016608874691267546
1.0,44,scalar_normalized,14,2.125,1024,0.031038830698467815,0.006873651088934049,0.03455925081612765,0.8981337837330382,0.14025842675607758,0.07875835331522332,0.04760876848110439,0.02063743270408258,0.014364487832149553
1.0,44,scalar_normalized,15,2.25,1024,0.025873908231560955,0.005110895453147843,0.027392517260649743,0.9445611728692668,0.13132600584460047,0.07027056674113927,0.038099986001809055,0.017274277661738786,0.01196134184290457
1.0,44,scalar_normalized,16,2.375,1024,0.021848874819974055,0.0038734847326269794,0.022049406552376714,0.990905345596204,0.1218740411712215,0.06081010282154459,0.031752763148551646,0.014364064199042136,0.01087278680292862
1.0,44,scalar_normalized,17,2.5,1024,0.017591114927107163,0.002814578388337146,0.01654586800333205,1.0631726859881039,0.11364774990831812,0.048934677735192375,0.02461264817810204,0.011810618228551853,0.009532730670944534
1.0,44,fourier_normalized,0,0.5,1024,0.1362087696158828,0.5448350784635312,0.25451124087094984,0.5351778143463124,0.5199523573400252,0.06087801025496906,0.15154840015965212,0.1529926914314543,0.0873828103241972
1.0,44,fourier_normalized,1,0.625,1024,0.13274239697978688,0.3398205362682544,0.245662157011717,0.5403453205593064,0.43640358341811564,0.0870191176864781,0.170420198759749,0.13837034613669466,0.06990031883004065
1.0,44,fourier_normalized,2,0.75,1024,0.12740398126850244,0.2264959666995599,0.2272133861828322,0.5607239230437948,0.36944474941813105,0.10977995913819609,0.18099242991455552,0.1231865538679673,0.05785925503882223
1.0,44,fourier_normalized,3,0.800000011920929,1024,0.12354906801752896,0.19304541302418732,0.22092399094548656,0.559237896657475,0.3520171607181988,0.11767629605196954,0.18151285137572748,0.11540271183392925,0.05454011649964138
1.0,44,fourier_normalized,4,0.875,1024,0.1172345310398145,0.15312265278669648,0.20802849885256244,0.563550338950929,0.31847106878782977,0.13536897156185548,0.18210751594310953,0.1028081885642051,0.04632960694068061
1.0,44,fourier_normalized,5,1.0,1024,0.10984816161436843,0.10984816161436843,0.18866346927700323,0.582243939620791,0.2822466466617499,0.15253822796392683,0.17807167240530716,0.09030071492568037,0.03869112639354433
1.0,44,fourier_normalized,6,1.125,1024,0.1018490309076543,0.08047330837147995,0.16656224675733286,0.6114772878636763,0.25519770193841046,0.16453742017465636,0.1717449879568919,0.07817881725005181,0.03218347593384037
1.0,44,fourier_normalized,7,1.25,1024,0.08809514259958348,0.056380891263733426,0.14418740701494248,0.6109766755875843,0.2222788014287459,0.16492021006138682,0.15039557357993055,0.06380158101982335,0.026433904901502964
1.0,44,fourier_normalized,8,1.375,1024,0.07466301688301472,0.03949118248357803,0.12185080469494965,0.6127412705228469,0.20578998684050293,0.15897707920294707,0.1296252476257319,0.05096002370525379,0.01965587961198519
1.0,44,fourier_normalized,9,1.5,1024,0.06359115631248333,0.02826273613888148,0.10209634070744247,0.6228544125269295,0.19240110130408813,0.14928059304124,0.11069255534475173,0.04137478000917025,0.016178625884990742
1.0,44,fourier_normalized,10,1.625,1024,0.051943416964878815,0.019670879797350556,0.08421561102624589,0.6167908340496465,0.17506227962670612,0.13388753639460968,0.09091937544137232,0.03195950161659561,0.012623104639220914
1.0,44,fourier_normalized,11,1.75,1024,0.04289414203333332,0.01400625045986394,0.06931799879163486,0.6188023714052993,0.1601602789786224,0.11789771599695813,0.07415790812116752,0.025893014575222882,0.009871942739142596
1.0,44,fourier_normalized,12,1.875,1024,0.034269214240277825,0.00974768760612347,0.05343565402748417,0.6413173912431529,0.15014301605961938,0.09851430492140191,0.05917689481043387,0.020081272609840214,0.007896066785473617
1.0,44,fourier_normalized,13,2.0,1024,0.027374227981895757,0.006843556995473939,0.04298544785916096,0.6368254687396917,0.14080750407217613,0.08280992006395248,0.04787986004015468,0.015219364628834001,0.006040536944303932
1.0,44,fourier_normalized,14,2.125,1024,0.023009705225973568,0.005095574859731171,0.03455925081612765,0.6658045149299274,0.1321692368798971,0.0695358932381718,0.040088298928524356,0.012882880269550161,0.005056772916706008
1.0,44,fourier_normalized,15,2.25,1024,0.01839080265830684,0.0036327511423815983,0.027392517260649743,0.6713805264157244,0.12375196192144056,0.06056863011036519,0.031484484874723065,0.009876614909575521,0.003845728295408334
1.0,44,fourier_normalized,16,2.375,1024,0.014671293051229904,0.0026010048622679056,0.022049406552376714,0.6653826721539805,0.1146032862219177,0.05050197387890685,0.02481905818831308,0.007715003402063516,0.0030042043556678774
1.0,44,fourier_normalized,17,2.5,1024,0.011141845755171447,0.0017826953208274316,0.01654586800333205,0.6733914324064275,0.10715505701013917,0.037457128475661586,0.019181629146898013,0.005819239013438952,0.0023369214605969053
1.0,44,scalar_gate_s1p5_p4,0,0.5,1024,0.0647680807018044,0.2590723228072176,0.25451124087094984,0.2544802362369728,0.4477281777537155,0.07702666522059529,0.09382888022829358,0.05708926104404738,0.03530298662913299
1.0,44,scalar_gate_s1p5_p4,1,0.625,1024,0.0789589360212398,0.20213487621437387,0.245662157011717,0.3214126953117724,0.3816851409856561,0.11837811287470454,0.12045798068273798,0.06400862960292439,0.03976224928473192
1.0,44,scalar_gate_s1p5_p4,2,0.75,1024,0.08890808748062166,0.15805882218777184,0.2272133861828322,0.39129775306935405,0.33170883167540854,0.15440346114538114,0.14101497339557245,0.06671683068721034,0.04372094170428566
1.0,44,scalar_gate_s1p5_p4,3,0.800000011920929,1024,0.09379013494545566,0.14654708148483106,0.22092399094548656,0.42453576247678126,0.32261202101025815,0.17258849965937026,0.15111116232719013,0.06810856258188841,0.04512849035478486
1.0,44,scalar_gate_s1p5_p4,4,0.875,1024,0.09968000475474592,0.1301942919245661,0.20802849885256244,0.47916513989457216,0.30172724550848823,0.19520373518298428,0.15975043389793597,0.07124073064161841,0.04725664935631285
1.0,44,scalar_gate_s1p5_p4,5,1.0,1024,0.10457116106517744,0.10457116106517744,0.18866346927700323,0.5542734980222477,0.2764261035297959,0.2168621756366258,0.1693558730560458,0.07221345032460633,0.04925468333943103
1.0,44,scalar_gate_s1p5_p4,6,1.125,1024,0.10703319136455788,0.08456943515224327,0.16656224675733286,0.642601750686614,0.2598716478396754,0.2271717777659513,0.17332760122521407,0.07318091086329992,0.050319196616258555
1.0,44,scalar_gate_s1p5_p4,7,1.25,1024,0.102481040067194,0.06558786564300416,0.14418740701494248,0.7107488940180029,0.23780629097894068,0.23022950602260348,0.16485985558490016,0.06916840577393359,0.04646172761280612
1.0,44,scalar_gate_s1p5_p4,8,1.375,1024,0.09449249005182828,0.04997949887038851,0.12185080469494965,0.7754769473077161,0.22660793868643828,0.22855650809648495,0.15168556043521925,0.0620150811824518,0.04102834396307967
1.0,44,scalar_gate_s1p5_p4,9,1.5,1024,0.08582182481278863,0.03814303325012828,0.10209634070744247,0.8405964818926416,0.21535905969153885,0.21187006164330774,0.1352814933648315,0.05670285776012728,0.03787171356892263
1.0,44,scalar_gate_s1p5_p4,10,1.625,1024,0.07492699266864204,0.02837471911711888,0.08421561102624589,0.889704316760119,0.1962009297504697,0.20525330383671694,0.11462859155693136,0.04810186179646199,0.03328224951321075
1.0,44,scalar_gate_s1p5_p4,11,1.75,1024,0.06507414916126794,0.021248701766944635,0.06931799879163486,0.9387770895821208,0.18304443533921125,0.191981192120934,0.09694799948036761,0.04127120546489212,0.027827845358251637
1.0,44,scalar_gate_s1p5_p4,12,1.875,1024,0.05481846542275138,0.015592807942471504,0.05343565402748417,1.0258780662543399,0.171441864919261,0.16774599996591666,0.07954051196103779,0.03487771822900677,0.02346235289596337
1.0,44,scalar_gate_s1p5_p4,13,2.0,1024,0.04644056918521381,0.011610142296303453,0.04298544785916096,1.0803788607105673,0.15995598219659296,0.1565508841114326,0.06549195156563847,0.028289413311892844,0.019970081071327646
1.0,44,scalar_gate_s1p5_p4,14,2.125,1024,0.03948836841787239,0.008744828992193194,0.03455925081612765,1.142628022464089,0.14916709740710005,0.13831055348183754,0.055106154859688256,0.023622442158093303,0.01676014446716234
1.0,44,scalar_gate_s1p5_p4,15,2.25,1024,0.03413715637336688,0.006743141999677409,0.027392517260649743,1.246221953555398,0.13931075708541557,0.12950198650503236,0.044777930254919995,0.02026214822460886,0.014656461294988567
1.0,44,scalar_gate_s1p5_p4,16,2.375,1024,0.029166038261707748,0.00517071038434708,0.022049406552376714,1.322758424015903,0.12922155602338622,0.11823889775035032,0.03632392199788336,0.017027627662032606,0.012812207502478024
1.0,44,scalar_gate_s1p5_p4,17,2.5,1024,0.02386062774312267,0.003817700438899627,0.01654586800333205,1.442089815917639,0.12002439678391635,0.0994687216396842,0.028875868541502446,0.013939152771651045,0.0104212751623617
1.0,44,fourier_gate_s1p5_p4,0,0.5,1024,0.06441751822463147,0.2576700728985259,0.25451124087094984,0.25310284136838745,0.4472180266454362,0.07439191854077332,0.09394336108452632,0.05681124200361596,0.03512061868857598
1.0,44,fourier_gate_s1p5_p4,1,0.625,1024,0.07703672656444717,0.19721402000498475,0.245662157011717,0.3135880898447572,0.37990339191316486,0.11041183932230592,0.1193495610351924,0.062465180378274816,0.03832024378762974
1.0,44,fourier_gate_s1p5_p4,2,0.75,1024,0.08628270960066906,0.15339148373452277,0.2272133861828322,0.3797430734615248,0.32836057574983146,0.13933553395327572,0.13735733642424588,0.06569286364299523,0.0437934442251854
1.0,44,fourier_gate_s1p5_p4,3,0.800000011920929,1024,0.08974740709863399,0.1402303194124264,0.22092399094548656,0.4062365826117062,0.31858299767644815,0.15660890915573827,0.14754689585392136,0.06530354670685222,0.04219095409312971
1.0,44,fourier_gate_s1p5_p4,4,0.875,1024,0.09476286079227385,0.12377189981031686,0.20802849885256244,0.45552826326663937,0.29620499005657186,0.17742012476688346,0.15408141286036697,0.06810195633927876,0.044105927285528805
1.0,44,fourier_gate_s1p5_p4,5,1.0,1024,0.09946034990961866,0.09946034990961866,0.18866346927700323,0.5271839338626123,0.2716539725533411,0.2052970730729843,0.16323496654797087,0.06880386807964414,0.043098449930582046
1.0,44,fourier_gate_s1p5_p4,6,1.125,1024,0.1020825860716334,0.08065784578499428,0.16656224675733286,0.6128794973590811,0.2551219811433478,0.22198699904520428,0.16895105873816824,0.06880161312379247,0.042319858593208824
1.0,44,fourier_gate_s1p5_p4,7,1.25,1024,0.09624188028251626,0.06159480338081041,0.14418740701494248,0.6674777102589998,0.2312471899485139,0.22156076374822092,0.15841255200040008,0.06382971966999114,0.03854057983931522
1.0,44,fourier_gate_s1p5_p4,8,1.375,1024,0.08906412844755131,0.04710829934415937,0.12185080469494965,0.7309277002357191,0.2203257783956024,0.2228556805007785,0.14792848673615686,0.05698833329561888,0.031262966478871036
1.0,44,fourier_gate_s1p5_p4,9,1.5,1024,0.07966915960266874,0.03540851537896388,0.10209634070744247,0.780333154456153,0.2093548564850849,0.2064357086388672,0.13149742730045874,0.05026424864994522,0.028189375607887406
1.0,44,fourier_gate_s1p5_p4,10,1.625,1024,0.06761281938705765,0.025604854679122425,0.08421561102624589,0.8028537531596849,0.1892834839748634,0.18787152783201483,0.11184961878586469,0.040956253287140316,0.022861809919445603
1.0,44,fourier_gate_s1p5_p4,11,1.75,1024,0.05754496760242104,0.01879019350283136,0.06931799879163486,0.8301591016122271,0.17555563547361977,0.16844736858760453,0.0937371362536381,0.034519026833651816,0.018577776801616944
1.0,44,fourier_gate_s1p5_p4,12,1.875,1024,0.04662110510688956,0.013261114341515253,0.05343565402748417,0.8724718721120247,0.16245895206942285,0.13545203019816457,0.07671432845997812,0.027908094756162093,0.014465122086772107
1.0,44,fourier_gate_s1p5_p4,13,2.0,1024,0.03823917885222161,0.009559794713055403,0.04298544785916096,0.8895842839071912,0.15183706602224087,0.11574748978342957,0.06331709116798738,0.022085579080282112,0.011620761134182813
1.0,44,fourier_gate_s1p5_p4,14,2.125,1024,0.03167969544114064,0.007015572692847754,0.03455925081612765,0.9166777257323176,0.14058384010672836,0.09746260024786904,0.05255981815612959,0.018148040671685257,0.009133003739809279
1.0,44,fourier_gate_s1p5_p4,15,2.25,1024,0.025965096639213335,0.005128907978116214,0.027392517260649743,0.9478901260569088,0.1316228927472789,0.0827054618756281,0.042728031692634,0.014687463904402417,0.007246288411076319
1.0,44,fourier_gate_s1p5_p4,16,2.375,1024,0.021135774311254886,0.0037470624817737192,0.022049406552376714,0.9585643160530619,0.12120692125635843,0.07068567726948319,0.034173611036351734,0.011723569969502171,0.0059868904475772556
1.0,44,fourier_gate_s1p5_p4,17,2.5,1024,0.016377354991024502,0.0026203767985639205,0.01654586800333205,0.989815402112865,0.11204890210154045,0.05264868716233517,0.026986583166702615,0.009194559215604699,0.00450077106845453
1.0,44,scalar_gate_s1p5_p4_plateau_lo0p8_hi1,0,0.5,1024,0.0794370059724751,0.3177480238899004,0.25451124087094984,0.31211590380306115,0.4618155230347063,0.07279493265705177,0.1094535921351894,0.07368496242723281,0.051494169140466985
1.0,44,scalar_gate_s1p5_p4_plateau_lo0p8_hi1,1,0.625,1024,0.1009808034492174,0.2585108568299965,0.245662157011717,0.4110555922717924,0.40223934402874084,0.11571626354998388,0.15022820787109953,0.08540282588383692,0.06409363300132741
1.0,44,scalar_gate_s1p5_p4_plateau_lo0p8_hi1,2,0.75,1024,0.12012195807105303,0.21355014768187205,0.2272133861828322,0.5286746528850825,0.3623655909088895,0.1535558107744038,0.18949714655415312,0.09432122347685569,0.0756833688439813
1.0,44,scalar_gate_s1p5_p4_plateau_lo0p8_hi1,3,0.800000011920929,1024,0.13065622889380601,0.20415035156241726,0.22092399094548656,0.5914080600057858,0.35898034459084616,0.18742329835888227,0.21216558007622027,0.09844427081158758,0.07590307428840815
1.0,44,scalar_gate_s1p5_p4_plateau_lo0p8_hi1,4,0.875,1024,0.12197018646333418,0.15930799864598752,0.20802849885256244,0.5863147940599187,0.32442975168087124,0.18419597658696696,0.19528395460877263,0.0945675004860403,0.060585973383646685
1.0,44,scalar_gate_s1p5_p4_plateau_lo0p8_hi1,5,1.0,1024,0.13587298697372716,0.13587298697372716,0.18866346927700323,0.7201870478393092,0.30858517265066643,0.2025262315486361,0.2400351301058893,0.09972697667966204,0.05021785775251321
1.0,44,scalar_gate_s1p5_p4_plateau_lo0p8_hi1,6,1.125,1024,0.12696443566171028,0.10031757879443776,0.16656224675733286,0.7622641873142283,0.27932359827478764,0.20655382461243885,0.22545244128033962,0.0905341427504004,0.045283871698690664
1.0,44,scalar_gate_s1p5_p4_plateau_lo0p8_hi1,7,1.25,1024,0.11443059989839675,0.07323558393497392,0.14418740701494248,0.7936240915029288,0.25018721527661275,0.21217182334542722,0.20185380865271457,0.07838790300062615,0.04087218181172612
1.0,44,scalar_gate_s1p5_p4_plateau_lo0p8_hi1,8,1.375,1024,0.0999364899518706,0.0528589698918985,0.12185080469494965,0.8201545340800911,0.23191671439798967,0.20173280026173873,0.17579607937760786,0.06658392460498586,0.03452007211108661
1.0,44,scalar_gate_s1p5_p4_plateau_lo0p8_hi1,9,1.5,1024,0.087468385047015,0.03887483779867333,0.10209634070744247,0.8567239965794274,0.216295325326049,0.19045804880818956,0.15182664746964447,0.057134182554931585,0.03043309250955857
1.0,44,scalar_gate_s1p5_p4_plateau_lo0p8_hi1,10,1.625,1024,0.07357945450262829,0.027864408805729057,0.08421561102624589,0.8737032671970659,0.19657249018784193,0.17201236998479463,0.1277000529502334,0.04633237931940433,0.0256134993534172
1.0,44,scalar_gate_s1p5_p4_plateau_lo0p8_hi1,11,1.75,1024,0.061979793580016686,0.020238299944495244,0.06931799879163486,0.8941370879203204,0.17985944708683665,0.1560523550376384,0.10522215006506958,0.038515687172856646,0.02148413877940413
1.0,44,scalar_gate_s1p5_p4_plateau_lo0p8_hi1,12,1.875,1024,0.04971277063374069,0.014140521424708462,0.05343565402748417,0.9303295999366145,0.16598958161495003,0.12968762515617324,0.0833426851227756,0.03067711801682198,0.0174082466935757
1.0,44,scalar_gate_s1p5_p4_plateau_lo0p8_hi1,13,2.0,1024,0.04054028400187555,0.010135071000468888,0.04298544785916096,0.943116473619239,0.1540085724971213,0.10894711985645081,0.06765363641951114,0.024386072770864034,0.015361991101802887
1.0,44,scalar_gate_s1p5_p4_plateau_lo0p8_hi1,14,2.125,1024,0.033595424920131865,0.007439817283351001,0.03455925081612765,0.972110914639793,0.14266006421153482,0.09196711973677547,0.05493163971163239,0.020352913438565608,0.013262922656357059
1.0,44,scalar_gate_s1p5_p4_plateau_lo0p8_hi1,15,2.25,1024,0.02775514004309461,0.005482496798635972,0.027392517260649743,1.0132380233256542,0.13312079053114212,0.07945414564956996,0.04342102800060521,0.01713394318208598,0.011307524256622056
1.0,44,scalar_gate_s1p5_p4_plateau_lo0p8_hi1,16,2.375,1024,0.02334010169592809,0.004137857364375063,0.022049406552376714,1.0585365025804856,0.12353843636450797,0.06789994090045808,0.03601388599018579,0.01428299101363419,0.01026921485895248
1.0,44,scalar_gate_s1p5_p4_plateau_lo0p8_hi1,17,2.5,1024,0.018437938244508928,0.0029500701191214284,0.01654586800333205,1.1143530361051983,0.11416451815283032,0.055642842363577284,0.02737855717172711,0.01144548997316717,0.008290029110596382
1.0,44,fourier_gate_s1p5_p4_plateau_lo0p8_hi1,0,0.5,1024,0.06930790874866517,0.2772316349946607,0.25451124087094984,0.2723176725377242,0.4513323139043386,0.06846810269383193,0.08924417281832789,0.06456391707844805,0.052253966742770115
1.0,44,fourier_gate_s1p5_p4_plateau_lo0p8_hi1,1,0.625,1024,0.09125497819307997,0.2336127441742847,0.245662157011717,0.37146534616126287,0.39454830745144764,0.1106804653039293,0.12556441743548952,0.0789365953979626,0.06600459503765677
1.0,44,fourier_gate_s1p5_p4_plateau_lo0p8_hi1,2,0.75,1024,0.11025992406879083,0.19601764278896147,0.2272133861828322,0.48527037038243764,0.35214629282027343,0.1500577385712863,0.15719775079413253,0.0913339217248797,0.07620323291046127
1.0,44,fourier_gate_s1p5_p4_plateau_lo0p8_hi1,3,0.800000011920929,1024,0.1180864860440872,0.18451012894505586,0.22092399094548656,0.5345118270709914,0.34680458627434585,0.17424944411553742,0.1745311099388106,0.09507102150649029,0.0734861551113616
1.0,44,fourier_gate_s1p5_p4_plateau_lo0p8_hi1,4,0.875,1024,0.11428520903731261,0.14927047710995933,0.20802849885256244,0.5493728487571831,0.31539221728807615,0.18809372102751404,0.18063664247067418,0.08923283613712944,0.04996467389524988
1.0,44,fourier_gate_s1p5_p4_plateau_lo0p8_hi1,5,1.0,1024,0.16038048713691547,0.16038048713691547,0.18866346927700323,0.8500876600622584,0.333225506186759,0.23317909950476637,0.2446391040186194,0.13427201255189083,0.06877573201961772
1.0,44,fourier_gate_s1p5_p4_plateau_lo0p8_hi1,6,1.125,1024,0.1456083281234446,0.1150485555543266,0.16656224675733286,0.8741976705896843,0.2984380262525292,0.24133278122904445,0.23357334923115586,0.11430330203510666,0.054309248540345655
1.0,44,fourier_gate_s1p5_p4_plateau_lo0p8_hi1,7,1.25,1024,0.12940554270221283,0.08281954732941621,0.14418740701494248,0.8974815858142329,0.2648672961912216,0.243461801339786,0.21124211859445227,0.09609177839533194,0.04640570703224099
1.0,44,fourier_gate_s1p5_p4_plateau_lo0p8_hi1,8,1.375,1024,0.11084321181091628,0.058627814511559025,0.12185080469494965,0.9096633550218187,0.24234121709638998,0.2356275444886001,0.18417426161062633,0.07809438247029561,0.034870071521729856
1.0,44,fourier_gate_s1p5_p4_plateau_lo0p8_hi1,9,1.5,1024,0.09511182093139997,0.04227192041395554,0.10209634070744247,0.9315889313206956,0.2238379485511721,0.21520556978093025,0.16180290754701457,0.06366387542898934,0.028634489485230657
1.0,44,fourier_gate_s1p5_p4_plateau_lo0p8_hi1,10,1.625,1024,0.07876505918004029,0.029828188091849575,0.08421561102624589,0.9352786047647753,0.20030183218327194,0.19625492891992483,0.13401672130767728,0.0504030806718587,0.02241298435076912
1.0,44,fourier_gate_s1p5_p4_plateau_lo0p8_hi1,11,1.75,1024,0.06507411496839392,0.021248690601924546,0.06931799879163486,0.9387765963065703,0.18315504275589756,0.17274966446051193,0.11014534844275753,0.040605110872270006,0.017566187881483373
1.0,44,fourier_gate_s1p5_p4_plateau_lo0p8_hi1,12,1.875,1024,0.05097728664737618,0.014500205979698113,0.05343565402748417,0.953993874972625,0.16732660983547426,0.14137726452105953,0.08656752088119274,0.03090818361926625,0.013300160630293515
1.0,44,fourier_gate_s1p5_p4_plateau_lo0p8_hi1,13,2.0,1024,0.041195734091917985,0.010298933522979496,0.04298544785916096,0.9583646592887235,0.15471915485870794,0.12149764086631623,0.0704994318039853,0.02376793631797122,0.010326448208487089
1.0,44,fourier_gate_s1p5_p4_plateau_lo0p8_hi1,14,2.125,1024,0.03350289206852983,0.007419325579189996,0.03455925081612765,0.9694334014004476,0.14220589575330878,0.1001111570139858,0.0577120959111615,0.019045508345543232,0.008076498776547345
1.0,44,fourier_gate_s1p5_p4_plateau_lo0p8_hi1,15,2.25,1024,0.02681956501507645,0.005297691854829916,0.027392517260649743,0.9790836219935012,0.1322766471687892,0.08576422211930124,0.04560748902240318,0.014777135575760502,0.0061654018260087675
1.0,44,fourier_gate_s1p5_p4_plateau_lo0p8_hi1,16,2.375,1024,0.02173312373161952,0.00385296376405443,0.022049406552376714,0.9856557218442188,0.12184842897586326,0.07215737820725185,0.036785668378842847,0.011681489687669099,0.004932409371683909
1.0,44,fourier_gate_s1p5_p4_plateau_lo0p8_hi1,17,2.5,1024,0.01626809872400215,0.002602895795840344,0.01654586800333205,0.9832121663684273,0.11191642960761247,0.05354929882673594,0.027795421830861027,0.008704285747032402,0.003637706612175536
1.0,44,scalar_gate_s1p5_p4_cap_lo1_hi2_d0p5,0,0.5,1024,0.06243085786569373,0.24972343146277493,0.25451124087094984,0.2452970550615065,0.44532961265990945,0.07574082537656959,0.08960426507292338,0.05492800108510026,0.03507227760681867
1.0,44,scalar_gate_s1p5_p4_cap_lo1_hi2_d0p5,1,0.625,1024,0.07836047238584049,0.20060280930775165,0.245662157011717,0.3189765706653102,0.3810650142178754,0.12090858341275905,0.11968836562104906,0.0625229121191971,0.04108160596005664
1.0,44,scalar_gate_s1p5_p4_cap_lo1_hi2_d0p5,2,0.75,1024,0.09056971550336049,0.16101282756152976,0.2272133861828322,0.39861082581851753,0.33272086557851027,0.1641337679918749,0.14204477845965757,0.06722304322705669,0.04638811413124989
1.0,44,scalar_gate_s1p5_p4_cap_lo1_hi2_d0p5,3,0.800000011920929,1024,0.09541889008896343,0.14909201132071714,0.22092399094548656,0.43190823088339114,0.32374644781438233,0.18170360572599173,0.15425502445912015,0.06797300257257151,0.04656982869448298
1.0,44,scalar_gate_s1p5_p4_cap_lo1_hi2_d0p5,4,0.875,1024,0.10270815736537772,0.13414943002824845,0.20802849885256244,0.4937215714764679,0.30427184080757724,0.20643227180051174,0.16471057979258893,0.0723761852002006,0.049444570988152615
1.0,44,scalar_gate_s1p5_p4_cap_lo1_hi2_d0p5,5,1.0,1024,0.10844397241550861,0.10844397241550861,0.18866346927700323,0.5748011145511527,0.28044394619579527,0.22512763913957082,0.1765058877799317,0.0743394598197251,0.051460022282793
1.0,44,scalar_gate_s1p5_p4_cap_lo1_hi2_d0p5,6,1.125,1024,0.10773245501217805,0.08512193976270858,0.16656224675733286,0.6467999628339257,0.26080352354858544,0.2268268798932807,0.17708576831212264,0.07302188165851863,0.04940293910326629
1.0,44,scalar_gate_s1p5_p4_cap_lo1_hi2_d0p5,7,1.25,1024,0.10267628152691785,0.06571282017722742,0.14418740701494248,0.7121029752360917,0.23791986949483573,0.2395640825637712,0.16859882801546783,0.06785348439047112,0.040984654153376
1.0,44,scalar_gate_s1p5_p4_cap_lo1_hi2_d0p5,8,1.375,1024,0.0950901949453997,0.050295640301699016,0.12185080469494965,0.780382166399767,0.2266423805810537,0.25401551865699656,0.1564290995445062,0.05902789858726898,0.03398674872681714
1.0,44,scalar_gate_s1p5_p4_cap_lo1_hi2_d0p5,9,1.5,1024,0.08679224055932377,0.038574329137477235,0.10209634070744247,0.8501013842212752,0.215863241296409,0.2436285093140682,0.14136119817540865,0.05284398086294774,0.030898481008846526
1.0,44,scalar_gate_s1p5_p4_cap_lo1_hi2_d0p5,10,1.625,1024,0.07569675172851505,0.028666225506656585,0.08421561102624589,0.8988446536940053,0.1970283100478592,0.2350777794087049,0.12095219119164766,0.04380399273508889,0.027181377946894875
1.0,44,scalar_gate_s1p5_p4_cap_lo1_hi2_d0p5,11,1.75,1024,0.06581775185902757,0.02149151081111104,0.06931799879163486,0.94950450108739,0.18361438521818724,0.21499753648054093,0.10234605499875069,0.037981448442206925,0.023160256617779273
1.0,44,scalar_gate_s1p5_p4_cap_lo1_hi2_d0p5,12,1.875,1024,0.05458587535516483,0.015526648989913551,0.05343565402748417,1.0215253532236932,0.171011049074145,0.18453102583843423,0.08241727122998668,0.03159779102378491,0.01975996211665608
1.0,44,scalar_gate_s1p5_p4_cap_lo1_hi2_d0p5,13,2.0,1024,0.04630438972566316,0.01157609743141579,0.04298544785916096,1.0772108244021674,0.15988467196442635,0.16648106128930726,0.06783831490209355,0.026213914479568563,0.017154389473008673
1.0,44,scalar_gate_s1p5_p4_cap_lo1_hi2_d0p5,14,2.125,1024,0.03871330243711907,0.008573188082960623,0.03455925081612765,1.120200858609263,0.14823839908618022,0.137891035979015,0.05631924129243052,0.022239599785777914,0.014549102520578672
1.0,44,scalar_gate_s1p5_p4_cap_lo1_hi2_d0p5,15,2.25,1024,0.03335304204269017,0.00658825521830917,0.027392517260649743,1.2175968249038185,0.1384446212411415,0.12610183033107206,0.04580814940906353,0.019227722457171775,0.013045842776439352
1.0,44,scalar_gate_s1p5_p4_cap_lo1_hi2_d0p5,16,2.375,1024,0.028103885983902753,0.004982406379417662,0.022049406552376714,1.2745869562132692,0.12813906055748897,0.1117850977147014,0.03679559173918047,0.01604820808173005,0.011706074643395533
1.0,44,scalar_gate_s1p5_p4_cap_lo1_hi2_d0p5,17,2.5,1024,0.022927565131613887,0.0036684104210582217,0.01654586800333205,1.3856973310192413,0.11879943278723064,0.09122518905753439,0.02926776164165216,0.01338456005945439,0.009764332760859242
1.0,44,fourier_gate_s1p5_p4_cap_lo1_hi2_d0p5,0,0.5,1024,0.061898613971965305,0.24759445588786122,0.25451124087094984,0.2432058158223002,0.44516911705713674,0.07151233221476758,0.08777872450945051,0.05458164416009396,0.03819045994861545
1.0,44,fourier_gate_s1p5_p4_cap_lo1_hi2_d0p5,1,0.625,1024,0.07605553557407761,0.1947021710696387,0.245662157011717,0.3095940233499216,0.37899523638319643,0.10718230892806321,0.11375104468778499,0.06234159379997064,0.04355686976634333
1.0,44,fourier_gate_s1p5_p4_cap_lo1_hi2_d0p5,2,0.75,1024,0.08641039280316018,0.153618476094507,0.2272133861828322,0.3803050262788134,0.3289890164772707,0.13706153599516852,0.13020266398987826,0.06787575600168488,0.0504376812812301
1.0,44,fourier_gate_s1p5_p4_cap_lo1_hi2_d0p5,3,0.800000011920929,1024,0.0897423552444833,0.1402224258905512,0.22092399094548656,0.4062137156784725,0.31899221657210514,0.15322666803879947,0.14139755062938736,0.06687819147228868,0.049017563924991264
1.0,44,fourier_gate_s1p5_p4_cap_lo1_hi2_d0p5,4,0.875,1024,0.09656232046793445,0.1261222144887307,0.20802849885256244,0.46417832653001917,0.2978957074771194,0.17326344411367392,0.1509913796948343,0.07147193664171514,0.05197370760486348
1.0,44,fourier_gate_s1p5_p4_cap_lo1_hi2_d0p5,5,1.0,1024,0.10250644161574307,0.10250644161574307,0.18866346927700323,0.5433295698874223,0.27474832335548527,0.20221912738893236,0.16189528869273348,0.07319741878194926,0.05225330764365373
1.0,44,fourier_gate_s1p5_p4_cap_lo1_hi2_d0p5,6,1.125,1024,0.10014908681495291,0.07913014266860477,0.16656224675733286,0.6012712290130289,0.25305470806623453,0.21765150943657335,0.1683165910158805,0.0682721685696367,0.03410720237248703
1.0,44,fourier_gate_s1p5_p4_cap_lo1_hi2_d0p5,7,1.25,1024,0.09569422329769262,0.061244302910523275,0.14418740701494248,0.6636794799130801,0.23078866994297276,0.2198303309811172,0.1600898129594568,0.06421183829989745,0.031182125177657814
1.0,44,fourier_gate_s1p5_p4_cap_lo1_hi2_d0p5,8,1.375,1024,0.0885282810826637,0.04682487594454939,0.12185080469494965,0.7265301308784293,0.22019988369805304,0.22032608838159465,0.14882485886254,0.0573196454491504,0.026012651145638905
1.0,44,fourier_gate_s1p5_p4_cap_lo1_hi2_d0p5,9,1.5,1024,0.07911151383335013,0.03516067281482228,0.10209634070744247,0.7748711979799995,0.20844011997920447,0.20539090714352543,0.1336480171687251,0.04979509842428438,0.022753414276834517
1.0,44,fourier_gate_s1p5_p4_cap_lo1_hi2_d0p5,10,1.625,1024,0.06733362332688352,0.025499123626748787,0.08421561102624589,0.7995385001232006,0.18904960856869307,0.18969940124851442,0.11408599214848444,0.040318020092316185,0.01829625879594133
1.0,44,fourier_gate_s1p5_p4_cap_lo1_hi2_d0p5,11,1.75,1024,0.056704992540069096,0.018515915931451132,0.06931799879163486,0.8180413965861941,0.1743985279352617,0.16771018881611288,0.09503652892955106,0.03342319592968258,0.01484393933353704
1.0,44,fourier_gate_s1p5_p4_cap_lo1_hi2_d0p5,12,1.875,1024,0.04551074005251215,0.012945277170492344,0.05343565402748417,0.8516923930434929,0.1613759439502649,0.13565523377160982,0.07720581638120569,0.026315553532345146,0.0115988124781892
1.0,44,fourier_gate_s1p5_p4_cap_lo1_hi2_d0p5,13,2.0,1024,0.03697369948838572,0.00924342487209643,0.04298544785916096,0.8601445682159147,0.15056599988462133,0.11621177057611409,0.06256303252455989,0.020626089623842925,0.00921803853027758
1.0,44,fourier_gate_s1p5_p4_cap_lo1_hi2_d0p5,14,2.125,1024,0.03075739227262899,0.006811325624388427,0.03455925081612765,0.8899901342269706,0.13960425975594892,0.09744552688178224,0.05237679907741322,0.016984270445525286,0.007305721183652543
1.0,44,fourier_gate_s1p5_p4_cap_lo1_hi2_d0p5,15,2.25,1024,0.025147813265042514,0.004967469286921978,0.027392517260649743,0.9180541176903146,0.13049167541911944,0.0825767915432717,0.04248682646770752,0.013646132112597175,0.00586870843719314
1.0,44,fourier_gate_s1p5_p4_cap_lo1_hi2_d0p5,16,2.375,1024,0.020479767904757397,0.003630762177020702,0.022049406552376714,0.9288126578876054,0.12066571030644899,0.06992112434313154,0.03410055397891151,0.01094589145612986,0.004814483446424039
1.0,44,fourier_gate_s1p5_p4_cap_lo1_hi2_d0p5,17,2.5,1024,0.015891730499380332,0.002542676879900853,0.01654586800333205,0.960465204737522,0.11160032821669491,0.0518706508475133,0.02675259619322294,0.008687174811533045,0.0038124461154537895
