spectrum_lambda,seed,method,noise_bin,sigma,n,score_error,unweighted_score_error,reference_error,relative_to_gaussian,dsm_pixel_mean,frequency_band_0,frequency_band_1,frequency_band_2,frequency_band_3
0.0,42,scalar_gate_s1p5_p4_plateau_lo0p8_hi1,0,0.12079870700836182,2048,0.009160470017835489,0.6277593444713282,0.0353823191551081,0.2588996492196584,0.9582771037315002,0.009259506686229973,0.009158416920963773,0.0092188966629152,0.008888376715087153
0.0,42,scalar_gate_s1p5_p4_plateau_lo0p8_hi1,1,0.17627345025539398,2048,0.013744240850050722,0.442330561473499,0.07059094462367632,0.1947026056007881,0.9131207826282115,0.014085711091919464,0.013852991479222084,0.013670865036259158,0.013638398227031563
0.0,42,scalar_gate_s1p5_p4_plateau_lo0p8_hi1,2,0.25722402334213257,2048,0.02159196719682035,0.3263391348999876,0.1302201914058689,0.16581120764538532,0.8302517269854723,0.021846256088830115,0.02186161462780485,0.021520347324454625,0.021241886341779672
0.0,42,scalar_gate_s1p5_p4_plateau_lo0p8_hi1,3,0.37534967064857483,2048,0.035660873246910835,0.2531161729865058,0.21358177331137568,0.16696590113483942,0.7029219340038686,0.036762904007771144,0.03599166792775607,0.035434315406496386,0.03531643967760704
0.0,42,scalar_gate_s1p5_p4_plateau_lo0p8_hi1,4,0.547722578048706,2048,0.05548828148159981,0.18496092439726605,0.28786040742000873,0.19276107464351105,0.5329010923781625,0.05476148269450944,0.05608060557373441,0.05544456637458176,0.05500418393714558
0.0,42,scalar_gate_s1p5_p4_plateau_lo0p8_hi1,5,0.7992547750473022,2048,0.0883498469387603,0.13830418515290277,0.3081840299820301,0.2866788617953756,0.3891787748877061,0.08837091600041187,0.08822016522354807,0.08831057455643389,0.088717049509231
0.0,42,scalar_gate_s1p5_p4_plateau_lo0p8_hi1,6,1.166298747062683,2048,0.1826434455420346,0.13427169561370794,0.24948098571877325,0.7320936504071653,0.35527086175801575,0.17767891783958722,0.1855456044388737,0.18195050114123762,0.1828599128520248
0.0,42,scalar_gate_s1p5_p4_plateau_lo0p8_hi1,7,1.7019013166427612,2048,0.10980347147537989,0.037909435907194845,0.13167808793770341,0.8338780824895304,0.23495548138270383,0.11162375415519117,0.11011428579660532,0.10969647785718921,0.10864384263980423
0.0,42,scalar_gate_s1p5_p4_plateau_lo0p8_hi1,8,2.4834699630737305,2048,0.027686004788342343,0.0044889262087317115,0.031367588044842645,0.8826309740093129,0.13626147378687117,0.02754834155428625,0.02752145918633853,0.027813687422480405,0.0275726532596365
0.0,42,fourier_gate_s1p5_p4_plateau_lo0p8_hi1,0,0.12079870700836182,2048,0.009160470768269155,0.6277593958979194,0.0353823191551081,0.25889967042894274,0.9582771129728457,0.009259506925969555,0.009158416692983035,0.00921889897140764,0.008888373602643317
0.0,42,fourier_gate_s1p5_p4_plateau_lo0p8_hi1,1,0.17627345025539398,2048,0.013744239637828188,0.4423305224605713,0.07059094462367632,0.19470258842829463,0.9131207747991428,0.014085712476355764,0.013852988129955945,0.013670864408600878,0.013638397163055581
0.0,42,fourier_gate_s1p5_p4_plateau_lo0p8_hi1,2,0.25722402334213257,2048,0.02159196156211473,0.3263390497375316,0.1302201914058689,0.1658111643747868,0.8302517176536803,0.021846250930607214,0.021861599278400312,0.021520346826387718,0.021241878307857676
0.0,42,fourier_gate_s1p5_p4_plateau_lo0p8_hi1,3,0.37534967064857483,2048,0.03566086971097454,0.2531161478888966,0.21358177331137568,0.16696588457941786,0.7029219290104434,0.036762889948899605,0.03599166025657768,0.035434315828073264,0.03531643438868212
0.0,42,fourier_gate_s1p5_p4_plateau_lo0p8_hi1,4,0.547722578048706,2048,0.05548825448651284,0.18496083441364955,0.28786040742000873,0.19276098086511614,0.5329010678583086,0.05476147549550585,0.056080571505244384,0.05544454300629497,0.05500414481792816
0.0,42,fourier_gate_s1p5_p4_plateau_lo0p8_hi1,5,0.7992547750473022,2048,0.08834981798705532,0.1383041398314664,0.3081840299820301,0.2866787678524644,0.3891787377831539,0.08837088022470649,0.08822012977246135,0.0883105573974699,0.08871699135273897
0.0,42,fourier_gate_s1p5_p4_plateau_lo0p8_hi1,6,1.166298747062683,2048,0.18264342048984708,0.13427167719640484,0.24948098571877325,0.7320935499899434,0.3552708436903765,0.17767889745374438,0.18554557512412134,0.1819504793168469,0.18285988059141733
0.0,42,fourier_gate_s1p5_p4_plateau_lo0p8_hi1,7,1.7019013166427612,2048,0.10980345660682746,0.03790943077385591,0.13167808793770341,0.8338779695736105,0.23495546577175003,0.11162374367667174,0.11011426490359907,0.10969646535349582,0.10864382710857295
0.0,42,fourier_gate_s1p5_p4_plateau_lo0p8_hi1,8,2.4834699630737305,2048,0.02768600191303467,0.004488925742537905,0.031367588044842645,0.8826308823443858,0.1362614685332676,0.0275483400757076,0.027521453278907523,0.02781368608372562,0.02757264919405435
0.0,42,score,0,0.12079870700836182,2048,0.006381497304464726,0.43731866998052854,0.0353823191551081,0.1803583670276016,0.9556024867229861,0.006354282433019496,0.0063675539512349725,0.0063645809445851565,0.006485311109443347
0.0,42,score,1,0.17627345025539398,2048,0.012534109373082464,0.403384930244827,0.07059094462367632,0.1775597343243159,0.9108792652796528,0.012903984556798809,0.012759740982621795,0.012405259732170245,0.012414265608616288
0.0,42,score,2,0.25722402334213257,2048,0.023818469501424248,0.3599902992109571,0.1302201914058689,0.1829091882317013,0.8306142024208449,0.023384897695789664,0.024138837097066126,0.02359079700034024,0.02434989644973085
0.0,42,score,3,0.37534967064857483,2048,0.041434105575206395,0.29409381429613735,0.21358177331137568,0.1939964489142087,0.7073819879931658,0.04160829591774307,0.041849276952767286,0.04118717250883863,0.04153210896441158
0.0,42,score,4,0.547722578048706,2048,0.062325520923916494,0.20775172082868368,0.28786040742000873,0.2165130018487716,0.5399898639247626,0.06299233867047192,0.06229570370094216,0.06229159095663461,0.06213625489307163
0.0,42,score,5,0.7992547750473022,2048,0.0741445862027289,0.11606705538919031,0.3081840299820301,0.2405854262047654,0.37584299781488445,0.07554478660882644,0.07411919643706472,0.07367120717530669,0.07520015521967278
0.0,42,score,6,1.166298747062683,2048,0.08152099476417916,0.059930769279006944,0.24948098571877325,0.32676235637482,0.2542298019597189,0.08047410609255892,0.08191170907301891,0.08121800053379721,0.08255264123636273
0.0,42,score,7,1.7019013166427612,2048,0.07838630860980705,0.02706272126297358,0.13167808793770341,0.5952874152219725,0.203435455427145,0.07869173017782938,0.0791612490339962,0.07755770210507107,0.07996924933579438
0.0,42,score,8,2.4834699630737305,2048,0.09605818699596266,0.01557458782752908,0.031367588044842645,3.0623389614349463,0.20328298785160362,0.09696099168462433,0.09648151393840008,0.09546567424103786,0.09704242912320019
0.0,42,scalar_gaussian,0,0.12079870700836182,2048,0.030771903059002244,2.108772765463291,0.0353823191551081,0.8696971762677614,0.9812828795516232,0.03213318917596436,0.030126902322353915,0.030920707354894265,0.03060015140802825
0.0,42,scalar_gaussian,1,0.17627345025539398,2048,0.06024338722602589,1.938811432910469,0.07059094462367632,0.8534152297746722,0.959056119107655,0.06335277593231992,0.05928376637120315,0.060510435315005114,0.05921309335051482
0.0,42,scalar_gaussian,2,0.25722402334213257,2048,0.11050849526207675,1.6702158915949172,0.1302201914058689,0.848627959067001,0.9164506968379342,0.11372205216655629,0.10911967477378041,0.11128157354538741,0.10827168211294134
0.0,42,scalar_gaussian,3,0.37534967064857483,2048,0.180756583748889,1.2829863812882645,0.21358177331137568,0.8463109044673413,0.8482927185730047,0.19078585109951798,0.17764353525092924,0.18201006598810998,0.17598369964674432
0.0,42,scalar_gaussian,4,0.547722578048706,2048,0.24487822894453926,0.8162607019171549,0.28786040742000873,0.8506839517782123,0.7231511787262397,0.2595467862506974,0.23710123151796936,0.24795792754047336,0.2389203867259361
0.0,42,scalar_gaussian,5,0.7992547750473022,2048,0.2623069790144783,0.41061930778061434,0.3081840299820301,0.8511374811659552,0.5641268006815661,0.27635055004534,0.25301356253430635,0.26603496617890754,0.25694311734090597
0.0,42,scalar_gaussian,6,1.166298747062683,2048,0.21212678944108465,0.15594659648923062,0.24948098571877325,0.8502723717798838,0.3839455782171728,0.21502083835645944,0.20938414126326388,0.21313463145075134,0.2115874003232615
0.0,42,scalar_gaussian,7,1.7019013166427612,2048,0.11826044052841901,0.04082918809697148,0.13167808793770341,0.8981026561106183,0.24327892468727016,0.12455676452003406,0.11733765938944199,0.11840890960697846,0.1158420993722564
0.0,42,scalar_gaussian,8,2.4834699630737305,2048,0.027829662007637777,0.004512218361633467,0.031367588044842645,0.8872107720827276,0.13650374303495172,0.028510684685638304,0.02727918430581703,0.028074405572628237,0.027505356299799295
0.0,42,fourier_gaussian,0,0.12079870700836182,2048,0.03077202609199381,2.108781196811244,0.0353823191551081,0.8697006535127387,0.9812830299590014,0.032133325470635056,0.03012700126063639,0.030920831107309973,0.03060030719063413
0.0,42,fourier_gaussian,1,0.17627345025539398,2048,0.06024358987547487,1.9388179547726463,0.07059094462367632,0.8534181005316802,0.95905624980908,0.06335296098890839,0.059283923204630974,0.0605106381316157,0.05921338659298013
0.0,42,fourier_gaussian,2,0.25722402334213257,2048,0.11050890810079173,1.6702221312037435,0.1302201914058689,0.8486311293796116,0.9164510236605766,0.11372249270685326,0.1091200350792439,0.11128196460350806,0.10827225523658084
0.0,42,fourier_gaussian,3,0.37534967064857483,2048,0.1807571989867289,1.2829907481652738,0.21358177331137568,0.8463137850401091,0.8482932876868488,0.19078634219295465,0.1776441319145351,0.1820106910144937,0.1759843798956144
0.0,42,fourier_gaussian,4,0.547722578048706,2048,0.24487904335810293,0.8162634166288302,0.28786040742000873,0.8506867809743875,0.7231519581192432,0.2595473631414363,0.23710197432352303,0.2479588075460745,0.2389212126076118
0.0,42,fourier_gaussian,5,0.7992547750473022,2048,0.26230754876009416,0.4106201996690089,0.3081840299820301,0.8511393298847739,0.5641274284037912,0.2763511613799841,0.2530139961455028,0.26603553747822667,0.2569439001287061
0.0,42,fourier_gaussian,6,1.166298747062683,2048,0.2121272067233851,0.1559469032574361,0.24948098571877325,0.850274044381502,0.3839459768432909,0.21502115544879877,0.2093844943247916,0.21313508071484968,0.21158786661678833
0.0,42,fourier_gaussian,7,1.7019013166427612,2048,0.11826056122538606,0.040829229767365645,0.13167808793770341,0.8981035727169341,0.2432790192100277,0.12455678927419012,0.1173377552883722,0.11840906283431268,0.11584219456368576
0.0,42,fourier_gaussian,8,2.4834699630737305,2048,0.027829699215424962,0.004512224394393063,0.031367588044842645,0.8872119582685168,0.13650378448948808,0.028510675358142844,0.027279218870040943,0.028074445753269388,0.027505412829407692
0.0,42,scalar_normalized,0,0.12079870700836182,2048,0.026778471176255862,1.835106220403617,0.0353823191551081,0.7568319945016913,0.9764290821204549,0.026725412844020774,0.026471126040746272,0.02702180230633325,0.026435088443666727
0.0,42,scalar_normalized,1,0.17627345025539398,2048,0.051637123115626196,1.6618362490735046,0.07059094462367632,0.7314978343313884,0.9499074294134717,0.050316982625622134,0.05124822275296531,0.05238272144386445,0.050245208125903294
0.0,42,scalar_normalized,2,0.25722402334213257,2048,0.09352593675949272,1.413542963204315,0.1302201914058689,0.7182137865854619,0.8997534609404493,0.08901218075069586,0.09283569511390002,0.09502998547536079,0.0915787134299318
0.0,42,scalar_normalized,3,0.37534967064857483,2048,0.15171387284422588,1.0768450513650385,0.21358177331137568,0.7103315535406006,0.8193690845784818,0.14731102748381808,0.14899851839679012,0.15498232944607993,0.1466396921217787
0.0,42,scalar_normalized,4,0.547722578048706,2048,0.20719543847546545,0.6906514097760816,0.28786040742000873,0.7197774794126259,0.6869764082087487,0.2044049697917194,0.20349837159407613,0.21082934440964549,0.2015901731153365
0.0,42,scalar_normalized,5,0.7992547750473022,2048,0.22066283268200249,0.3454289319682652,0.3081840299820301,0.7160099525431902,0.5218037808099198,0.21745305705840767,0.2127497474408509,0.22654844390741968,0.21427921716113763
0.0,42,scalar_normalized,6,1.166298747062683,2048,0.18301466686517356,0.13454460174706473,0.24948098571877325,0.7335816248196019,0.3548412090913351,0.17639943204245206,0.18180108309210954,0.18489724229004303,0.18173532798040368
0.0,42,scalar_normalized,7,1.7019013166427612,2048,0.10273983409962145,0.03547072878099965,0.13167808793770341,0.7802348569051779,0.22754381068170004,0.10314246722914207,0.10240557438708472,0.1035457059621234,0.1000659837027236
0.0,42,scalar_normalized,8,2.4834699630737305,2048,0.025306082537692128,0.004103052716064186,0.031367588044842645,0.8067589545461679,0.133891443173725,0.02475769951804702,0.024820480468545285,0.025715200910949143,0.024928474039229535
0.0,42,fourier_normalized,0,0.12079870700836182,2048,0.026778482321819258,1.8351069841997494,0.0353823191551081,0.7568323095054463,0.9764290937563811,0.026725419610586932,0.026471140048425545,0.027021812739191426,0.02643509962624231
0.0,42,fourier_normalized,1,0.17627345025539398,2048,0.05163713637980505,1.6618366759542427,0.07059094462367632,0.7314980222333768,0.9499074574416319,0.050316995809551866,0.05124823286120879,0.052382732917946394,0.05024523380780508
0.0,42,fourier_normalized,2,0.25722402334213257,2048,0.09352595230687108,1.4135431981860542,0.1302201914058689,0.7182139059784545,0.8997534744578535,0.08901220613388129,0.09283570171692136,0.09503000101109113,0.09157873945805588
0.0,42,fourier_normalized,3,0.37534967064857483,2048,0.15171389775622257,1.076845228187104,0.21358177331137568,0.7103316701797515,0.8193691250152777,0.14731106241381867,0.148998548447291,0.154982353831875,0.14663970432097162
0.0,42,fourier_normalized,4,0.547722578048706,2048,0.20719548549336556,0.6906515665024036,0.28786040742000873,0.7197776427483917,0.6869764736758749,0.20440499048115113,0.2034984235765847,0.2108293868176008,0.20159024334953954
0.0,42,fourier_normalized,5,0.7992547750473022,2048,0.2206629102991564,0.34542905347133057,0.3081840299820301,0.7160102043964545,0.5218038516349923,0.21745315911014798,0.21274981179466668,0.22654851782515484,0.214279318758371
0.0,42,fourier_normalized,6,1.166298747062683,2048,0.1830147827709026,0.13454468695602867,0.24948098571877325,0.7335820894070281,0.3548413223513581,0.1763995138462568,0.18180118927048977,0.184897359496686,0.18173547521014713
0.0,42,fourier_normalized,7,1.7019013166427612,2048,0.10273992040951421,0.035470758579323,0.13167808793770341,0.7802355123664935,0.22754389010259246,0.10314256846991814,0.1024056797195965,0.10354578174369025,0.10006606767336747
0.0,42,fourier_normalized,8,2.4834699630737305,2048,0.025306096879152622,0.004103055041345799,0.031367588044842645,0.8067594117525198,0.13389145563251412,0.02475770885977926,0.02482049227000282,0.025715218366234683,0.024928483910538576
0.0,42,scalar_gate_s1p5_p4,0,0.12079870700836182,2048,0.004837999895501302,0.3315440842051774,0.0353823191551081,0.1367349572053941,0.9542630749259896,0.004979094463960878,0.004835136951921112,0.004769110425389437,0.005024952810922259
0.0,42,scalar_gate_s1p5_p4,1,0.17627345025539398,2048,0.008217588618746635,0.2644664501550131,0.07059094462367632,0.11641137064470507,0.9064939091109248,0.008462610397430233,0.008289725599774136,0.008180139461076786,0.008094696482181845
0.0,42,scalar_gate_s1p5_p4,2,0.25722402334213257,2048,0.015337593047139112,0.231811061994783,0.1302201914058689,0.11778198819670803,0.8224304395424005,0.015238086680717588,0.015442330027331554,0.015180753725503766,0.015799179389875823
0.0,42,scalar_gate_s1p5_p4,3,0.37534967064857483,2048,0.027667892743560376,0.19638305201788003,0.21358177331137568,0.12954238704266224,0.6939709730052978,0.027566142259812056,0.027965666575959815,0.02759724992579849,0.027461917955144247
0.0,42,scalar_gate_s1p5_p4,4,0.547722578048706,2048,0.043088849490076506,0.14362948752597476,0.28786040742000873,0.14968661330075456,0.5210098024555245,0.042495755338842936,0.04256620250940181,0.043297645339992946,0.04355871210672145
0.0,42,scalar_gate_s1p5_p4,5,0.7992547750473022,2048,0.065260229192356,0.10215934870375815,0.3081840299820301,0.2117573360182267,0.36632171119123047,0.06440358704672262,0.06555324459563905,0.06488870576458902,0.06661875817232438
0.0,42,scalar_gate_s1p5_p4,6,1.166298747062683,2048,0.08781917851829835,0.06456092619179725,0.24948098571877325,0.35200750175523304,0.26046280673907063,0.0859177200951575,0.0891354435432534,0.08729403512444898,0.08851939264133196
0.0,42,scalar_gate_s1p5_p4,7,1.7019013166427612,2048,0.07607664303369219,0.02626531369517721,0.13167808793770341,0.5777471728605588,0.20107202227769405,0.0766116788511086,0.0765323685963574,0.07568509386210918,0.07644840789414736
0.0,42,scalar_gate_s1p5_p4,8,2.4834699630737305,2048,0.023592732534563732,0.0038252552587361393,0.031367588044842645,0.7521372858134934,0.13194785883382149,0.023231331828481024,0.023720539650402606,0.02365917764388731,0.02331528319678483
0.0,42,fourier_gate_s1p5_p4,0,0.12079870700836182,2048,0.004837997776154988,0.331543938968148,0.0353823191551081,0.13673489730693733,0.95426306423837,0.0049790802552421385,0.00483513464511867,0.004769109466822382,0.005024953355983203
0.0,42,fourier_gate_s1p5_p4,1,0.17627345025539398,2048,0.008217587613821516,0.264466417813533,0.07059094462367632,0.1164113564088123,0.9064939140454309,0.008462605149577496,0.008289722301525143,0.00818014012023666,0.008094695624915667
0.0,42,fourier_gate_s1p5_p4,2,0.25722402334213257,2048,0.015337596017208424,0.2318111068841551,0.1302201914058689,0.11778201100476322,0.8224304760597917,0.015238086184730501,0.015442327127872631,0.015180760039027038,0.015799182089422808
0.0,42,fourier_gate_s1p5_p4,3,0.37534967064857483,2048,0.027667894345211927,0.1963830633861914,0.21358177331137568,0.12954239454167082,0.6939709857190043,0.02756614587533836,0.027965654550322107,0.02759725853827891,0.027461916178915025
0.0,42,fourier_gate_s1p5_p4,4,0.547722578048706,2048,0.04308884812428368,0.14362948297333236,0.28786040742000873,0.14968660855611865,0.5210098029211248,0.042495746150733295,0.0425661862060049,0.04329765363422294,0.04355870514898125
0.0,42,fourier_gate_s1p5_p4,5,0.7992547750473022,2048,0.06526022253924338,0.10215933828887515,0.3081840299820301,0.2117573144301106,0.36632169682734467,0.06440354880491353,0.06555323083219257,0.06488870683524676,0.06661875253039316
0.0,42,fourier_gate_s1p5_p4,6,1.166298747062683,2048,0.08781916440383822,0.06456091581544628,0.24948098571877325,0.352007445179939,0.26046279117491167,0.08591767439500053,0.08913542727091021,0.08729401619587775,0.08851941809735979
0.0,42,fourier_gate_s1p5_p4,7,1.7019013166427612,2048,0.07607663624334073,0.026265311350821514,0.13167808793770341,0.5777471212927423,0.2010720142208962,0.07661167685032719,0.07653236551003637,0.07568509018706368,0.07644838008904707
0.0,42,fourier_gate_s1p5_p4,8,2.4834699630737305,2048,0.0235927308988055,0.0038252549935191807,0.031367588044842645,0.7521372336654536,0.1319478521235611,0.02323133411075905,0.023720537933730038,0.023659176549339703,0.02331527748361406
0.0,43,scalar_gate_s1p5_p4_plateau_lo0p8_hi1,0,0.12079870700836182,2048,0.010566935391925818,0.7241432395707622,0.0353823191551081,0.2986501632525205,0.9595202887615809,0.010157971830208275,0.010582929485177438,0.010589963833839944,0.010678707090979317
0.0,43,scalar_gate_s1p5_p4_plateau_lo0p8_hi1,1,0.17627345025539398,2048,0.014238742762388963,0.4582451042205788,0.07059094462367632,0.20170778048510862,0.9124921624783674,0.014317170491774311,0.014247201588538469,0.014176823274279663,0.014414051954655362
0.0,43,scalar_gate_s1p5_p4_plateau_lo0p8_hi1,2,0.25722402334213257,2048,0.022529169894064102,0.34050393584918043,0.1302201914058689,0.17300826892386778,0.8296846247128862,0.02244932554585642,0.022249103832484927,0.02258212579167788,0.022871367472668203
0.0,43,scalar_gate_s1p5_p4_plateau_lo0p8_hi1,3,0.37534967064857483,2048,0.03723395032601157,0.264281666532272,0.21358177331137568,0.17433112268306292,0.7024990776948115,0.03712230443913197,0.03684547599116032,0.03722804888206331,0.03800889120226257
0.0,43,scalar_gate_s1p5_p4_plateau_lo0p8_hi1,4,0.547722578048706,2048,0.05862069175467805,0.19540229119094063,0.28786040742000873,0.20364277352371807,0.535566310286071,0.05769795750422674,0.058067650387958185,0.05886684978188592,0.059186576220756563
0.0,43,scalar_gate_s1p5_p4_plateau_lo0p8_hi1,5,0.7992547750473022,2048,0.09186092023719869,0.14380047233820176,0.3081840299820301,0.29807164324042035,0.3930597517345955,0.09192989903478725,0.09197145066926647,0.09142309536674294,0.09328010520325075
0.0,43,scalar_gate_s1p5_p4_plateau_lo0p8_hi1,6,1.166298747062683,2048,0.1821492409368163,0.13390837740031228,0.24948098571877325,0.7301127194604864,0.35476891462038024,0.17802583345398856,0.18416766953955685,0.18144921091451677,0.18349626321775783
0.0,43,scalar_gate_s1p5_p4_plateau_lo0p8_hi1,7,1.7019013166427612,2048,0.10917569028202542,0.03769269566580321,0.13167808793770341,0.8291105376140955,0.23405596665840867,0.1111665717830294,0.10941034559348486,0.10895763032267461,0.10847626207419851
0.0,43,scalar_gate_s1p5_p4_plateau_lo0p8_hi1,8,2.4834699630737305,2048,0.02784513824292354,0.004514727632245744,0.031367588044842645,0.8877041551016462,0.13623190970227006,0.027601837928480293,0.02780188833359927,0.027905741725498,0.027828247322242792
0.0,43,fourier_gate_s1p5_p4_plateau_lo0p8_hi1,0,0.12079870700836182,2048,0.010566939831201933,0.7241435437906395,0.0353823191551081,0.29865028871846566,0.9595202973929144,0.010157974386450636,0.010582933782986364,0.010589968387581992,0.010678712395455661
0.0,43,fourier_gate_s1p5_p4_plateau_lo0p8_hi1,1,0.17627345025539398,2048,0.01423874627106739,0.4582452171402894,0.07059094462367632,0.2017078301894786,0.912492154624096,0.014317173955367602,0.014247205498840891,0.01417682594436015,0.014414057942419532
0.0,43,fourier_gate_s1p5_p4_plateau_lo0p8_hi1,2,0.25722402334213257,2048,0.02252916969520915,0.3405039328437038,0.1302201914058689,0.1730082673968008,0.8296846169468348,0.022449324669147487,0.02224910395123912,0.02258212453338239,0.02287137108809122
0.0,43,fourier_gate_s1p5_p4_plateau_lo0p8_hi1,3,0.37534967064857483,2048,0.037233949659926456,0.26428166180448776,0.21358177331137568,0.17433111956442082,0.7024990698098029,0.03712228476560635,0.03684547072004915,0.037228050799864826,0.03800889952123013
0.0,43,fourier_gate_s1p5_p4_plateau_lo0p8_hi1,4,0.547722578048706,2048,0.058620681186539736,0.19540225596381555,0.28786040742000873,0.20364273681099884,0.5355662821746526,0.05769795840115336,0.05806762815992615,0.05886683936015433,0.05918657945874565
0.0,43,fourier_gate_s1p5_p4_plateau_lo0p8_hi1,5,0.7992547750473022,2048,0.0918609029032728,0.14380044520341229,0.3081840299820301,0.2980715869950468,0.3930597251591959,0.09192989640623632,0.09197141535184034,0.09142308082251106,0.09328010113149515
0.0,43,fourier_gate_s1p5_p4_plateau_lo0p8_hi1,6,1.166298747062683,2048,0.18214921631326536,0.13390835929812456,0.24948098571877325,0.7301126207613776,0.35476889435015657,0.1780257952425273,0.1841676436900481,0.1814491896873428,0.18349623549176922
0.0,43,fourier_gate_s1p5_p4_plateau_lo0p8_hi1,7,1.7019013166427612,2048,0.10917568609428459,0.0376926942199938,0.13167808793770341,0.8291105058112276,0.23405596454447242,0.11116655692174156,0.10941034255522777,0.10895762724653996,0.10847625757327818
0.0,43,fourier_gate_s1p5_p4_plateau_lo0p8_hi1,8,2.4834699630737305,2048,0.02784513589058969,0.004514727250845352,0.031367588044842645,0.8877040801091461,0.13623190837259158,0.027601829313592702,0.027801885895192995,0.027905740433862965,0.02782824459503867
0.0,43,score,0,0.12079870700836182,2048,0.006178769938142554,0.4234259332169103,0.0353823191551081,0.17462874355567878,0.9553824053428093,0.006265645620371743,0.006001065409494119,0.006252215990342674,0.006168961968411992
0.0,43,score,1,0.17627345025539398,2048,0.012552321065299323,0.40397103668253803,0.07059094462367632,0.17781772339520802,0.9115075112930251,0.012659302146823667,0.012499058619603466,0.012656585059664273,0.01219368972253308
0.0,43,score,2,0.25722402334213257,2048,0.02389572085636272,0.36115786954443674,0.1302201914058689,0.18350242461159338,0.8305998561037587,0.02328388608544578,0.02371437243173726,0.0240888825725787,0.02382830422272371
0.0,43,score,3,0.37534967064857483,2048,0.041903197794297894,0.2974233689722689,0.21358177331137568,0.1961927609487924,0.7081146179803484,0.041882380022373523,0.04166627411822045,0.042219254742643375,0.041141967953532865
0.0,43,score,4,0.547722578048706,2048,0.06275720708884716,0.20919067460384363,0.28786040742000873,0.21801263901249174,0.540015345985005,0.061671723649328616,0.062315230069302535,0.06337107299823516,0.06182694137674884
0.0,43,score,5,0.7992547750473022,2048,0.0742360882228367,0.11621029403384382,0.3081840299820301,0.24088233328367253,0.3757396728074345,0.07440084662669082,0.07361740066552708,0.07437283651443405,0.07472784010987829
0.0,43,score,6,1.166298747062683,2048,0.0806986999469047,0.05932625309129412,0.24948098571877325,0.32346633437576716,0.25341314829923867,0.07905458554511716,0.08089254788253916,0.08082305834279511,0.08079767990007282
0.0,43,score,7,1.7019013166427612,2048,0.07748386122617215,0.026751153051241823,0.13167808793770341,0.5884339789535035,0.2026873332882317,0.0778475967479533,0.0779515501283148,0.07745166748659087,0.0765719597931251
0.0,43,score,8,2.4834699630737305,2048,0.09935660292083265,0.01610938314399458,0.031367588044842645,3.167492597097166,0.20600919595559247,0.10001359552756173,0.09919627533012756,0.09966748391914601,0.0981021945291639
0.0,43,scalar_gaussian,0,0.12079870700836182,2048,0.02850399640623507,1.9533550204249543,0.0353823191551081,0.8056000026815648,0.9778556217344837,0.027178367039661998,0.027919655672064652,0.028780692695555145,0.029233988044313923
0.0,43,scalar_gaussian,1,0.17627345025539398,2048,0.05602967369053089,1.8032015949879108,0.07059094462367632,0.793723245796295,0.9541259425534014,0.05338869941135275,0.055144995429801,0.056745437000076435,0.05636564825086654
0.0,43,scalar_gaussian,2,0.25722402334213257,2048,0.10190951451095302,1.5402516361955016,0.1302201914058689,0.7825938006289864,0.9066659813971872,0.09607169905469874,0.09937713162998237,0.10321045374411845,0.10474010000530605
0.0,43,scalar_gaussian,3,0.37534967064857483,2048,0.16883619412121859,1.1983770285622948,0.21358177331137568,0.7904990744461907,0.8368202081574484,0.15914950037188827,0.1656826774337763,0.1711448533139989,0.1711023411424626
0.0,43,scalar_gaussian,4,0.547722578048706,2048,0.2249737190168647,0.7499123404686558,0.28786040742000873,0.7815375550713096,0.7026846493463524,0.21602398280877216,0.22000724948101621,0.22822966670907693,0.2264748270256226
0.0,43,scalar_gaussian,5,0.7992547750473022,2048,0.24320626218076877,0.3807187570829586,0.3081840299820301,0.7891591987908974,0.5448951512261636,0.23028272462391794,0.23397082251242057,0.24874213350476448,0.24589127300987668
0.0,43,scalar_gaussian,6,1.166298747062683,2048,0.20176201384247713,0.14832685415382704,0.24948098571877325,0.8087270188595166,0.37393913703568993,0.18675095106126444,0.19914312196073505,0.20410027548699658,0.2059238680758412
0.0,43,scalar_gaussian,7,1.7019013166427612,2048,0.10986416802349797,0.037930391272901896,0.13167808793770341,0.8343390289466721,0.23502548513935217,0.10794864862631792,0.10869841036772819,0.11061275459721003,0.11017280979816535
0.0,43,scalar_gaussian,8,2.4834699630737305,2048,0.026515213839285658,0.004299097657579421,0.031367588044842645,0.8453061102874692,0.13492806193901122,0.02520509685226694,0.02597733822970976,0.02688697080840218,0.0267948646991019
0.0,43,fourier_gaussian,0,0.12079870700836182,2048,0.02850399631184931,1.9533550139567772,0.0353823191551081,0.805600000013968,0.9778556180271892,0.02717835803000753,0.027919645015452924,0.02878069689038337,0.029233995476448567
0.0,43,fourier_gaussian,1,0.17627345025539398,2048,0.056029672054707554,1.803201542342249,0.07059094462367632,0.7937232226230205,0.9541259424139173,0.053388700567890045,0.05514498285851441,0.056745439481236885,0.05636564895150539
0.0,43,fourier_gaussian,2,0.25722402334213257,2048,0.10190951680217691,1.5402516708248626,0.1302201914058689,0.7825938182239836,0.9066659900661672,0.09607169947052821,0.09937713203192307,0.10321045728125217,0.10474010199037107
0.0,43,fourier_gaussian,3,0.37534967064857483,2048,0.1688362057692888,1.1983771112387602,0.21358177331137568,0.7904991289830082,0.8368202284440179,0.15914954710557586,0.165682668153655,0.17114487078121404,0.17110234852076073
0.0,43,fourier_gaussian,4,0.547722578048706,2048,0.224973723521687,0.7499123554847291,0.28786040742000873,0.7815375707206389,0.7026846751897493,0.21602397577613802,0.22000725661402432,0.2282296701107132,0.2264748374354045
0.0,43,fourier_gaussian,5,0.7992547750473022,2048,0.24320628077617004,0.3807187861924807,0.3081840299820301,0.7891592591295246,0.5448951802147977,0.23028268668040894,0.23397085243578952,0.24874215155536022,0.24589130493532874
0.0,43,fourier_gaussian,6,1.166298747062683,2048,0.20176202435985113,0.14832686188575325,0.24948098571877325,0.808727061016533,0.3739391400311901,0.1867509613270978,0.19914315075171468,0.2041002746491884,0.2059238891439048
0.0,43,fourier_gaussian,7,1.7019013166427612,2048,0.10986419346317067,0.037930400055899635,0.13167808793770341,0.8343392221426176,0.23502550442054276,0.10794864295180832,0.10869844055865983,0.11061277607362897,0.1101728590491044
0.0,43,fourier_gaussian,8,2.4834699630737305,2048,0.026515209858013908,0.004299097012067898,0.031367588044842645,0.8453059833643617,0.13492804836268824,0.025205089017710836,0.02597733895747845,0.02688696788791281,0.026794850479516148
0.0,43,scalar_normalized,0,0.12079870700836182,2048,0.028739385419126753,1.9694860324953973,0.0353823191551081,0.8122527325905284,0.9782514388699967,0.027119247452053446,0.02878615705462583,0.028949490905320955,0.028762580656546615
0.0,43,scalar_normalized,1,0.17627345025539398,2048,0.05565421267712918,1.791118142530893,0.07059094462367632,0.7884044189212148,0.9538416895302232,0.05116357298037788,0.056271951736843843,0.056059732778030155,0.05551884491020579
0.0,43,scalar_normalized,2,0.25722402334213257,2048,0.10248035847300231,1.5488793227346642,0.1302201914058689,0.786977483035581,0.9073700392398215,0.09459070174727573,0.10275256557225215,0.10346436437539523,0.1026622217351441
0.0,43,scalar_normalized,3,0.37534967064857483,2048,0.16851271948739627,1.1960810482927031,0.21358177331137568,0.7889845508573696,0.8362577443426065,0.15585128183793084,0.16946736572572002,0.17041680437462525,0.1666564930727698
0.0,43,scalar_normalized,4,0.547722578048706,2048,0.22520611600366255,0.750686997033205,0.28786040742000873,0.7823448803609552,0.7025509854654641,0.20908525144588955,0.22527552169236492,0.22797404635110197,0.2235821382210722
0.0,43,scalar_normalized,5,0.7992547750473022,2048,0.24137508565387045,0.37785220568305244,0.3081840299820301,0.7832173706987503,0.542915280690139,0.22327296882896225,0.2393314045369267,0.24520062645955445,0.2406129850541354
0.0,43,scalar_normalized,6,1.166298747062683,2048,0.20136801988129643,0.1480372065452184,0.24948098571877325,0.8071477643923052,0.3730705979852241,0.18066557730393776,0.20371455205586725,0.20294185962989725,0.20275214728587798
0.0,43,scalar_normalized,7,1.7019013166427612,2048,0.10766502983373698,0.03717114307122276,0.13167808793770341,0.8176381622785489,0.23284408816668611,0.10347633966340028,0.10835563174638063,0.10831057432534517,0.10632561955981552
0.0,43,scalar_normalized,8,2.4834699630737305,2048,0.02641344478745404,0.004282597127167135,0.031367588044842645,0.8420617087196429,0.135136579221815,0.02446628007867168,0.02644346621915658,0.02662740876508362,0.026633523164927994
0.0,43,fourier_normalized,0,0.12079870700836182,2048,0.028739388162596753,1.9694862205031007,0.0353823191551081,0.812252810128408,0.9782514413272708,0.027119257254723167,0.028786161730131987,0.02894949341924702,0.028762576910674003
0.0,43,fourier_normalized,1,0.17627345025539398,2048,0.05565421198420864,1.7911181202306488,0.07059094462367632,0.7884044091052173,0.9538416983211889,0.05116358011777846,0.05627194861318478,0.05605973208915997,0.055518844173118365
0.0,43,fourier_normalized,2,0.25722402334213257,2048,0.10248035681024323,1.5488792976038666,0.1302201914058689,0.7869774702667541,0.9073700521085315,0.09459070641284291,0.10275256100618307,0.10346436358390478,0.10266221842662888
0.0,43,fourier_normalized,3,0.37534967064857483,2048,0.16851272042979298,1.1960810549817107,0.21358177331137568,0.7889845552697158,0.8362577442631113,0.1558512979776755,0.1694673554104572,0.17041680577056714,0.16665650387241954
0.0,43,fourier_normalized,4,0.547722578048706,2048,0.22520612517447747,0.7506870276025857,0.28786040742000873,0.7823449122195043,0.7025509993734976,0.20908523621179848,0.22527553643270135,0.22797405850399807,0.22358213978315655
0.0,43,fourier_normalized,5,0.7992547750473022,2048,0.24137508463992144,0.3778522040958014,0.3081840299820301,0.7832173674086739,0.5429152808794391,0.2232729514774782,0.23933140157785227,0.24520062208370058,0.2406130092751252
0.0,43,fourier_normalized,6,1.166298747062683,2048,0.20136802579963894,0.1480372108961322,0.24948098571877325,0.8071477881149247,0.3730706031263623,0.18066555620002944,0.20371456482482603,0.20294186521032873,0.2027521573142613
0.0,43,fourier_normalized,7,1.7019013166427612,2048,0.10766504265341784,0.037171147497192754,0.13167808793770341,0.8176382596347687,0.23284409475690837,0.10347635683003613,0.10835564296041011,0.10831058235969387,0.10632565089693428
0.0,43,fourier_normalized,8,2.4834699630737305,2048,0.026413446694745636,0.0042825974364097035,0.031367588044842645,0.8420617695241776,0.13513658337909118,0.02446628195115733,0.026443467224904843,0.026627410441554845,0.026633527566287993
0.0,43,scalar_gate_s1p5_p4,0,0.12079870700836182,2048,0.0047001509341782054,0.3220974102432786,0.0353823191551081,0.13283897286590526,0.9539650939149265,0.004755186417740153,0.004627466197311543,0.004762034359962779,0.004565011144776137
0.0,43,scalar_gate_s1p5_p4,1,0.17627345025539398,2048,0.008061612479153392,0.2594466739334334,0.07059094462367632,0.11420179347549789,0.907058162515712,0.00797321705755695,0.008079941322616874,0.008142857216140035,0.007771211874155691
0.0,43,scalar_gate_s1p5_p4,2,0.25722402334213257,2048,0.015204087390388317,0.22979326898263333,0.1302201914058689,0.11675675812056195,0.8223896246795706,0.01495340295352211,0.015301678395355262,0.015301177654820745,0.014803075958628025
0.0,43,scalar_gate_s1p5_p4,3,0.37534967064857483,2048,0.027253866609236465,0.19344434914566297,0.21358177331137568,0.12760389703059405,0.6930078385328913,0.027015260515481216,0.027576654491772594,0.02729949103456567,0.02664022148557043
0.0,43,scalar_gate_s1p5_p4,4,0.547722578048706,2048,0.04359317488696422,0.1453105720561616,0.28786040742000873,0.15143859232908918,0.5204944589062539,0.04205360953661996,0.043613466488942196,0.04403840767332809,0.04273042448515342
0.0,43,scalar_gate_s1p5_p4,5,0.7992547750473022,2048,0.06459947386195096,0.10112499232710875,0.3081840299820301,0.20961330756080285,0.3662091726070542,0.06372713025808073,0.06489553161885969,0.06455586754291864,0.0647225192792744
0.0,43,scalar_gate_s1p5_p4,6,1.166298747062683,2048,0.08723136169347788,0.06412878825471072,0.24948098571877325,0.34965134293564637,0.2597024811540194,0.08454890079183305,0.08758130995336771,0.08745141383588602,0.08726817941660135
0.0,43,scalar_gate_s1p5_p4,7,1.7019013166427612,2048,0.07559761380271435,0.0260999297807579,0.13167808793770341,0.5741092917333322,0.20060757619649872,0.07691055812995555,0.0754635395187274,0.0755559636041529,0.07526389976478927
0.0,43,scalar_gate_s1p5_p4,8,2.4834699630737305,2048,0.023448893137950313,0.003801933568147615,0.031367588044842645,0.7475516799196712,0.1315120126644168,0.022841359512230527,0.023581465096997458,0.02346566356924922,0.023487373373470503
0.0,43,fourier_gate_s1p5_p4,0,0.12079870700836182,2048,0.004700150002222962,0.3220973463771657,0.0353823191551081,0.13283894652633044,0.9539650889102251,0.004755187528126849,0.00462746587829704,0.004762033326578829,0.004565008371689173
0.0,43,fourier_gate_s1p5_p4,1,0.17627345025539398,2048,0.008061613242046514,0.2594466984856038,0.07059094462367632,0.11420180428273564,0.9070581619960116,0.007973218000684642,0.008079942901412453,0.008142858692919516,0.007771208389521195
0.0,43,fourier_gate_s1p5_p4,2,0.25722402334213257,2048,0.015204088902203271,0.2297932918320745,0.1302201914058689,0.11675676973024351,0.8223896292463386,0.014953405481892923,0.01530168221279072,0.015301179344371625,0.014803072135362003
0.0,43,fourier_gate_s1p5_p4,3,0.37534967064857483,2048,0.02725386837637006,0.1934443616885441,0.21358177331137568,0.12760390530439744,0.6930078370278054,0.027015266577823514,0.027576656882705164,0.02729949293542892,0.026640219252300083
0.0,43,fourier_gate_s1p5_p4,4,0.547722578048706,2048,0.04359317416714055,0.14531056965674954,0.28786040742000873,0.1514385898284894,0.52049445880169,0.04205360747929804,0.04361346467995428,0.044038408779911525,0.042730419544916055
0.0,43,fourier_gate_s1p5_p4,5,0.7992547750473022,2048,0.0645994779879354,0.10112499878598713,0.3081840299820301,0.20961332094885687,0.36620917092467486,0.06372712310884447,0.0648955319810887,0.06455587516765512,0.06472252314288329
0.0,43,fourier_gate_s1p5_p4,6,1.166298747062683,2048,0.08723136418696571,0.06412879008781695,0.24948098571877325,0.34965135293034727,0.25970248316764716,0.08454891727531098,0.08758130535146688,0.08745141874365008,0.08726817763129759
0.0,43,fourier_gate_s1p5_p4,7,1.7019013166427612,2048,0.07559761793906535,0.02609993120882507,0.13167808793770341,0.5741093231459314,0.2006075743688804,0.07691056041416237,0.0754635411893259,0.07555596859326753,0.07526390609211771
0.0,43,fourier_gate_s1p5_p4,8,2.4834699630737305,2048,0.023448892104029635,0.0038019334005108007,0.031367588044842645,0.7475516469582373,0.13151201100116378,0.022841357817800202,0.02358146486112929,0.023465662088049153,0.023487372977461753
0.0,44,scalar_gate_s1p5_p4_plateau_lo0p8_hi1,0,0.12079870700836182,2048,0.01045967934839769,0.7167930726639647,0.0353823191551081,0.29561881748182806,0.9596522343319677,0.010539954962754497,0.010540935093065314,0.010270656204448567,0.010984714560375943
0.0,44,scalar_gate_s1p5_p4_plateau_lo0p8_hi1,1,0.17627345025539398,2048,0.014607996541497519,0.4701287894107067,0.07059094462367632,0.20693867491607376,0.91385323069391,0.01448560156551113,0.01469814325166766,0.014375026882423814,0.0153958405332437
0.0,44,scalar_gate_s1p5_p4_plateau_lo0p8_hi1,2,0.25722402334213257,2048,0.023001479396572728,0.34764238104265066,0.1302201914058689,0.1766352755916474,0.8306241950219891,0.023174941356373588,0.02346278631605732,0.02266788554656394,0.02334525388429952
0.0,44,scalar_gate_s1p5_p4_plateau_lo0p8_hi1,3,0.37534967064857483,2048,0.03740061848677359,0.26546465514611467,0.21358177331137568,0.17511147092241872,0.7030642880162052,0.0372227353415648,0.03783366504219804,0.03717713754198862,0.03757384326032268
0.0,44,scalar_gate_s1p5_p4_plateau_lo0p8_hi1,4,0.547722578048706,2048,0.05901993019038236,0.1967330858767929,0.28786040742000873,0.20502969032579774,0.5369424295544553,0.05845889951869743,0.05926504633138287,0.058833940810093716,0.059598478416185784
0.0,44,scalar_gate_s1p5_p4_plateau_lo0p8_hi1,5,0.7992547750473022,2048,0.09243050743839212,0.14469211274805083,0.3081840299820301,0.2999198480329485,0.3953330238785853,0.09180213630568267,0.09277588735705522,0.09200736368255452,0.09376413684543833
0.0,44,scalar_gate_s1p5_p4_plateau_lo0p8_hi1,6,1.166298747062683,2048,0.18050421814663198,0.13269902658728017,0.24948098571877325,0.7235189392353326,0.3528924695672694,0.1742210563032502,0.1818974131219905,0.18071513781030635,0.18072126492954815
0.0,44,scalar_gate_s1p5_p4_plateau_lo0p8_hi1,7,1.7019013166427612,2048,0.10821895963988012,0.037362386264182985,0.13167808793770341,0.821844859192353,0.23311797147860577,0.10898938179127245,0.10792763293300474,0.10854840023729943,0.10706430811107888
0.0,44,scalar_gate_s1p5_p4_plateau_lo0p8_hi1,8,2.4834699630737305,2048,0.02772089601357263,0.004494583367884446,0.031367588044842645,0.883743307708047,0.13624550037303848,0.027412733663361288,0.02768027708894144,0.027833563327519302,0.02753867666590252
0.0,44,fourier_gate_s1p5_p4_plateau_lo0p8_hi1,0,0.12079870700836182,2048,0.010459681450015282,0.7167932166860596,0.0353823191551081,0.29561887687922317,0.9596522292954536,0.01053995582826989,0.010540945607955647,0.010270656642243532,0.010984708677339805
0.0,44,fourier_gate_s1p5_p4_plateau_lo0p8_hi1,1,0.17627345025539398,2048,0.014607998568314498,0.47012885463970716,0.07059094462367632,0.20693870362821226,0.9138532364928645,0.014485597098755392,0.01469815363913564,0.014375027298003367,0.015395837391118486
0.0,44,fourier_gate_s1p5_p4_plateau_lo0p8_hi1,2,0.25722402334213257,2048,0.023001478724739836,0.3476423708886261,0.1302201914058689,0.17663527043244065,0.8306241993166796,0.023174936880618353,0.023462790099941386,0.022667884257250838,0.02334524973718523
0.0,44,fourier_gate_s1p5_p4_plateau_lo0p8_hi1,3,0.37534967064857483,2048,0.03740061625068496,0.2654646392746526,0.21358177331137568,0.17511146045294562,0.7030642931003521,0.03722272203662244,0.03783367445591465,0.0371771338962416,0.037573831788208494
0.0,44,fourier_gate_s1p5_p4_plateau_lo0p8_hi1,4,0.547722578048706,2048,0.059019925271592694,0.19673306948082855,0.28786040742000873,0.20502967323838475,0.5369424236201505,0.058458882161673886,0.05926505489123009,0.058833937657131304,0.059598449774601873
0.0,44,fourier_gate_s1p5_p4_plateau_lo0p8_hi1,5,0.7992547750473022,2048,0.0924304855195437,0.14469207843595439,0.3081840299820301,0.29991977691035204,0.3953330014237275,0.09180208709956977,0.09277587724638277,0.09200733923035789,0.0937641186642952
0.0,44,fourier_gate_s1p5_p4_plateau_lo0p8_hi1,6,1.166298747062683,2048,0.180504195945557,0.1326990102659938,0.24948098571877325,0.7235188502462864,0.35289244741053893,0.17422104729679178,0.18189738774887904,0.1807151126077017,0.18072125237641865
0.0,44,fourier_gate_s1p5_p4_plateau_lo0p8_hi1,7,1.7019013166427612,2048,0.10821894606873336,0.037362381578770844,0.13167808793770341,0.8218447561292923,0.2331179573751555,0.10898937414906704,0.10792761167545761,0.10854838707632364,0.1070643033612529
0.0,44,fourier_gate_s1p5_p4_plateau_lo0p8_hi1,8,2.4834699630737305,2048,0.027720892868940604,0.004494582858023191,0.031367588044842645,0.8837432074570484,0.13624549675001402,0.02741272769565333,0.027680272655823453,0.027833560902835345,0.027538674660483892
0.0,44,score,0,0.12079870700836182,2048,0.006152276533308649,0.421610362354393,0.0353823191551081,0.17387996830672567,0.9554400665988636,0.006080131133022411,0.0061442484706877055,0.006096386254881013,0.006417770474409307
0.0,44,score,1,0.17627345025539398,2048,0.012553967450964123,0.40402402227144457,0.07059094462367632,0.17784104629694247,0.9112898857966789,0.012776736437148004,0.012455935152097041,0.012580026040544937,0.012506042984875938
0.0,44,score,2,0.25722402334213257,2048,0.023616952493880905,0.35694458849317623,0.1302201914058689,0.18136167854547103,0.8307090373217014,0.023605232128516916,0.023559120057188732,0.023501365693006915,0.02416293827650428
0.0,44,score,3,0.37534967064857483,2048,0.041542511198905514,0.2948632631094334,0.21358177331137568,0.19450400918968724,0.7076299152743993,0.041090590543333784,0.04153655992716514,0.04161010174031703,0.04154881622309592
0.0,44,score,4,0.547722578048706,2048,0.06201243841025493,0.20670811252809745,0.28786040742000873,0.21542538262225963,0.5398658591842596,0.06235292686969231,0.06154211997592669,0.06222555256542188,0.061854301896520386
0.0,44,score,5,0.7992547750473022,2048,0.07411072281284259,0.11601404512706741,0.3081840299820301,0.24047554578724897,0.3758149285565157,0.0744657810461907,0.07372493325935937,0.07390688408180063,0.0753693737622223
0.0,44,score,6,1.166298747062683,2048,0.08136895833189502,0.05981899855820572,0.24948098571877325,0.32615294547384044,0.2539081841956017,0.0803966265880307,0.08116741555635765,0.08129852984983184,0.08253350405612475
0.0,44,score,7,1.7019013166427612,2048,0.07865027593361582,0.027153855470381273,0.13167808793770341,0.5972920564492482,0.2036631116522013,0.08129208149335534,0.07801633507971248,0.07854738211180386,0.07869832213421174
0.0,44,score,8,2.4834699630737305,2048,0.09967157647909317,0.016160452016933897,0.031367588044842645,3.1775339671193126,0.20654785528253242,0.10292260878639481,0.09776407358354887,0.1006095536402202,0.09771309440285789
0.0,44,scalar_gaussian,0,0.12079870700836182,2048,0.029065569769722063,1.9918391730774678,0.0353823191551081,0.8214715842199366,0.9786816553978277,0.0279718323064292,0.02946827813260506,0.029014021797156935,0.02915201250056101
0.0,44,scalar_gaussian,1,0.17627345025539398,2048,0.057460949944737286,1.8492643230828179,0.07059094462367632,0.8139988811746937,0.9564823554813681,0.055416958242474224,0.05870817668986349,0.05726714009083086,0.05711137945830558
0.0,44,scalar_gaussian,2,0.25722402334213257,2048,0.10520182128323496,1.590011277551852,0.1302201914058689,0.8078764141525722,0.9106918724899962,0.09995077338821964,0.10689326334650288,0.10543662376985818,0.10422503038519061
0.0,44,scalar_gaussian,3,0.37534967064857483,2048,0.17217896793120188,1.2221035959989401,0.21358177331137568,0.8061501000845533,0.8383850841690517,0.16658421186616673,0.17353904291564864,0.17317442008046402,0.16910865765332572
0.0,44,scalar_gaussian,4,0.547722578048706,2048,0.23082724375056818,0.7694240881173386,0.28786040742000873,0.8018721498360658,0.7079794070792157,0.2252694155892206,0.23303578117479704,0.23113043909301279,0.2288432326812305
0.0,44,scalar_gaussian,5,0.7992547750473022,2048,0.2507221450824222,0.39248423372422914,0.3081840299820301,0.8135468443872369,0.5534072108988125,0.2427663082533594,0.2521298210493085,0.2522049005552628,0.24703799870448387
0.0,44,scalar_gaussian,6,1.166298747062683,2048,0.20512596201236785,0.15079988582155204,0.24948098571877325,0.8222108046486377,0.3771738722051563,0.19193334046313462,0.20776942002778512,0.20482684909728666,0.20888569741372884
0.0,44,scalar_gaussian,7,1.7019013166427612,2048,0.11265736655659842,0.03889473765780089,0.13167808793770341,0.8555513549824352,0.2377083570206452,0.10906148164580447,0.11532574427858804,0.11241231170423012,0.11083706055467162
0.0,44,scalar_gaussian,8,2.4834699630737305,2048,0.026972075780225074,0.0043731718895292215,0.031367588044842645,0.8598708877987746,0.1354359465358027,0.025582019817719147,0.027384131024179154,0.02702996454362483,0.026793095552855375
0.0,44,fourier_gaussian,0,0.12079870700836182,2048,0.029065783161190302,1.9918537966162115,0.0353823191551081,0.8214776152397605,0.9786818702801969,0.02797193791520854,0.029468611216539722,0.029014162888556284,0.029152346118287528
0.0,44,fourier_gaussian,1,0.17627345025539398,2048,0.057461390277580536,1.8492784943037617,0.07059094462367632,0.8140051189838857,0.9564827778994557,0.055417261524173714,0.058708798329599556,0.05726748520962996,0.05711193330480825
0.0,44,fourier_gaussian,2,0.25722402334213257,2048,0.10520276515541384,1.5900255431547727,0.1302201914058689,0.8078836624308052,0.9106928360781292,0.09995132162535592,0.10689447149882234,0.10543742751602907,0.10422625358817338
0.0,44,fourier_gaussian,3,0.37534967064857483,2048,0.17218012761833082,1.222111827305165,0.21358177331137568,0.8061555297947339,0.8383863235512614,0.16658491289967434,0.1735406160452493,0.17317537357141707,0.1691101161025147
0.0,44,fourier_gaussian,4,0.547722578048706,2048,0.2308289896786183,0.7694299078770692,0.28786040742000873,0.801878215026016,0.7079810807183683,0.22527081712974129,0.2330381840230507,0.23113189880876736,0.22884508332399603
0.0,44,fourier_gaussian,5,0.7992547750473022,2048,0.2507235214949513,0.3924863883811965,0.3081840299820301,0.8135513105905284,0.5534085928486425,0.24276700305443608,0.2521316454114352,0.2522061107927649,0.24703958520752595
0.0,44,fourier_gaussian,6,1.166298747062683,2048,0.20512669069353345,0.15080042151696327,0.24948098571877325,0.8222137254370236,0.37717462995393275,0.1919339359283428,0.20777051959762155,0.20482738602449616,0.2088865651499574
0.0,44,fourier_gaussian,7,1.7019013166427612,2048,0.11265742035629114,0.038894756232040625,0.13167808793770341,0.8555517635522555,0.23770841584954683,0.10906147844990363,0.11532586365698685,0.11241233910818081,0.11083712915146426
0.0,44,fourier_gaussian,8,2.4834699630737305,2048,0.026972122965189797,0.004373179539958615,0.031367588044842645,0.8598723920573952,0.13543600957843654,0.025582041968197328,0.027384207607070686,0.027029992829945747,0.02679317577776377
0.0,44,scalar_normalized,0,0.12079870700836182,2048,0.029179205411892756,1.9996265285405348,0.0353823191551081,0.8246832346963381,0.9784765748967785,0.02874935516065159,0.029853611818999808,0.02896254882727925,0.02903754681404301
0.0,44,scalar_normalized,1,0.17627345025539398,2048,0.056204891359191766,1.808840620860959,0.07059094462367632,0.7962054008318307,0.9541053746757978,0.05486181977287271,0.0586252902712676,0.055495095450376605,0.055329562052313715
0.0,44,scalar_normalized,2,0.25722402334213257,2048,0.10301489262342176,1.5569582259041759,0.1302201914058689,0.7910823314822664,0.9086970984504404,0.09886368985850605,0.1074787405606509,0.1019792021773486,0.10129799506735493
0.0,44,scalar_normalized,3,0.37534967064857483,2048,0.16808975612584856,1.1930789101608856,0.21358177331137568,0.7870042163232468,0.8339485425696826,0.16211620399086346,0.17436950700775383,0.16695171772233433,0.16454365082406242
0.0,44,scalar_normalized,4,0.547722578048706,2048,0.22569779968423442,0.7523259425121667,0.28786040742000873,0.7840529432549761,0.7019812388697271,0.2241634612552222,0.23396867057912607,0.22363153933204932,0.21965231188435544
0.0,44,scalar_normalized,5,0.7992547750473022,2048,0.2444536215663307,0.38267139230973546,0.3081840299820301,0.7932066485748289,0.547435848576967,0.24105637806482266,0.249660925393548,0.24385809235720815,0.23933332705324523
0.0,44,scalar_normalized,6,1.166298747062683,2048,0.20209901951329462,0.1485746063943622,0.24948098571877325,0.8100778459369652,0.3741372831579618,0.19045105108298227,0.20955788326708677,0.19998092810884463,0.20331158949575984
0.0,44,scalar_normalized,7,1.7019013166427612,2048,0.11074330311933117,0.03823391096241123,0.13167808793770341,0.8410154252218757,0.23517353898365553,0.10854087726962802,0.11467417986291314,0.1098535939232431,0.10833977134357548
0.0,44,scalar_normalized,8,2.4834699630737305,2048,0.02666198203372483,0.004322894214708661,0.031367588044842645,0.8499850863767163,0.13505514059498963,0.02576794831887353,0.027083136687747228,0.026655318888369285,0.026435119928390007
0.0,44,fourier_normalized,0,0.12079870700836182,2048,0.02917922489416975,1.9996278636446736,0.0353823191551081,0.8246837853181588,0.978476581476252,0.028749401905431793,0.029853632920247473,0.028962565270383617,0.029037559753633608
0.0,44,fourier_normalized,1,0.17627345025539398,2048,0.05620493074954026,1.8088418885595652,0.07059094462367632,0.7962059588403501,0.9541054208663611,0.054861896108128236,0.05862534930118378,0.05549512538462909,0.055329581725956284
0.0,44,fourier_normalized,2,0.25722402334213257,2048,0.10301495470823699,1.5569591642487328,0.1302201914058689,0.791082808250228,0.9086971707787643,0.0988638262747448,0.10747882629635808,0.10197924774762668,0.10129803619915648
0.0,44,fourier_normalized,3,0.37534967064857483,2048,0.16808986110115254,1.1930796552617422,0.21358177331137568,0.7870047078226025,0.8339486497781106,0.16211643180056812,0.17436965792728315,0.16695180165663032,0.1645436853676624
0.0,44,fourier_normalized,4,0.547722578048706,2048,0.22569792105219416,0.7523263470720021,0.28786040742000873,0.7840533648758612,0.7019813499230774,0.2241637013046006,0.2339688173483995,0.22363164271105304,0.21965239011858115
0.0,44,fourier_normalized,5,0.7992547750473022,2048,0.24445374025649985,0.3826715781091194,0.3081840299820301,0.7932070337024073,0.5474359579316194,0.2410566132253101,0.24966105426329155,0.24385820312430487,0.23933339287226799
0.0,44,fourier_normalized,6,1.166298747062683,2048,0.20209909052880615,0.14857465860194688,0.24948098571877325,0.8100781305899672,0.37413735240995,0.1904511023208522,0.2095579774057839,0.19998098952472396,0.20331166665624167
0.0,44,fourier_normalized,7,1.7019013166427612,2048,0.11074334633127073,0.03823392588124969,0.13167808793770341,0.8410157533853555,0.23517356985135923,0.1085409396925328,0.11467424285556495,0.10985362637811844,0.10833980935484405
0.0,44,fourier_normalized,8,2.4834699630737305,2048,0.02666198929947927,0.0043228953927564075,0.031367588044842645,0.8499853180092674,0.13505515074269603,0.02576795860733022,0.027083144745530065,0.026655324893898266,0.026435128867666715
0.0,44,scalar_gate_s1p5_p4,0,0.12079870700836182,2048,0.004720721909216586,0.3235071219480369,0.0353823191551081,0.13342036423678186,0.9539109109601757,0.0045899920823928905,0.004660405209077014,0.00472064353530908,0.004900875359128464
0.0,44,scalar_gate_s1p5_p4,1,0.17627345025539398,2048,0.0082651060281832,0.26599570176120596,0.07059094462367632,0.11708450810858068,0.906911428443449,0.00850535420914025,0.00807839637284514,0.008306105286437082,0.008308677005960066
0.0,44,scalar_gate_s1p5_p4,2,0.25722402334213257,2048,0.015514363692448557,0.23448275832241042,0.1302201914058689,0.1191394631274466,0.8224887094813826,0.016193445813092594,0.015533984195075805,0.01537969208037057,0.015610974377492488
0.0,44,scalar_gate_s1p5_p4,3,0.37534967064857483,2048,0.028060390498642333,0.19916894929482756,0.21358177331137568,0.1313800801613056,0.6934081555729779,0.028336434148873928,0.027925605556614518,0.028141870379122993,0.027838837708080662
0.0,44,scalar_gate_s1p5_p4,4,0.547722578048706,2048,0.043765771794075224,0.14588589503670743,0.28786040742000873,0.1520381777623828,0.521516904534023,0.04410713322371361,0.043302199010219145,0.04397488515782846,0.04361027213028585
0.0,44,scalar_gate_s1p5_p4,5,0.7992547750473022,2048,0.06514185945530684,0.10197405092909767,0.3081840299820301,0.21137324818260442,0.36698244948093106,0.06579072234723837,0.06492551093322993,0.06492153331026673,0.0659983428802998
0.0,44,scalar_gate_s1p5_p4,6,1.166298747062683,2048,0.08815100497713418,0.0648048708958908,0.24948098571877325,0.35333756888591966,0.2600201462389406,0.08741360668125701,0.08838976534041612,0.08801759884674354,0.0886401865438184
0.0,44,scalar_gate_s1p5_p4,7,1.7019013166427612,2048,0.07481116707399658,0.025828410570516592,0.13167808793770341,0.5681367966809296,0.19957391453921838,0.0750031600791266,0.0754443688424947,0.07453987383642299,0.07460369782465019
0.0,44,scalar_gate_s1p5_p4,8,2.4834699630737305,2048,0.023183351800159138,0.0037588794879426443,0.031367588044842645,0.7390862111239334,0.1313636233481531,0.023177384926852708,0.02328003928584771,0.023223603883080493,0.022862714441957904
0.0,44,fourier_gate_s1p5_p4,0,0.12079870700836182,2048,0.004720725686392457,0.32350738079473845,0.0353823191551081,0.13342047098998402,0.9539109087276384,0.004589994969718456,0.0046604066829251155,0.00472064830156457,0.004900879988947528
0.0,44,fourier_gate_s1p5_p4,1,0.17627345025539398,2048,0.008265106414153628,0.26599571418288265,0.07059094462367632,0.1170845135762852,0.9069114387770913,0.008505358943897314,0.008078391906107808,0.008306106577300618,0.008308680184488847
0.0,44,fourier_gate_s1p5_p4,2,0.25722402334213257,2048,0.015514363481736779,0.23448275513773073,0.1302201914058689,0.1191394615093275,0.8224887136222846,0.016193451621867333,0.015533975689752913,0.015379696313588912,0.015610968780416425
0.0,44,fourier_gate_s1p5_p4,3,0.37534967064857483,2048,0.028060390313488462,0.1991689479806298,0.21358177331137568,0.13138007929440637,0.6934081759617892,0.028336454209521328,0.027925584522552394,0.028141877059104058,0.027838837405031
0.0,44,fourier_gate_s1p5_p4,4,0.547722578048706,2048,0.043765768142698405,0.1458858828654523,0.28786040742000873,0.1520381650778429,0.5215169009119456,0.04410713351706308,0.043302184925784644,0.04397488306848791,0.04361027893402658
0.0,44,fourier_gate_s1p5_p4,5,0.7992547750473022,2048,0.0651418699665808,0.10197406738360473,0.3081840299820301,0.21137328228973826,0.3669824523435366,0.06579074575503843,0.0649255191830034,0.0649215443067962,0.06599834841409498
0.0,44,fourier_gate_s1p5_p4,6,1.166298747062683,2048,0.08815101580890726,0.06480487885894984,0.24948098571877325,0.35333761230314864,0.2600201676355926,0.08741363377308933,0.0883897666317053,0.08801760360012757,0.08864022826588844
0.0,44,fourier_gate_s1p5_p4,7,1.7019013166427612,2048,0.0748111621550518,0.02582840887226043,0.13167808793770341,0.5681367593250958,0.19957391301612964,0.07500316140403404,0.07544435465369785,0.07453987388990886,0.07460368713189765
0.0,44,fourier_gate_s1p5_p4,8,2.4834699630737305,2048,0.023183349413150166,0.0037588791009201318,0.031367588044842645,0.7390861350259889,0.13136362021866252,0.023177383251912452,0.023280035906472336,0.02322360127000698,0.022862714277583733
0.5,42,scalar_gate_s1p5_p4_plateau_lo0p8_hi1,0,0.12079870700836182,2048,0.01037027952628704,0.7106665776681003,0.04416943412034882,0.23478407031502946,0.9483070527286653,0.007602925098944055,0.00850259193037283,0.01093706140800871,0.01308685615882099
0.5,42,scalar_gate_s1p5_p4_plateau_lo0p8_hi1,1,0.17627345025539398,2048,0.015511342819587626,0.4992011602132831,0.08567773406227462,0.1810428694147449,0.8906948384228188,0.012905953811551966,0.012655570709922084,0.016147572561841784,0.01963217477049715
0.5,42,scalar_gate_s1p5_p4_plateau_lo0p8_hi1,2,0.25722402334213257,2048,0.02423477566133548,0.36628231470174455,0.151129399879815,0.16035778399575518,0.7989296242629538,0.016496405902122525,0.02065796779741786,0.02576596392692883,0.029108150504510273
0.5,42,scalar_gate_s1p5_p4_plateau_lo0p8_hi1,3,0.37534967064857483,2048,0.0383110266089414,0.271926611872284,0.23003859962883413,0.1665417311301495,0.6607851729284275,0.02938563431920476,0.03642643784874755,0.03959521402324063,0.04176858322289824
0.5,42,scalar_gate_s1p5_p4_plateau_lo0p8_hi1,4,0.547722578048706,2048,0.058238985006407416,0.19412993545881685,0.2871877037707396,0.20279066353376773,0.5005385425249537,0.06328011514178544,0.06373103996572038,0.056413236770428254,0.052571975006117926
0.5,42,scalar_gate_s1p5_p4_plateau_lo0p8_hi1,5,0.7992547750473022,2048,0.09168624009653784,0.14352702540701193,0.28838626269214007,0.31792859770999327,0.36775368835495353,0.13706771477740648,0.1141053821720518,0.07986661222150278,0.07126998466749623
0.5,42,scalar_gate_s1p5_p4_plateau_lo0p8_hi1,6,1.166298747062683,2048,0.14952517150394656,0.10992454864822815,0.2250292431088709,0.6644699570517825,0.31547166606449867,0.2094048901337872,0.19206937817830277,0.13078646812967046,0.11141517314688934
0.5,42,scalar_gate_s1p5_p4_plateau_lo0p8_hi1,7,1.7019013166427612,2048,0.08804682469897612,0.030397995736466836,0.1130824312378328,0.7786074612580421,0.21257292240728476,0.16675800410408037,0.11336484207434477,0.0716175727317421,0.06137464601614698
0.5,42,scalar_gate_s1p5_p4_plateau_lo0p8_hi1,8,2.4834699630737305,2048,0.02388369032897714,0.0038724302873819143,0.027036284454168093,0.8833939578296999,0.12947505962722378,0.05529507440184202,0.030501325845444575,0.01810223527028744,0.016509288480937887
0.5,42,fourier_gate_s1p5_p4_plateau_lo0p8_hi1,0,0.12079870700836182,2048,0.010795355712248392,0.7397966929711274,0.04416943412034882,0.24440783377106887,0.9486433459377348,0.006055446300509464,0.007701331603055996,0.01198771839580487,0.014424644775009808
0.5,42,fourier_gate_s1p5_p4_plateau_lo0p8_hi1,1,0.17627345025539398,2048,0.01563417524160236,0.5031542729962802,0.08567773406227462,0.18247652570081632,0.8907103564661141,0.010919409849237862,0.011483198952282947,0.016980734660530836,0.02054600050242067
0.5,42,fourier_gate_s1p5_p4_plateau_lo0p8_hi1,2,0.25722402334213257,2048,0.024243426441526356,0.36641306184942063,0.151129399879815,0.16041502487805706,0.8002379895765351,0.016755476552205505,0.01931994805718384,0.026286528953211014,0.029437861796949294
0.5,42,fourier_gate_s1p5_p4_plateau_lo0p8_hi1,3,0.37534967064857483,2048,0.03843376264809921,0.2727977760836606,0.23003859962883413,0.16707527654103202,0.6609811734719933,0.03310236626735552,0.03558389650307059,0.03984255031389011,0.04113999149113098
0.5,42,fourier_gate_s1p5_p4_plateau_lo0p8_hi1,4,0.547722578048706,2048,0.05805730799369674,0.19352434546187589,0.2871877037707396,0.2021580563213931,0.4995233352747288,0.0659829703703245,0.06210261157551411,0.05609220143967621,0.053886247287528
0.5,42,fourier_gate_s1p5_p4_plateau_lo0p8_hi1,5,0.7992547750473022,2048,0.09318879402729441,0.14587914603021598,0.28838626269214007,0.3231388109730313,0.37010346763219054,0.14255978576226708,0.10950846731345122,0.08229223110816525,0.0779125060269632
0.5,42,fourier_gate_s1p5_p4_plateau_lo0p8_hi1,6,1.166298747062683,2048,0.17166340604414346,0.12619963741905446,0.2250292431088709,0.7628493242591202,0.3370441162080864,0.24748305988200636,0.20020935162144468,0.1554294015369959,0.14012148991268633
0.5,42,fourier_gate_s1p5_p4_plateau_lo0p8_hi1,7,1.7019013166427612,2048,0.0962168387527285,0.033218677268389556,0.1130824312378328,0.8508557668906772,0.2206535504820167,0.18878829409873982,0.11746217101878191,0.07926756519386316,0.071049361865452
0.5,42,fourier_gate_s1p5_p4_plateau_lo0p8_hi1,8,2.4834699630737305,2048,0.024611863667042697,0.003990494139740941,0.027036284454168093,0.9103271460531023,0.13022035731210166,0.05766449116017515,0.031347481873970885,0.018632643452332065,0.016863025725225862
0.5,42,score,0,0.12079870700836182,2048,0.01039278524113809,0.7122088754731525,0.04416943412034882,0.23529360174325037,0.9485998296815117,0.008983004821347118,0.007608635274315897,0.010930880012126096,0.014092794058306747
0.5,42,score,1,0.17627345025539398,2048,0.019214628326297965,0.6183839055792311,0.08567773406227462,0.2242662990168702,0.893904025181078,0.015403112765769864,0.014088122441968443,0.020604408976399716,0.025195642753903923
0.5,42,score,2,0.25722402334213257,2048,0.03218294227743186,0.48641022124653677,0.151129399879815,0.21294958031346123,0.8074280367017319,0.028621257379795245,0.02729789076314213,0.033584400665665474,0.03755179377930695
0.5,42,score,3,0.37534967064857483,2048,0.05002683703270011,0.3550838884023562,0.23003859962883413,0.21747149006044247,0.6732412054616712,0.05306052033680797,0.04806211819265875,0.050149626809406024,0.051370418422935785
0.5,42,score,4,0.547722578048706,2048,0.06679986588886629,0.222666202926382,0.2871877037707396,0.23260002086367967,0.50995648392559,0.07903314588107369,0.07166410775612131,0.06439645907560365,0.0604355949792899
0.5,42,score,5,0.7992547750473022,2048,0.07891967568538374,0.12354205260552437,0.28838626269214007,0.2736596221631839,0.35516775425541586,0.13227490101263198,0.09499252109351713,0.06837656733912251,0.06053345686388451
0.5,42,score,6,1.166298747062683,2048,0.08929728553433668,0.0656475676245242,0.2250292431088709,0.39682524946828335,0.2547039989762365,0.17268859488352067,0.1084284620875861,0.07407666085208377,0.06645793748974653
0.5,42,score,7,1.7019013166427612,2048,0.08089306488373368,0.027928174012549788,0.1130824312378328,0.7153460002429638,0.20596725979928465,0.14946939818778865,0.08904447428705933,0.07052729411192604,0.06746328591350867
0.5,42,score,8,2.4834699630737305,2048,0.10216828531501303,0.016565260938077038,0.027036284454168093,3.778932178650831,0.20744809638037687,0.1317121847385868,0.10494847161943938,0.09756047656344558,0.09821973193330218
0.5,42,scalar_gaussian,0,0.12079870700836182,2048,0.02239227550376201,1.534523901513136,0.04416943412034882,0.5069631510956104,0.9602501335241864,0.008775379778380808,0.016015957119052904,0.025741085676709092,0.02864183404843437
0.5,42,scalar_gaussian,1,0.17627345025539398,2048,0.04035703558329275,1.298809472543402,0.08567773406227462,0.47103294718274585,0.9160274222835529,0.013985517273636474,0.029787358485854117,0.046407273457883154,0.050941961957873406
0.5,42,scalar_gaussian,2,0.25722402334213257,2048,0.06922301865916766,1.0462307495412055,0.151129399879815,0.45803807011883174,0.8434248851122511,0.02258190456194582,0.05497974696343699,0.07929895242504165,0.08239148194562153
0.5,42,scalar_gaussian,3,0.37534967064857483,2048,0.1044670339031564,0.7414932226066309,0.23003859962883413,0.4541282813915287,0.7276500949014196,0.039731630199892023,0.09137712582729808,0.11708182863124923,0.11604620356703406
0.5,42,scalar_gaussian,4,0.547722578048706,2048,0.1334936687020944,0.4449788622938243,0.2871877037707396,0.4648307255127527,0.5752911207176061,0.06606634634739061,0.13225118261106586,0.1439366514790356,0.13371088812586931
0.5,42,scalar_gaussian,5,0.7992547750473022,2048,0.14478110045705211,0.226642521951766,0.28838626269214007,0.5020388249616791,0.42084163689492465,0.11665280028168737,0.1619991341479722,0.14485954111477728,0.12950176484143486
0.5,42,scalar_gaussian,6,1.166298747062683,2048,0.13617845591428504,0.10011261081613484,0.2250292431088709,0.6051589297147519,0.3019612294744957,0.16702908043940895,0.16187357811736303,0.1268322539710567,0.10866687682482896
0.5,42,scalar_gaussian,7,1.7019013166427612,2048,0.07926067870810527,0.02736459584631074,0.1130824312378328,0.7009106351932399,0.20367925374206078,0.14138471008592823,0.09546199366513008,0.06766782700151994,0.05974020779948194
0.5,42,scalar_gaussian,8,2.4834699630737305,2048,0.023489933422214462,0.0038085877173849474,0.027036284454168093,0.868829940816557,0.12883713838736666,0.05642034761683179,0.027691831688471766,0.01834853363762193,0.017148283360319212
0.5,42,fourier_gaussian,0,0.12079870700836182,2048,0.03518791500741453,2.4113983687909997,0.04416943412034882,0.7966575915719845,0.9735847166031806,0.009879781884184011,0.024273716182324934,0.041433755846991834,0.045055610370965365
0.5,42,fourier_gaussian,1,0.17627345025539398,2048,0.06723725684325356,2.1638949648721013,0.08567773406227462,0.7847693170127766,0.9418366701634788,0.019775937846561988,0.04786247565766448,0.07889451038199652,0.08401019835832282
0.5,42,fourier_gaussian,2,0.25722402334213257,2048,0.11672326952238483,1.7641454551784668,0.151129399879815,0.772339926018422,0.8909845494164422,0.03811618522690814,0.08804402304308181,0.13603001216062396,0.1384426156830628
0.5,42,fourier_gaussian,3,0.37534967064857483,2048,0.17872352283648774,1.2685559831868933,0.23003859962883413,0.7769284073405813,0.8005551587650943,0.07825941242310176,0.1499362316895963,0.20154726241583548,0.19949130780530666
0.5,42,fourier_gaussian,4,0.547722578048706,2048,0.2202125529780844,0.7340417881965748,0.2871877037707396,0.7667896295235499,0.6612455410002015,0.1330490742498461,0.20795377400709938,0.23822989853775473,0.22236456499454688
0.5,42,fourier_gaussian,5,0.7992547750473022,2048,0.22468425426415087,0.35172412606702624,0.28838626269214007,0.779108727880035,0.49963516644815953,0.21128848471003253,0.24180081307408446,0.22587715755834414,0.19719038702071562
0.5,42,fourier_gaussian,6,1.166298747062683,2048,0.18164403599465428,0.13353697220690275,0.2250292431088709,0.8072019151163099,0.3472567779765483,0.24300349030382726,0.21148059714819978,0.1687601587384897,0.14318510007321017
0.5,42,fourier_gaussian,7,1.7019013166427612,2048,0.09189552368041784,0.03172675160732075,0.1130824312378328,0.8126419168256556,0.21606848987484362,0.17243697661652926,0.11178152291421778,0.07771903371724977,0.06535301327223553
0.5,42,fourier_gaussian,8,2.4834699630737305,2048,0.022252194195776495,0.0036079043722938493,0.027036284454168093,0.8230492704535053,0.12833001535329586,0.04941467296578135,0.02811999183504582,0.017470293698341757,0.014795245399603998
0.5,42,scalar_normalized,0,0.12079870700836182,2048,0.02681687778416332,1.8377381931033159,0.04416943412034882,0.607136548571013,0.9657458683077202,0.01009220135391439,0.01895336978830253,0.03106200429855757,0.03405078985034254
0.5,42,scalar_normalized,1,0.17627345025539398,2048,0.04839943149058324,1.5576377000224662,0.08567773406227462,0.5649009281151652,0.9239641901455686,0.015351176093216618,0.03466536637017069,0.05669702450967382,0.05982922663106702
0.5,42,scalar_normalized,2,0.25722402334213257,2048,0.08139271611801027,1.230162510112707,0.151129399879815,0.5385630868827473,0.8563651562817778,0.02592745630265274,0.06259419118546025,0.09490087346444752,0.09459553258675715
0.5,42,scalar_normalized,3,0.37534967064857483,2048,0.12210921858086765,0.8667151216281382,0.23003859962883413,0.5308205613227089,0.7463386350656086,0.04496758257997957,0.10288660728690338,0.1392883454628523,0.13424029043868893
0.5,42,scalar_normalized,4,0.547722578048706,2048,0.15264799267388818,0.50882660407697,0.2871877037707396,0.5315269096470309,0.5950189948287228,0.06901772941554182,0.14415586229254518,0.16871313148777425,0.15351584630956538
0.5,42,scalar_normalized,5,0.7992547750473022,2048,0.1579149804234973,0.24720249607276618,0.28838626269214007,0.5475814934779876,0.43490771941887135,0.1108179781230543,0.16878739832691672,0.16386244090321667,0.14228305472761368
0.5,42,scalar_normalized,6,1.166298747062683,2048,0.1380913609709865,0.10151889728181712,0.2250292431088709,0.6136596251367065,0.3030761230538413,0.1524868719951274,0.15953944010245436,0.13289868077427353,0.11158072824477003
0.5,42,scalar_normalized,7,1.7019013166427612,2048,0.07536082810845691,0.026018179978319227,0.1130824312378328,0.6664238404103593,0.19998964066877248,0.12264568627660193,0.09048614656105261,0.06607317111950163,0.05728871161314844
0.5,42,scalar_normalized,8,2.4834699630737305,2048,0.01970015513044065,0.003194124372843839,0.027036284454168093,0.7286561570187778,0.12507241582374962,0.041868612082244225,0.023616743519045892,0.015938511731153897,0.014632174752557101
0.5,42,fourier_normalized,0,0.12079870700836182,2048,0.03464458760911019,2.3741645968634937,0.04416943412034882,0.7843566099287982,0.9729627117652898,0.00994449007115087,0.024860417703661326,0.04040260788368332,0.04400842281372043
0.5,42,fourier_normalized,1,0.17627345025539398,2048,0.06604130285749862,2.1254056074905696,0.08567773406227462,0.7708105680000441,0.9417351613045737,0.01943282910125113,0.048511105638735674,0.077058535397186,0.08147903818328461
0.5,42,fourier_normalized,2,0.25722402334213257,2048,0.11361546795135755,1.7171744095629835,0.151129399879815,0.7517760809062284,0.8879519496498696,0.03664997387539789,0.08920641207694369,0.13094097814202996,0.13431602549441968
0.5,42,fourier_normalized,3,0.37534967064857483,2048,0.17256858617325013,1.2248690548723156,0.23003859962883413,0.7501723034816264,0.7951654440099605,0.073120868438487,0.15100812019775417,0.19223944258748835,0.19183491130632277
0.5,42,fourier_normalized,4,0.547722578048706,2048,0.21459262252001937,0.7153086880749437,0.2871877037707396,0.7472207887122059,0.6568707659548098,0.12402290492954629,0.20818730469285485,0.23047106521361704,0.21631113603165003
0.5,42,fourier_normalized,5,0.7992547750473022,2048,0.21755887530398588,0.3405699501953427,0.28838626269214007,0.7544009665128734,0.49268125418161196,0.2009887098774814,0.24159552024347705,0.21585947151810855,0.1904526793951519
0.5,42,fourier_normalized,6,1.166298747062683,2048,0.17492104081670756,0.12859451199724833,0.2250292431088709,0.7773258195250623,0.34060784291387397,0.23126518481207858,0.20854449044837692,0.16058741490829492,0.13799297046142606
0.5,42,fourier_normalized,7,1.7019013166427612,2048,0.08715417361854466,0.03008980967944684,0.1130824312378328,0.7707136525500028,0.21179820231878588,0.16141568002382695,0.10882942355838923,0.07283285697995534,0.06146675524611267
0.5,42,fourier_normalized,8,2.4834699630737305,2048,0.022039472392915496,0.0035734142938830607,0.027036284454168093,0.8151812587368212,0.12806196440248066,0.04850859233844733,0.028449267168471553,0.017087428886658006,0.014646934956937573
0.5,42,scalar_gate_s1p5_p4,0,0.12079870700836182,2048,0.007245825690769623,0.4965503709891336,0.04416943412034882,0.1640461517126722,0.9454879379318322,0.007013368977157158,0.005142110087430207,0.007470412069780062,0.01026646972800718
0.5,42,scalar_gate_s1p5_p4,1,0.17627345025539398,2048,0.01276185613837348,0.41071449872838395,0.08567773406227462,0.14895184003229545,0.8881869624519664,0.010337491113172859,0.009553731830538224,0.01337436517648303,0.017498134666778194
0.5,42,scalar_gate_s1p5_p4,2,0.25722402334213257,2048,0.021518138366326944,0.32522329230656966,0.151129399879815,0.142382212749069,0.7971895123019566,0.018768882593124914,0.01838595539463309,0.022245080366440188,0.0258676026340227
0.5,42,scalar_gate_s1p5_p4,3,0.37534967064857483,2048,0.03415066393386734,0.2423969065490452,0.23003859962883413,0.14845623294946686,0.6570796009727855,0.03129109491551286,0.031997557240815225,0.03478893634919619,0.03715580727380353
0.5,42,scalar_gate_s1p5_p4,4,0.547722578048706,2048,0.04814829854194962,0.1604943164337801,0.2871877037707396,0.16765445703199797,0.4905641635512163,0.05861977402455117,0.05263006941703668,0.04586333654812796,0.04299529813923148
0.5,42,scalar_gate_s1p5_p4,5,0.7992547750473022,2048,0.0724915595432247,0.11347938248312152,0.28838626269214007,0.25136966950680084,0.3484965459430288,0.1249880329029556,0.08673296432261379,0.06249863895930803,0.0557598324970343
0.5,42,scalar_gate_s1p5_p4,6,1.166298747062683,2048,0.09667553552161517,0.0710717433101811,0.2250292431088709,0.42961321020327475,0.2621945706127592,0.1874398410347596,0.118358987525579,0.07996089865320608,0.07084674595458917
0.5,42,scalar_gate_s1p5_p4,7,1.7019013166427612,2048,0.0733840340208456,0.025335695647367762,0.1130824312378328,0.6489428394628844,0.19794333277077297,0.17115128075795794,0.08880571302881617,0.05749671870166348,0.051671325469634745
0.5,42,scalar_gate_s1p5_p4,8,2.4834699630737305,2048,0.024254220808101204,0.003932506993703019,0.027036284454168093,0.8970988912776442,0.12963067817984186,0.07190974472656439,0.028015187873270096,0.017624590138777586,0.016138037488321752
0.5,42,fourier_gate_s1p5_p4,0,0.12079870700836182,2048,0.007448943805252661,0.5104698853972222,0.04416943412034882,0.16864476427197284,0.9461498781780124,0.007378094964499525,0.005429022271965553,0.00766488403516753,0.010263501685169762
0.5,42,fourier_gate_s1p5_p4,1,0.17627345025539398,2048,0.013292676622079938,0.42779788115460543,0.08567773406227462,0.1551473876797231,0.8890028911373543,0.01383647336429491,0.00985110660162092,0.013719078231107068,0.01749806350089626
0.5,42,fourier_gate_s1p5_p4,2,0.25722402334213257,2048,0.02197249367584908,0.3320903793716382,0.151129399879815,0.14538861196645134,0.7974461495954872,0.024924920707080897,0.01891082877965288,0.022070194027311384,0.025406126035100424
0.5,42,fourier_gate_s1p5_p4,3,0.37534967064857483,2048,0.03453811440746085,0.2451469788879578,0.23003859962883413,0.15014051756178262,0.657872716513592,0.03986427942702799,0.032853841806817594,0.03417256617859668,0.0359543562178873
0.5,42,fourier_gate_s1p5_p4,4,0.547722578048706,2048,0.048308885908495816,0.16102960761544619,0.2871877037707396,0.16821362918469707,0.49105099961175935,0.06379541422188698,0.05330137221062004,0.04531116837694166,0.04215443853870674
0.5,42,fourier_gate_s1p5_p4,5,0.7992547750473022,2048,0.07204405007147893,0.11277884439525246,0.28838626269214007,0.2498178983940988,0.3486195429286873,0.12382105327964868,0.08561689466064978,0.06242117126135674,0.05550264452443134
0.5,42,fourier_gate_s1p5_p4,6,1.166298747062683,2048,0.09675684892565078,0.07113152146758271,0.2250292431088709,0.4299745561461942,0.2624230256391624,0.19035111962321494,0.11758866240719952,0.08004416205817824,0.07086251384803595
0.5,42,fourier_gate_s1p5_p4,7,1.7019013166427612,2048,0.07202607628554462,0.024866863368757933,0.1130824312378328,0.636934274379552,0.1965692158239577,0.16170649210617716,0.08748465268025093,0.05714442475029944,0.0509412819277527
0.5,42,fourier_gate_s1p5_p4,8,2.4834699630737305,2048,0.022017370122086776,0.00356983069763817,0.027036284454168093,0.8143637547315579,0.12748812606785892,0.052479692029892465,0.027841061180557236,0.01667562688272956,0.014920548306930086
0.5,43,scalar_gate_s1p5_p4_plateau_lo0p8_hi1,0,0.12079870700836182,2048,0.011091665098703279,0.7601025272612301,0.04416943412034882,0.25111630519154327,0.9491332166399855,0.009060831790364002,0.009464858692695057,0.011427194073356975,0.013844452198659103
0.5,43,scalar_gate_s1p5_p4_plateau_lo0p8_hi1,1,0.17627345025539398,2048,0.016603956643277153,0.5343647237290164,0.08567773406227462,0.19379546885785534,0.8922242983291097,0.013178702166144918,0.0146104813113126,0.017139006729041038,0.02002953161895738
0.5,43,scalar_gate_s1p5_p4_plateau_lo0p8_hi1,2,0.25722402334213257,2048,0.02605126362663132,0.3937365575573088,0.151129399879815,0.1723772055427235,0.801162285546025,0.01769271010483106,0.022617258886184904,0.02755106934253337,0.031133869083906227
0.5,43,scalar_gate_s1p5_p4_plateau_lo0p8_hi1,3,0.37534967064857483,2048,0.041214288539576246,0.29253358198127777,0.23003859962883413,0.17916249101705212,0.6638189624039266,0.03195060041428648,0.03998604073268063,0.042552284517170136,0.043489682128308074
0.5,43,scalar_gate_s1p5_p4_plateau_lo0p8_hi1,4,0.547722578048706,2048,0.06073541754543714,0.20245137663135465,0.2871877037707396,0.21148334955845427,0.5030416288723742,0.0646006566690579,0.06672063182187579,0.0586897108691525,0.055675906762387734
0.5,43,scalar_gate_s1p5_p4_plateau_lo0p8_hi1,5,0.7992547750473022,2048,0.0943914886465259,0.14776186235700134,0.28838626269214007,0.32730924061834143,0.37115791879585447,0.13536169861827085,0.11794141844497576,0.08220055840661218,0.07581834437131973
0.5,43,scalar_gate_s1p5_p4_plateau_lo0p8_hi1,6,1.166298747062683,2048,0.147891342157802,0.10872342677933647,0.2250292431088709,0.6572094369363852,0.3136307785513387,0.2103839764743079,0.18750847398001963,0.12990017352575975,0.1107093924635161
0.5,43,scalar_gate_s1p5_p4_plateau_lo0p8_hi1,7,1.7019013166427612,2048,0.08722471062500742,0.030114162444342667,0.1130824312378328,0.7713374188211259,0.21182335662779034,0.16842599995926116,0.11103752463632074,0.07085225883467572,0.061630476182673526
0.5,43,scalar_gate_s1p5_p4_plateau_lo0p8_hi1,8,2.4834699630737305,2048,0.02397477107574413,0.0038871978479020713,0.027036284454168093,0.8867627915509677,0.12963613288743714,0.05501083350728283,0.030576199491414456,0.018232279280217457,0.016690499324576166
0.5,43,fourier_gate_s1p5_p4_plateau_lo0p8_hi1,0,0.12079870700836182,2048,0.011406304265983044,0.7816644860921614,0.04416943412034882,0.2582397645146232,0.9496573793660154,0.006100989454837699,0.008299295680420753,0.012605494069551807,0.015346999610803661
0.5,43,fourier_gate_s1p5_p4_plateau_lo0p8_hi1,1,0.17627345025539398,2048,0.0162247640894663,0.5221611791998106,0.08567773406227462,0.18936966840968714,0.8919944672164453,0.01129766136059645,0.01236747657551339,0.01744594587314011,0.021206090003098126
0.5,43,fourier_gate_s1p5_p4_plateau_lo0p8_hi1,2,0.25722402334213257,2048,0.025240272784644156,0.3814793117318855,0.151129399879815,0.16701100384648107,0.8004819505194618,0.018618229734315456,0.020315736351423596,0.026934110696212786,0.0312749738057374
0.5,43,fourier_gate_s1p5_p4_plateau_lo0p8_hi1,3,0.37534967064857483,2048,0.040404694391981376,0.2867871895445968,0.23003859962883413,0.17564310710104347,0.6641698526858265,0.03533261430474986,0.03766696719856911,0.041456240662490956,0.04411707909569565
0.5,43,fourier_gate_s1p5_p4_plateau_lo0p8_hi1,4,0.547722578048706,2048,0.059890731903587804,0.19963575803640216,0.2871877037707396,0.20854211763675737,0.5025017793244606,0.06940302724109895,0.06392635963817919,0.05731227528359623,0.057172510196776195
0.5,43,fourier_gate_s1p5_p4_plateau_lo0p8_hi1,5,0.7992547750473022,2048,0.09528884754945507,0.14916660154059436,0.28838626269214007,0.3304208968205203,0.37178807328595154,0.14366362451331116,0.11213915954208144,0.08430463791828997,0.07995376430037865
0.5,43,fourier_gate_s1p5_p4_plateau_lo0p8_hi1,6,1.166298747062683,2048,0.17209864224883611,0.12651960457157463,0.2250292431088709,0.7647834560131966,0.3376815719658909,0.24764739803824815,0.20007949071204612,0.15640324442216838,0.1396771057764231
0.5,43,fourier_gate_s1p5_p4_plateau_lo0p8_hi1,7,1.7019013166427612,2048,0.09656647036228169,0.03333938690457312,0.1130824312378328,0.8539475965031644,0.2211156259758545,0.19052323326715032,0.11738886933772714,0.0798166057264095,0.07062793697208002
0.5,43,fourier_gate_s1p5_p4_plateau_lo0p8_hi1,8,2.4834699630737305,2048,0.024852491823471205,0.004029508871054053,0.027036284454168093,0.9192273393040064,0.1306089242656659,0.05860160370736658,0.03165565288482607,0.018792409044987135,0.01690212271983825
0.5,43,score,0,0.12079870700836182,2048,0.010714688535025435,0.734268638821587,0.04416943412034882,0.2425815215524617,0.949214258435473,0.010657480299446083,0.007775524023734955,0.01117706230065723,0.014224906904699155
0.5,43,score,1,0.17627345025539398,2048,0.01975705776088816,0.6358408985830424,0.08567773406227462,0.2305973422047763,0.8946835429044001,0.016977871739969813,0.014777577848564049,0.020987127444530396,0.025506528811770537
0.5,43,score,2,0.25722402334213257,2048,0.03368632146565394,0.5091321649786154,0.151129399879815,0.22289720922893122,0.8084190499813322,0.03130330866837836,0.028738435560803147,0.034798308038785725,0.0396056209075995
0.5,43,score,3,0.37534967064857483,2048,0.051478727540438994,0.36538921565471494,0.23003859962883413,0.22378299825985554,0.6746605668371961,0.058315126601825584,0.049436041620816565,0.05106492891715367,0.05287540894029758
0.5,43,score,4,0.547722578048706,2048,0.06820341521874221,0.2273447003416804,0.2871877037707396,0.2374872403074354,0.5113884819585858,0.0800472455196086,0.07288909891280423,0.06568382855899622,0.06281184364341315
0.5,43,score,5,0.7992547750473022,2048,0.07921861384662254,0.12401001491936853,0.28838626269214007,0.27469621162638563,0.35604357176426676,0.13041844032854433,0.09508601779643154,0.06912882548939579,0.06068252590652888
0.5,43,score,6,1.166298747062683,2048,0.08980566902007676,0.06602130954802848,0.2250292431088709,0.39908443800181154,0.25584332659746584,0.1717609582351405,0.1087430786501475,0.07500655876887269,0.06651619661835326
0.5,43,score,7,1.7019013166427612,2048,0.08241968763915193,0.02845523756275794,0.1130824312378328,0.7288460880877987,0.2071808727555352,0.15297291018002152,0.08990231962476317,0.07216915093867207,0.06864524578828395
0.5,43,score,8,2.4834699630737305,2048,0.10487493517181432,0.017004109069937913,0.027036284454168093,3.8790439325935595,0.20927655478852555,0.13523107966446704,0.10681466980596245,0.10075242244781599,0.10013593028362641
0.5,43,scalar_gaussian,0,0.12079870700836182,2048,0.02325368521142475,1.593555587916862,0.04416943412034882,0.5264655451112469,0.9625715647295031,0.00808561009510747,0.016229566089005897,0.02705702078774516,0.029799559872024137
0.5,43,scalar_gaussian,1,0.17627345025539398,2048,0.04196225558446191,1.350470227921028,0.08567773406227462,0.4897685033775726,0.9172690985414296,0.014281477649471842,0.029642050506009487,0.04901685134468073,0.05259235726032295
0.5,43,scalar_gaussian,2,0.25722402334213257,2048,0.0715101770450286,1.0807986646467371,0.151129399879815,0.47317184546419666,0.8448690132455019,0.022935230066374677,0.05499737482131298,0.08305177199974133,0.08425077060197173
0.5,43,scalar_gaussian,3,0.37534967064857483,2048,0.10696159869711601,0.7591993143655764,0.23003859962883413,0.46497239537059387,0.7303502476431015,0.040669336182767094,0.09101032903481387,0.12103373394498015,0.11898704633502685
0.5,43,scalar_gaussian,4,0.547722578048706,2048,0.13818423897613774,0.46061409536776776,0.2871877037707396,0.4811634939859733,0.5804358960153435,0.06907241762688443,0.13339508523833613,0.15017625874273574,0.13979056058577793
0.5,43,scalar_gaussian,5,0.7992547750473022,2048,0.15081072090569084,0.2360813808952149,0.28838626269214007,0.5229469652883059,0.4266169380552007,0.12258001846028002,0.1652835145762515,0.15303782443218056,0.13235153130540572
0.5,43,scalar_gaussian,6,1.166298747062683,2048,0.13979329859392903,0.10277008946001474,0.2250292431088709,0.6212228093674738,0.305378120009584,0.17603349827724213,0.16327228337842542,0.130935518596347,0.11138216136607139
0.5,43,scalar_gaussian,7,1.7019013166427612,2048,0.08142853476628208,0.028113043952634083,0.1130824312378328,0.7200812175237296,0.20632868985482247,0.14802529494250788,0.09745418953204017,0.06940729100880459,0.06135386927972381
0.5,43,scalar_gaussian,8,2.4834699630737305,2048,0.02403238785475041,0.0038965396605370566,0.027036284454168093,0.8888938824227165,0.12926225823332504,0.05830390197709936,0.027982106642954238,0.01884895846754803,0.017552779848292083
0.5,43,fourier_gaussian,0,0.12079870700836182,2048,0.03599998333805816,2.467048731918461,0.04416943412034882,0.8150428923306716,0.9743202328695728,0.009373149197272626,0.024176088259637667,0.04207176983268196,0.04887506679821888
0.5,43,fourier_gaussian,1,0.17627345025539398,2048,0.0680438120388474,2.189852310673785,0.08567773406227462,0.7941831420213559,0.9431790010005537,0.019113283224254297,0.04738012228954942,0.07897927297017912,0.09065114630512028
0.5,43,fourier_gaussian,2,0.25722402334213257,2048,0.11951876127452155,1.8063962770557196,0.151129399879815,0.7908372650825606,0.8944275761360011,0.03782241470682577,0.0888823569210633,0.13754565388602855,0.15126874501925192
0.5,43,fourier_gaussian,3,0.37534967064857483,2048,0.1796598851249545,1.2752021591608966,0.23003859962883413,0.7809988646028737,0.8020224954530022,0.07327064623413156,0.148529837918825,0.20105979135247315,0.2132632337934603
0.5,43,fourier_gaussian,4,0.547722578048706,2048,0.2254607814483347,0.7515358817851002,0.2871877037707396,0.7850641879441984,0.6679369218239222,0.12908722894351904,0.20969306432116047,0.24204310815264432,0.24438879573859484
0.5,43,fourier_gaussian,5,0.7992547750473022,2048,0.22801705621532042,0.3569413445920568,0.28838626269214007,0.7906654571085955,0.5032638254494192,0.20336635915214957,0.24156259548914621,0.22812825730078118,0.21721083621854007
0.5,43,fourier_gaussian,6,1.166298747062683,2048,0.18292916162595796,0.13448174193066526,0.2250292431088709,0.8129128423431412,0.3483480524768802,0.2378864157810109,0.2108714409775354,0.16952476327819765,0.15336102867299653
0.5,43,fourier_gaussian,7,1.7019013166427612,2048,0.0923925327249705,0.03189834301756127,0.1130824312378328,0.8170370208140669,0.2176567306778952,0.16942217141707688,0.1125097686146105,0.07771651385954392,0.06927705202827406
0.5,43,fourier_gaussian,8,2.4834699630737305,2048,0.022288391212998786,0.0036137732486640315,0.027036284454168093,0.8243881015078853,0.1278251728848006,0.048597933107485815,0.028323202323052913,0.017371825565098895,0.015517118412476038
0.5,43,scalar_normalized,0,0.12079870700836182,2048,0.02758780345758087,1.89056908436091,0.04416943412034882,0.6245903758334814,0.9660032417897281,0.01106986960371122,0.01976068336350075,0.031889637288641394,0.034427941292977805
0.5,43,scalar_normalized,1,0.17627345025539398,2048,0.04917301612557493,1.582533955092231,0.08567773406227462,0.5739299324820339,0.9243692309217931,0.0171403442712257,0.035627894575728083,0.05737329321766028,0.06007033645206314
0.5,43,scalar_normalized,2,0.25722402334213257,2048,0.08284085299014968,1.2520495262313838,0.151129399879815,0.5481451858872497,0.8567486691234165,0.027556352311228403,0.06432243065737989,0.09630875782252842,0.09559735259215477
0.5,43,scalar_normalized,3,0.37534967064857483,2048,0.12399892010748462,0.8801279737249522,0.23003859962883413,0.5390352762864846,0.7466120176053673,0.047108766678748,0.10586045830759022,0.14115614106000768,0.13414565828039696
0.5,43,scalar_normalized,4,0.547722578048706,2048,0.15751084942757998,0.5250361253733284,0.2871877037707396,0.5484595870905393,0.5995131705106415,0.07540259175197854,0.14996048670494344,0.17302770272419699,0.1579301916337149
0.5,43,scalar_normalized,5,0.7992547750473022,2048,0.16173658827211998,0.2531848987343583,0.28838626269214007,0.5608331921301607,0.43821543468297924,0.11837800033402343,0.17627644431662715,0.16668488222586508,0.1412825047777906
0.5,43,scalar_normalized,6,1.166298747062683,2048,0.14171803473097788,0.10418507363294006,0.2250292431088709,0.6297760805355133,0.307282900772741,0.16269302187991364,0.16538431442339874,0.13494733409689227,0.11357008036825555
0.5,43,scalar_normalized,7,1.7019013166427612,2048,0.07767395037249467,0.02681678096092756,0.1130824312378328,0.6868790272923324,0.20238482677859188,0.1291306435992613,0.09441213998560824,0.06739802684894901,0.05815027257881723
0.5,43,scalar_normalized,8,2.4834699630737305,2048,0.020254885900838633,0.003284066764787583,0.027036284454168093,0.7491741675959473,0.1257204486083509,0.04339467450844894,0.024300749634390138,0.016348785462944583,0.014963180580118855
0.5,43,fourier_normalized,0,0.12079870700836182,2048,0.03241144853116802,2.221129444633005,0.04416943412034882,0.7337981383881053,0.9703951388173153,0.008959210688723943,0.02292393524919427,0.03757710330239983,0.04279246403138126
0.5,43,fourier_normalized,1,0.17627345025539398,2048,0.061234477824782724,1.9707076770029612,0.08567773406227462,0.7147070180482903,0.9373193265459995,0.017784582772813716,0.04482522582202818,0.0707568860764297,0.0785717696856628
0.5,43,fourier_normalized,2,0.25722402334213257,2048,0.10807284492888691,1.6334036819705395,0.151129399879815,0.7151013966497014,0.8816562880136293,0.03532523088432792,0.0843204369690499,0.12326851250817397,0.13330883380493452
0.5,43,fourier_normalized,3,0.37534967064857483,2048,0.1614010997501539,1.1456037097496259,0.23003859962883413,0.7016261619161897,0.785085580602274,0.06804792006106442,0.14054930280550215,0.17931434827303308,0.18266156639259648
0.5,43,fourier_normalized,4,0.547722578048706,2048,0.20049884897048253,0.6683294464339407,0.2871877037707396,0.6981456599219154,0.642584047883442,0.11582032808119831,0.19445790066605215,0.2134796088473685,0.20924350913750317
0.5,43,fourier_normalized,5,0.7992547750473022,2048,0.2015473294264888,0.31550523438252975,0.28838626269214007,0.6988797855522192,0.477145056207447,0.18442057062852463,0.22257861862292178,0.19873432040681355,0.18430015981713918
0.5,43,fourier_normalized,6,1.166298747062683,2048,0.16412531115645201,0.12065795055882486,0.2250292431088709,0.7293510340655899,0.329396671082333,0.21915857937843808,0.19325559349061283,0.15059778496914214,0.1328680924800114
0.5,43,fourier_normalized,7,1.7019013166427612,2048,0.08521966553478255,0.029421924509443146,0.1130824312378328,0.7536065912444895,0.2106558300858461,0.156448157141012,0.10537750089076145,0.07144937045605383,0.061833244307001066
0.5,43,fourier_normalized,8,2.4834699630737305,2048,0.02060043912499635,0.0033400937335139073,0.027036284454168093,0.7619552590489354,0.12625087722536738,0.045343552330462,0.026542841227154546,0.01591845702242603,0.01397748266116652
0.5,43,scalar_gate_s1p5_p4,0,0.12079870700836182,2048,0.0072447624195610474,0.4964775059029982,0.04416943412034882,0.16402207915594263,0.945212357080885,0.009420158448361393,0.0054230496035191445,0.007147091390899192,0.009643789073691254
0.5,43,scalar_gate_s1p5_p4,1,0.17627345025539398,2048,0.012701594436620616,0.4087750978795118,0.08567773406227462,0.14824848691012882,0.8879931393267616,0.010875380064317128,0.009889011828390418,0.013140730629850616,0.017057345883662915
0.5,43,scalar_gate_s1p5_p4,2,0.25722402334213257,2048,0.021352928543176015,0.32272632525059924,0.151129399879815,0.14128904475341555,0.7962768032648849,0.01864351951521464,0.018511925105157135,0.021895583718338742,0.025858797897906752
0.5,43,scalar_gate_s1p5_p4,3,0.37534967064857483,2048,0.03391925178551915,0.2407543736540451,0.23003859962883413,0.14745026200058448,0.6568170730650653,0.03004927351606677,0.031854703658479346,0.03456335758163628,0.037306258931287646
0.5,43,scalar_gate_s1p5_p4,4,0.547722578048706,2048,0.048447066448134554,0.1614902093796902,0.2871877037707396,0.16869477979743028,0.4913322063643884,0.05672201449428743,0.052722754177806475,0.046424025030590454,0.043891251369354976
0.5,43,scalar_gate_s1p5_p4,5,0.7992547750473022,2048,0.07088077336594173,0.11095783346607457,0.28838626269214007,0.245784153184886,0.34797945879302994,0.1179365703567989,0.0851328511996482,0.06156071719535288,0.054610737755545265
0.5,43,scalar_gate_s1p5_p4,6,1.166298747062683,2048,0.09521847958338642,0.07000057773481984,0.2250292431088709,0.42313824758019997,0.2612541596227683,0.1838498662499433,0.11722942255350334,0.07858268566168576,0.06969458763707176
0.5,43,scalar_gate_s1p5_p4,7,1.7019013166427612,2048,0.07297795399719295,0.02519549730552113,0.1130824312378328,0.6453518305041313,0.19784309614618895,0.16791905266406326,0.08796807412339502,0.05772036681480053,0.05122357053583273
0.5,43,scalar_gate_s1p5_p4,8,2.4834699630737305,2048,0.023748041502280087,0.0038504365913611545,0.027036284454168093,0.8783766697875133,0.12907496898889914,0.06532476219222674,0.02808526439346099,0.01754947486106797,0.016356052179233898
0.5,43,fourier_gate_s1p5_p4,0,0.12079870700836182,2048,0.007494236879185379,0.5135737818507594,0.04416943412034882,0.16967020357937504,0.9458258208000603,0.0080763626919928,0.005496189194999746,0.00762794847230082,0.010217785736630718
0.5,43,fourier_gate_s1p5_p4,1,0.17627345025539398,2048,0.013356239452459834,0.42984352214398613,0.08567773406227462,0.15588927039961034,0.8890663639236797,0.014970177429148579,0.01025477140268275,0.01353886761241069,0.01728339961631101
0.5,43,fourier_gate_s1p5_p4,2,0.25722402334213257,2048,0.022269663042211563,0.3365817716127209,0.151129399879815,0.1473549359682591,0.7969082589020233,0.026397522913267323,0.019448709555847085,0.02209299018397936,0.025658866776261342
0.5,43,fourier_gate_s1p5_p4,3,0.37534967064857483,2048,0.03500934673795932,0.2484917237924763,0.23003859962883413,0.1521890099941779,0.6583529615527359,0.04040718212541587,0.03317382490574039,0.03466071880030013,0.03659073810002964
0.5,43,fourier_gate_s1p5_p4,4,0.547722578048706,2048,0.049136112652990754,0.1637870298902496,0.2871877037707396,0.1710940684710368,0.4918017921900403,0.06320165067598914,0.05370205012035361,0.04652211909325632,0.04307978947945448
0.5,43,fourier_gate_s1p5_p4,5,0.7992547750473022,2048,0.07120940458147273,0.1114722777356988,0.28838626269214007,0.246923705438392,0.34880329020345535,0.12103870752848163,0.08517607026336303,0.06167088468032378,0.05473123913633671
0.5,43,fourier_gate_s1p5_p4,6,1.166298747062683,2048,0.09589036219999182,0.07049451726775653,0.2250292431088709,0.4261240044859384,0.26189886781724236,0.18862583012549394,0.1175124070240148,0.0790321976989361,0.06961786622488253
0.5,43,fourier_gate_s1p5_p4,7,1.7019013166427612,2048,0.07230237698444283,0.024962255650033332,0.1130824312378328,0.6393776309281666,0.1971294898628556,0.16042738131813167,0.08787967826918862,0.05769048318655538,0.05085154886264248
0.5,43,fourier_gate_s1p5_p4,8,2.4834699630737305,2048,0.02192276661503735,0.0035544919672767955,0.027036284454168093,0.8108646235099658,0.12739473686020603,0.05240712155587044,0.027703662152024307,0.01655354561739031,0.014993590017708761
0.5,44,scalar_gate_s1p5_p4_plateau_lo0p8_hi1,0,0.12079870700836182,2048,0.01101551843742856,0.7548842602866723,0.04416943412034882,0.24939233786456233,0.9491326851602664,0.00981257751386864,0.008879400923864782,0.011486290046989252,0.013702890671845961
0.5,44,scalar_gate_s1p5_p4_plateau_lo0p8_hi1,1,0.17627345025539398,2048,0.01668412515637828,0.53694478499245,0.08567773406227462,0.19473116719276762,0.8909838863975184,0.01456207280900434,0.013733733157369253,0.01741539901704141,0.020345594318430256
0.5,44,scalar_gate_s1p5_p4_plateau_lo0p8_hi1,2,0.25722402334213257,2048,0.02564301360318163,0.3875663018200228,0.151129399879815,0.16967587791372243,0.8004348204307968,0.017251697582091746,0.021840680972595512,0.027282787606343912,0.030869856501771615
0.5,44,scalar_gate_s1p5_p4_plateau_lo0p8_hi1,3,0.37534967064857483,2048,0.04119020778928195,0.2923626599930546,0.23003859962883413,0.17905780967082088,0.6638311599900604,0.030300595430874593,0.03944372809672318,0.04292246478392495,0.043800763239850354
0.5,44,scalar_gate_s1p5_p4_plateau_lo0p8_hi1,4,0.547722578048706,2048,0.06225472132212629,0.20751572217375297,0.2871877037707396,0.21677363099021782,0.5040509371387913,0.0631282760854853,0.06787021180675959,0.06062679444594649,0.0579362649020358
0.5,44,scalar_gate_s1p5_p4_plateau_lo0p8_hi1,5,0.7992547750473022,2048,0.09555578807342968,0.14958447426965735,0.28838626269214007,0.33134653218706883,0.3718847505338938,0.13392888339319703,0.11686116740922944,0.08491330660197782,0.07656610185762205
0.5,44,scalar_gate_s1p5_p4_plateau_lo0p8_hi1,6,1.166298747062683,2048,0.15196113737684763,0.11171536718672466,0.2250292431088709,0.6752950651099495,0.31714760978422424,0.21167447573734544,0.1956236034370693,0.1328710237851412,0.11328310552706809
0.5,44,scalar_gate_s1p5_p4_plateau_lo0p8_hi1,7,1.7019013166427612,2048,0.08842464577552671,0.030528437731546138,0.1130824312378328,0.7819485733336745,0.21342464426143426,0.16628724080917726,0.1142409322235006,0.071693827605444,0.06247734126963525
0.5,44,scalar_gate_s1p5_p4_plateau_lo0p8_hi1,8,2.4834699630737305,2048,0.023597561601078714,0.0038260382291722328,0.027036284454168093,0.8728108198847108,0.12925351943198557,0.05332952421054417,0.030296841707114282,0.017993957179994764,0.016339145553629617
0.5,44,fourier_gate_s1p5_p4_plateau_lo0p8_hi1,0,0.12079870700836182,2048,0.011489807311215076,0.787386879903195,0.04416943412034882,0.2601302810425124,0.949433709993704,0.00615093343071939,0.00850454785365669,0.012545073613743503,0.01577641469315355
0.5,44,fourier_gate_s1p5_p4_plateau_lo0p8_hi1,1,0.17627345025539398,2048,0.01623420735543442,0.5224650915936192,0.08567773406227462,0.1894798868470848,0.8917387754386464,0.011024157511065133,0.012185165080284313,0.017543280989158347,0.021381587586282686
0.5,44,fourier_gate_s1p5_p4_plateau_lo0p8_hi1,2,0.25722402334213257,2048,0.02538553341135709,0.3836747683488958,0.151129399879815,0.1679721710768707,0.8020609431181185,0.01757890122078538,0.020664063621021692,0.02719356020786406,0.03128595191324467
0.5,44,fourier_gate_s1p5_p4_plateau_lo0p8_hi1,3,0.37534967064857483,2048,0.03996217255670853,0.2836462279469464,0.23003859962883413,0.17371942196304122,0.6631457765967261,0.03383524943303825,0.03804600891226153,0.04101177535754702,0.042807365745707954
0.5,44,fourier_gate_s1p5_p4_plateau_lo0p8_hi1,4,0.547722578048706,2048,0.06115664121955098,0.20385545543974132,0.2871877037707396,0.21295006860172536,0.5016843106090894,0.06844999814671686,0.06511517770882919,0.0592277119162645,0.057354444313713254
0.5,44,fourier_gate_s1p5_p4_plateau_lo0p8_hi1,5,0.7992547750473022,2048,0.09675279753744641,0.15145829096858043,0.28838626269214007,0.3354972481498974,0.37353428886012574,0.14566686361287778,0.1134622101670682,0.08629490978481257,0.07938026988616252
0.5,44,fourier_gate_s1p5_p4_plateau_lo0p8_hi1,6,1.166298747062683,2048,0.1723422202177862,0.1266986727380123,0.2250292431088709,0.7658658840815888,0.3379487958710258,0.2490814644336042,0.20000428298074624,0.1565617550011464,0.14014739711548638
0.5,44,fourier_gate_s1p5_p4_plateau_lo0p8_hi1,7,1.7019013166427612,2048,0.09547144299230252,0.032961330825461294,0.1130824312378328,0.8442641526826462,0.22006052418377947,0.18759615850808578,0.11559495022229893,0.07930715503234839,0.06958100936781168
0.5,44,fourier_gate_s1p5_p4_plateau_lo0p8_hi1,8,2.4834699630737305,2048,0.024577422912479448,0.0039849100185580764,0.027036284454168093,0.9090532744668778,0.13020197262539074,0.05726464586029488,0.03137023732286304,0.018705606331323538,0.016524158296266776
0.5,44,score,0,0.12079870700836182,2048,0.010168361329051403,0.696829292584837,0.04416943412034882,0.23021262399118778,0.9484440135301242,0.010595474806510961,0.007781009196596894,0.010368374608408485,0.013419651910588477
0.5,44,score,1,0.17627345025539398,2048,0.01907513994777935,0.6138947545622843,0.08567773406227462,0.2226382403380864,0.8941662003215174,0.01716864173378927,0.014247238515227528,0.02022290746761886,0.024381230871805593
0.5,44,score,2,0.25722402334213257,2048,0.03232894674537476,0.4886169202159125,0.151129399879815,0.21391566942688992,0.8074740061798904,0.03161575708993226,0.027571130192197972,0.0333972492513477,0.0371476942925927
0.5,44,score,3,0.37534967064857483,2048,0.04972939031344203,0.3529726508360546,0.23003859962883413,0.21617846045698458,0.6728202813899207,0.05604776746150451,0.04803305978232243,0.049383185795109356,0.05054276324465451
0.5,44,score,4,0.547722578048706,2048,0.06659844575878843,0.22199480254315385,0.2871877037707396,0.23189866726311378,0.5098364461013235,0.07870357919821552,0.07127714307894181,0.06426064760891467,0.0603873694005793
0.5,44,score,5,0.7992547750473022,2048,0.0787566706040699,0.1232868819886186,0.28838626269214007,0.27309439038067057,0.3555033113962977,0.12955212183799816,0.09536614440028304,0.06851503649514422,0.05969963980345014
0.5,44,score,6,1.166298747062683,2048,0.08936772994773859,0.06569935536213459,0.2250292431088709,0.39713829506372994,0.25506654939117324,0.1707952653450896,0.10766397872246385,0.07489652399263698,0.06627254606897154
0.5,44,score,7,1.7019013166427612,2048,0.08312986170890703,0.02870042378518415,0.1130824312378328,0.7351262331287333,0.2077921936332302,0.15207632618740155,0.09052613160446517,0.07296248558499245,0.07008743365242859
0.5,44,score,8,2.4834699630737305,2048,0.10641542495866661,0.017253879487567708,0.027036284454168093,3.9360225381213914,0.21113349254127006,0.14141700870099908,0.10640232160301591,0.1024027439428369,0.10215241268277331
0.5,44,scalar_gaussian,0,0.12079870700836182,2048,0.02442163490531497,1.673594203051728,0.04416943412034882,0.5529080322553633,0.9626450202544804,0.00843214315198517,0.01832768458919186,0.027732174017792346,0.031631894238691435
0.5,44,scalar_gaussian,1,0.17627345025539398,2048,0.04430470730469474,1.4258572933791633,0.08567773406227462,0.5171087656507347,0.9186603998479571,0.014397518421633781,0.03397130210271776,0.050505687310873654,0.05586438590878965
0.5,44,scalar_gaussian,2,0.25722402334213257,2048,0.07550884267941209,1.1412341530848256,0.151129399879815,0.49963040109641255,0.8506510188654668,0.023774486182346614,0.06251485008998414,0.08524036824143397,0.09058704210246002
0.5,44,scalar_gaussian,3,0.37534967064857483,2048,0.1141767791818229,0.8104117134297001,0.23003859962883413,0.49633748147504997,0.737018172609545,0.04134179323199187,0.10415294065545748,0.12614689650886043,0.12724037440979252
0.5,44,scalar_gaussian,4,0.547722578048706,2048,0.14620186521398687,0.48733951415580684,0.2871877037707396,0.5090812151578016,0.5890744988545527,0.0683943688756938,0.1493825123125689,0.1549178473753876,0.15084672461693446
0.5,44,scalar_gaussian,5,0.7992547750473022,2048,0.15916051828977607,0.24915227986573837,0.28838626269214007,0.5519004851478799,0.43552780174621364,0.12169230861041529,0.18341964310859096,0.1576962047119163,0.1423807086167759
0.5,44,scalar_gaussian,6,1.166298747062683,2048,0.14243881422716126,0.10471496007276779,0.2250292431088709,0.6329791286648386,0.3080044233189941,0.1713257137944464,0.17228734522496247,0.13108497655039572,0.11621875725035956
0.5,44,scalar_gaussian,7,1.7019013166427612,2048,0.0830320780104444,0.02866666415263493,0.1130824312378328,0.7342615214543179,0.20704335872753132,0.14363471445594084,0.10180304352327299,0.070552983569754,0.06313658696052596
0.5,44,scalar_gaussian,8,2.4834699630737305,2048,0.02391168520938357,0.0038769692937617607,0.027036284454168093,0.8844294137354065,0.12919322690070134,0.05838185966064487,0.027965560777932448,0.01865108331922747,0.017428083310741256
0.5,44,fourier_gaussian,0,0.12079870700836182,2048,0.036834007566923836,2.5242037143774985,0.04416943412034882,0.833925276619164,0.9751947071015636,0.009990908693656927,0.026393489971846713,0.04263781333870078,0.04838227197216302
0.5,44,fourier_gaussian,1,0.17627345025539398,2048,0.07001375499153285,2.2532509357298136,0.08567773406227462,0.8171756146193543,0.9446887276957049,0.01986693545718002,0.05155249109398093,0.08082711762905731,0.089842642808951
0.5,44,fourier_gaussian,2,0.25722402334213257,2048,0.1228494340412805,1.8567357787524028,0.151129399879815,0.8128758146262474,0.8973938931692733,0.03896733774990778,0.09649652661232144,0.14008957038387457,0.1511708078937261
0.5,44,fourier_gaussian,3,0.37534967064857483,2048,0.18754813924975136,1.3311919461128063,0.23003859962883413,0.8152898667978293,0.8099285363654926,0.07863368126376165,0.1640190565184953,0.20759568569400014,0.21415047641926127
0.5,44,fourier_gaussian,4,0.547722578048706,2048,0.23506967736816617,0.7835655324485199,0.2871877037707396,0.8185227789411939,0.6769224397241993,0.13556345324031688,0.22874555687064177,0.25093495355786016,0.24165830605150423
0.5,44,fourier_gaussian,5,0.7992547750473022,2048,0.2377119812676343,0.37211792673608857,0.28838626269214007,0.8242833034020004,0.5125393394162729,0.210279985152538,0.26366437064895454,0.23560200441545096,0.21478542165081102
0.5,44,fourier_gaussian,6,1.166298747062683,2048,0.19128665683949958,0.1406258170715792,0.2250292431088709,0.8500524385044197,0.3569072569623131,0.24970094624493,0.22741086461024687,0.17535061858659362,0.1548162711994655
0.5,44,fourier_gaussian,7,1.7019013166427612,2048,0.09606452972959785,0.03316609287307967,0.1130824312378328,0.8495088819549411,0.2211815572345356,0.1760046689367783,0.12059313797376979,0.07975533157381177,0.06965945299116165
0.5,44,fourier_gaussian,8,2.4834699630737305,2048,0.023325948388741274,0.003781999673345184,0.027036284454168093,0.8627645721172752,0.12886073852256075,0.05122564192835934,0.030358237960466897,0.017872649473794328,0.015925621973463023
0.5,44,scalar_normalized,0,0.12079870700836182,2048,0.027692596676024674,1.8977504759256703,0.04416943412034882,0.6269629038164815,0.9663042984946536,0.010696194155775846,0.01989233728645315,0.03172197969214919,0.035780056707819696
0.5,44,scalar_normalized,1,0.17627345025539398,2048,0.05034148177890167,1.6201386561548299,0.08567773406227462,0.5875678474679443,0.925401024480287,0.01697490507761805,0.03676088594174309,0.05821191094031098,0.06328901793590602
0.5,44,scalar_normalized,2,0.25722402334213257,2048,0.08580080305097318,1.2967859568396405,0.151129399879815,0.567730720291392,0.8611040633515401,0.028314421562094422,0.06802461560622262,0.09833207024895721,0.1019994499208561
0.5,44,scalar_normalized,3,0.37534967064857483,2048,0.12792703676461448,0.9080092274568244,0.23003859962883413,0.556111178606651,0.7507570767716016,0.04732932497015275,0.11135793822265674,0.1437573839233778,0.1423561847919122
0.5,44,scalar_normalized,4,0.547722578048706,2048,0.16177857541202423,0.539261877587673,0.2871877037707396,0.563319993467308,0.6044103128610211,0.07479919512693903,0.15625545375565264,0.17556792463564463,0.1678262392258327
0.5,44,scalar_normalized,5,0.7992547750473022,2048,0.16552078225134853,0.25910873315956673,0.28838626269214007,0.5739551555132372,0.44185436251843707,0.11791579978335172,0.1823388987639323,0.16850299140277383,0.15080299747248002
0.5,44,scalar_normalized,6,1.166298747062683,2048,0.14268122395320026,0.10489316939668804,0.2250292431088709,0.6340563652172531,0.30773987396563846,0.16191530778043692,0.16852988387367776,0.13451443207497904,0.1168947735082781
0.5,44,scalar_normalized,7,1.7019013166427612,2048,0.07727916802406962,0.026680483119576826,0.1130824312378328,0.6833879248805462,0.20214716177020015,0.12625510343716081,0.09503931546672387,0.06682188512721454,0.05800201050686393
0.5,44,scalar_normalized,8,2.4834699630737305,2048,0.019929718502787012,0.0032313450930802363,0.027036284454168093,0.7371470934392582,0.12537438631737852,0.04161927554724931,0.024208283743046604,0.016128045769138146,0.014635501155853279
0.5,44,fourier_normalized,0,0.12079870700836182,2048,0.03510388557955438,2.4056399024189594,0.04416943412034882,0.7947551576935881,0.97380379606406,0.009960981309215047,0.024866354172393544,0.04067864109363682,0.04621203406705073
0.5,44,fourier_normalized,1,0.17627345025539398,2048,0.06589568351196762,2.1207191437147332,0.08567773406227462,0.7691109508576817,0.940279977352563,0.018774293398153404,0.047561757241954314,0.07640613947475813,0.08496171330690168
0.5,44,fourier_normalized,2,0.25722402334213257,2048,0.1152567852938384,1.7419811386932698,0.151129399879815,0.7626364253778276,0.8895947156784264,0.03708080426984913,0.0898345103113729,0.13179550266583615,0.14140344242622405
0.5,44,fourier_normalized,3,0.37534967064857483,2048,0.17376815400141693,1.233383429038114,0.23003859962883413,0.7553869406342708,0.7977515026814715,0.07326947834488706,0.14858670003906727,0.1937652185280047,0.19882331486544583
0.5,44,fourier_normalized,4,0.547722578048706,2048,0.21721667698314256,0.7240555356292148,0.2871877037707396,0.7563578597938353,0.6595427401943599,0.12565667234220806,0.20768509029980595,0.23255621734424797,0.2270790145231953
0.5,44,fourier_normalized,5,0.7992547750473022,2048,0.21888428228416085,0.3426447623058394,0.28838626269214007,0.7589969100498576,0.494193825343907,0.1947861245669205,0.2383639258666594,0.21850048586861934,0.19909156777245374
0.5,44,fourier_normalized,6,1.166298747062683,2048,0.17719756463548264,0.13026811551663428,0.2250292431088709,0.7874423883199619,0.3431388264475883,0.23265598989236763,0.20818516348114297,0.16324277909581994,0.14401634247254286
0.5,44,fourier_normalized,7,1.7019013166427612,2048,0.0892558403514758,0.030815406049395862,0.1130824312378328,0.7892989156180646,0.2144146878123491,0.1625497453497951,0.11030383374269531,0.07500032578931835,0.06497251544728072
0.5,44,fourier_normalized,8,2.4834699630737305,2048,0.02133445185677342,0.0034591043677461254,0.027036284454168093,0.7891044308599275,0.12683910848072877,0.048008580250545295,0.027169108122322608,0.016421223746114367,0.01470385336174693
0.5,44,scalar_gate_s1p5_p4,0,0.12079870700836182,2048,0.006889046734416371,0.472100607677272,0.04416943412034882,0.15596864373778774,0.9448047439988987,0.007888775817803775,0.00542349136659004,0.006833289219576568,0.009149712953620548
0.5,44,scalar_gate_s1p5_p4,1,0.17627345025539398,2048,0.0122572230733935,0.39447390534778537,0.08567773406227462,0.14306194261025126,0.8875012889975313,0.010127261350879959,0.009590132831263486,0.0127674640421997,0.016254451911975405
0.5,44,scalar_gate_s1p5_p4,2,0.25722402334213257,2048,0.021078863021698875,0.3185841225337512,0.151129399879815,0.1394755953405608,0.7970928227300055,0.018039265243142883,0.01826745328261345,0.02160757446130541,0.025768235885201635
0.5,44,scalar_gate_s1p5_p4,3,0.37534967064857483,2048,0.03361009052254955,0.23855998780216978,0.23003859962883413,0.14610630814471667,0.6562584953895796,0.03121027686526996,0.03202013835071597,0.03398488955038532,0.036353994532473885
0.5,44,scalar_gate_s1p5_p4,4,0.547722578048706,2048,0.04790590529146045,0.15968633899275944,0.2871877037707396,0.16681043325484254,0.4901610355952173,0.05810356115508999,0.051953825318333646,0.04577223287078946,0.04310477890864881
0.5,44,scalar_gate_s1p5_p4,5,0.7992547750473022,2048,0.07043742962903611,0.11026381648245856,0.28838626269214007,0.2442468270558016,0.3473769662118199,0.1205540331339627,0.08472987219658881,0.06054481986430867,0.05455816667295358
0.5,44,scalar_gate_s1p5_p4,6,1.166298747062683,2048,0.09422674528595848,0.06927149684544692,0.2250292431088709,0.41873111238422844,0.25993214255051944,0.18563164253122777,0.11574817702219084,0.07764052205801303,0.06784498925752312
0.5,44,scalar_gate_s1p5_p4,7,1.7019013166427612,2048,0.07250611871506434,0.0250325970880119,0.1130824312378328,0.6411793407816891,0.19667040512146242,0.16815405281556126,0.0876330748294469,0.057119125079063755,0.05060465374744369
0.5,44,scalar_gate_s1p5_p4,8,2.4834699630737305,2048,0.023837503791780366,0.0038649417400491316,0.027036284454168093,0.8816856410942746,0.12911368761069383,0.06824439572853026,0.027985829466264406,0.017311193224158625,0.016447158105518753
0.5,44,fourier_gate_s1p5_p4,0,0.12079870700836182,2048,0.007072952985977772,0.4847035491966029,0.04416943412034882,0.16013229797570055,0.9452736938267977,0.008130972825130181,0.005622804352050684,0.006966205273600712,0.009466475337965706
0.5,44,fourier_gate_s1p5_p4,1,0.17627345025539398,2048,0.01274365284919623,0.4101286627254877,0.08567773406227462,0.14873937772366322,0.8883025086804616,0.014029668503394077,0.010083038698497613,0.01285336391194377,0.016344716405504257
0.5,44,fourier_gate_s1p5_p4,2,0.25722402334213257,2048,0.021550225592702428,0.3257082558859075,0.151129399879815,0.14259452899197742,0.7977498713465233,0.024842688067405905,0.01905601746372003,0.021355425916339127,0.02489113744676393
0.5,44,fourier_gate_s1p5_p4,3,0.37534967064857483,2048,0.03420495702993611,0.24278227178116848,0.23003859962883413,0.14869225027941224,0.6568635048345847,0.038440019449877565,0.03307467257785955,0.03373311555690301,0.03564405138734092
0.5,44,fourier_gate_s1p5_p4,4,0.547722578048706,2048,0.048073023380436834,0.16024339924755984,0.2871877037707396,0.16739234566537456,0.4905675381330171,0.06306769991814229,0.052641371619313655,0.04527903213228273,0.04217621759451275
0.5,44,fourier_gate_s1p5_p4,5,0.7992547750473022,2048,0.07028867824440375,0.11003095881767727,0.28838626269214007,0.24373102098638716,0.3471341229694318,0.12076055063084283,0.08465400582326739,0.06045171998822241,0.053872231301753996
0.5,44,fourier_gate_s1p5_p4,6,1.166298747062683,2048,0.09495515975113467,0.06980699618985811,0.2250292431088709,0.4219680892993744,0.2606899274003675,0.18821807202113328,0.11577681692772747,0.07835011376780213,0.06885632500200455
0.5,44,fourier_gate_s1p5_p4,7,1.7019013166427612,2048,0.07104434245469528,0.02452792166465295,0.1130824312378328,0.6282526974086379,0.19559507142811008,0.15802942941623158,0.08659278923283723,0.05659699492263532,0.04965647943603824
0.5,44,fourier_gate_s1p5_p4,8,2.4834699630737305,2048,0.02175056681264901,0.003526572005115808,0.027036284454168093,0.8044954124343738,0.12724942660418648,0.0523736185411006,0.027395462466481356,0.016394248885292628,0.01493736908226476
1.0,42,scalar_gate_s1p5_p4_plateau_lo0p8_hi1,0,0.12079870700836182,2048,0.03134672365451307,2.1481647398405794,0.08643602545458762,0.3626580871766511,0.9011548517011717,0.009334156769649101,0.015520664999865314,0.02882277921497136,0.08124604408152443
1.0,42,scalar_gate_s1p5_p4_plateau_lo0p8_hi1,1,0.17627345025539398,2048,0.0433241328950109,1.394299491538082,0.1420017690067852,0.3050957266098619,0.8194719359374094,0.01644228656177022,0.02613948837897988,0.04304360866343754,0.08986872931681028
1.0,42,scalar_gate_s1p5_p4_plateau_lo0p8_hi1,2,0.25722402334213257,2048,0.05695370919862398,0.8607934617444879,0.2031885930072035,0.2802997370851662,0.6992634991714259,0.02501503396170617,0.0439568918249162,0.061178317277790245,0.0818432402510974
1.0,42,scalar_gate_s1p5_p4_plateau_lo0p8_hi1,3,0.37534967064857483,2048,0.06794504726474299,0.4822649803879605,0.24626419812366973,0.27590306582291807,0.5606193290097531,0.04443781643658523,0.07440958575705695,0.07099032565318657,0.05800772204881902
1.0,42,scalar_gate_s1p5_p4_plateau_lo0p8_hi1,4,0.547722578048706,2048,0.09340801260548032,0.3113600186617818,0.2533065181135157,0.3687548717701013,0.44394585485716365,0.08965726670217297,0.13067198086599535,0.08535380707345969,0.059671704320702235
1.0,42,scalar_gate_s1p5_p4_plateau_lo0p8_hi1,5,0.7992547750473022,2048,0.13378329106331824,0.20942638497620777,0.2201014469152758,0.6078255865115497,0.36172338868083265,0.18190236238310523,0.21584047602464093,0.10220853779669441,0.08045343496166431
1.0,42,scalar_gate_s1p5_p4_plateau_lo0p8_hi1,6,1.166298747062683,2048,0.12377883179497345,0.09099693436504959,0.15855058600144936,0.7806898411201202,0.27198623017742507,0.21211198026240127,0.21605737411014841,0.08816298760613074,0.04520286324394185
1.0,42,scalar_gate_s1p5_p4_plateau_lo0p8_hi1,7,1.7019013166427612,2048,0.06602011761300172,0.022793317766795093,0.07397294008408664,0.8924901124378081,0.18589973403363463,0.15948225227619234,0.11302160267451883,0.04143795615269464,0.02340445709635897
1.0,42,scalar_gate_s1p5_p4_plateau_lo0p8_hi1,8,2.4834699630737305,2048,0.019955792599578647,0.003235572669335885,0.018170998709808747,1.09822211306451,0.11717189436079233,0.06112370281710762,0.029751892645234895,0.012150087578808892,0.009157661364914983
1.0,42,fourier_gate_s1p5_p4_plateau_lo0p8_hi1,0,0.12079870700836182,2048,0.021206476535411217,1.4532620905364801,0.08643602545458762,0.24534303172642788,0.8913682170537369,0.007231905251013297,0.010711704739882814,0.01998014063459716,0.05226032384409146
1.0,42,fourier_gate_s1p5_p4_plateau_lo0p8_hi1,1,0.17627345025539398,2048,0.028484387272685006,0.9167123272224125,0.1420017690067852,0.2005917776371078,0.8041558353851795,0.01249515588701677,0.017511203331435684,0.028845953310618386,0.0555092600169734
1.0,42,fourier_gate_s1p5_p4_plateau_lo0p8_hi1,2,0.25722402334213257,2048,0.03793120435102414,0.5732889597688312,0.2031885930072035,0.18667979235271046,0.6815486769739538,0.020616740524063617,0.028931068380952465,0.041417494021021954,0.05038016500391572
1.0,42,fourier_gate_s1p5_p4_plateau_lo0p8_hi1,3,0.37534967064857483,2048,0.05140141438369486,0.3648404570693296,0.24626419812366973,0.20872467364453007,0.5435189616356051,0.03986923235806398,0.05476675596545077,0.053350303363881815,0.0444628832163286
1.0,42,fourier_gate_s1p5_p4_plateau_lo0p8_hi1,4,0.547722578048706,2048,0.07763522027472083,0.2587840481698719,0.2533065181135157,0.3064872584128677,0.42808609204500947,0.08366739059187894,0.10073298089628145,0.07088094758368865,0.05873747027075798
1.0,42,fourier_gate_s1p5_p4_plateau_lo0p8_hi1,5,0.7992547750473022,2048,0.11847767343121551,0.18546673990362322,0.2201014469152758,0.5382866632258961,0.34625024674476446,0.17020370522674547,0.171591111695299,0.09645575034237852,0.07851103052204579
1.0,42,fourier_gate_s1p5_p4_plateau_lo0p8_hi1,6,1.166298747062683,2048,0.1390618386826588,0.10223235123312009,0.15855058600144936,0.8770818335631229,0.28771617431058194,0.24128914907081792,0.2242101578123838,0.10709010197701335,0.05167621534660896
1.0,42,fourier_gate_s1p5_p4_plateau_lo0p8_hi1,7,1.7019013166427612,2048,0.06900501232951302,0.023823846887822756,0.07397294008408664,0.9328412829214782,0.18868821771170063,0.17577082326433371,0.11824867665046972,0.043341034526989855,0.019099185826888236
1.0,42,fourier_gate_s1p5_p4_plateau_lo0p8_hi1,8,2.4834699630737305,2048,0.017796062155159394,0.0028854004191370564,0.018170998709808747,0.9793662109256019,0.11511240001660432,0.06211927319577293,0.02993277719781605,0.00922394696367349,0.003979220002375685
1.0,42,score,0,0.12079870700836182,2048,0.03587662013460359,2.4585947548210263,0.08643602545458762,0.4150655926845307,0.9046739410562317,0.008476256558111097,0.016923088340935387,0.035850327860027294,0.08489353834757561
1.0,42,score,1,0.17627345025539398,2048,0.04981540624035548,1.6032079801806998,0.1420017690067852,0.35080834970425734,0.8259364962613763,0.01355190262375328,0.02756704425400822,0.05476893033491657,0.0908011274236322
1.0,42,score,2,0.25722402334213257,2048,0.0637682394439511,0.9637876856953904,0.2031885930072035,0.3138376938398819,0.7069310781183038,0.02499914572423129,0.04830778219516758,0.07311687310763391,0.07747482166771998
1.0,42,score,3,0.37534967064857483,2048,0.07629750879921252,0.5415496502832796,0.24626419812366973,0.3098197357981252,0.5679180958393573,0.049777148241673175,0.08278214057431349,0.08246452249420907,0.056205200883234586
1.0,42,score,4,0.547722578048706,2048,0.09262563452869546,0.3087520919347977,0.2533065181135157,0.3656662103230467,0.4429945716797314,0.09347956726619641,0.1281959836720009,0.08770242407015577,0.04751384626313521
1.0,42,score,5,0.7992547750473022,2048,0.10110697516588837,0.15827438640935781,0.2201014469152758,0.4593653362251986,0.32857840160610907,0.1614575006871916,0.16265136921406362,0.0775482772247846,0.047166174901467066
1.0,42,score,6,1.166298747062683,2048,0.0998831459298585,0.07342984210263893,0.15855058600144936,0.6299765169517912,0.24846589014635198,0.20971819518100995,0.15853091366252892,0.06956159028113582,0.04914907504964619
1.0,42,score,7,1.7019013166427612,2048,0.08189541628475962,0.02827423389283508,0.07397294008408664,1.107099652814493,0.20257861364286794,0.1570538972886503,0.10041046388851427,0.06667890038502916,0.06470968005268268
1.0,42,score,8,2.4834699630737305,2048,0.1020150959626973,0.016540423273568715,0.018170998709808747,5.614171108142191,0.19993210123205055,0.12830879575207724,0.09443095731147993,0.10219345107616071,0.10021661214212198
1.0,42,scalar_gaussian,0,0.12079870700836182,2048,0.03005688249172712,2.0597730043459888,0.08643602545458762,0.3477355921174166,0.8990460770463746,0.010089212765592919,0.016458855566695272,0.03159704297774284,0.05950591837024336
1.0,42,scalar_gaussian,1,0.17627345025539398,2048,0.04348335060991995,1.399423591297436,0.1420017690067852,0.30621696415515925,0.8183977221152265,0.013741392109305684,0.027571403668736887,0.04833590097662638,0.06996270962036238
1.0,42,scalar_gaussian,2,0.25722402334213257,2048,0.061421782137198705,0.9283235318003208,0.2031885930072035,0.3022895194467003,0.7045598835470936,0.02167692542410615,0.049835690926965714,0.07044279280325619,0.07002037994644712
1.0,42,scalar_gaussian,3,0.37534967064857483,2048,0.08288731532176431,0.5883232274798031,0.24626419812366973,0.3365788285641898,0.5755672095814047,0.03704206636172651,0.09095387122308196,0.09103979066566996,0.06321811406468819
1.0,42,scalar_gaussian,4,0.547722578048706,2048,0.10997623079643389,0.36658740848877736,0.2533065181135157,0.4341626564348795,0.460770211583617,0.07082621611545954,0.1504152189300044,0.10951041019662305,0.06159447120324636
1.0,42,scalar_gaussian,5,0.7992547750473022,2048,0.12763775818264433,0.19980607496049127,0.2201014469152758,0.5799042213101682,0.3553565548311939,0.13557747963195593,0.20172132727196362,0.10967865976317144,0.05936816191446792
1.0,42,scalar_gaussian,6,1.166298747062683,2048,0.11911650352541832,0.08756938885197058,0.15855058600144936,0.7512839058464876,0.2674239537862555,0.1959710977168905,0.19433548596454325,0.09054371175207353,0.05063852911545888
1.0,42,scalar_gaussian,7,1.7019013166427612,2048,0.06947411203893164,0.023985802654150932,0.07397294008408664,0.9391827871105152,0.18935569657082615,0.16716184787527558,0.10894099990369377,0.0470063742302351,0.029917912092017076
1.0,42,scalar_gaussian,8,2.4834699630737305,2048,0.024744186324112596,0.004011948540542756,0.018170998709808747,1.361740580101171,0.1221054305712821,0.07576500815065454,0.03271786335927676,0.016415877480882007,0.013686359543501916
1.0,42,fourier_gaussian,0,0.12079870700836182,2048,0.07343070341596437,5.032144655320476,0.08643602545458762,0.849538176122454,0.9407574761368782,0.0068057351124363435,0.025508335382739666,0.08521139651325965,0.15113505505387512
1.0,42,fourier_gaussian,1,0.17627345025539398,2048,0.12009640322454998,3.865059558314338,0.1420017690067852,0.8457387824429953,0.8961757101862418,0.013861630609703815,0.05001144339296634,0.14460923416832513,0.21110717747912944
1.0,42,fourier_gaussian,2,0.25722402334213257,2048,0.17083334266016037,2.581960446105143,0.2031885930072035,0.8407624666907554,0.8136383960074147,0.02791889037155242,0.09547489005448523,0.2088770641901992,0.2404801172282186
1.0,42,fourier_gaussian,3,0.37534967064857483,2048,0.21133438188379713,1.5000235578226986,0.24626419812366973,0.8581612085475314,0.7039400709412664,0.05667809219196092,0.161222508646916,0.2561971523929392,0.2168607399880691
1.0,42,fourier_gaussian,4,0.547722578048706,2048,0.2176988403462055,0.7256627467188607,0.2533065181135157,0.8594284978037829,0.568891295230836,0.1052316359253577,0.2317437038744305,0.2433619058547356,0.15826261571982952
1.0,42,fourier_gaussian,5,0.7992547750473022,2048,0.19288949200078798,0.3019521248771126,0.2201014469152758,0.8763663061017377,0.4199888357338838,0.1772714311621349,0.2691838658195269,0.18482468211034184,0.09639880970841172
1.0,42,fourier_gaussian,6,1.166298747062683,2048,0.1410752006947619,0.10371248938123168,0.15855058600144936,0.8897803802092051,0.28962834930573733,0.22355504601750448,0.23049535058567128,0.11067797556982899,0.051117870625812564
1.0,42,fourier_gaussian,7,1.7019013166427612,2048,0.06681762615164764,0.023068656045494386,0.07397294008408664,0.9032711972201538,0.18666264135514196,0.16164740312105627,0.11609624162939797,0.042560586865451,0.01816569317827406
1.0,42,fourier_gaussian,8,2.4834699630737305,2048,0.016743369356309924,0.0027147199496859982,0.018170998709808747,0.921433632994086,0.11422959546362862,0.05684531174179884,0.028366098113620897,0.008808192492741286,0.0037792183915225474
1.0,42,scalar_normalized,0,0.12079870700836182,2048,0.04027706592847952,2.7601536226047445,0.08643602545458762,0.46597545082218733,0.9092097252543008,0.012476921484934653,0.020255424695660683,0.04288030193673538,0.08148117233538255
1.0,42,scalar_normalized,1,0.17627345025539398,2048,0.058195810297527364,1.8729143155415173,0.1420017690067852,0.4098245444727285,0.8341823112348798,0.017169056350247326,0.03426817184617412,0.06531722968056138,0.09662333540140468
1.0,42,scalar_normalized,2,0.25722402334213257,2048,0.0789681581091713,1.193517948924421,0.2031885930072035,0.3886446425974892,0.7218161863723979,0.02617544132564755,0.06094353719982459,0.09188503961513629,0.09154410780521095
1.0,42,scalar_normalized,3,0.37534967064857483,2048,0.09928190808159733,0.7046898836833408,0.24626419812366973,0.4031520165661256,0.5911078937624892,0.03873343410382374,0.10386291436001177,0.11218434607014942,0.07603339450642685
1.0,42,scalar_normalized,4,0.547722578048706,2048,0.12073168633419887,0.40243892425861394,0.2533065181135157,0.4766228963760605,0.47214750739130373,0.0683234039517843,0.16058876644255024,0.12417110161843516,0.06599702083580078
1.0,42,scalar_normalized,5,0.7992547750473022,2048,0.1285009259459346,0.20115729081754716,0.2201014469152758,0.5838259027683665,0.35588688375433575,0.12192625839301194,0.2026047280042124,0.1131452426469356,0.058423785612394
1.0,42,scalar_normalized,6,1.166298747062683,2048,0.1133635324445191,0.08334004911543354,0.15855058600144936,0.7149991387826394,0.26161848112069414,0.1747697601250282,0.1901309791522412,0.08612906576983312,0.045659263690433036
1.0,42,scalar_normalized,7,1.7019013166427612,2048,0.06131014790310623,0.021167209844677647,0.07397294008408664,0.8288185900602796,0.18128318550793945,0.1389674430399201,0.09971913552138319,0.041298334242419354,0.025484746446089983
1.0,42,scalar_normalized,8,2.4834699630737305,2048,0.01903092791771241,0.0030856178693674983,0.018170998709808747,1.0473242677321566,0.11648103081456121,0.055098228387737445,0.026200631220167348,0.012629995107723387,0.010428701289959359
1.0,42,fourier_normalized,0,0.12079870700836182,2048,0.049070414760228026,3.3627544594153536,0.08643602545458762,0.5677079030665171,0.9171395406276807,0.006641594684559977,0.018125960387443463,0.05662207701756988,0.09912584293725804
1.0,42,fourier_normalized,1,0.17627345025539398,2048,0.0741229863257145,2.385498225565858,0.1420017690067852,0.52198635865003,0.850079647683148,0.011810091638649618,0.03445319741043881,0.08920190923346247,0.12230051046085946
1.0,42,fourier_normalized,2,0.25722402334213257,2048,0.09991932870630615,1.510172139137247,0.2031885930072035,0.4917565854829449,0.742825954271932,0.02060962389647421,0.06111538365975206,0.1236046157108238,0.12348731611079783
1.0,42,fourier_normalized,3,0.37534967064857483,2048,0.11934664792168131,0.8471067596001942,0.24626419812366973,0.48462849586340373,0.6125501300338004,0.041114468667835115,0.10331590186288814,0.14375102334408874,0.09911376668257806
1.0,42,fourier_normalized,4,0.547722578048706,2048,0.12572878688691827,0.419095924851497,0.2533065181135157,0.4963503814401441,0.4770764797478789,0.07266621689592105,0.14796419711792697,0.13706619462959269,0.07284816722113134
1.0,42,fourier_normalized,5,0.7992547750473022,2048,0.11280935502899808,0.17659346864205236,0.2201014469152758,0.5125334549591674,0.3395455878456393,0.11950530039448655,0.16922107599700645,0.10294154836784622,0.046080262158285645
1.0,42,fourier_normalized,6,1.166298747062683,2048,0.09179797815265944,0.06748597051423319,0.15855058600144936,0.578982269745886,0.24062191832961022,0.16554062560780944,0.15372128076040278,0.06866524508482909,0.028134294297835965
1.0,42,fourier_normalized,7,1.7019013166427612,2048,0.04269142517037213,0.01473913187385798,0.07397294008408664,0.5771221898419052,0.1630235398816432,0.11777756272639575,0.07388883102244345,0.025653467574370783,0.00988046704268181
1.0,42,fourier_normalized,8,2.4834699630737305,2048,0.011935836888482564,0.0019352409797464356,0.018170998709808747,0.6568619083132492,0.11012408652274672,0.04378922667593742,0.01989796978535865,0.00602674936284656,0.0024078258422972816
1.0,42,scalar_gate_s1p5_p4,0,0.12079870700836182,2048,0.025438816479977935,1.7433008051447958,0.08643602545458762,0.29430803124263466,0.8945405706421066,0.00956624660325313,0.013191300820044164,0.023583274775311903,0.063040096246779
1.0,42,scalar_gate_s1p5_p4,1,0.17627345025539398,2048,0.03610788167836101,1.1620590580926227,0.1420017690067852,0.2542776891507294,0.8121270923988626,0.014097867806728967,0.022191221524871792,0.03665765750149241,0.07099946543697432
1.0,42,scalar_gate_s1p5_p4,2,0.25722402334213257,2048,0.04506858906164836,0.6811627783367155,0.2031885930072035,0.2218066890204342,0.6881960601056736,0.02556852455673412,0.03918196233771239,0.047929848830232775,0.05555786883672355
1.0,42,scalar_gate_s1p5_p4,3,0.37534967064857483,2048,0.05431365261658763,0.3855111397873603,0.24626419812366973,0.22055033996176834,0.5463585698393025,0.045830071778546595,0.06310843842005737,0.05528786959483099,0.039711203069300455
1.0,42,scalar_gate_s1p5_p4,4,0.547722578048706,2048,0.07109082222672719,0.23696938964630668,0.2533065181135157,0.28065137350657854,0.4222982124092366,0.09188517271207644,0.10395452992767137,0.06154788271362099,0.03716514087158921
1.0,42,scalar_gate_s1p5_p4,5,0.7992547750473022,2048,0.09485807098993582,0.14849225740631897,0.2201014469152758,0.4309743180672945,0.3220005374967002,0.17448928523262666,0.15342518684240053,0.06887396196607941,0.04466138009640567
1.0,42,scalar_gate_s1p5_p4,6,1.166298747062683,2048,0.10619029679568442,0.07806659125469656,0.15855058600144936,0.6697565709073677,0.255099764669234,0.22888494338201198,0.17169369109330018,0.0725911919763766,0.04850607703601528
1.0,42,scalar_gate_s1p5_p4,7,1.7019013166427612,2048,0.06850188025787082,0.023650141514335993,0.07397294008408664,0.9260397137115715,0.18839405510490276,0.19267905597635232,0.10371407875962835,0.04379765297679666,0.030242177250759054
1.0,42,scalar_gate_s1p5_p4,8,2.4834699630737305,2048,0.025771543832727384,0.004178521221628909,0.018170998709808747,1.418278887379803,0.12284773566138943,0.10982393837096623,0.03151367017900133,0.014526164154884282,0.011350089923292755
1.0,42,fourier_gate_s1p5_p4,0,0.12079870700836182,2048,0.025499337265986334,1.7474482439637156,0.08643602545458762,0.2950082113549212,0.8951274685417838,0.009291435480857644,0.012156564585905225,0.0239502911640743,0.06407616385175857
1.0,42,fourier_gate_s1p5_p4,1,0.17627345025539398,2048,0.03558892883231709,1.14535761155416,0.1420017690067852,0.2506231371710345,0.8114946874847877,0.01730324060435587,0.02235617920644583,0.035868341481269536,0.06821697384224629
1.0,42,fourier_gate_s1p5_p4,2,0.25722402334213257,2048,0.04508726605303329,0.6814450607779369,0.2031885930072035,0.2218986085081796,0.6884606182650914,0.031286601808039584,0.04014312527250649,0.047109378229332394,0.053904794910725244
1.0,42,fourier_gate_s1p5_p4,3,0.37534967064857483,2048,0.055669929310439875,0.39513781280464005,0.24626419812366973,0.22605774503398735,0.5473231767902765,0.0500082111314679,0.06539483638721239,0.05605295818142375,0.04007960664966739
1.0,42,fourier_gate_s1p5_p4,4,0.547722578048706,2048,0.07078003072323799,0.23593341804572213,0.2533065181135157,0.27942443506929,0.42152966789572927,0.08835386453838641,0.10425040195014132,0.06125343775788149,0.037503258736118754
1.0,42,fourier_gate_s1p5_p4,5,0.7992547750473022,2048,0.09204398469616776,0.14408704420793825,0.2201014469152758,0.41818891236820666,0.31929019192074454,0.1592612247177793,0.1496591808972727,0.06780058741516937,0.04386022561041314
1.0,42,fourier_gate_s1p5_p4,6,1.166298747062683,2048,0.10120005772001604,0.07439797965892174,0.15855058600144936,0.6382824578087081,0.250021079966329,0.22347222690112362,0.16613281218508233,0.06834783772517501,0.04194345355090469
1.0,42,fourier_gate_s1p5_p4,7,1.7019013166427612,2048,0.06173141123714148,0.02131265019503343,0.07397294008408664,0.8345134202719271,0.18150590553699036,0.16972242569047263,0.10191559973633793,0.037767152903158116,0.020829488470656528
1.0,42,fourier_gate_s1p5_p4,8,2.4834699630737305,2048,0.01801066045821811,0.0029201947476909275,0.018170998709808747,0.9911761453428487,0.11536773475184203,0.061561014043179776,0.029065302846842864,0.009855500101581689,0.004971705567421895
1.0,43,scalar_gate_s1p5_p4_plateau_lo0p8_hi1,0,0.12079870700836182,2048,0.029939817228945766,2.0517506198525184,0.08643602545458762,0.3463812348090411,0.8989986770879683,0.008950497329771066,0.013735287096559325,0.027370454111677423,0.08011508696241026
1.0,43,scalar_gate_s1p5_p4_plateau_lo0p8_hi1,1,0.17627345025539398,2048,0.0404090521453927,1.3004835202678717,0.1420017690067852,0.28456724467609873,0.8165493319959252,0.01881498459461673,0.02356108503812579,0.039467069068859384,0.08591630059786864
1.0,43,scalar_gate_s1p5_p4_plateau_lo0p8_hi1,2,0.25722402334213257,2048,0.051710632030464304,0.7815500444275576,0.2031885930072035,0.2544957434132685,0.6951662925411292,0.024859599558012948,0.039648232127792796,0.054736038889151406,0.07664282398709091
1.0,43,scalar_gate_s1p5_p4_plateau_lo0p8_hi1,3,0.37534967064857483,2048,0.06389336978028118,0.45350670820707933,0.24626419812366973,0.2594505018069862,0.5551124167934239,0.04375651607849324,0.06983805196793064,0.06649370368552868,0.05468870319451824
1.0,43,scalar_gate_s1p5_p4_plateau_lo0p8_hi1,4,0.547722578048706,2048,0.08951748574658525,0.29839159677161664,0.2533065181135157,0.35339590316609726,0.4411096446638891,0.09129278443312713,0.12478791688532888,0.08133998405698009,0.05672100416813724
1.0,43,scalar_gate_s1p5_p4_plateau_lo0p8_hi1,5,0.7992547750473022,2048,0.129946248800762,0.20341982104986694,0.2201014469152758,0.5903925240926859,0.3576355548320377,0.17381093273110368,0.20994018683608712,0.09976508191969569,0.07738327610513349
1.0,43,scalar_gate_s1p5_p4_plateau_lo0p8_hi1,6,1.166298747062683,2048,0.12275014366704513,0.09024068659067852,0.15855058600144936,0.774201765901534,0.2711996850512448,0.20877824973177878,0.21481072845425808,0.08737458354786147,0.04493449445961964
1.0,43,scalar_gate_s1p5_p4_plateau_lo0p8_hi1,7,1.7019013166427612,2048,0.06576571249858779,0.02270548489366503,0.07397294008408664,0.8890509478713496,0.18558780405185532,0.15891450079914948,0.11289240513074902,0.04114409015008236,0.02325061652434289
1.0,43,scalar_gate_s1p5_p4_plateau_lo0p8_hi1,8,2.4834699630737305,2048,0.020048146933057495,0.0032505467254054596,0.018170998709808747,1.1033046258616186,0.11723764358458183,0.06196107201607624,0.02939678857691644,0.012308077087365544,0.009383645048245232
1.0,43,fourier_gate_s1p5_p4_plateau_lo0p8_hi1,0,0.12079870700836182,2048,0.021046877780587878,1.4423249214271145,0.08643602545458762,0.24349659380908992,0.8915011426502795,0.007595046670330836,0.01095684294058429,0.02009883674713197,0.050039445350459406
1.0,43,fourier_gate_s1p5_p4_plateau_lo0p8_hi1,1,0.17627345025539398,2048,0.02898908309139424,0.9329549402047191,0.1420017690067852,0.2041459292666211,0.8043769805897005,0.013482664242868852,0.018915334989922677,0.029487097610724374,0.053631257559055054
1.0,43,fourier_gate_s1p5_p4_plateau_lo0p8_hi1,2,0.25722402334213257,2048,0.03838895989389213,0.5802074376682054,0.2031885930072035,0.18893265279183832,0.682332160574991,0.02145844864027107,0.030522143794656856,0.04144761709247204,0.05022532312768693
1.0,43,fourier_gate_s1p5_p4_plateau_lo0p8_hi1,3,0.37534967064857483,2048,0.05187573233321916,0.36820710329055745,0.24626419812366973,0.21065072685542396,0.5448007672748798,0.04129070622027349,0.0566457276701054,0.05326785711606485,0.0440171726174186
1.0,43,fourier_gate_s1p5_p4_plateau_lo0p8_hi1,4,0.547722578048706,2048,0.07846546905624366,0.2615515439006793,0.2533065181135157,0.3097649031718974,0.43004220576111657,0.0846359456790462,0.10373052127933542,0.07109864801880196,0.0579519908995256
1.0,43,fourier_gate_s1p5_p4_plateau_lo0p8_hi1,5,0.7992547750473022,2048,0.11926675552325641,0.18670198093164797,0.2201014469152758,0.5418717468457446,0.347231742732878,0.17309036140530634,0.176916901238054,0.09593341306141241,0.07502378695166598
1.0,43,fourier_gate_s1p5_p4_plateau_lo0p8_hi1,6,1.166298747062683,2048,0.13951950617211778,0.10256880891247755,0.15855058600144936,0.8799684043478867,0.2881850055225934,0.24045794177498164,0.22403678631048365,0.10806019513667205,0.052035941169560396
1.0,43,fourier_gate_s1p5_p4_plateau_lo0p8_hi1,7,1.7019013166427612,2048,0.06914711483533126,0.02387290750279408,0.07397294008408664,0.9347622895173592,0.1888828102390192,0.17549247482928404,0.11831502335690464,0.04356615810134213,0.019295914017630415
1.0,43,fourier_gate_s1p5_p4_plateau_lo0p8_hi1,8,2.4834699630737305,2048,0.017856096660814016,0.0028951342347569528,0.018170998709808747,0.9826700747700375,0.11516259946513133,0.06236569606662088,0.030002406645285883,0.009270728081779086,0.0039687160948810845
1.0,43,score,0,0.12079870700836182,2048,0.03613686645999917,2.476429217715759,0.08643602545458762,0.4180764475222778,0.9057496926680891,0.009248874808678281,0.017167161200658317,0.03560301113888886,0.08681534682931122
1.0,43,score,1,0.17627345025539398,2048,0.050626475133557336,1.6293105902002516,0.1420017690067852,0.35652003131833004,0.8274173070300223,0.01363434863242032,0.0280679876543006,0.05530200891277029,0.09361850665361875
1.0,43,score,2,0.25722402334213257,2048,0.06495934398507207,0.9817899372726392,0.2031885930072035,0.31969975786371585,0.7083584889310551,0.02528287358561713,0.05006242400148946,0.07393228632300948,0.07958745867893038
1.0,43,score,3,0.37534967064857483,2048,0.07732599045193901,0.5488496773499897,0.24626419812366973,0.31399607024122606,0.5695418717499727,0.05113673790688651,0.08404811564435222,0.08350367258595397,0.056587220128621524
1.0,43,score,4,0.547722578048706,2048,0.0933223927931893,0.31107461930888747,0.2533065181135157,0.3684168630487756,0.4442381734286921,0.0948051964856972,0.12822335219752412,0.08899324191429499,0.046807032898801525
1.0,43,score,5,0.7992547750473022,2048,0.10125423015376257,0.15850490159204692,0.2201014469152758,0.46003436857340885,0.32874700044126104,0.16189832587074288,0.16437160068235132,0.07730930604879203,0.045813009323393425
1.0,43,score,6,1.166298747062683,2048,0.0997787709123325,0.07335311002752211,0.15855058600144936,0.6293182095928702,0.24844064543792982,0.2060597551761696,0.15865118589313318,0.06973923861915476,0.049554386129671064
1.0,43,score,7,1.7019013166427612,2048,0.082538777274023,0.02849635302859609,0.07397294008408664,1.1157969005990487,0.2025244846641091,0.157470514394928,0.1011486709024551,0.06717271940717245,0.06587533103107648
1.0,43,score,8,2.4834699630737305,2048,0.10463495783229045,0.01696519986013585,0.018170998709808747,5.75834930722923,0.20208017077454626,0.13097157978284923,0.09849920630466735,0.10375090121826556,0.1042512733396262
1.0,43,scalar_gaussian,0,0.12079870700836182,2048,0.028930615706412387,1.9825908840538613,0.08643602545458762,0.3347055299484144,0.8986237479905368,0.01009199312483606,0.01558314245927192,0.030461834497895152,0.05734075414549183
1.0,43,scalar_gaussian,1,0.17627345025539398,2048,0.04214959621704813,1.3564994068406013,0.1420017690067852,0.29682444459571566,0.8186677736752086,0.013850440035319373,0.027020123609377427,0.04712608487509256,0.06596812157903306
1.0,43,scalar_gaussian,2,0.25722402334213257,2048,0.05954914624788714,0.9000206740509538,0.2031885930072035,0.29307327427468327,0.7018997170646477,0.022346540314105618,0.04987352497241404,0.06856546264791163,0.06335672541184761
1.0,43,scalar_gaussian,3,0.37534967064857483,2048,0.08110726810360208,0.5756886871959213,0.24626419812366973,0.3293506271783419,0.5741876922352949,0.036211403121031806,0.08948939277531197,0.08945794859151936,0.059600845167636085
1.0,43,scalar_gaussian,4,0.547722578048706,2048,0.11043567605490578,0.3681188925688003,0.2533065181135157,0.43597644812841185,0.4623581198978169,0.07352422945222135,0.15248063215296223,0.10952310633155875,0.05964293228138563
1.0,43,scalar_gaussian,5,0.7992547750473022,2048,0.12963854580292092,0.20293813812838984,0.2201014469152758,0.5889945187539953,0.35679596897644744,0.13834650467435422,0.2057628070188658,0.11073245207407502,0.06089179168830726
1.0,43,scalar_gaussian,6,1.166298747062683,2048,0.12168719345777967,0.08945925079084759,0.15855058600144936,0.7674975950998206,0.2707120113735417,0.1986948954830654,0.19896325741794713,0.09258389527316443,0.05147126065642539
1.0,43,scalar_gaussian,7,1.7019013166427612,2048,0.06995349769645634,0.02415130962414537,0.07397294008408664,0.9456633414453811,0.18920237517232524,0.16807517741207806,0.11039899402301814,0.04706495872499239,0.03000616272164262
1.0,43,scalar_gaussian,8,2.4834699630737305,2048,0.0249011161184838,0.004037392669165475,0.018170998709808747,1.370376857989766,0.12222255908643853,0.07720323955596073,0.03262164178781215,0.016549587620762772,0.013669220676914565
1.0,43,fourier_gaussian,0,0.12079870700836182,2048,0.06899336534682374,4.728057590785812,0.08643602545458762,0.798201502023852,0.9379944275439729,0.006638382282503933,0.022488244376988348,0.0792467772971156,0.14757568140560628
1.0,43,fourier_gaussian,1,0.17627345025539398,2048,0.11139559744767362,3.5850417423762986,0.1420017690067852,0.7844662656445558,0.8861691887295848,0.012706793778106535,0.04310704005162525,0.1333639883372616,0.20463289149640898
1.0,43,fourier_gaussian,2,0.25722402334213257,2048,0.15696373514498935,2.372336391166332,0.2031885930072035,0.7725026923112,0.8010224466051957,0.025644618154836755,0.08162604568246218,0.1925537343026177,0.2294013623663044
1.0,43,fourier_gaussian,3,0.37534967064857483,2048,0.18925531793457312,1.3433092751617706,0.24626419812366973,0.7685052044777223,0.6809288328445511,0.051634072031400746,0.13881821128384605,0.2298425631424129,0.20204794003023357
1.0,43,fourier_gaussian,4,0.547722578048706,2048,0.19547413266804556,0.6515803933489043,0.2533065181135157,0.7716901014779518,0.5469032622658558,0.09858035711448762,0.20231047206981484,0.21904871600186282,0.14809097866690069
1.0,43,fourier_gaussian,5,0.7992547750473022,2048,0.17070985536067373,0.26723178659939345,0.2201014469152758,0.7755962432468039,0.3974608055726464,0.16406135770736166,0.2331612237621561,0.16362136443947073,0.09015755371220119
1.0,43,fourier_gaussian,6,1.166298747062683,2048,0.12941897399363192,0.09514332710456899,0.15855058600144936,0.8162629811563664,0.2780541552446491,0.21405920884625246,0.206680075597574,0.10187014508826693,0.0491169054221024
1.0,43,fourier_gaussian,7,1.7019013166427612,2048,0.05985007865320703,0.02066312376337802,0.07397294008408664,0.8090807068797611,0.17955101378273144,0.15242585992263447,0.10120834863432128,0.0381022751521175,0.017051644541215823
1.0,43,fourier_gaussian,8,2.4834699630737305,2048,0.015584430495096975,0.0025268130606932227,0.018170998709808747,0.8576540422450454,0.11337808698043808,0.05406741392169764,0.02591081377458202,0.008227000410837263,0.003641716412882105
1.0,43,scalar_normalized,0,0.12079870700836182,2048,0.03869170410189696,2.651510103323788,0.08643602545458762,0.44763400328055447,0.9080549846220516,0.0146272699499224,0.019450399824402744,0.0406508906820946,0.07886622582112594
1.0,43,scalar_normalized,1,0.17627345025539398,2048,0.05515448573241981,1.775035442696954,0.1420017690067852,0.38840703266016624,0.8320303744047706,0.016547779477480255,0.03261466594595812,0.06144215335724469,0.0929200355784242
1.0,43,scalar_normalized,2,0.25722402334213257,2048,0.07397404582329709,1.1180373654227198,0.2031885930072035,0.3640659385867913,0.7166547903788156,0.025804086016003792,0.05780419333264877,0.0850417470151784,0.08767022341917216
1.0,43,scalar_normalized,3,0.37534967064857483,2048,0.09318494197700779,0.6614144227450467,0.24626419812366973,0.37839419082026643,0.5862051290155695,0.03751779178322547,0.09954636665350991,0.10381762417264022,0.07263402658738277
1.0,43,scalar_normalized,4,0.547722578048706,2048,0.11489051260378069,0.3829683466177938,0.2533065181135157,0.4535631907912222,0.465254065110436,0.06774397596603342,0.15497105345699214,0.11660721873584115,0.06334340383125829
1.0,43,scalar_normalized,5,0.7992547750473022,2048,0.12468756403245727,0.19518779646740794,0.2201014469152758,0.5665004286884746,0.3522620684501576,0.12092620570513093,0.19693639010450023,0.10904041181011355,0.05744631403730527
1.0,43,scalar_normalized,6,1.166298747062683,2048,0.11212050438092631,0.08242622773356734,0.15855058600144936,0.7071591925866574,0.26004031941609274,0.17467858470927583,0.18639763330688455,0.08543873862796074,0.046115567841343096
1.0,43,scalar_normalized,7,1.7019013166427612,2048,0.06030757331563064,0.02082107290970278,0.07397294008408664,0.8152653287415333,0.18014242980537296,0.13871149047230638,0.09792549507260448,0.04048039766419741,0.024776199788271756
1.0,43,scalar_normalized,8,2.4834699630737305,2048,0.01893638227660252,0.003070288521216904,0.018170998709808747,1.0421211612535428,0.1162979959625798,0.05562129488935208,0.026001935355472895,0.01254980697531913,0.010121954267487125
1.0,43,fourier_normalized,0,0.12079870700836182,2048,0.051446216757007224,3.525566182087657,0.08643602545458762,0.5951941506615943,0.9197001215346895,0.005783283453420981,0.019530021777049912,0.05941013848973302,0.10346848867751514
1.0,43,fourier_normalized,1,0.17627345025539398,2048,0.07931612998124402,2.552629038684171,0.1420017690067852,0.5585573372501724,0.8553232918327546,0.01064966102716999,0.03707645818697892,0.09505377402878726,0.13310359618814863
1.0,43,fourier_normalized,2,0.25722402334213257,2048,0.10686286764656146,1.6151161894061346,0.2031885930072035,0.5259294631897615,0.7500672523400669,0.019526332724299208,0.06720266059351533,0.13081040583621514,0.13542172198120864
1.0,43,fourier_normalized,3,0.37534967064857483,2048,0.12760868097846362,0.9057495800925919,0.24626419812366973,0.5181779647660384,0.6192093100576219,0.03777600327944074,0.11296563976741733,0.1520066004312742,0.11137787947582972
1.0,43,fourier_normalized,4,0.547722578048706,2048,0.1349913766003526,0.4499712215801861,0.2533065181135157,0.5329171061435464,0.48675353972038393,0.06796773840036811,0.16227257149983576,0.14591814207735002,0.08244793731038375
1.0,43,fourier_normalized,5,0.7992547750473022,2048,0.12222540668635144,0.19133349816050269,0.2201014469152758,0.5553139627173826,0.3492027092781887,0.11707895753415225,0.187503094842721,0.1109596936589582,0.051594682040846364
1.0,43,fourier_normalized,6,1.166298747062683,2048,0.09493293748875725,0.06979065932739402,0.15855058600144936,0.5987548824820454,0.24350550279136784,0.15864543499290912,0.16358356615293485,0.07040226457319093,0.030162974486718896
1.0,43,fourier_normalized,7,1.7019013166427612,2048,0.04530521439442081,0.015641537542208886,0.07397294008408664,0.6124565867318698,0.16559810242949555,0.11663499294247433,0.08145501912421457,0.026943484556611497,0.01077777506870405
1.0,43,fourier_normalized,8,2.4834699630737305,2048,0.012245178280707382,0.0019853966700896027,0.018170998709808747,0.6738858153183075,0.11042958697465416,0.04338519455567293,0.02088630252842577,0.006174350840937571,0.002517407571135344
1.0,43,scalar_gate_s1p5_p4,0,0.12079870700836182,2048,0.02538826730771315,1.739836712671077,0.08643602545458762,0.2937232152240945,0.8947891259926665,0.010683208121026138,0.014058004538931535,0.023192454963698515,0.061995725077761854
1.0,43,scalar_gate_s1p5_p4,1,0.17627345025539398,2048,0.03638848520052696,1.1710897142681982,0.1420017690067852,0.2562537456754375,0.8120968632039096,0.01441943388018449,0.023573019054379144,0.03632763137885385,0.0716064568535229
1.0,43,scalar_gate_s1p5_p4,2,0.25722402334213257,2048,0.046121293524403556,0.6970732630345375,0.2031885930072035,0.22698761205934653,0.6895827142466078,0.02532288657635181,0.042070399193757574,0.04824006430384045,0.0568733088054858
1.0,43,scalar_gate_s1p5_p4,3,0.37534967064857483,2048,0.05528216928133474,0.3923855432815506,0.24626419812366973,0.22448317580281388,0.5476455445300936,0.04628583802332272,0.06484147936360504,0.056051834522572334,0.04037817781151886
1.0,43,scalar_gate_s1p5_p4,4,0.547722578048706,2048,0.0719347939308681,0.23978262844907627,0.2533065181135157,0.28398319343141243,0.42274179544965407,0.09266133770229236,0.10478036473094517,0.06255886826364392,0.03744808515612007
1.0,43,scalar_gate_s1p5_p4,5,0.7992547750473022,2048,0.09496234436320766,0.1486554885201601,0.2201014469152758,0.431448069488438,0.32209595545109837,0.17489730064680428,0.1546571154688666,0.06840025666991567,0.044775662414696916
1.0,43,scalar_gate_s1p5_p4,6,1.166298747062683,2048,0.10674202885463872,0.07847220120615352,0.15855058600144936,0.6732364196601769,0.2554018854308602,0.23009531203432912,0.1750109663241474,0.07172485465646967,0.04913252966876738
1.0,43,scalar_gate_s1p5_p4,7,1.7019013166427612,2048,0.06884582664563817,0.02376888833870667,0.07397294008408664,0.9306893381198533,0.1885412608309872,0.1929647104021997,0.10441599359788467,0.044019028069420776,0.03044516682037602
1.0,43,scalar_gate_s1p5_p4,8,2.4834699630737305,2048,0.025695599062551873,0.004166207763191579,0.018170998709808747,1.4140994379511638,0.12299990051959658,0.10754883134576546,0.03164351049080478,0.014640674805883684,0.011410563557952317
1.0,43,fourier_gate_s1p5_p4,0,0.12079870700836182,2048,0.02461584190893494,1.6869030464895476,0.08643602545458762,0.28478683256748993,0.894487480465729,0.010194375992032882,0.012685786387304276,0.02282135725307312,0.06061591926781304
1.0,43,fourier_gate_s1p5_p4,1,0.17627345025539398,2048,0.03472636152046285,1.117597629207826,0.1420017690067852,0.24454879515482328,0.8101814054729468,0.01822311971783883,0.02295238658987591,0.03452903169437485,0.06557180840818543
1.0,43,fourier_gate_s1p5_p4,2,0.25722402334213257,2048,0.044487797714558755,0.6723847478757146,0.2031885930072035,0.21894830342656865,0.6880096986800516,0.03209692523286297,0.04107868857304345,0.04582745908706373,0.0523713112709537
1.0,43,fourier_gate_s1p5_p4,3,0.37534967064857483,2048,0.054358985233261825,0.3858329047190429,0.24626419812366973,0.22073442119249367,0.5465560561939712,0.0512430739358319,0.06493677127032438,0.05415291071955977,0.0380635978288195
1.0,43,fourier_gate_s1p5_p4,4,0.547722578048706,2048,0.07005039719653272,0.2335013064724813,0.2533065181135157,0.2765439978340417,0.42126701737562344,0.08981551978960847,0.10257104486098693,0.0605467273950434,0.0371580413803095
1.0,43,fourier_gate_s1p5_p4,5,0.7992547750473022,2048,0.0906822419896385,0.14195535160246062,0.2201014469152758,0.41200202570474265,0.31817780720102284,0.15908614455406653,0.14776744595213342,0.06640793740329713,0.042898195291143956
1.0,43,fourier_gate_s1p5_p4,6,1.166298747062683,2048,0.10104769309185743,0.07428596766246769,0.15855058600144936,0.6373214734818686,0.24950750532020394,0.22684646815456772,0.16769564364227407,0.0670336498217593,0.04117173609887073
1.0,43,fourier_gate_s1p5_p4,7,1.7019013166427612,2048,0.06158012688183938,0.02126041956430722,0.07397294008408664,0.8324682892398209,0.18162138653352108,0.172224867483404,0.10196155813505633,0.03725868531967835,0.020202616887859483
1.0,43,fourier_gate_s1p5_p4,8,2.4834699630737305,2048,0.018005065361269598,0.002919287575365972,0.018170998709808747,0.9908682317802611,0.11536324540801365,0.06200519008110946,0.029045642494598296,0.009769543425723554,0.005044830703059258
1.0,44,scalar_gate_s1p5_p4_plateau_lo0p8_hi1,0,0.12079870700836182,2048,0.030147935396248993,2.066012783696128,0.08643602545458762,0.34878900594623397,0.900013894740274,0.008760938828250959,0.01483517152685707,0.026960415531546097,0.08129403319071117
1.0,44,scalar_gate_s1p5_p4_plateau_lo0p8_hi1,1,0.17627345025539398,2048,0.040549362614662805,1.3049991286110294,0.1420017690067852,0.28555533426295027,0.8161043368701011,0.017395270342608876,0.025683421647485792,0.03859543170957043,0.08722260346002313
1.0,44,scalar_gate_s1p5_p4_plateau_lo0p8_hi1,2,0.25722402334213257,2048,0.05255037469154719,0.7942418427735999,0.2031885930072035,0.2586285672527107,0.6945841035798387,0.02492456347523482,0.04190704370107787,0.05464830654739132,0.07889400456158843
1.0,44,scalar_gate_s1p5_p4_plateau_lo0p8_hi1,3,0.37534967064857483,2048,0.06358380060372104,0.4513094270383611,0.24626419812366973,0.25819344057389265,0.5561400758584523,0.0446170179423297,0.07102786466766875,0.06530943258185265,0.054367956273423085
1.0,44,scalar_gate_s1p5_p4_plateau_lo0p8_hi1,4,0.547722578048706,2048,0.0890561308580471,0.29685374725851704,0.2533065181135157,0.3515745726611657,0.4404285895274126,0.09006188869857965,0.12522565726370016,0.08028001657020868,0.05735020575731326
1.0,44,scalar_gate_s1p5_p4_plateau_lo0p8_hi1,5,0.7992547750473022,2048,0.131445823248016,0.2057672775445832,0.2201014469152758,0.5972056299048947,0.35844984356932785,0.18874527556774937,0.21369286992973271,0.09877988339789552,0.07680048395890085
1.0,44,scalar_gate_s1p5_p4_plateau_lo0p8_hi1,6,1.166298747062683,2048,0.12291455749481794,0.09036155664638668,0.15855058600144936,0.7752387461607637,0.2713777167600785,0.21179576451797716,0.21655621212630702,0.08683794985645214,0.04335146310424201
1.0,44,scalar_gate_s1p5_p4_plateau_lo0p8_hi1,7,1.7019013166427612,2048,0.06622639081624285,0.022864533190793727,0.07397294008408664,0.8952786078390541,0.18643008337847777,0.16005914142311983,0.11373883016983674,0.04144466432089305,0.023250381721799142
1.0,44,scalar_gate_s1p5_p4_plateau_lo0p8_hi1,8,2.4834699630737305,2048,0.01973319484056835,0.003199481332862267,0.018170998709808747,1.0859719466006195,0.11691394223045366,0.0605969852821134,0.029517827789400812,0.011988559747749473,0.008893696370212482
1.0,44,fourier_gate_s1p5_p4_plateau_lo0p8_hi1,0,0.12079870700836182,2048,0.020683011829780912,1.4173894923160228,0.08643602545458762,0.23928693760505568,0.8903860510121834,0.007668751701696392,0.010715800317884156,0.01931325078638951,0.05080729630823408
1.0,44,fourier_gate_s1p5_p4_plateau_lo0p8_hi1,1,0.17627345025539398,2048,0.028433270782735394,0.9150672464975732,0.1420017690067852,0.20023180684021463,0.8041969993789103,0.013415918523085407,0.018447443760452216,0.02862413768656856,0.053807772885452416
1.0,44,fourier_gate_s1p5_p4_plateau_lo0p8_hi1,2,0.25722402334213257,2048,0.03838783869435726,0.5801904919548795,0.2031885930072035,0.18892713476782785,0.6806867409619219,0.021261017009291658,0.03002461285618984,0.04182826629379083,0.04977352574494234
1.0,44,fourier_gate_s1p5_p4_plateau_lo0p8_hi1,3,0.37534967064857483,2048,0.050645355470784276,0.3594740506646619,0.24626419812366973,0.20565456065745713,0.5439381048088414,0.0392981059047382,0.05466257410001242,0.0523250181123494,0.043462268798491625
1.0,44,fourier_gate_s1p5_p4_plateau_lo0p8_hi1,4,0.547722578048706,2048,0.07726790554475765,0.2575596658285076,0.2533065181135157,0.3050371783568994,0.42844892705493665,0.08284732299027817,0.10199015378349907,0.06997565250970297,0.057766077116357
1.0,44,fourier_gate_s1p5_p4_plateau_lo0p8_hi1,5,0.7992547750473022,2048,0.11940815744762928,0.18692333364030628,0.2201014469152758,0.5425141866222868,0.3467544978467502,0.17433105722585088,0.17661221793957987,0.09631082263944611,0.07445592597161943
1.0,44,fourier_gate_s1p5_p4_plateau_lo0p8_hi1,6,1.166298747062683,2048,0.1400313402100521,0.10294508753524606,0.15855058600144936,0.8831966108833683,0.2887890191783748,0.2400317448846033,0.22516130530588058,0.10846635043206541,0.05237891660400054
1.0,44,fourier_gate_s1p5_p4_plateau_lo0p8_hi1,7,1.7019013166427612,2048,0.06949952817377714,0.023994577525491407,0.07397294008408664,0.9395263740332008,0.18926360387380292,0.17627517324503034,0.11844580631833541,0.04400985599943035,0.019458436869176348
1.0,44,fourier_gate_s1p5_p4_plateau_lo0p8_hi1,8,2.4834699630737305,2048,0.017959757131225388,0.0029119414341342714,0.018170998709808747,0.9883747953562216,0.11514995658238947,0.06259772055253936,0.030174705918990123,0.009345964556007665,0.003986418225291733
1.0,44,score,0,0.12079870700836182,2048,0.03398904084619274,2.329240525788743,0.08643602545458762,0.39322771572890225,0.9036152717973501,0.008591674351402692,0.01657288887180057,0.03348547220310441,0.08096310728277362
1.0,44,score,1,0.17627345025539398,2048,0.047802940784124545,1.5384408544505532,0.1420017690067852,0.3366362343122669,0.8240995106306728,0.013613750562440366,0.027476468226976157,0.052396447414207035,0.08557963929523464
1.0,44,score,2,0.25722402334213257,2048,0.06146812646932439,0.9290239760495895,0.2031885930072035,0.30251760475129236,0.7049565361228272,0.025907952350713505,0.04899790660671637,0.06998265635619186,0.07122705671835652
1.0,44,score,3,0.37534967064857483,2048,0.07335106132235125,0.5206361548653435,0.24626419812366973,0.297855156702541,0.5656513492401889,0.051277067519964824,0.08235656357059007,0.07835355537262313,0.05070629858133654
1.0,44,score,4,0.547722578048706,2048,0.09158722202723069,0.3052907171895681,0.2533065181135157,0.3615667796838421,0.443168790880454,0.09553920714258086,0.1275720375538778,0.08635812645962744,0.04517303039338693
1.0,44,score,5,0.7992547750473022,2048,0.10035858230647948,0.15710284092081223,0.2201014469152758,0.4559651184170123,0.32772153597970494,0.16325651438396596,0.16298097834134395,0.0760468499513097,0.04593090487653596
1.0,44,score,6,1.166298747062683,2048,0.09980433464502317,0.07337190339688943,0.15855058600144936,0.6294794435140771,0.2489258364181839,0.21187951781886905,0.15691327177714612,0.06987984212413463,0.049061427503580335
1.0,44,score,7,1.7019013166427612,2048,0.08225547978335698,0.028398545118511198,0.07397294008408664,1.1119671556903836,0.2021667184271594,0.16192392253092097,0.09908483216199478,0.06740463139832462,0.0641795901494766
1.0,44,score,8,2.4834699630737305,2048,0.10185932242938106,0.016515166617663474,0.018170998709808747,5.605598462477308,0.1994194794574695,0.12831010926621278,0.09119969507534137,0.10263652581339645,0.10317878780982032
1.0,44,scalar_gaussian,0,0.12079870700836182,2048,0.030147784152564618,2.066002419093005,0.08643602545458762,0.34878725617021666,0.8983129880301916,0.010411184823025128,0.01596093071194823,0.031544523291008944,0.061057064262614896
1.0,44,scalar_gaussian,1,0.17627345025539398,2048,0.04404885776147981,1.4176232938925653,0.1420017690067852,0.31019935927259495,0.8193497474042097,0.014299677479935083,0.027357359599732484,0.04964880848833514,0.06909458523732417
1.0,44,scalar_gaussian,2,0.25722402334213257,2048,0.06278002350107878,0.94885187493986,0.2031885930072035,0.3089741533810074,0.7051312247103597,0.02149186465905852,0.05077327842235406,0.07265880747241234,0.06974336355045173
1.0,44,scalar_gaussian,3,0.37534967064857483,2048,0.08471868939357699,0.6013220789985078,0.24626419812366973,0.34401545185643545,0.5769815476533278,0.03588769336453244,0.09193622926936608,0.09393001442168314,0.06421749952435347
1.0,44,scalar_gaussian,4,0.547722578048706,2048,0.11241364010778662,0.3747121055838172,0.2533065181135157,0.44378502750335885,0.4643637608307808,0.07140780170140534,0.15372487941661772,0.11229174533517967,0.062212949592147085
1.0,44,scalar_gaussian,5,0.7992547750473022,2048,0.13011230259565318,0.20367976416906544,0.2201014469152758,0.5911469661793619,0.3568122397832095,0.13739454079815577,0.20681705977467985,0.11122223946782805,0.0610650626477771
1.0,44,scalar_gaussian,6,1.166298747062683,2048,0.12195844290921712,0.08965866185468678,0.15855058600144936,0.7692084020938419,0.2709332466998158,0.19917852255811214,0.19957968211481608,0.09272847056489733,0.05148942448397441
1.0,44,scalar_gaussian,7,1.7019013166427612,2048,0.07005099064693715,0.02418496887651686,0.07397294008408664,0.9469812956914876,0.1900556256385602,0.1644506876259624,0.11079397400477095,0.04777534322560634,0.029327189947468375
1.0,44,scalar_gaussian,8,2.4834699630737305,2048,0.02450026945407837,0.003972400587018256,0.018170998709808747,1.3483171643643928,0.12197123156333098,0.07540035075349726,0.03253816752073476,0.016153560541260863,0.013464861395433764
1.0,44,fourier_gaussian,0,0.12079870700836182,2048,0.07237432192562293,4.959751715810033,0.08643602545458762,0.8373166344124358,0.9408406253198873,0.006668923693654684,0.023811469266512564,0.08331239171638198,0.15388968423893404
1.0,44,fourier_gaussian,1,0.17627345025539398,2048,0.11622988272716425,3.740623425302953,0.1420017690067852,0.8185101040650451,0.8920363757537946,0.013413874104171691,0.04643983269025304,0.1391089176382806,0.21098917791911836
1.0,44,fourier_gaussian,2,0.25722402334213257,2048,0.1656973903464496,2.5043361046236137,0.2031885930072035,0.8154856918595585,0.807317598964325,0.027568226899873278,0.08886765611858265,0.20212894991698138,0.24139167251096869
1.0,44,fourier_gaussian,3,0.37534967064857483,2048,0.19756141542043412,1.4022648591576308,0.24626419812366973,0.8022336049076128,0.6894064096810628,0.05340082820786305,0.14827174415449285,0.23872170036883342,0.20978230298402747
1.0,44,fourier_gaussian,4,0.547722578048706,2048,0.20691407463396935,0.6897135303747824,0.2533065181135157,0.816852547557595,0.5580106071340523,0.10187595187793459,0.21690110917658886,0.23141238116679416,0.15496470118754907
1.0,44,fourier_gaussian,5,0.7992547750473022,2048,0.18231708498608307,0.28540191921249924,0.2201014469152758,0.8283320602443056,0.4090750851250481,0.17209081266549758,0.25241830816509303,0.17454748361173084,0.09272577803794367
1.0,44,fourier_gaussian,6,1.166298747062683,2048,0.1332957398552715,0.0979933605355244,0.15855058600144936,0.8407142680258084,0.2818113393628578,0.2155532153402512,0.21620444711694337,0.10435049754755556,0.049552578172015374
1.0,44,fourier_gaussian,7,1.7019013166427612,2048,0.0636092419208836,0.0219609676024284,0.07397294008408664,0.8598987933773837,0.18383492406156682,0.15673944087344832,0.10953471011271292,0.04041848787933455,0.01783448098539194
1.0,44,fourier_gaussian,8,2.4834699630737305,2048,0.015660377382877226,0.0025391268624726663,0.018170998709808747,0.8618336082112932,0.11316216430508405,0.05347130756419758,0.02633239412167383,0.008265385415247456,0.0036184671797733154
1.0,44,scalar_normalized,0,0.12079870700836182,2048,0.04028950355390619,2.7610059626669274,0.08643602545458762,0.46611934482195483,0.9095767119219993,0.011776092440733507,0.020401956496439767,0.04279751369938192,0.08201122172492302
1.0,44,scalar_normalized,1,0.17627345025539398,2048,0.05653451272383712,1.8194488170420309,0.1420017690067852,0.39812541153016023,0.8321817369891125,0.01617206856709869,0.033445156084888475,0.0639187310910491,0.09210990189291082
1.0,44,scalar_normalized,2,0.25722402334213257,2048,0.07810388994560648,1.1804554742435185,0.2031885930072035,0.38439111561167966,0.7207499762760671,0.02441568593153613,0.06122124754411047,0.09085215983729482,0.08978412574303801
1.0,44,scalar_normalized,3,0.37534967064857483,2048,0.09836920403582615,0.6982116307943734,0.24626419812366973,0.3994458178871246,0.5907869289351037,0.03651452149082971,0.10154701312366338,0.11193030680803055,0.07585264548745255
1.0,44,scalar_normalized,4,0.547722578048706,2048,0.1193951166178206,0.39798369220489294,0.2533065181135157,0.4713464047708215,0.4717735061461973,0.06438416934476722,0.15837210737378016,0.12353603354237995,0.06502086204392027
1.0,44,scalar_normalized,5,0.7992547750473022,2048,0.12782425071541464,0.20009801318874623,0.2201014469152758,0.5807515239307733,0.35565504075701077,0.12040582647849071,0.20157129266936138,0.11280990643709098,0.05756060131368991
1.0,44,scalar_normalized,6,1.166298747062683,2048,0.11261400798684398,0.08278903060208195,0.15855058600144936,0.7102717866070488,0.2606355194775245,0.17411995219317308,0.1869678331394784,0.08644010941903033,0.04513863330149601
1.0,44,scalar_normalized,7,1.7019013166427612,2048,0.0605308966865601,0.020898174871080453,0.07397294008408664,0.8182843160992833,0.18085990401633953,0.13712252905612812,0.09864639237109994,0.04081924053389135,0.024685365174366772
1.0,44,scalar_normalized,8,2.4834699630737305,2048,0.018628026907986567,0.0030202927017996466,0.018170998709808747,1.0251515178376582,0.11622618711065259,0.054763991071868245,0.0258743919961155,0.012261480251295798,0.009721462918877105
1.0,44,fourier_normalized,0,0.12079870700836182,2048,0.05211679556244569,3.5715203864569527,0.08643602545458762,0.6029522446034632,0.9205752832279831,0.006018046520247825,0.019420253843764612,0.06080928048288695,0.10301612060854394
1.0,44,fourier_normalized,1,0.17627345025539398,2048,0.08047853261245136,2.5900386136566818,0.1420017690067852,0.566743169295348,0.8560289730484753,0.011407223183818548,0.03680055059561369,0.09748497356571902,0.13225467339039212
1.0,44,fourier_normalized,2,0.25722402334213257,2048,0.11008901062731143,1.6638758369085933,0.2031885930072035,0.5418070424032541,0.7521375373617236,0.020968677908876292,0.06681403170352196,0.1363415985752028,0.13735715908781143
1.0,44,fourier_normalized,3,0.37534967064857483,2048,0.13157043790747033,0.9338696080355369,0.24626419812366973,0.5342653902188327,0.6240321404527592,0.03955486091977567,0.11233398635212465,0.15915702712756427,0.11267233527867147
1.0,44,fourier_normalized,4,0.547722578048706,2048,0.14013193043385708,0.4671063997398159,0.2533065181135157,0.5532109141031222,0.4913612461687281,0.07124303065055548,0.1621249781117146,0.15460598577854767,0.08462502536178021
1.0,44,fourier_normalized,5,0.7992547750473022,2048,0.12492471836966568,0.19555904144970904,0.2201014469152758,0.5675779060996053,0.3510922850630333,0.12095083980735641,0.18726839776647924,0.11548597637454826,0.051956690624834795
1.0,44,fourier_normalized,6,1.166298747062683,2048,0.09718955657135372,0.07144962973104173,0.15855058600144936,0.6129876843877782,0.24566866383115404,0.1631226819501579,0.16373380352707134,0.07376001599794756,0.030770756716943473
1.0,44,fourier_normalized,7,1.7019013166427612,2048,0.04664319353883317,0.01610347225100028,0.07397294008408664,0.6305440000872325,0.1670309733740012,0.12064085794758886,0.08166801094970792,0.02865547427781797,0.011220644011804514
1.0,44,fourier_normalized,8,2.4834699630737305,2048,0.012051155195633274,0.0019539383459887968,0.018170998709808747,0.6632081916954863,0.10986624480858137,0.04328717667047326,0.0202637354299898,0.006133038412586473,0.002454997362265158
1.0,44,scalar_gate_s1p5_p4,0,0.12079870700836182,2048,0.02427649131235339,1.6636476340880861,0.08643602545458762,0.2808608006288761,0.8938756957072873,0.009566850175258676,0.013877773955123143,0.021856725009660655,0.06007646216709902
1.0,44,scalar_gate_s1p5_p4,1,0.17627345025539398,2048,0.034856216304258544,1.1217767424853815,0.1420017690067852,0.24546325407110262,0.8105815409048127,0.014545465358725734,0.023139032727445684,0.03479163250078047,0.06721449866813908
1.0,44,scalar_gate_s1p5_p4,2,0.25722402334213257,2048,0.04474139033197448,0.6762175248816309,0.2031885930072035,0.22019636865337366,0.6871461404941881,0.02547820024666375,0.04100723645864633,0.04667573403108255,0.05477413773532229
1.0,44,scalar_gate_s1p5_p4,3,0.37534967064857483,2048,0.05351800893915602,0.37986376594718535,0.24626419812366973,0.21731948592982314,0.5457721604793271,0.04493333770480175,0.0637922331560557,0.05395110134095166,0.03838585638808101
1.0,44,scalar_gate_s1p5_p4,4,0.547722578048706,2048,0.07120836318930382,0.23736119282550455,0.2533065181135157,0.2811154001074414,0.42250084583922026,0.09265357527794302,0.10418228842140201,0.061657086801148384,0.036756644638250215
1.0,44,scalar_gate_s1p5_p4,5,0.7992547750473022,2048,0.09381292851979646,0.14685617559395875,0.2201014469152758,0.4262258600958135,0.32131555042477966,0.1747473172109138,0.15200633837710154,0.06760667534592792,0.04439582926858113
1.0,44,scalar_gate_s1p5_p4,6,1.166298747062683,2048,0.10511464491176889,0.07727581772370676,0.15855058600144936,0.662972288924924,0.2538116630620523,0.23064857412723022,0.16988750788408868,0.07129607309337245,0.04798086582188627
1.0,44,scalar_gate_s1p5_p4,7,1.7019013166427612,2048,0.06842564913337687,0.023623822866215793,0.07397294008408664,0.9250091865430244,0.1884014374420228,0.19176156108718542,0.10345923347139832,0.04382673310199592,0.0305530086766619
1.0,44,scalar_gate_s1p5_p4,8,2.4834699630737305,2048,0.02571381451168191,0.004169161161763484,0.018170998709808747,1.415101884179956,0.12307243952283807,0.10848657576158105,0.031600818348278284,0.014524319186479055,0.01153458933633295
1.0,44,fourier_gate_s1p5_p4,0,0.12079870700836182,2048,0.023873327644776766,1.6360191653326848,0.08643602545458762,0.2761964993094171,0.8935855382165041,0.010156002613465661,0.012512274693066521,0.021831821446385128,0.059403847992469595
1.0,44,fourier_gate_s1p5_p4,1,0.17627345025539398,2048,0.033616815318153304,1.0818891313720536,0.1420017690067852,0.23673518684508082,0.8093118719488089,0.017291361535834847,0.021930698886047092,0.03379363352679325,0.06279385006610151
1.0,44,fourier_gate_s1p5_p4,2,0.25722402334213257,2048,0.04347900310366287,0.6571379129018262,0.2031885930072035,0.21398348430967995,0.6859598177207571,0.030160852570726714,0.0398639515776307,0.04535900855451298,0.05020249107613971
1.0,44,fourier_gate_s1p5_p4,3,0.37534967064857483,2048,0.053263840087538365,0.37805970897504126,0.24626419812366973,0.21628738766481256,0.5451188537723459,0.049845607021451216,0.06397107717729109,0.0530874571136658,0.03679410597710058
1.0,44,fourier_gate_s1p5_p4,4,0.547722578048706,2048,0.07040469909474312,0.2346823127112568,0.2533065181135157,0.2779427060111902,0.42169087210636563,0.08852307213183745,0.1047328417959364,0.06062502093668763,0.03625657786911226
1.0,44,fourier_gate_s1p5_p4,5,0.7992547750473022,2048,0.09050787311002417,0.14168239192401544,0.2201014469152758,0.411209805198889,0.31840483603760195,0.1584731850325624,0.14886778837165243,0.06592313531573137,0.04187408213304769
1.0,44,fourier_gate_s1p5_p4,6,1.166298747062683,2048,0.09985959656640761,0.07341252961189068,0.15855058600144936,0.6298279879299516,0.24837536512432565,0.22358324731655527,0.16475931939493507,0.06678432140015192,0.04069798952702047
1.0,44,fourier_gate_s1p5_p4,7,1.7019013166427612,2048,0.061088696534836465,0.021090754188593352,0.07397294008408664,0.8258249092897433,0.18059868475569768,0.16992103870981637,0.10093339416636278,0.03702048341697562,0.020715626871275206
1.0,44,fourier_gate_s1p5_p4,8,2.4834699630737305,2048,0.017958366966253886,0.002911716036933673,0.018170998709808747,0.9882982907571237,0.11547903497573461,0.06092111077739332,0.029161369236029865,0.009796410431505245,0.005007785500625096
